__run_id,__done,alg,subject,energy-pkg,energy-ram,execution-time
run_206_repetition_11,DONE,zstd,zstd/babel-plugin-check-es2015-constants--babel-plugin-check-es2015-constants-6.22.0.tar.zst,0.26,0.03,0.003511451
run_73_repetition_12,DONE,xz,xz/@sindresorhus__is--is-8.1.0.tar.xz,0.41,0.05,0.005875255
run_251_repetition_20,DONE,zstd,zstd/xml2js--xml2js-0.6.2.tar.zst,0.97,0.11,0.014524565
run_220_repetition_11,DONE,zstd,zstd/iconv-lite--iconv-lite-0.7.2.tar.zst,0.36,0.04,0.005435874
run_143_repetition_13,DONE,zopfli,zopfli/babel-plugin-check-es2015-constants--babel-plugin-check-es2015-constants-6.22.0.tgz,0.26,0.03,0.004008639
run_190_repetition_0,DONE,zstd,zstd/@babel__plugin-transform-regexp-modifiers--plugin-transform-regexp-modifiers-7.28.6.tar.zst,0.24,0.03,0.003402303
run_305_repetition_8,DONE,brotli,brotli/tailwindcss--tailwindcss-4.3.0.tar.br,0.48,0.06,0.007596363
run_109_repetition_21,DONE,xz,xz/remove-trailing-separator--remove-trailing-separator-1.1.0.tar.xz,0.25,0.03,0.004013456
run_255_repetition_17,DONE,brotli,brotli/@eslint__eslintrc--eslintrc-3.3.5.tar.br,0.42,0.05,0.006189814
run_197_repetition_28,DONE,zstd,zstd/@parcel__watcher--watcher-2.5.6.tar.zst,0.3,0.04,0.00430793
run_273_repetition_28,DONE,brotli,brotli/dom-accessibility-api--dom-accessibility-api-0.7.1.tar.br,0.38,0.04,0.005258825
run_306_repetition_24,DONE,brotli,brotli/tar--tar-7.5.15.tar.br,0.74,0.09,0.011768884
run_4_repetition_27,DONE,npm,npm/@types__glob--glob-9.0.0.tgz,0.38,0.04,0.005534748
run_229_repetition_18,DONE,zstd,zstd/prettier--prettier-3.8.3.tar.zst,1.7,0.2,0.024848259
run_299_repetition_6,DONE,brotli,brotli/resize-observer-polyfill--resize-observer-polyfill-1.5.1.tar.br,0.32,0.04,0.004942226
run_224_repetition_27,DONE,zstd,zstd/linkify-it--linkify-it-5.0.1.tar.zst,0.23,0.03,0.003477635
run_254_repetition_0,DONE,brotli,brotli/@esbuild__linux-ia32--linux-ia32-0.28.0.tar.br,5.68,0.67,0.088829421
run_36_repetition_21,DONE,npm,npm/lodash-es--lodash-es-4.18.1.tgz,1.67,0.19,0.02539856
run_160_repetition_13,DONE,zopfli,zopfli/libphonenumber-js--libphonenumber-js-1.13.3.tgz,5.66,0.69,0.089566367
run_288_repetition_7,DONE,brotli,brotli/lodash-es--lodash-es-4.18.1.tar.br,0.58,0.07,0.009161543
run_155_repetition_5,DONE,zopfli,zopfli/highlight.js--highlight.js-11.11.1.tgz,3.58,0.43,0.05638172
run_164_repetition_7,DONE,zopfli,zopfli/node-notifier--node-notifier-10.0.1.tgz,3.44,0.41,0.053551708
run_35_repetition_8,DONE,npm,npm/@eslint__eslintrc--eslintrc-3.3.5.tgz,0.61,0.07,0.009687684
run_259_repetition_17,DONE,brotli,brotli/@opentelemetry__semantic-conventions--semantic-conventions-1.41.1.tar.br,1.71,0.21,0.02595302
run_198_repetition_21,DONE,zstd,zstd/@radix-ui__primitive--primitive-1.1.3.tar.zst,0.25,0.03,0.003442746
run_85_repetition_8,DONE,xz,xz/encoding-sniffer--encoding-sniffer-1.0.2.tar.xz,0.39,0.05,0.005784154
run_219_repetition_5,DONE,zstd,zstd/html-escaper--html-escaper-3.0.3.tar.zst,0.23,0.03,0.003393197
run_256_repetition_14,DONE,brotli,brotli/@ethersproject__abstract-signer--abstract-signer-5.8.0.tar.br,0.32,0.04,0.004556131
run_196_repetition_2,DONE,zstd,zstd/@opentelemetry__semantic-conventions--semantic-conventions-1.41.1.tar.zst,1.61,0.19,0.024752085
run_53_repetition_7,DONE,npm,npm/libphonenumber-js--libphonenumber-js-1.13.3.tgz,5.48,0.65,0.085121139
run_79_repetition_2,DONE,xz,xz/babel-helper-get-function-arity--babel-helper-get-function-arity-6.24.1.tar.xz,0.26,0.03,0.00408662
run_162_repetition_25,DONE,zopfli,zopfli/lodash-es--lodash-es-4.18.1.tgz,0.88,0.11,0.013704513
run_42_repetition_13,DONE,npm,npm/eslint-plugin-import--eslint-plugin-import-2.32.0.tgz,1.16,0.14,0.01766711
run_261_repetition_25,DONE,brotli,brotli/@radix-ui__primitive--primitive-1.1.3.tar.br,0.26,0.03,0.004082125
run_247_repetition_6,DONE,zstd,zstd/webpack--webpack-5.107.1.tar.zst,1.5,0.17,0.022522266
run_281_repetition_11,DONE,brotli,brotli/highlight.js--highlight.js-11.11.1.tar.br,1.6,0.19,0.024887373
run_177_repetition_28,DONE,zopfli,zopfli/strict-uri-encode--strict-uri-encode-2.0.0.tgz,0.26,0.03,0.004042451
run_282_repetition_29,DONE,brotli,brotli/html-escaper--html-escaper-3.0.3.tar.br,0.29,0.03,0.004136518
run_219_repetition_12,DONE,zstd,zstd/html-escaper--html-escaper-3.0.3.tar.zst,0.23,0.03,0.003464121
run_25_repetition_22,DONE,npm,npm/encoding-sniffer--encoding-sniffer-1.0.2.tgz,0.42,0.05,0.00607692
run_106_repetition_24,DONE,xz,xz/protobufjs--protobufjs-8.4.2.tar.xz,1.83,0.22,0.028184396
run_40_repetition_18,DONE,npm,npm/ts-node--ts-node-10.9.2.tgz,0.8,0.1,0.012475313
run_104_repetition_20,DONE,xz,xz/prismjs--prismjs-1.30.0.tar.xz,2.81,0.33,0.043852386
run_106_repetition_26,DONE,xz,xz/protobufjs--protobufjs-8.4.2.tar.xz,1.85,0.22,0.02859258
run_238_repetition_23,DONE,zstd,zstd/source-list-map--source-list-map-2.0.1.tar.zst,0.26,0.03,0.00357266
run_21_repetition_24,DONE,npm,npm/style-loader--style-loader-4.0.0.tgz,0.36,0.04,0.005580928
run_310_repetition_1,DONE,brotli,brotli/webpack--webpack-5.107.1.tar.br,1.86,0.22,0.029370462
run_188_repetition_16,DONE,zopfli,zopfli/xml2js--xml2js-0.6.2.tgz,2.03,0.24,0.031793672
run_63_repetition_12,DONE,xz,xz/@aws-cdk__cloud-assembly-schema--cloud-assembly-schema-53.27.0.tar.xz,0.96,0.11,0.015289273
run_199_repetition_15,DONE,zstd,zstd/@sindresorhus__is--is-8.1.0.tar.zst,0.26,0.03,0.003942731
run_221_repetition_3,DONE,zstd,zstd/immer--immer-11.1.8.tar.zst,0.39,0.04,0.005649734
run_59_repetition_17,DONE,npm,npm/typescript--typescript-6.0.3.tgz,11.17,1.33,0.175071867
run_37_repetition_11,DONE,npm,npm/@aws-cdk__cloud-assembly-schema--cloud-assembly-schema-53.27.0.tgz,0.71,0.08,0.010925505
run_96_repetition_6,DONE,xz,xz/jiti--jiti-2.7.0.tar.xz,2.16,0.25,0.033419246
run_304_repetition_17,DONE,brotli,brotli/style-loader--style-loader-4.0.0.tar.br,0.3,0.03,0.004271395
run_305_repetition_25,DONE,brotli,brotli/tailwindcss--tailwindcss-4.3.0.tar.br,0.48,0.06,0.007389031
run_267_repetition_19,DONE,brotli,brotli/aws-sdk--aws-sdk-2.1693.0.tar.br,13.14,1.61,0.204087217
run_299_repetition_27,DONE,brotli,brotli/resize-observer-polyfill--resize-observer-polyfill-1.5.1.tar.br,0.32,0.04,0.004762043
run_255_repetition_1,DONE,brotli,brotli/@eslint__eslintrc--eslintrc-3.3.5.tar.br,0.42,0.05,0.006261999
run_125_repetition_4,DONE,xz,xz/xml2js--xml2js-0.6.2.tar.xz,4.09,0.48,0.064133292
run_164_repetition_23,DONE,zopfli,zopfli/node-notifier--node-notifier-10.0.1.tgz,3.43,0.4,0.054076271
run_198_repetition_8,DONE,zstd,zstd/@radix-ui__primitive--primitive-1.1.3.tar.zst,0.23,0.03,0.003413511
run_20_repetition_12,DONE,npm,npm/linkify-it--linkify-it-5.0.1.tgz,0.39,0.05,0.005449452
run_68_repetition_10,DONE,xz,xz/@modelcontextprotocol__sdk--sdk-1.29.0.tar.xz,2.37,0.28,0.037130063
run_15_repetition_9,DONE,npm,npm/html-escaper--html-escaper-3.0.3.tgz,0.36,0.04,0.005015432
run_196_repetition_27,DONE,zstd,zstd/@opentelemetry__semantic-conventions--semantic-conventions-1.41.1.tar.zst,1.62,0.2,0.024505034
run_253_repetition_0,DONE,brotli,brotli/@babel__plugin-transform-regexp-modifiers--plugin-transform-regexp-modifiers-7.28.6.tar.br,0.19,0.02,0.00364131
run_68_repetition_17,DONE,xz,xz/@modelcontextprotocol__sdk--sdk-1.29.0.tar.xz,2.36,0.28,0.03659722
run_180_repetition_10,DONE,zopfli,zopfli/tar--tar-7.5.15.tgz,1.59,0.19,0.024634556
run_256_repetition_7,DONE,brotli,brotli/@ethersproject__abstract-signer--abstract-signer-5.8.0.tar.br,0.32,0.04,0.004604909
run_217_repetition_10,DONE,zstd,zstd/has-to-string-tag-x--has-to-string-tag-x-2.1.2.tar.zst,0.26,0.03,0.003898313
run_99_repetition_29,DONE,xz,xz/lodash-es--lodash-es-4.18.1.tar.xz,1.06,0.12,0.016237673
run_7_repetition_29,DONE,npm,npm/strict-uri-encode--strict-uri-encode-2.0.0.tgz,0.33,0.04,0.004679547
run_74_repetition_4,DONE,xz,xz/@types__glob--glob-9.0.0.tar.xz,0.29,0.03,0.003825686
run_273_repetition_27,DONE,brotli,brotli/dom-accessibility-api--dom-accessibility-api-0.7.1.tar.br,0.32,0.04,0.005484563
run_285_repetition_3,DONE,brotli,brotli/jiti--jiti-2.7.0.tar.br,0.81,0.1,0.012281517
run_260_repetition_1,DONE,brotli,brotli/@parcel__watcher--watcher-2.5.6.tar.br,0.38,0.05,0.005028131
run_298_repetition_9,DONE,brotli,brotli/remove-trailing-separator--remove-trailing-separator-1.1.0.tar.br,0.26,0.03,0.003977786
run_174_repetition_13,DONE,zopfli,zopfli/shallowequal--shallowequal-1.1.0.tgz,0.26,0.03,0.003856637
run_250_repetition_4,DONE,zstd,zstd/workbox-streams--workbox-streams-7.4.1.tar.zst,0.3,0.03,0.004051333
run_45_repetition_2,DONE,npm,npm/prismjs--prismjs-1.30.0.tgz,1.92,0.23,0.02952834
run_177_repetition_20,DONE,zopfli,zopfli/strict-uri-encode--strict-uri-encode-2.0.0.tgz,0.25,0.03,0.003907089
run_251_repetition_28,DONE,zstd,zstd/xml2js--xml2js-0.6.2.tar.zst,0.96,0.11,0.014269928
run_213_repetition_12,DONE,zstd,zstd/eslint-plugin-import--eslint-plugin-import-2.32.0.tar.zst,0.58,0.07,0.009089304
run_19_repetition_8,DONE,npm,npm/whatwg-mimetype--whatwg-mimetype-5.0.0.tgz,0.35,0.04,0.005366244
run_64_repetition_6,DONE,xz,xz/@babel__plugin-transform-regexp-modifiers--plugin-transform-regexp-modifiers-7.28.6.tar.xz,0.28,0.03,0.00423705
run_254_repetition_19,DONE,brotli,brotli/@esbuild__linux-ia32--linux-ia32-0.28.0.tar.br,5.69,0.68,0.088841612
run_97_repetition_8,DONE,xz,xz/libphonenumber-js--libphonenumber-js-1.13.3.tar.xz,4.38,0.52,0.068558627
run_271_repetition_26,DONE,brotli,brotli/client-only--client-only-0.0.1.tar.br,0.26,0.03,0.003548134
run_52_repetition_28,DONE,npm,npm/@opentelemetry__semantic-conventions--semantic-conventions-1.41.1.tgz,4.94,0.59,0.07751766
run_53_repetition_11,DONE,npm,npm/libphonenumber-js--libphonenumber-js-1.13.3.tgz,5.3,0.63,0.081875897
run_66_repetition_13,DONE,xz,xz/@eslint__eslintrc--eslintrc-3.3.5.tar.xz,0.7,0.08,0.010670761
run_145_repetition_21,DONE,zopfli,zopfli/client-only--client-only-0.0.1.tgz,0.26,0.03,0.003717889
run_266_repetition_0,DONE,brotli,brotli/assert-plus--assert-plus-1.0.0.tar.br,0.29,0.03,0.003862096
run_103_repetition_20,DONE,xz,xz/prettier--prettier-3.8.3.tar.xz,6.67,0.79,0.104100847
run_135_repetition_16,DONE,zopfli,zopfli/@radix-ui__primitive--primitive-1.1.3.tgz,0.29,0.04,0.003999296
run_121_repetition_24,DONE,xz,xz/webpack--webpack-5.107.1.tar.xz,5.62,0.66,0.087881136
run_46_repetition_8,DONE,npm,npm/@modelcontextprotocol__sdk--sdk-1.29.0.tgz,2.27,0.26,0.034491453
run_114_repetition_19,DONE,xz,xz/strict-uri-encode--strict-uri-encode-2.0.0.tar.xz,0.26,0.03,0.003999522
run_172_repetition_22,DONE,zopfli,zopfli/remove-trailing-separator--remove-trailing-separator-1.1.0.tgz,0.29,0.03,0.003791473
run_190_repetition_19,DONE,zstd,zstd/@babel__plugin-transform-regexp-modifiers--plugin-transform-regexp-modifiers-7.28.6.tar.zst,0.26,0.03,0.003352572
run_276_repetition_5,DONE,brotli,brotli/eslint-plugin-import--eslint-plugin-import-2.32.0.tar.br,0.77,0.09,0.011490543
run_237_repetition_3,DONE,zstd,zstd/shallowequal--shallowequal-1.1.0.tar.zst,0.26,0.03,0.00376121
run_194_repetition_1,DONE,zstd,zstd/@modelcontextprotocol__sdk--sdk-1.29.0.tar.zst,0.97,0.11,0.014796047
run_74_repetition_28,DONE,xz,xz/@types__glob--glob-9.0.0.tar.xz,0.26,0.03,0.00406058
run_265_repetition_13,DONE,brotli,brotli/@vue__reactivity--reactivity-3.5.34.tar.br,0.32,0.04,0.005246679
run_85_repetition_28,DONE,xz,xz/encoding-sniffer--encoding-sniffer-1.0.2.tar.xz,0.38,0.05,0.005685552
run_51_repetition_24,DONE,npm,npm/webpack--webpack-5.107.1.tgz,3.64,0.43,0.056229508
run_273_repetition_12,DONE,brotli,brotli/dom-accessibility-api--dom-accessibility-api-0.7.1.tar.br,0.38,0.05,0.005373271
run_130_repetition_10,DONE,zopfli,zopfli/@ethersproject__abstract-signer--abstract-signer-5.8.0.tgz,0.3,0.03,0.004509276
run_234_repetition_11,DONE,zstd,zstd/react-error-overlay--react-error-overlay-6.1.0.tar.zst,0.33,0.04,0.005473306
run_233_repetition_5,DONE,zstd,zstd/react-dom--react-dom-19.2.6.tar.zst,1.2,0.14,0.018136679
run_259_repetition_20,DONE,brotli,brotli/@opentelemetry__semantic-conventions--semantic-conventions-1.41.1.tar.br,1.72,0.2,0.026024161
run_97_repetition_12,DONE,xz,xz/libphonenumber-js--libphonenumber-js-1.13.3.tar.xz,4.32,0.51,0.067716274
run_227_repetition_8,DONE,zstd,zstd/node-notifier--node-notifier-10.0.1.tar.zst,1.39,0.16,0.021056654
run_84_repetition_2,DONE,xz,xz/dom-accessibility-api--dom-accessibility-api-0.7.1.tar.xz,0.5,0.06,0.007989306
run_140_repetition_10,DONE,zopfli,zopfli/assert-plus--assert-plus-1.0.0.tgz,0.22,0.03,0.003619064
run_40_repetition_8,DONE,npm,npm/ts-node--ts-node-10.9.2.tgz,0.81,0.09,0.012096811
run_118_repetition_18,DONE,xz,xz/ts-node--ts-node-10.9.2.tar.xz,1.15,0.14,0.017316733
run_261_repetition_14,DONE,brotli,brotli/@radix-ui__primitive--primitive-1.1.3.tar.br,0.25,0.03,0.004162856
run_5_repetition_26,DONE,npm,npm/babel-plugin-transform-exponentiation-operator--babel-plugin-transform-exponentiation-operator-6.24.1.tgz,0.31,0.04,0.004473273
run_132_repetition_17,DONE,zopfli,zopfli/@next__swc-linux-arm64-musl--swc-linux-arm64-musl-16.2.6.tgz,74.25,8.82,1.168833112
run_47_repetition_6,DONE,npm,npm/protobufjs--protobufjs-8.4.2.tgz,1.94,0.23,0.030692595
run_269_repetition_0,DONE,brotli,brotli/babel-plugin-check-es2015-constants--babel-plugin-check-es2015-constants-6.22.0.tar.br,0.26,0.03,0.003755045
run_239_repetition_23,DONE,zstd,zstd/split2--split2-4.2.0.tar.zst,0.23,0.02,0.003369383
run_22_repetition_22,DONE,npm,npm/@ethersproject__abstract-signer--abstract-signer-5.8.0.tgz,0.39,0.05,0.005423015
run_94_repetition_19,DONE,xz,xz/iconv-lite--iconv-lite-0.7.2.tar.xz,1.15,0.14,0.017469963
run_111_repetition_14,DONE,xz,xz/shallowequal--shallowequal-1.1.0.tar.xz,0.25,0.03,0.004287602
run_115_repetition_20,DONE,xz,xz/style-loader--style-loader-4.0.0.tar.xz,0.35,0.04,0.005282256
run_102_repetition_23,DONE,xz,xz/path-dirname--path-dirname-1.0.2.tar.xz,0.3,0.03,0.004187442
run_241_repetition_23,DONE,zstd,zstd/style-loader--style-loader-4.0.0.tar.zst,0.26,0.03,0.003614969
run_296_repetition_7,DONE,brotli,brotli/react-dom--react-dom-19.2.6.tar.br,1.26,0.15,0.019227396
run_238_repetition_4,DONE,zstd,zstd/source-list-map--source-list-map-2.0.1.tar.zst,0.23,0.03,0.003500469
run_312_repetition_4,DONE,brotli,brotli/workbox-routing--workbox-routing-7.4.1.tar.br,0.39,0.05,0.005665784
run_152_repetition_6,DONE,zopfli,zopfli/fetch-blob--fetch-blob-4.0.0.tgz,0.26,0.03,0.003756213
run_85_repetition_5,DONE,xz,xz/encoding-sniffer--encoding-sniffer-1.0.2.tar.xz,0.36,0.04,0.005676554
run_248_repetition_0,DONE,zstd,zstd/whatwg-mimetype--whatwg-mimetype-5.0.0.tar.zst,0.25,0.03,0.003925339
run_144_repetition_19,DONE,zopfli,zopfli/babel-plugin-transform-exponentiation-operator--babel-plugin-transform-exponentiation-operator-6.24.1.tgz,0.25,0.03,0.004025397
run_311_repetition_21,DONE,brotli,brotli/whatwg-mimetype--whatwg-mimetype-5.0.0.tar.br,0.29,0.03,0.004215371
run_122_repetition_26,DONE,xz,xz/whatwg-mimetype--whatwg-mimetype-5.0.0.tar.xz,0.32,0.04,0.004536584
run_41_repetition_22,DONE,npm,npm/immer--immer-11.1.8.tgz,0.81,0.09,0.012601851
run_130_repetition_15,DONE,zopfli,zopfli/@ethersproject__abstract-signer--abstract-signer-5.8.0.tgz,0.33,0.04,0.004440137
run_310_repetition_29,DONE,brotli,brotli/webpack--webpack-5.107.1.tar.br,1.89,0.23,0.029469365
run_115_repetition_15,DONE,xz,xz/style-loader--style-loader-4.0.0.tar.xz,0.29,0.03,0.004827142
run_226_repetition_27,DONE,zstd,zstd/next--next-16.2.6.tar.zst,21.0,2.52,0.309866922
run_93_repetition_19,DONE,xz,xz/html-escaper--html-escaper-3.0.3.tar.xz,0.29,0.03,0.004714665
run_158_repetition_10,DONE,zopfli,zopfli/immer--immer-11.1.8.tgz,0.83,0.1,0.012325236
run_105_repetition_22,DONE,xz,xz/prop-types--prop-types-15.8.1.tar.xz,0.36,0.05,0.005970867
run_100_repetition_6,DONE,xz,xz/next--next-16.2.6.tar.xz,73.69,8.78,1.155704926
run_120_repetition_20,DONE,xz,xz/watchpack-chokidar2--watchpack-chokidar2-2.0.1.tar.xz,0.26,0.03,0.003691372
run_0_repetition_5,DONE,npm,npm/watchpack-chokidar2--watchpack-chokidar2-2.0.1.tgz,0.33,0.04,0.004470595
run_28_repetition_3,DONE,npm,npm/resize-observer-polyfill--resize-observer-polyfill-1.5.1.tgz,0.39,0.05,0.006573395
run_157_repetition_5,DONE,zopfli,zopfli/iconv-lite--iconv-lite-0.7.2.tgz,0.54,0.06,0.008141806
run_11_repetition_2,DONE,npm,npm/shallowequal--shallowequal-1.1.0.tgz,0.32,0.04,0.004813251
run_274_repetition_19,DONE,brotli,brotli/encoding-sniffer--encoding-sniffer-1.0.2.tar.br,0.35,0.04,0.005238837
run_172_repetition_26,DONE,zopfli,zopfli/remove-trailing-separator--remove-trailing-separator-1.1.0.tgz,0.26,0.03,0.004122453
run_219_repetition_16,DONE,zstd,zstd/html-escaper--html-escaper-3.0.3.tar.zst,0.29,0.03,0.003735523
run_310_repetition_17,DONE,brotli,brotli/webpack--webpack-5.107.1.tar.br,1.93,0.23,0.029781264
run_299_repetition_4,DONE,brotli,brotli/resize-observer-polyfill--resize-observer-polyfill-1.5.1.tar.br,0.32,0.04,0.004819124
run_81_repetition_17,DONE,xz,xz/babel-plugin-transform-exponentiation-operator--babel-plugin-transform-exponentiation-operator-6.24.1.tar.xz,0.26,0.03,0.003830451
run_153_repetition_26,DONE,zopfli,zopfli/got--got-15.0.5.tgz,0.45,0.05,0.006824373
run_177_repetition_3,DONE,zopfli,zopfli/strict-uri-encode--strict-uri-encode-2.0.0.tgz,0.26,0.03,0.0037406
run_175_repetition_28,DONE,zopfli,zopfli/source-list-map--source-list-map-2.0.1.tgz,0.23,0.03,0.003894388
run_34_repetition_16,DONE,npm,npm/react-error-overlay--react-error-overlay-6.1.0.tgz,0.51,0.06,0.008521575
run_260_repetition_14,DONE,brotli,brotli/@parcel__watcher--watcher-2.5.6.tar.br,0.38,0.05,0.005421033
run_289_repetition_19,DONE,brotli,brotli/next--next-16.2.6.tar.br,23.06,2.79,0.357137223
run_155_repetition_26,DONE,zopfli,zopfli/highlight.js--highlight.js-11.11.1.tgz,3.62,0.42,0.056379467
run_121_repetition_26,DONE,xz,xz/webpack--webpack-5.107.1.tar.xz,5.62,0.66,0.087713544
run_66_repetition_12,DONE,xz,xz/@eslint__eslintrc--eslintrc-3.3.5.tar.xz,0.7,0.08,0.01071858
run_52_repetition_21,DONE,npm,npm/@opentelemetry__semantic-conventions--semantic-conventions-1.41.1.tgz,4.81,0.57,0.074767119
run_242_repetition_28,DONE,zstd,zstd/tailwindcss--tailwindcss-4.3.0.tar.zst,0.4,0.05,0.006128272
run_141_repetition_17,DONE,zopfli,zopfli/aws-sdk--aws-sdk-2.1693.0.tgz,38.47,4.58,0.607143457
run_190_repetition_24,DONE,zstd,zstd/@babel__plugin-transform-regexp-modifiers--plugin-transform-regexp-modifiers-7.28.6.tar.zst,0.23,0.03,0.003471252
run_131_repetition_14,DONE,zopfli,zopfli/@modelcontextprotocol__sdk--sdk-1.29.0.tgz,2.52,0.29,0.039834177
run_221_repetition_0,DONE,zstd,zstd/immer--immer-11.1.8.tar.zst,0.39,0.05,0.005719668
run_66_repetition_15,DONE,xz,xz/@eslint__eslintrc--eslintrc-3.3.5.tar.xz,0.65,0.08,0.009902254
run_245_repetition_1,DONE,zstd,zstd/typescript--typescript-6.0.3.tar.zst,3.88,0.45,0.057831112
run_286_repetition_13,DONE,brotli,brotli/libphonenumber-js--libphonenumber-js-1.13.3.tar.br,1.94,0.24,0.030064271
run_265_repetition_17,DONE,brotli,brotli/@vue__reactivity--reactivity-3.5.34.tar.br,0.32,0.04,0.005173376
run_132_repetition_12,DONE,zopfli,zopfli/@next__swc-linux-arm64-musl--swc-linux-arm64-musl-16.2.6.tgz,74.29,8.77,1.167482022
run_85_repetition_11,DONE,xz,xz/encoding-sniffer--encoding-sniffer-1.0.2.tar.xz,0.39,0.05,0.005636871
run_43_repetition_25,DONE,npm,npm/jiti--jiti-2.7.0.tgz,1.22,0.15,0.019405022
run_168_repetition_9,DONE,zopfli,zopfli/prop-types--prop-types-15.8.1.tgz,0.36,0.04,0.005317347
run_272_repetition_6,DONE,brotli,brotli/date-fns--date-fns-4.3.0.tar.br,3.95,0.48,0.060717038
run_81_repetition_13,DONE,xz,xz/babel-plugin-transform-exponentiation-operator--babel-plugin-transform-exponentiation-operator-6.24.1.tar.xz,0.26,0.03,0.003991995
run_192_repetition_8,DONE,zstd,zstd/@eslint__eslintrc--eslintrc-3.3.5.tar.zst,0.36,0.04,0.00530167
run_293_repetition_8,DONE,brotli,brotli/prismjs--prismjs-1.30.0.tar.br,1.07,0.13,0.016197433
run_187_repetition_5,DONE,zopfli,zopfli/workbox-streams--workbox-streams-7.4.1.tgz,0.39,0.05,0.005157339
run_93_repetition_2,DONE,xz,xz/html-escaper--html-escaper-3.0.3.tar.xz,0.29,0.03,0.004351367
run_29_repetition_22,DONE,npm,npm/@parcel__watcher--watcher-2.5.6.tgz,0.48,0.05,0.006852973
run_14_repetition_27,DONE,npm,npm/split2--split2-4.2.0.tgz,0.35,0.04,0.004902733
run_195_repetition_14,DONE,zstd,zstd/@next__swc-linux-arm64-musl--swc-linux-arm64-musl-16.2.6.tar.zst,30.25,3.56,0.455976327
run_287_repetition_9,DONE,brotli,brotli/linkify-it--linkify-it-5.0.1.tar.br,0.33,0.04,0.004162998
run_226_repetition_7,DONE,zstd,zstd/next--next-16.2.6.tar.zst,20.89,2.51,0.308738109
run_24_repetition_0,DONE,npm,npm/@sindresorhus__is--is-8.1.0.tgz,0.36,0.04,0.005303146
run_207_repetition_9,DONE,zstd,zstd/babel-plugin-transform-exponentiation-operator--babel-plugin-transform-exponentiation-operator-6.24.1.tar.zst,0.23,0.03,0.003277039
run_134_repetition_1,DONE,zopfli,zopfli/@parcel__watcher--watcher-2.5.6.tgz,0.36,0.04,0.005247548
run_305_repetition_19,DONE,brotli,brotli/tailwindcss--tailwindcss-4.3.0.tar.br,0.51,0.06,0.007159247
run_153_repetition_21,DONE,zopfli,zopfli/got--got-15.0.5.tgz,0.48,0.06,0.007338075
run_314_repetition_29,DONE,brotli,brotli/xml2js--xml2js-0.6.2.tar.br,1.32,0.16,0.02021248
run_11_repetition_8,DONE,npm,npm/shallowequal--shallowequal-1.1.0.tgz,0.32,0.04,0.004629335
run_276_repetition_26,DONE,brotli,brotli/eslint-plugin-import--eslint-plugin-import-2.32.0.tar.br,0.71,0.08,0.011490243
run_46_repetition_16,DONE,npm,npm/@modelcontextprotocol__sdk--sdk-1.29.0.tgz,2.29,0.26,0.034522976
run_36_repetition_25,DONE,npm,npm/lodash-es--lodash-es-4.18.1.tgz,1.55,0.18,0.024011025
run_32_repetition_20,DONE,npm,npm/@vue__reactivity--reactivity-3.5.34.tgz,0.51,0.06,0.007881025
run_25_repetition_8,DONE,npm,npm/encoding-sniffer--encoding-sniffer-1.0.2.tgz,0.35,0.04,0.005520112
run_60_repetition_20,DONE,npm,npm/aws-sdk--aws-sdk-2.1693.0.tgz,37.55,4.49,0.585443478
run_235_repetition_4,DONE,zstd,zstd/remove-trailing-separator--remove-trailing-separator-1.1.0.tar.zst,0.19,0.02,0.003290537
run_9_repetition_3,DONE,npm,npm/remove-trailing-separator--remove-trailing-separator-1.1.0.tgz,0.32,0.04,0.004774915
run_55_repetition_28,DONE,npm,npm/prettier--prettier-3.8.3.tgz,4.97,0.58,0.077147633
run_290_repetition_16,DONE,brotli,brotli/node-notifier--node-notifier-10.0.1.tar.br,2.61,0.31,0.039898264
run_17_repetition_26,DONE,npm,npm/source-list-map--source-list-map-2.0.1.tgz,0.32,0.04,0.005027394
run_34_repetition_6,DONE,npm,npm/react-error-overlay--react-error-overlay-6.1.0.tgz,0.51,0.06,0.008083799
run_69_repetition_20,DONE,xz,xz/@next__swc-linux-arm64-musl--swc-linux-arm64-musl-16.2.6.tar.xz,154.84,18.34,2.428366115
run_186_repetition_20,DONE,zopfli,zopfli/workbox-routing--workbox-routing-7.4.1.tgz,0.45,0.05,0.006436581
run_47_repetition_27,DONE,npm,npm/protobufjs--protobufjs-8.4.2.tgz,1.93,0.23,0.029809823
run_101_repetition_22,DONE,xz,xz/node-notifier--node-notifier-10.0.1.tar.xz,8.41,1.0,0.131499783
run_207_repetition_18,DONE,zstd,zstd/babel-plugin-transform-exponentiation-operator--babel-plugin-transform-exponentiation-operator-6.24.1.tar.zst,0.26,0.03,0.003595673
run_167_repetition_2,DONE,zopfli,zopfli/prismjs--prismjs-1.30.0.tgz,1.75,0.21,0.027398745
run_121_repetition_12,DONE,xz,xz/webpack--webpack-5.107.1.tar.xz,5.58,0.65,0.087648273
run_10_repetition_25,DONE,npm,npm/path-dirname--path-dirname-1.0.2.tgz,0.32,0.04,0.004685588
run_162_repetition_6,DONE,zopfli,zopfli/lodash-es--lodash-es-4.18.1.tgz,0.86,0.11,0.013707598
run_295_repetition_4,DONE,brotli,brotli/protobufjs--protobufjs-8.4.2.tar.br,0.86,0.1,0.013175481
run_49_repetition_10,DONE,npm,npm/xml2js--xml2js-0.6.2.tgz,2.09,0.25,0.032692384
run_51_repetition_15,DONE,npm,npm/webpack--webpack-5.107.1.tgz,3.58,0.42,0.054970632
run_161_repetition_18,DONE,zopfli,zopfli/linkify-it--linkify-it-5.0.1.tgz,0.29,0.03,0.004284256
run_135_repetition_23,DONE,zopfli,zopfli/@radix-ui__primitive--primitive-1.1.3.tgz,0.26,0.03,0.00361447
run_101_repetition_11,DONE,xz,xz/node-notifier--node-notifier-10.0.1.tar.xz,8.42,0.99,0.131649605
run_213_repetition_29,DONE,zstd,zstd/eslint-plugin-import--eslint-plugin-import-2.32.0.tar.zst,0.59,0.07,0.008809308
run_185_repetition_15,DONE,zopfli,zopfli/whatwg-mimetype--whatwg-mimetype-5.0.0.tgz,0.29,0.03,0.004136603
run_88_repetition_11,DONE,xz,xz/ethers--ethers-6.16.0.tar.xz,6.79,0.82,0.105355583
run_98_repetition_29,DONE,xz,xz/linkify-it--linkify-it-5.0.1.tar.xz,0.32,0.04,0.005420504
run_182_repetition_3,DONE,zopfli,zopfli/typescript--typescript-6.0.3.tgz,11.29,1.34,0.177848648
run_187_repetition_0,DONE,zopfli,zopfli/workbox-streams--workbox-streams-7.4.1.tgz,0.32,0.04,0.005016014
run_247_repetition_5,DONE,zstd,zstd/webpack--webpack-5.107.1.tar.zst,1.54,0.18,0.023336417
run_255_repetition_27,DONE,brotli,brotli/@eslint__eslintrc--eslintrc-3.3.5.tar.br,0.39,0.05,0.006336389
run_211_repetition_14,DONE,zstd,zstd/encoding-sniffer--encoding-sniffer-1.0.2.tar.zst,0.22,0.03,0.003938638
run_271_repetition_0,DONE,brotli,brotli/client-only--client-only-0.0.1.tar.br,0.29,0.03,0.004208535
run_113_repetition_5,DONE,xz,xz/split2--split2-4.2.0.tar.xz,0.29,0.03,0.004572582
run_124_repetition_9,DONE,xz,xz/workbox-streams--workbox-streams-7.4.1.tar.xz,0.42,0.05,0.006816892
run_249_repetition_25,DONE,zstd,zstd/workbox-routing--workbox-routing-7.4.1.tar.zst,0.32,0.03,0.004557683
run_104_repetition_24,DONE,xz,xz/prismjs--prismjs-1.30.0.tar.xz,2.78,0.33,0.043621719
run_72_repetition_27,DONE,xz,xz/@radix-ui__primitive--primitive-1.1.3.tar.xz,0.31,0.03,0.004333277
run_254_repetition_27,DONE,brotli,brotli/@esbuild__linux-ia32--linux-ia32-0.28.0.tar.br,5.66,0.65,0.08875257
run_65_repetition_3,DONE,xz,xz/@esbuild__linux-ia32--linux-ia32-0.28.0.tar.xz,21.51,2.49,0.338280388
run_10_repetition_24,DONE,npm,npm/path-dirname--path-dirname-1.0.2.tgz,0.32,0.04,0.004530668
run_41_repetition_29,DONE,npm,npm/immer--immer-11.1.8.tgz,0.8,0.09,0.012450666
run_223_repetition_23,DONE,zstd,zstd/libphonenumber-js--libphonenumber-js-1.13.3.tar.zst,1.7,0.2,0.024109383
run_193_repetition_4,DONE,zstd,zstd/@ethersproject__abstract-signer--abstract-signer-5.8.0.tar.zst,0.26,0.03,0.003786976
run_290_repetition_26,DONE,brotli,brotli/node-notifier--node-notifier-10.0.1.tar.br,2.56,0.3,0.039886035
run_296_repetition_10,DONE,brotli,brotli/react-dom--react-dom-19.2.6.tar.br,1.25,0.15,0.019453838
run_169_repetition_13,DONE,zopfli,zopfli/protobufjs--protobufjs-8.4.2.tgz,1.9,0.23,0.030045261
run_262_repetition_5,DONE,brotli,brotli/@sindresorhus__is--is-8.1.0.tar.br,0.26,0.03,0.004354446
run_281_repetition_4,DONE,brotli,brotli/highlight.js--highlight.js-11.11.1.tar.br,1.64,0.2,0.025202123
run_110_repetition_18,DONE,xz,xz/resize-observer-polyfill--resize-observer-polyfill-1.5.1.tar.xz,0.39,0.05,0.005616818
run_197_repetition_13,DONE,zstd,zstd/@parcel__watcher--watcher-2.5.6.tar.zst,0.29,0.03,0.004307015
run_271_repetition_3,DONE,brotli,brotli/client-only--client-only-0.0.1.tar.br,0.26,0.03,0.003885041
run_306_repetition_0,DONE,brotli,brotli/tar--tar-7.5.15.tar.br,0.77,0.09,0.011581737
run_111_repetition_9,DONE,xz,xz/shallowequal--shallowequal-1.1.0.tar.xz,0.25,0.03,0.004011412
run_245_repetition_17,DONE,zstd,zstd/typescript--typescript-6.0.3.tar.zst,3.9,0.46,0.057742872
run_121_repetition_11,DONE,xz,xz/webpack--webpack-5.107.1.tar.xz,5.61,0.66,0.08772303
run_214_repetition_12,DONE,zstd,zstd/ethers--ethers-6.16.0.tar.zst,2.3,0.27,0.033586262
run_102_repetition_25,DONE,xz,xz/path-dirname--path-dirname-1.0.2.tar.xz,0.28,0.03,0.004148658
run_216_repetition_7,DONE,zstd,zstd/got--got-15.0.5.tar.zst,0.29,0.04,0.004766832
run_234_repetition_7,DONE,zstd,zstd/react-error-overlay--react-error-overlay-6.1.0.tar.zst,0.33,0.04,0.005305748
run_171_repetition_10,DONE,zopfli,zopfli/react-error-overlay--react-error-overlay-6.1.0.tgz,0.48,0.06,0.007527832
run_166_repetition_9,DONE,zopfli,zopfli/prettier--prettier-3.8.3.tgz,4.92,0.58,0.077296571
run_224_repetition_19,DONE,zstd,zstd/linkify-it--linkify-it-5.0.1.tar.zst,0.23,0.03,0.003597831
run_56_repetition_19,DONE,npm,npm/ethers--ethers-6.16.0.tgz,6.96,0.81,0.10810368
run_285_repetition_12,DONE,brotli,brotli/jiti--jiti-2.7.0.tar.br,0.81,0.1,0.012387321
run_26_repetition_1,DONE,npm,npm/workbox-streams--workbox-streams-7.4.1.tgz,0.43,0.05,0.005999774
run_138_repetition_17,DONE,zopfli,zopfli/@types__uuid--uuid-11.0.0.tgz,0.23,0.03,0.003343522
run_243_repetition_22,DONE,zstd,zstd/tar--tar-7.5.15.tar.zst,0.65,0.08,0.009981356
run_74_repetition_7,DONE,xz,xz/@types__glob--glob-9.0.0.tar.xz,0.26,0.03,0.003894369
run_52_repetition_15,DONE,npm,npm/@opentelemetry__semantic-conventions--semantic-conventions-1.41.1.tgz,4.78,0.57,0.075077003
run_175_repetition_8,DONE,zopfli,zopfli/source-list-map--source-list-map-2.0.1.tgz,0.25,0.03,0.003960824
run_169_repetition_28,DONE,zopfli,zopfli/protobufjs--protobufjs-8.4.2.tgz,1.9,0.22,0.029853326
run_308_repetition_0,DONE,brotli,brotli/typescript--typescript-6.0.3.tar.br,4.29,0.52,0.066334935
run_176_repetition_3,DONE,zopfli,zopfli/split2--split2-4.2.0.tgz,0.26,0.03,0.003847647
run_86_repetition_25,DONE,xz,xz/eslint-config-react-app--eslint-config-react-app-7.0.1.tar.xz,0.28,0.03,0.004485439
run_43_repetition_18,DONE,npm,npm/jiti--jiti-2.7.0.tgz,1.18,0.14,0.018754479
run_273_repetition_0,DONE,brotli,brotli/dom-accessibility-api--dom-accessibility-api-0.7.1.tar.br,0.36,0.04,0.005743477
run_72_repetition_10,DONE,xz,xz/@radix-ui__primitive--primitive-1.1.3.tar.xz,0.26,0.03,0.004099701
run_247_repetition_20,DONE,zstd,zstd/webpack--webpack-5.107.1.tar.zst,1.51,0.18,0.022551595
run_10_repetition_19,DONE,npm,npm/path-dirname--path-dirname-1.0.2.tgz,0.3,0.04,0.004720712
run_182_repetition_21,DONE,zopfli,zopfli/typescript--typescript-6.0.3.tgz,11.36,1.34,0.17897742
run_106_repetition_19,DONE,xz,xz/protobufjs--protobufjs-8.4.2.tar.xz,1.85,0.22,0.028414945
run_43_repetition_13,DONE,npm,npm/jiti--jiti-2.7.0.tgz,1.21,0.14,0.01891968
run_182_repetition_20,DONE,zopfli,zopfli/typescript--typescript-6.0.3.tgz,11.23,1.33,0.177812609
run_259_repetition_15,DONE,brotli,brotli/@opentelemetry__semantic-conventions--semantic-conventions-1.41.1.tar.br,1.66,0.2,0.025981039
run_231_repetition_4,DONE,zstd,zstd/prop-types--prop-types-15.8.1.tar.zst,0.26,0.03,0.003868128
run_303_repetition_10,DONE,brotli,brotli/strict-uri-encode--strict-uri-encode-2.0.0.tar.br,0.25,0.03,0.003641619
run_53_repetition_28,DONE,npm,npm/libphonenumber-js--libphonenumber-js-1.13.3.tgz,5.33,0.63,0.082366926
run_20_repetition_15,DONE,npm,npm/linkify-it--linkify-it-5.0.1.tgz,0.32,0.04,0.005088117
run_288_repetition_5,DONE,brotli,brotli/lodash-es--lodash-es-4.18.1.tar.br,0.58,0.07,0.008842173
run_2_repetition_21,DONE,npm,npm/babel-helper-get-function-arity--babel-helper-get-function-arity-6.24.1.tgz,0.29,0.03,0.004683241
run_171_repetition_1,DONE,zopfli,zopfli/react-error-overlay--react-error-overlay-6.1.0.tgz,0.51,0.06,0.007659859
run_152_repetition_27,DONE,zopfli,zopfli/fetch-blob--fetch-blob-4.0.0.tgz,0.25,0.03,0.003900802
run_215_repetition_27,DONE,zstd,zstd/fetch-blob--fetch-blob-4.0.0.tar.zst,0.26,0.03,0.003453885
run_93_repetition_11,DONE,xz,xz/html-escaper--html-escaper-3.0.3.tar.xz,0.32,0.03,0.004106438
run_163_repetition_17,DONE,zopfli,zopfli/next--next-16.2.6.tgz,81.28,9.69,1.284239576
run_102_repetition_15,DONE,xz,xz/path-dirname--path-dirname-1.0.2.tar.xz,0.26,0.03,0.003861597
run_50_repetition_0,DONE,npm,npm/react-dom--react-dom-19.2.6.tgz,3.58,0.42,0.055623692
run_69_repetition_19,DONE,xz,xz/@next__swc-linux-arm64-musl--swc-linux-arm64-musl-16.2.6.tar.xz,154.88,18.4,2.431863173
run_195_repetition_0,DONE,zstd,zstd/@next__swc-linux-arm64-musl--swc-linux-arm64-musl-16.2.6.tar.zst,29.41,3.46,0.4471028
run_165_repetition_17,DONE,zopfli,zopfli/path-dirname--path-dirname-1.0.2.tgz,0.26,0.03,0.003886188
run_253_repetition_27,DONE,brotli,brotli/@babel__plugin-transform-regexp-modifiers--plugin-transform-regexp-modifiers-7.28.6.tar.br,0.26,0.03,0.003865364
run_12_repetition_4,DONE,npm,npm/@radix-ui__primitive--primitive-1.1.3.tgz,0.32,0.04,0.004930375
run_272_repetition_27,DONE,brotli,brotli/date-fns--date-fns-4.3.0.tar.br,3.95,0.48,0.060659305
run_100_repetition_17,DONE,xz,xz/next--next-16.2.6.tar.xz,73.89,8.73,1.155833156
run_15_repetition_3,DONE,npm,npm/html-escaper--html-escaper-3.0.3.tgz,0.33,0.04,0.005010749
run_305_repetition_22,DONE,brotli,brotli/tailwindcss--tailwindcss-4.3.0.tar.br,0.48,0.06,0.007853229
run_133_repetition_26,DONE,zopfli,zopfli/@opentelemetry__semantic-conventions--semantic-conventions-1.41.1.tgz,5.01,0.6,0.079409184
run_58_repetition_22,DONE,npm,npm/@esbuild__linux-ia32--linux-ia32-0.28.0.tgz,7.35,0.86,0.114980828
run_19_repetition_18,DONE,npm,npm/whatwg-mimetype--whatwg-mimetype-5.0.0.tgz,0.34,0.04,0.005156759
run_174_repetition_7,DONE,zopfli,zopfli/shallowequal--shallowequal-1.1.0.tgz,0.26,0.03,0.003790653
run_124_repetition_26,DONE,xz,xz/workbox-streams--workbox-streams-7.4.1.tar.xz,0.42,0.05,0.006318719
run_59_repetition_25,DONE,npm,npm/typescript--typescript-6.0.3.tgz,11.14,1.32,0.174670335
run_62_repetition_2,DONE,npm,npm/@next__swc-linux-arm64-musl--swc-linux-arm64-musl-16.2.6.tgz,70.07,8.37,1.097955131
run_221_repetition_9,DONE,zstd,zstd/immer--immer-11.1.8.tar.zst,0.35,0.04,0.005724545
run_44_repetition_3,DONE,npm,npm/tar--tar-7.5.15.tgz,1.58,0.18,0.024376263
run_41_repetition_0,DONE,npm,npm/immer--immer-11.1.8.tgz,0.81,0.09,0.012070508
run_267_repetition_21,DONE,brotli,brotli/aws-sdk--aws-sdk-2.1693.0.tar.br,13.03,1.6,0.20332164
run_24_repetition_21,DONE,npm,npm/@sindresorhus__is--is-8.1.0.tgz,0.32,0.04,0.005157809
run_20_repetition_18,DONE,npm,npm/linkify-it--linkify-it-5.0.1.tgz,0.32,0.04,0.005374065
run_137_repetition_10,DONE,zopfli,zopfli/@types__glob--glob-9.0.0.tgz,0.32,0.03,0.003932552
run_189_repetition_24,DONE,zstd,zstd/@aws-cdk__cloud-assembly-schema--cloud-assembly-schema-53.27.0.tar.zst,0.38,0.05,0.006079138
run_242_repetition_16,DONE,zstd,zstd/tailwindcss--tailwindcss-4.3.0.tar.zst,0.38,0.05,0.005841215
run_30_repetition_6,DONE,npm,npm/workbox-routing--workbox-routing-7.4.1.tgz,0.48,0.05,0.007009226
run_160_repetition_2,DONE,zopfli,zopfli/libphonenumber-js--libphonenumber-js-1.13.3.tgz,5.66,0.68,0.089465033
run_201_repetition_6,DONE,zstd,zstd/@types__uuid--uuid-11.0.0.tar.zst,0.26,0.03,0.003332125
run_65_repetition_21,DONE,xz,xz/@esbuild__linux-ia32--linux-ia32-0.28.0.tar.xz,21.54,2.48,0.338039556
run_30_repetition_12,DONE,npm,npm/workbox-routing--workbox-routing-7.4.1.tgz,0.48,0.06,0.006987656
run_94_repetition_0,DONE,xz,xz/iconv-lite--iconv-lite-0.7.2.tar.xz,1.12,0.13,0.017387261
run_61_repetition_18,DONE,npm,npm/next--next-16.2.6.tgz,79.59,9.43,1.24047478
run_125_repetition_19,DONE,xz,xz/xml2js--xml2js-0.6.2.tar.xz,4.07,0.48,0.064036676
run_219_repetition_18,DONE,zstd,zstd/html-escaper--html-escaper-3.0.3.tar.zst,0.22,0.03,0.003458225
run_203_repetition_28,DONE,zstd,zstd/assert-plus--assert-plus-1.0.0.tar.zst,0.26,0.03,0.003353251
run_295_repetition_27,DONE,brotli,brotli/protobufjs--protobufjs-8.4.2.tar.br,0.83,0.1,0.013258787
run_206_repetition_23,DONE,zstd,zstd/babel-plugin-check-es2015-constants--babel-plugin-check-es2015-constants-6.22.0.tar.zst,0.26,0.03,0.003358651
run_13_repetition_24,DONE,npm,npm/assert-plus--assert-plus-1.0.0.tgz,0.29,0.04,0.004724679
run_261_repetition_3,DONE,brotli,brotli/@radix-ui__primitive--primitive-1.1.3.tar.br,0.29,0.03,0.004072361
run_282_repetition_12,DONE,brotli,brotli/html-escaper--html-escaper-3.0.3.tar.br,0.26,0.03,0.004065186
run_89_repetition_3,DONE,xz,xz/fetch-blob--fetch-blob-4.0.0.tar.xz,0.29,0.03,0.004818661
run_230_repetition_23,DONE,zstd,zstd/prismjs--prismjs-1.30.0.tar.zst,0.81,0.09,0.011871135
run_166_repetition_25,DONE,zopfli,zopfli/prettier--prettier-3.8.3.tgz,4.92,0.58,0.077426486
run_84_repetition_13,DONE,xz,xz/dom-accessibility-api--dom-accessibility-api-0.7.1.tar.xz,0.55,0.06,0.007817685
run_51_repetition_28,DONE,npm,npm/webpack--webpack-5.107.1.tgz,3.54,0.41,0.054411287
run_61_repetition_2,DONE,npm,npm/next--next-16.2.6.tgz,79.64,9.42,1.239054365
run_127_repetition_6,DONE,zopfli,zopfli/@babel__plugin-transform-regexp-modifiers--plugin-transform-regexp-modifiers-7.28.6.tgz,0.26,0.03,0.003770744
run_225_repetition_2,DONE,zstd,zstd/lodash-es--lodash-es-4.18.1.tar.zst,0.45,0.05,0.007442482
run_97_repetition_10,DONE,xz,xz/libphonenumber-js--libphonenumber-js-1.13.3.tar.xz,4.27,0.5,0.066998257
run_19_repetition_11,DONE,npm,npm/whatwg-mimetype--whatwg-mimetype-5.0.0.tgz,0.36,0.04,0.005304908
run_147_repetition_6,DONE,zopfli,zopfli/dom-accessibility-api--dom-accessibility-api-0.7.1.tgz,0.41,0.05,0.006407686
run_55_repetition_19,DONE,npm,npm/prettier--prettier-3.8.3.tgz,4.78,0.57,0.074900178
run_90_repetition_10,DONE,xz,xz/got--got-15.0.5.tar.xz,0.64,0.08,0.01019752
run_76_repetition_21,DONE,xz,xz/@vue__reactivity--reactivity-3.5.34.tar.xz,0.51,0.06,0.007863424
run_113_repetition_12,DONE,xz,xz/split2--split2-4.2.0.tar.xz,0.29,0.04,0.004042364
run_46_repetition_10,DONE,npm,npm/@modelcontextprotocol__sdk--sdk-1.29.0.tgz,2.25,0.26,0.034216331
run_225_repetition_7,DONE,zstd,zstd/lodash-es--lodash-es-4.18.1.tar.zst,0.46,0.05,0.007281409
run_171_repetition_9,DONE,zopfli,zopfli/react-error-overlay--react-error-overlay-6.1.0.tgz,0.48,0.06,0.007743166
run_241_repetition_8,DONE,zstd,zstd/style-loader--style-loader-4.0.0.tar.zst,0.2,0.02,0.003553374
run_104_repetition_13,DONE,xz,xz/prismjs--prismjs-1.30.0.tar.xz,2.81,0.33,0.043302276
run_251_repetition_29,DONE,zstd,zstd/xml2js--xml2js-0.6.2.tar.zst,0.99,0.11,0.014497647
run_3_repetition_18,DONE,npm,npm/@types__uuid--uuid-11.0.0.tgz,0.33,0.04,0.005203014
run_155_repetition_4,DONE,zopfli,zopfli/highlight.js--highlight.js-11.11.1.tgz,3.58,0.43,0.056321272
run_47_repetition_10,DONE,npm,npm/protobufjs--protobufjs-8.4.2.tgz,1.93,0.22,0.029414385
run_283_repetition_29,DONE,brotli,brotli/iconv-lite--iconv-lite-0.7.2.tar.br,0.51,0.06,0.007324514
run_21_repetition_4,DONE,npm,npm/style-loader--style-loader-4.0.0.tgz,0.38,0.04,0.005355252
run_103_repetition_29,DONE,xz,xz/prettier--prettier-3.8.3.tar.xz,6.57,0.78,0.103665638
run_150_repetition_1,DONE,zopfli,zopfli/eslint-plugin-import--eslint-plugin-import-2.32.0.tgz,1.14,0.14,0.017905601
run_170_repetition_17,DONE,zopfli,zopfli/react-dom--react-dom-19.2.6.tgz,3.48,0.42,0.055193894
run_253_repetition_11,DONE,brotli,brotli/@babel__plugin-transform-regexp-modifiers--plugin-transform-regexp-modifiers-7.28.6.tar.br,0.26,0.03,0.003739703
run_21_repetition_18,DONE,npm,npm/style-loader--style-loader-4.0.0.tgz,0.36,0.04,0.005301098
run_53_repetition_12,DONE,npm,npm/libphonenumber-js--libphonenumber-js-1.13.3.tgz,5.25,0.61,0.081792187
run_293_repetition_23,DONE,brotli,brotli/prismjs--prismjs-1.30.0.tar.br,1.03,0.12,0.015859099
run_246_repetition_12,DONE,zstd,zstd/watchpack-chokidar2--watchpack-chokidar2-2.0.1.tar.zst,0.22,0.03,0.003491408
run_156_repetition_29,DONE,zopfli,zopfli/html-escaper--html-escaper-3.0.3.tgz,0.26,0.03,0.003602752
run_88_repetition_19,DONE,xz,xz/ethers--ethers-6.16.0.tar.xz,6.76,0.79,0.105583686
run_1_repetition_5,DONE,npm,npm/client-only--client-only-0.0.1.tgz,0.3,0.04,0.004512447
run_311_repetition_18,DONE,brotli,brotli/whatwg-mimetype--whatwg-mimetype-5.0.0.tar.br,0.29,0.03,0.004387922
run_21_repetition_3,DONE,npm,npm/style-loader--style-loader-4.0.0.tgz,0.32,0.04,0.005058333
run_275_repetition_26,DONE,brotli,brotli/eslint-config-react-app--eslint-config-react-app-7.0.1.tar.br,0.25,0.03,0.003945583
run_246_repetition_18,DONE,zstd,zstd/watchpack-chokidar2--watchpack-chokidar2-2.0.1.tar.zst,0.19,0.02,0.003340116
run_183_repetition_20,DONE,zopfli,zopfli/watchpack-chokidar2--watchpack-chokidar2-2.0.1.tgz,0.23,0.02,0.003409368
run_40_repetition_25,DONE,npm,npm/ts-node--ts-node-10.9.2.tgz,0.78,0.09,0.011490699
run_105_repetition_28,DONE,xz,xz/prop-types--prop-types-15.8.1.tar.xz,0.38,0.05,0.00547956
run_64_repetition_24,DONE,xz,xz/@babel__plugin-transform-regexp-modifiers--plugin-transform-regexp-modifiers-7.28.6.tar.xz,0.26,0.03,0.004171729
run_38_repetition_0,DONE,npm,npm/tailwindcss--tailwindcss-4.3.0.tgz,0.77,0.09,0.011398397
run_253_repetition_10,DONE,brotli,brotli/@babel__plugin-transform-regexp-modifiers--plugin-transform-regexp-modifiers-7.28.6.tar.br,0.25,0.03,0.004116291
run_144_repetition_20,DONE,zopfli,zopfli/babel-plugin-transform-exponentiation-operator--babel-plugin-transform-exponentiation-operator-6.24.1.tgz,0.25,0.03,0.003928626
run_210_repetition_13,DONE,zstd,zstd/dom-accessibility-api--dom-accessibility-api-0.7.1.tar.zst,0.33,0.04,0.004672948
run_18_repetition_5,DONE,npm,npm/fetch-blob--fetch-blob-4.0.0.tgz,0.35,0.04,0.005246926
run_206_repetition_2,DONE,zstd,zstd/babel-plugin-check-es2015-constants--babel-plugin-check-es2015-constants-6.22.0.tar.zst,0.23,0.02,0.003438124
run_170_repetition_1,DONE,zopfli,zopfli/react-dom--react-dom-19.2.6.tgz,3.55,0.42,0.055494189
run_273_repetition_14,DONE,brotli,brotli/dom-accessibility-api--dom-accessibility-api-0.7.1.tar.br,0.36,0.04,0.005292621
run_189_repetition_26,DONE,zstd,zstd/@aws-cdk__cloud-assembly-schema--cloud-assembly-schema-53.27.0.tar.zst,0.45,0.05,0.006141664
run_9_repetition_1,DONE,npm,npm/remove-trailing-separator--remove-trailing-separator-1.1.0.tgz,0.32,0.04,0.004540857
run_236_repetition_6,DONE,zstd,zstd/resize-observer-polyfill--resize-observer-polyfill-1.5.1.tar.zst,0.29,0.03,0.004466225
run_51_repetition_3,DONE,npm,npm/webpack--webpack-5.107.1.tgz,3.56,0.42,0.054534224
run_53_repetition_5,DONE,npm,npm/libphonenumber-js--libphonenumber-js-1.13.3.tgz,5.28,0.61,0.081639009
run_231_repetition_14,DONE,zstd,zstd/prop-types--prop-types-15.8.1.tar.zst,0.22,0.03,0.003647388
run_299_repetition_18,DONE,brotli,brotli/resize-observer-polyfill--resize-observer-polyfill-1.5.1.tar.br,0.29,0.03,0.004415493
run_28_repetition_2,DONE,npm,npm/resize-observer-polyfill--resize-observer-polyfill-1.5.1.tgz,0.42,0.05,0.00643768
run_233_repetition_25,DONE,zstd,zstd/react-dom--react-dom-19.2.6.tar.zst,1.15,0.14,0.01773894
run_183_repetition_13,DONE,zopfli,zopfli/watchpack-chokidar2--watchpack-chokidar2-2.0.1.tgz,0.26,0.03,0.003559795
run_93_repetition_5,DONE,xz,xz/html-escaper--html-escaper-3.0.3.tar.xz,0.26,0.03,0.004094347
run_121_repetition_6,DONE,xz,xz/webpack--webpack-5.107.1.tar.xz,5.58,0.66,0.087305002
run_244_repetition_12,DONE,zstd,zstd/ts-node--ts-node-10.9.2.tar.zst,0.45,0.05,0.00661543
run_59_repetition_2,DONE,npm,npm/typescript--typescript-6.0.3.tgz,11.12,1.32,0.174387172
run_309_repetition_22,DONE,brotli,brotli/watchpack-chokidar2--watchpack-chokidar2-2.0.1.tar.br,0.23,0.03,0.003768263
run_14_repetition_19,DONE,npm,npm/split2--split2-4.2.0.tgz,0.32,0.04,0.004842292
run_308_repetition_11,DONE,brotli,brotli/typescript--typescript-6.0.3.tar.br,4.24,0.51,0.06597906
run_285_repetition_16,DONE,brotli,brotli/jiti--jiti-2.7.0.tar.br,0.83,0.1,0.012478611
run_107_repetition_9,DONE,xz,xz/react-dom--react-dom-19.2.6.tar.xz,2.56,0.3,0.039868971
run_40_repetition_4,DONE,npm,npm/ts-node--ts-node-10.9.2.tgz,0.78,0.09,0.011722682
run_174_repetition_10,DONE,zopfli,zopfli/shallowequal--shallowequal-1.1.0.tgz,0.26,0.03,0.003581201
run_12_repetition_21,DONE,npm,npm/@radix-ui__primitive--primitive-1.1.3.tgz,0.35,0.04,0.005045098
run_49_repetition_13,DONE,npm,npm/xml2js--xml2js-0.6.2.tgz,2.1,0.25,0.032437265
run_179_repetition_25,DONE,zopfli,zopfli/tailwindcss--tailwindcss-4.3.0.tgz,0.67,0.08,0.010450998
run_56_repetition_16,DONE,npm,npm/ethers--ethers-6.16.0.tgz,6.94,0.82,0.107823305
run_164_repetition_22,DONE,zopfli,zopfli/node-notifier--node-notifier-10.0.1.tgz,3.39,0.4,0.05366191
run_91_repetition_23,DONE,xz,xz/has-to-string-tag-x--has-to-string-tag-x-2.1.2.tar.xz,0.39,0.05,0.005847593
run_65_repetition_8,DONE,xz,xz/@esbuild__linux-ia32--linux-ia32-0.28.0.tar.xz,21.53,2.52,0.337818805
run_155_repetition_27,DONE,zopfli,zopfli/highlight.js--highlight.js-11.11.1.tgz,3.58,0.43,0.056310659
run_161_repetition_6,DONE,zopfli,zopfli/linkify-it--linkify-it-5.0.1.tgz,0.26,0.03,0.004269029
run_296_repetition_13,DONE,brotli,brotli/react-dom--react-dom-19.2.6.tar.br,1.16,0.14,0.018532626
run_215_repetition_12,DONE,zstd,zstd/fetch-blob--fetch-blob-4.0.0.tar.zst,0.23,0.03,0.00344897
run_75_repetition_22,DONE,xz,xz/@types__uuid--uuid-11.0.0.tar.xz,0.26,0.03,0.003772985
run_290_repetition_14,DONE,brotli,brotli/node-notifier--node-notifier-10.0.1.tar.br,2.56,0.3,0.039629616
run_44_repetition_22,DONE,npm,npm/tar--tar-7.5.15.tgz,1.49,0.17,0.023022857
run_49_repetition_29,DONE,npm,npm/xml2js--xml2js-0.6.2.tgz,2.11,0.25,0.032690572
run_120_repetition_23,DONE,xz,xz/watchpack-chokidar2--watchpack-chokidar2-2.0.1.tar.xz,0.26,0.02,0.003602641
run_306_repetition_19,DONE,brotli,brotli/tar--tar-7.5.15.tar.br,0.77,0.09,0.011914808
run_133_repetition_2,DONE,zopfli,zopfli/@opentelemetry__semantic-conventions--semantic-conventions-1.41.1.tgz,4.93,0.59,0.078158253
run_163_repetition_8,DONE,zopfli,zopfli/next--next-16.2.6.tgz,81.42,9.66,1.285131837
run_281_repetition_10,DONE,brotli,brotli/highlight.js--highlight.js-11.11.1.tar.br,1.64,0.2,0.025174107
run_136_repetition_21,DONE,zopfli,zopfli/@sindresorhus__is--is-8.1.0.tgz,0.28,0.04,0.00486924
run_76_repetition_3,DONE,xz,xz/@vue__reactivity--reactivity-3.5.34.tar.xz,0.51,0.06,0.007369274
run_50_repetition_18,DONE,npm,npm/react-dom--react-dom-19.2.6.tgz,3.48,0.42,0.054330497
run_168_repetition_17,DONE,zopfli,zopfli/prop-types--prop-types-15.8.1.tgz,0.28,0.04,0.004650289
run_44_repetition_6,DONE,npm,npm/tar--tar-7.5.15.tgz,1.49,0.17,0.022785826
run_167_repetition_22,DONE,zopfli,zopfli/prismjs--prismjs-1.30.0.tgz,1.74,0.21,0.027332624
run_265_repetition_28,DONE,brotli,brotli/@vue__reactivity--reactivity-3.5.34.tar.br,0.32,0.04,0.005190157
run_190_repetition_6,DONE,zstd,zstd/@babel__plugin-transform-regexp-modifiers--plugin-transform-regexp-modifiers-7.28.6.tar.zst,0.23,0.02,0.003268797
run_108_repetition_27,DONE,xz,xz/react-error-overlay--react-error-overlay-6.1.0.tar.xz,0.96,0.11,0.014733482
run_82_repetition_13,DONE,xz,xz/client-only--client-only-0.0.1.tar.xz,0.29,0.03,0.004101263
run_314_repetition_15,DONE,brotli,brotli/xml2js--xml2js-0.6.2.tar.br,1.31,0.15,0.020092805
run_78_repetition_29,DONE,xz,xz/aws-sdk--aws-sdk-2.1693.0.tar.xz,46.51,5.49,0.727033427
run_53_repetition_3,DONE,npm,npm/libphonenumber-js--libphonenumber-js-1.13.3.tgz,5.28,0.63,0.081663367
run_93_repetition_18,DONE,xz,xz/html-escaper--html-escaper-3.0.3.tar.xz,0.29,0.03,0.004276016
run_30_repetition_5,DONE,npm,npm/workbox-routing--workbox-routing-7.4.1.tgz,0.49,0.06,0.006969357
run_303_repetition_6,DONE,brotli,brotli/strict-uri-encode--strict-uri-encode-2.0.0.tar.br,0.26,0.03,0.003928359
run_109_repetition_0,DONE,xz,xz/remove-trailing-separator--remove-trailing-separator-1.1.0.tar.xz,0.26,0.03,0.003519483
run_250_repetition_12,DONE,zstd,zstd/workbox-streams--workbox-streams-7.4.1.tar.zst,0.26,0.03,0.004053448
run_98_repetition_20,DONE,xz,xz/linkify-it--linkify-it-5.0.1.tar.xz,0.32,0.04,0.005069324
run_159_repetition_19,DONE,zopfli,zopfli/jiti--jiti-2.7.0.tgz,1.18,0.14,0.018397176
run_280_repetition_3,DONE,brotli,brotli/has-to-string-tag-x--has-to-string-tag-x-2.1.2.tar.br,0.29,0.04,0.004563606
run_182_repetition_15,DONE,zopfli,zopfli/typescript--typescript-6.0.3.tgz,11.27,1.35,0.17818865
run_26_repetition_28,DONE,npm,npm/workbox-streams--workbox-streams-7.4.1.tgz,0.38,0.05,0.005996237
run_67_repetition_11,DONE,xz,xz/@ethersproject__abstract-signer--abstract-signer-5.8.0.tar.xz,0.36,0.04,0.005227855
run_231_repetition_18,DONE,zstd,zstd/prop-types--prop-types-15.8.1.tar.zst,0.23,0.03,0.003675657
run_231_repetition_16,DONE,zstd,zstd/prop-types--prop-types-15.8.1.tar.zst,0.23,0.03,0.003587229
run_32_repetition_17,DONE,npm,npm/@vue__reactivity--reactivity-3.5.34.tgz,0.49,0.06,0.007076316
run_136_repetition_14,DONE,zopfli,zopfli/@sindresorhus__is--is-8.1.0.tgz,0.29,0.03,0.004694488
run_80_repetition_9,DONE,xz,xz/babel-plugin-check-es2015-constants--babel-plugin-check-es2015-constants-6.22.0.tar.xz,0.26,0.03,0.003881213
run_158_repetition_1,DONE,zopfli,zopfli/immer--immer-11.1.8.tgz,0.77,0.09,0.011941506
run_179_repetition_28,DONE,zopfli,zopfli/tailwindcss--tailwindcss-4.3.0.tgz,0.67,0.08,0.010334595
run_104_repetition_17,DONE,xz,xz/prismjs--prismjs-1.30.0.tar.xz,2.77,0.33,0.043071193
run_248_repetition_28,DONE,zstd,zstd/whatwg-mimetype--whatwg-mimetype-5.0.0.tar.zst,0.22,0.03,0.003461662
run_306_repetition_10,DONE,brotli,brotli/tar--tar-7.5.15.tar.br,0.8,0.09,0.012184381
run_199_repetition_25,DONE,zstd,zstd/@sindresorhus__is--is-8.1.0.tar.zst,0.26,0.03,0.003803514
run_213_repetition_16,DONE,zstd,zstd/eslint-plugin-import--eslint-plugin-import-2.32.0.tar.zst,0.61,0.07,0.008880026
run_81_repetition_21,DONE,xz,xz/babel-plugin-transform-exponentiation-operator--babel-plugin-transform-exponentiation-operator-6.24.1.tar.xz,0.29,0.03,0.003994598
run_22_repetition_7,DONE,npm,npm/@ethersproject__abstract-signer--abstract-signer-5.8.0.tgz,0.33,0.04,0.005220411
run_22_repetition_18,DONE,npm,npm/@ethersproject__abstract-signer--abstract-signer-5.8.0.tgz,0.39,0.04,0.00533707
run_87_repetition_25,DONE,xz,xz/eslint-plugin-import--eslint-plugin-import-2.32.0.tar.xz,2.04,0.24,0.031783498
run_143_repetition_20,DONE,zopfli,zopfli/babel-plugin-check-es2015-constants--babel-plugin-check-es2015-constants-6.22.0.tgz,0.26,0.03,0.003483813
run_179_repetition_21,DONE,zopfli,zopfli/tailwindcss--tailwindcss-4.3.0.tgz,0.67,0.08,0.010253177
run_209_repetition_0,DONE,zstd,zstd/date-fns--date-fns-4.3.0.tar.zst,3.88,0.46,0.057471604
run_114_repetition_5,DONE,xz,xz/strict-uri-encode--strict-uri-encode-2.0.0.tar.xz,0.3,0.03,0.004328909
run_252_repetition_10,DONE,brotli,brotli/@aws-cdk__cloud-assembly-schema--cloud-assembly-schema-53.27.0.tar.br,0.49,0.06,0.007638804
run_294_repetition_24,DONE,brotli,brotli/prop-types--prop-types-15.8.1.tar.br,0.32,0.04,0.004497886
run_182_repetition_18,DONE,zopfli,zopfli/typescript--typescript-6.0.3.tgz,11.27,1.36,0.178786009
run_108_repetition_9,DONE,xz,xz/react-error-overlay--react-error-overlay-6.1.0.tar.xz,0.93,0.11,0.014753268
run_309_repetition_9,DONE,brotli,brotli/watchpack-chokidar2--watchpack-chokidar2-2.0.1.tar.br,0.26,0.03,0.003875454
run_146_repetition_12,DONE,zopfli,zopfli/date-fns--date-fns-4.3.0.tgz,12.19,1.47,0.193914665
run_92_repetition_9,DONE,xz,xz/highlight.js--highlight.js-11.11.1.tar.xz,3.87,0.46,0.060989802
run_4_repetition_12,DONE,npm,npm/@types__glob--glob-9.0.0.tgz,0.35,0.04,0.00530437
run_246_repetition_23,DONE,zstd,zstd/watchpack-chokidar2--watchpack-chokidar2-2.0.1.tar.zst,0.2,0.02,0.003326628
run_219_repetition_23,DONE,zstd,zstd/html-escaper--html-escaper-3.0.3.tar.zst,0.26,0.03,0.003393447
run_36_repetition_10,DONE,npm,npm/lodash-es--lodash-es-4.18.1.tgz,1.54,0.18,0.024069672
run_136_repetition_12,DONE,zopfli,zopfli/@sindresorhus__is--is-8.1.0.tgz,0.35,0.04,0.005111174
run_309_repetition_24,DONE,brotli,brotli/watchpack-chokidar2--watchpack-chokidar2-2.0.1.tar.br,0.26,0.03,0.003890988
run_180_repetition_28,DONE,zopfli,zopfli/tar--tar-7.5.15.tgz,1.52,0.18,0.023910447
run_259_repetition_19,DONE,brotli,brotli/@opentelemetry__semantic-conventions--semantic-conventions-1.41.1.tar.br,1.67,0.2,0.025994249
run_100_repetition_11,DONE,xz,xz/next--next-16.2.6.tar.xz,73.63,8.85,1.151991282
run_63_repetition_7,DONE,xz,xz/@aws-cdk__cloud-assembly-schema--cloud-assembly-schema-53.27.0.tar.xz,0.98,0.12,0.015198604
run_137_repetition_21,DONE,zopfli,zopfli/@types__glob--glob-9.0.0.tgz,0.23,0.03,0.003369715
run_63_repetition_14,DONE,xz,xz/@aws-cdk__cloud-assembly-schema--cloud-assembly-schema-53.27.0.tar.xz,0.99,0.12,0.015134699
run_191_repetition_3,DONE,zstd,zstd/@esbuild__linux-ia32--linux-ia32-0.28.0.tar.zst,3.05,0.36,0.046600431
run_148_repetition_0,DONE,zopfli,zopfli/encoding-sniffer--encoding-sniffer-1.0.2.tgz,0.32,0.04,0.004889781
run_31_repetition_29,DONE,npm,npm/dom-accessibility-api--dom-accessibility-api-0.7.1.tgz,0.48,0.06,0.007410462
run_295_repetition_16,DONE,brotli,brotli/protobufjs--protobufjs-8.4.2.tar.br,0.87,0.11,0.012985603
run_217_repetition_21,DONE,zstd,zstd/has-to-string-tag-x--has-to-string-tag-x-2.1.2.tar.zst,0.26,0.03,0.004206379
run_265_repetition_27,DONE,brotli,brotli/@vue__reactivity--reactivity-3.5.34.tar.br,0.35,0.04,0.005418058
run_84_repetition_29,DONE,xz,xz/dom-accessibility-api--dom-accessibility-api-0.7.1.tar.xz,0.49,0.06,0.007537224
run_218_repetition_23,DONE,zstd,zstd/highlight.js--highlight.js-11.11.1.tar.zst,1.23,0.15,0.018920498
run_222_repetition_8,DONE,zstd,zstd/jiti--jiti-2.7.0.tar.zst,0.64,0.08,0.009530799
run_43_repetition_20,DONE,npm,npm/jiti--jiti-2.7.0.tgz,1.22,0.14,0.018498963
run_286_repetition_12,DONE,brotli,brotli/libphonenumber-js--libphonenumber-js-1.13.3.tar.br,1.99,0.24,0.03076893
run_241_repetition_14,DONE,zstd,zstd/style-loader--style-loader-4.0.0.tar.zst,0.25,0.03,0.003590075
run_287_repetition_11,DONE,brotli,brotli/linkify-it--linkify-it-5.0.1.tar.br,0.33,0.04,0.004643121
run_231_repetition_24,DONE,zstd,zstd/prop-types--prop-types-15.8.1.tar.zst,0.22,0.03,0.003637094
run_294_repetition_3,DONE,brotli,brotli/prop-types--prop-types-15.8.1.tar.br,0.32,0.04,0.0047072
run_6_repetition_28,DONE,npm,npm/babel-plugin-check-es2015-constants--babel-plugin-check-es2015-constants-6.22.0.tgz,0.32,0.04,0.00487715
run_228_repetition_23,DONE,zstd,zstd/path-dirname--path-dirname-1.0.2.tar.zst,0.22,0.03,0.003320247
run_127_repetition_0,DONE,zopfli,zopfli/@babel__plugin-transform-regexp-modifiers--plugin-transform-regexp-modifiers-7.28.6.tgz,0.29,0.03,0.00384374
run_127_repetition_11,DONE,zopfli,zopfli/@babel__plugin-transform-regexp-modifiers--plugin-transform-regexp-modifiers-7.28.6.tgz,0.29,0.04,0.003966498
run_166_repetition_11,DONE,zopfli,zopfli/prettier--prettier-3.8.3.tgz,4.87,0.58,0.077383922
run_177_repetition_11,DONE,zopfli,zopfli/strict-uri-encode--strict-uri-encode-2.0.0.tgz,0.22,0.03,0.003505707
run_211_repetition_7,DONE,zstd,zstd/encoding-sniffer--encoding-sniffer-1.0.2.tar.zst,0.32,0.03,0.0040712
run_232_repetition_2,DONE,zstd,zstd/protobufjs--protobufjs-8.4.2.tar.zst,0.71,0.08,0.011318523
run_84_repetition_6,DONE,xz,xz/dom-accessibility-api--dom-accessibility-api-0.7.1.tar.xz,0.51,0.06,0.007767628
run_309_repetition_10,DONE,brotli,brotli/watchpack-chokidar2--watchpack-chokidar2-2.0.1.tar.br,0.25,0.03,0.003700551
run_308_repetition_8,DONE,brotli,brotli/typescript--typescript-6.0.3.tar.br,4.27,0.52,0.066143318
run_130_repetition_0,DONE,zopfli,zopfli/@ethersproject__abstract-signer--abstract-signer-5.8.0.tgz,0.29,0.03,0.004477464
run_226_repetition_20,DONE,zstd,zstd/next--next-16.2.6.tar.zst,21.24,2.56,0.313751132
run_149_repetition_17,DONE,zopfli,zopfli/eslint-config-react-app--eslint-config-react-app-7.0.1.tgz,0.23,0.03,0.003822027
run_290_repetition_13,DONE,brotli,brotli/node-notifier--node-notifier-10.0.1.tar.br,2.52,0.3,0.039802096
run_288_repetition_6,DONE,brotli,brotli/lodash-es--lodash-es-4.18.1.tar.br,0.57,0.07,0.008780776
run_98_repetition_27,DONE,xz,xz/linkify-it--linkify-it-5.0.1.tar.xz,0.32,0.04,0.005313516
run_257_repetition_21,DONE,brotli,brotli/@modelcontextprotocol__sdk--sdk-1.29.0.tar.br,1.12,0.13,0.017239036
run_137_repetition_23,DONE,zopfli,zopfli/@types__glob--glob-9.0.0.tgz,0.26,0.03,0.003806531
run_121_repetition_25,DONE,xz,xz/webpack--webpack-5.107.1.tar.xz,5.57,0.66,0.087511729
run_76_repetition_18,DONE,xz,xz/@vue__reactivity--reactivity-3.5.34.tar.xz,0.48,0.06,0.007507032
run_192_repetition_2,DONE,zstd,zstd/@eslint__eslintrc--eslintrc-3.3.5.tar.zst,0.38,0.05,0.005626544
run_62_repetition_27,DONE,npm,npm/@next__swc-linux-arm64-musl--swc-linux-arm64-musl-16.2.6.tgz,70.25,8.4,1.098318566
run_120_repetition_5,DONE,xz,xz/watchpack-chokidar2--watchpack-chokidar2-2.0.1.tar.xz,0.23,0.03,0.003629503
run_49_repetition_12,DONE,npm,npm/xml2js--xml2js-0.6.2.tgz,2.07,0.25,0.03236877
run_119_repetition_23,DONE,xz,xz/typescript--typescript-6.0.3.tar.xz,13.62,1.61,0.213372026
run_313_repetition_15,DONE,brotli,brotli/workbox-streams--workbox-streams-7.4.1.tar.br,0.32,0.03,0.004656857
run_285_repetition_7,DONE,brotli,brotli/jiti--jiti-2.7.0.tar.br,0.8,0.1,0.012284467
run_42_repetition_21,DONE,npm,npm/eslint-plugin-import--eslint-plugin-import-2.32.0.tgz,1.1,0.13,0.016931251
run_167_repetition_6,DONE,zopfli,zopfli/prismjs--prismjs-1.30.0.tgz,1.78,0.21,0.027545382
run_203_repetition_20,DONE,zstd,zstd/assert-plus--assert-plus-1.0.0.tar.zst,0.26,0.03,0.003705233
run_26_repetition_25,DONE,npm,npm/workbox-streams--workbox-streams-7.4.1.tgz,0.39,0.04,0.005723983
run_57_repetition_17,DONE,npm,npm/date-fns--date-fns-4.3.0.tgz,16.31,1.93,0.25352418
run_252_repetition_28,DONE,brotli,brotli/@aws-cdk__cloud-assembly-schema--cloud-assembly-schema-53.27.0.tar.br,0.51,0.06,0.007795865
run_226_repetition_14,DONE,zstd,zstd/next--next-16.2.6.tar.zst,21.25,2.57,0.313580635
run_206_repetition_10,DONE,zstd,zstd/babel-plugin-check-es2015-constants--babel-plugin-check-es2015-constants-6.22.0.tar.zst,0.25,0.03,0.004179845
run_184_repetition_25,DONE,zopfli,zopfli/webpack--webpack-5.107.1.tgz,3.71,0.45,0.058148496
run_43_repetition_16,DONE,npm,npm/jiti--jiti-2.7.0.tgz,1.21,0.15,0.018753568
run_226_repetition_24,DONE,zstd,zstd/next--next-16.2.6.tar.zst,20.88,2.54,0.308400222
run_271_repetition_9,DONE,brotli,brotli/client-only--client-only-0.0.1.tar.br,0.25,0.03,0.004045451
run_69_repetition_14,DONE,xz,xz/@next__swc-linux-arm64-musl--swc-linux-arm64-musl-16.2.6.tar.xz,154.32,18.55,2.425366677
run_89_repetition_14,DONE,xz,xz/fetch-blob--fetch-blob-4.0.0.tar.xz,0.29,0.03,0.004568295
run_308_repetition_17,DONE,brotli,brotli/typescript--typescript-6.0.3.tar.br,4.28,0.52,0.066732567
run_33_repetition_6,DONE,npm,npm/got--got-15.0.5.tgz,0.51,0.06,0.008012851
run_193_repetition_17,DONE,zstd,zstd/@ethersproject__abstract-signer--abstract-signer-5.8.0.tar.zst,0.26,0.03,0.003868176
run_72_repetition_12,DONE,xz,xz/@radix-ui__primitive--primitive-1.1.3.tar.xz,0.29,0.03,0.004278662
run_12_repetition_26,DONE,npm,npm/@radix-ui__primitive--primitive-1.1.3.tgz,0.33,0.04,0.004778569
run_261_repetition_21,DONE,brotli,brotli/@radix-ui__primitive--primitive-1.1.3.tar.br,0.26,0.03,0.004060984
run_276_repetition_11,DONE,brotli,brotli/eslint-plugin-import--eslint-plugin-import-2.32.0.tar.br,0.77,0.09,0.01175802
run_55_repetition_23,DONE,npm,npm/prettier--prettier-3.8.3.tgz,4.79,0.58,0.074918089
run_263_repetition_10,DONE,brotli,brotli/@types__glob--glob-9.0.0.tar.br,0.26,0.03,0.004083227
run_233_repetition_29,DONE,zstd,zstd/react-dom--react-dom-19.2.6.tar.zst,1.16,0.14,0.018084911
run_167_repetition_1,DONE,zopfli,zopfli/prismjs--prismjs-1.30.0.tgz,1.78,0.22,0.027234984
run_219_repetition_21,DONE,zstd,zstd/html-escaper--html-escaper-3.0.3.tar.zst,0.26,0.03,0.003420982
run_15_repetition_15,DONE,npm,npm/html-escaper--html-escaper-3.0.3.tgz,0.39,0.05,0.005100648
run_119_repetition_27,DONE,xz,xz/typescript--typescript-6.0.3.tar.xz,13.63,1.66,0.213708902
run_186_repetition_1,DONE,zopfli,zopfli/workbox-routing--workbox-routing-7.4.1.tgz,0.38,0.05,0.005978209
run_89_repetition_21,DONE,xz,xz/fetch-blob--fetch-blob-4.0.0.tar.xz,0.26,0.03,0.004695768
run_166_repetition_22,DONE,zopfli,zopfli/prettier--prettier-3.8.3.tgz,4.87,0.59,0.077423381
run_80_repetition_3,DONE,xz,xz/babel-plugin-check-es2015-constants--babel-plugin-check-es2015-constants-6.22.0.tar.xz,0.26,0.03,0.003970153
run_244_repetition_7,DONE,zstd,zstd/ts-node--ts-node-10.9.2.tar.zst,0.42,0.05,0.006339758
run_122_repetition_20,DONE,xz,xz/whatwg-mimetype--whatwg-mimetype-5.0.0.tar.xz,0.32,0.04,0.004998101
run_88_repetition_10,DONE,xz,xz/ethers--ethers-6.16.0.tar.xz,6.71,0.8,0.105328267
run_50_repetition_10,DONE,npm,npm/react-dom--react-dom-19.2.6.tgz,3.46,0.42,0.054344464
run_236_repetition_13,DONE,zstd,zstd/resize-observer-polyfill--resize-observer-polyfill-1.5.1.tar.zst,0.29,0.04,0.004011211
run_43_repetition_4,DONE,npm,npm/jiti--jiti-2.7.0.tgz,1.21,0.15,0.018513751
run_180_repetition_18,DONE,zopfli,zopfli/tar--tar-7.5.15.tgz,1.55,0.18,0.024134713
run_292_repetition_1,DONE,brotli,brotli/prettier--prettier-3.8.3.tar.br,2.18,0.26,0.033892469
run_5_repetition_15,DONE,npm,npm/babel-plugin-transform-exponentiation-operator--babel-plugin-transform-exponentiation-operator-6.24.1.tgz,0.28,0.03,0.004484432
run_302_repetition_6,DONE,brotli,brotli/split2--split2-4.2.0.tar.br,0.29,0.03,0.004001458
run_32_repetition_21,DONE,npm,npm/@vue__reactivity--reactivity-3.5.34.tgz,0.46,0.05,0.007105741
run_175_repetition_15,DONE,zopfli,zopfli/source-list-map--source-list-map-2.0.1.tgz,0.26,0.03,0.003957853
run_236_repetition_23,DONE,zstd,zstd/resize-observer-polyfill--resize-observer-polyfill-1.5.1.tar.zst,0.32,0.04,0.004159245
run_181_repetition_8,DONE,zopfli,zopfli/ts-node--ts-node-10.9.2.tgz,0.67,0.08,0.010863406
run_273_repetition_6,DONE,brotli,brotli/dom-accessibility-api--dom-accessibility-api-0.7.1.tar.br,0.35,0.04,0.005628879
run_58_repetition_15,DONE,npm,npm/@esbuild__linux-ia32--linux-ia32-0.28.0.tgz,7.33,0.87,0.115076288
run_4_repetition_28,DONE,npm,npm/@types__glob--glob-9.0.0.tgz,0.36,0.04,0.005695996
run_280_repetition_5,DONE,brotli,brotli/has-to-string-tag-x--has-to-string-tag-x-2.1.2.tar.br,0.35,0.04,0.00461481
run_217_repetition_13,DONE,zstd,zstd/has-to-string-tag-x--has-to-string-tag-x-2.1.2.tar.zst,0.26,0.03,0.003803351
run_155_repetition_15,DONE,zopfli,zopfli/highlight.js--highlight.js-11.11.1.tgz,3.57,0.43,0.056624248
run_249_repetition_18,DONE,zstd,zstd/workbox-routing--workbox-routing-7.4.1.tar.zst,0.29,0.03,0.004401143
run_277_repetition_27,DONE,brotli,brotli/ethers--ethers-6.16.0.tar.br,2.75,0.33,0.043179604
run_246_repetition_24,DONE,zstd,zstd/watchpack-chokidar2--watchpack-chokidar2-2.0.1.tar.zst,0.23,0.03,0.003492868
run_224_repetition_15,DONE,zstd,zstd/linkify-it--linkify-it-5.0.1.tar.zst,0.23,0.03,0.003493048
run_145_repetition_2,DONE,zopfli,zopfli/client-only--client-only-0.0.1.tgz,0.25,0.03,0.00350138
run_115_repetition_0,DONE,xz,xz/style-loader--style-loader-4.0.0.tar.xz,0.32,0.04,0.00504073
run_282_repetition_22,DONE,brotli,brotli/html-escaper--html-escaper-3.0.3.tar.br,0.26,0.03,0.003896504
run_278_repetition_19,DONE,brotli,brotli/fetch-blob--fetch-blob-4.0.0.tar.br,0.28,0.04,0.004260236
run_20_repetition_9,DONE,npm,npm/linkify-it--linkify-it-5.0.1.tgz,0.33,0.04,0.00499583
run_297_repetition_14,DONE,brotli,brotli/react-error-overlay--react-error-overlay-6.1.0.tar.br,0.45,0.05,0.006824215
run_249_repetition_6,DONE,zstd,zstd/workbox-routing--workbox-routing-7.4.1.tar.zst,0.32,0.04,0.004511797
run_117_repetition_19,DONE,xz,xz/tar--tar-7.5.15.tar.xz,1.69,0.2,0.026098486
run_155_repetition_3,DONE,zopfli,zopfli/highlight.js--highlight.js-11.11.1.tgz,3.58,0.42,0.056224138
run_114_repetition_2,DONE,xz,xz/strict-uri-encode--strict-uri-encode-2.0.0.tar.xz,0.29,0.03,0.004086902
run_46_repetition_4,DONE,npm,npm/@modelcontextprotocol__sdk--sdk-1.29.0.tgz,2.27,0.27,0.034559917
run_127_repetition_5,DONE,zopfli,zopfli/@babel__plugin-transform-regexp-modifiers--plugin-transform-regexp-modifiers-7.28.6.tgz,0.25,0.03,0.003996868
run_263_repetition_29,DONE,brotli,brotli/@types__glob--glob-9.0.0.tar.br,0.29,0.03,0.004018702
run_229_repetition_1,DONE,zstd,zstd/prettier--prettier-3.8.3.tar.zst,1.66,0.19,0.024742341
run_116_repetition_18,DONE,xz,xz/tailwindcss--tailwindcss-4.3.0.tar.xz,0.9,0.11,0.013847381
run_131_repetition_0,DONE,zopfli,zopfli/@modelcontextprotocol__sdk--sdk-1.29.0.tgz,2.56,0.31,0.039776331
run_283_repetition_14,DONE,brotli,brotli/iconv-lite--iconv-lite-0.7.2.tar.br,0.51,0.06,0.007258165
run_37_repetition_14,DONE,npm,npm/@aws-cdk__cloud-assembly-schema--cloud-assembly-schema-53.27.0.tgz,0.75,0.09,0.011175028
run_314_repetition_10,DONE,brotli,brotli/xml2js--xml2js-0.6.2.tar.br,1.28,0.15,0.020238851
run_139_repetition_28,DONE,zopfli,zopfli/@vue__reactivity--reactivity-3.5.34.tgz,0.42,0.05,0.006491766
run_205_repetition_1,DONE,zstd,zstd/babel-helper-get-function-arity--babel-helper-get-function-arity-6.24.1.tar.zst,0.23,0.03,0.003514405
run_212_repetition_19,DONE,zstd,zstd/eslint-config-react-app--eslint-config-react-app-7.0.1.tar.zst,0.29,0.03,0.003657966
run_307_repetition_3,DONE,brotli,brotli/ts-node--ts-node-10.9.2.tar.br,0.52,0.06,0.008043259
run_123_repetition_8,DONE,xz,xz/workbox-routing--workbox-routing-7.4.1.tar.xz,0.57,0.07,0.008282769
run_212_repetition_17,DONE,zstd,zstd/eslint-config-react-app--eslint-config-react-app-7.0.1.tar.zst,0.2,0.02,0.003396382
run_293_repetition_22,DONE,brotli,brotli/prismjs--prismjs-1.30.0.tar.br,1.02,0.12,0.016358778
run_80_repetition_29,DONE,xz,xz/babel-plugin-check-es2015-constants--babel-plugin-check-es2015-constants-6.22.0.tar.xz,0.25,0.03,0.003903075
run_124_repetition_5,DONE,xz,xz/workbox-streams--workbox-streams-7.4.1.tar.xz,0.45,0.05,0.006524794
run_82_repetition_8,DONE,xz,xz/client-only--client-only-0.0.1.tar.xz,0.26,0.03,0.003691074
run_44_repetition_13,DONE,npm,npm/tar--tar-7.5.15.tgz,1.55,0.18,0.023252632
run_273_repetition_19,DONE,brotli,brotli/dom-accessibility-api--dom-accessibility-api-0.7.1.tar.br,0.38,0.05,0.0055584
run_313_repetition_24,DONE,brotli,brotli/workbox-streams--workbox-streams-7.4.1.tar.br,0.36,0.04,0.005238873
run_66_repetition_19,DONE,xz,xz/@eslint__eslintrc--eslintrc-3.3.5.tar.xz,0.65,0.08,0.010087308
run_15_repetition_20,DONE,npm,npm/html-escaper--html-escaper-3.0.3.tgz,0.35,0.04,0.005020149
run_168_repetition_14,DONE,zopfli,zopfli/prop-types--prop-types-15.8.1.tgz,0.29,0.03,0.004663533
run_276_repetition_7,DONE,brotli,brotli/eslint-plugin-import--eslint-plugin-import-2.32.0.tar.br,0.77,0.09,0.012055855
run_42_repetition_19,DONE,npm,npm/eslint-plugin-import--eslint-plugin-import-2.32.0.tgz,1.12,0.13,0.017170145
run_233_repetition_19,DONE,zstd,zstd/react-dom--react-dom-19.2.6.tar.zst,1.16,0.14,0.017995502
run_233_repetition_26,DONE,zstd,zstd/react-dom--react-dom-19.2.6.tar.zst,1.16,0.14,0.017689618
run_174_repetition_2,DONE,zopfli,zopfli/shallowequal--shallowequal-1.1.0.tgz,0.23,0.03,0.003672679
run_255_repetition_23,DONE,brotli,brotli/@eslint__eslintrc--eslintrc-3.3.5.tar.br,0.39,0.04,0.006363876
run_241_repetition_6,DONE,zstd,zstd/style-loader--style-loader-4.0.0.tar.zst,0.26,0.03,0.0037369
run_118_repetition_5,DONE,xz,xz/ts-node--ts-node-10.9.2.tar.xz,1.08,0.13,0.016899817
run_283_repetition_1,DONE,brotli,brotli/iconv-lite--iconv-lite-0.7.2.tar.br,0.49,0.06,0.007224215
run_222_repetition_10,DONE,zstd,zstd/jiti--jiti-2.7.0.tar.zst,0.64,0.08,0.009742159
run_29_repetition_18,DONE,npm,npm/@parcel__watcher--watcher-2.5.6.tgz,0.39,0.05,0.006064498
run_35_repetition_19,DONE,npm,npm/@eslint__eslintrc--eslintrc-3.3.5.tgz,0.64,0.08,0.009520185
run_205_repetition_6,DONE,zstd,zstd/babel-helper-get-function-arity--babel-helper-get-function-arity-6.24.1.tar.zst,0.16,0.02,0.003324728
run_214_repetition_7,DONE,zstd,zstd/ethers--ethers-6.16.0.tar.zst,2.28,0.27,0.033658615
run_89_repetition_13,DONE,xz,xz/fetch-blob--fetch-blob-4.0.0.tar.xz,0.29,0.04,0.004386179
run_108_repetition_28,DONE,xz,xz/react-error-overlay--react-error-overlay-6.1.0.tar.xz,0.89,0.11,0.014285513
run_232_repetition_24,DONE,zstd,zstd/protobufjs--protobufjs-8.4.2.tar.zst,0.71,0.09,0.011225805
run_147_repetition_10,DONE,zopfli,zopfli/dom-accessibility-api--dom-accessibility-api-0.7.1.tgz,0.41,0.05,0.006511015
run_81_repetition_19,DONE,xz,xz/babel-plugin-transform-exponentiation-operator--babel-plugin-transform-exponentiation-operator-6.24.1.tar.xz,0.22,0.03,0.004019339
run_135_repetition_24,DONE,zopfli,zopfli/@radix-ui__primitive--primitive-1.1.3.tgz,0.26,0.03,0.003876895
run_70_repetition_29,DONE,xz,xz/@opentelemetry__semantic-conventions--semantic-conventions-1.41.1.tar.xz,3.09,0.37,0.048367094
run_173_repetition_24,DONE,zopfli,zopfli/resize-observer-polyfill--resize-observer-polyfill-1.5.1.tgz,0.32,0.04,0.005054434
run_12_repetition_2,DONE,npm,npm/@radix-ui__primitive--primitive-1.1.3.tgz,0.29,0.03,0.004666495
run_294_repetition_16,DONE,brotli,brotli/prop-types--prop-types-15.8.1.tar.br,0.29,0.03,0.004486621
run_171_repetition_7,DONE,zopfli,zopfli/react-error-overlay--react-error-overlay-6.1.0.tgz,0.45,0.05,0.007311061
run_20_repetition_1,DONE,npm,npm/linkify-it--linkify-it-5.0.1.tgz,0.32,0.04,0.00501379
run_26_repetition_10,DONE,npm,npm/workbox-streams--workbox-streams-7.4.1.tgz,0.38,0.05,0.005752313
run_104_repetition_23,DONE,xz,xz/prismjs--prismjs-1.30.0.tar.xz,2.75,0.33,0.043189899
run_256_repetition_22,DONE,brotli,brotli/@ethersproject__abstract-signer--abstract-signer-5.8.0.tar.br,0.29,0.03,0.004488644
run_18_repetition_15,DONE,npm,npm/fetch-blob--fetch-blob-4.0.0.tgz,0.35,0.04,0.005164335
run_247_repetition_7,DONE,zstd,zstd/webpack--webpack-5.107.1.tar.zst,1.55,0.18,0.022925819
run_143_repetition_10,DONE,zopfli,zopfli/babel-plugin-check-es2015-constants--babel-plugin-check-es2015-constants-6.22.0.tgz,0.26,0.03,0.003430554
run_60_repetition_18,DONE,npm,npm/aws-sdk--aws-sdk-2.1693.0.tgz,37.6,4.44,0.586244368
run_288_repetition_19,DONE,brotli,brotli/lodash-es--lodash-es-4.18.1.tar.br,0.56,0.06,0.008684696
run_80_repetition_10,DONE,xz,xz/babel-plugin-check-es2015-constants--babel-plugin-check-es2015-constants-6.22.0.tar.xz,0.31,0.04,0.004023904
run_230_repetition_24,DONE,zstd,zstd/prismjs--prismjs-1.30.0.tar.zst,0.81,0.09,0.011897716
run_0_repetition_21,DONE,npm,npm/watchpack-chokidar2--watchpack-chokidar2-2.0.1.tgz,0.3,0.04,0.004444871
run_23_repetition_11,DONE,npm,npm/prop-types--prop-types-15.8.1.tgz,0.32,0.04,0.005212538
run_198_repetition_19,DONE,zstd,zstd/@radix-ui__primitive--primitive-1.1.3.tar.zst,0.26,0.03,0.003473112
run_211_repetition_2,DONE,zstd,zstd/encoding-sniffer--encoding-sniffer-1.0.2.tar.zst,0.26,0.03,0.003973393
run_201_repetition_8,DONE,zstd,zstd/@types__uuid--uuid-11.0.0.tar.zst,0.26,0.03,0.003579551
run_162_repetition_4,DONE,zopfli,zopfli/lodash-es--lodash-es-4.18.1.tgz,0.89,0.11,0.013785257
run_281_repetition_17,DONE,brotli,brotli/highlight.js--highlight.js-11.11.1.tar.br,1.6,0.19,0.025080472
run_95_repetition_13,DONE,xz,xz/immer--immer-11.1.8.tar.xz,0.77,0.09,0.01169228
run_144_repetition_25,DONE,zopfli,zopfli/babel-plugin-transform-exponentiation-operator--babel-plugin-transform-exponentiation-operator-6.24.1.tgz,0.26,0.03,0.004033596
run_22_repetition_29,DONE,npm,npm/@ethersproject__abstract-signer--abstract-signer-5.8.0.tgz,0.36,0.04,0.005501162
run_306_repetition_5,DONE,brotli,brotli/tar--tar-7.5.15.tar.br,0.77,0.09,0.012277244
run_169_repetition_23,DONE,zopfli,zopfli/protobufjs--protobufjs-8.4.2.tgz,1.92,0.23,0.03013344
run_149_repetition_24,DONE,zopfli,zopfli/eslint-config-react-app--eslint-config-react-app-7.0.1.tgz,0.29,0.03,0.003941734
run_178_repetition_13,DONE,zopfli,zopfli/style-loader--style-loader-4.0.0.tgz,0.32,0.03,0.004308191
run_258_repetition_6,DONE,brotli,brotli/@next__swc-linux-arm64-musl--swc-linux-arm64-musl-16.2.6.tar.br,40.53,4.83,0.634919641
run_243_repetition_16,DONE,zstd,zstd/tar--tar-7.5.15.tar.zst,0.65,0.07,0.009662415
run_261_repetition_2,DONE,brotli,brotli/@radix-ui__primitive--primitive-1.1.3.tar.br,0.29,0.03,0.004281592
run_33_repetition_3,DONE,npm,npm/got--got-15.0.5.tgz,0.51,0.06,0.007667618
run_288_repetition_27,DONE,brotli,brotli/lodash-es--lodash-es-4.18.1.tar.br,0.55,0.07,0.008768592
run_279_repetition_25,DONE,brotli,brotli/got--got-15.0.5.tar.br,0.41,0.05,0.00612042
run_177_repetition_6,DONE,zopfli,zopfli/strict-uri-encode--strict-uri-encode-2.0.0.tgz,0.26,0.03,0.003464715
run_174_repetition_27,DONE,zopfli,zopfli/shallowequal--shallowequal-1.1.0.tgz,0.26,0.03,0.003483151
run_289_repetition_16,DONE,brotli,brotli/next--next-16.2.6.tar.br,22.91,2.84,0.357826298
run_114_repetition_3,DONE,xz,xz/strict-uri-encode--strict-uri-encode-2.0.0.tar.xz,0.26,0.03,0.00390919
run_18_repetition_24,DONE,npm,npm/fetch-blob--fetch-blob-4.0.0.tgz,0.32,0.04,0.005206916
run_20_repetition_8,DONE,npm,npm/linkify-it--linkify-it-5.0.1.tgz,0.32,0.04,0.004838925
run_293_repetition_17,DONE,brotli,brotli/prismjs--prismjs-1.30.0.tar.br,1.06,0.12,0.0165921
run_267_repetition_8,DONE,brotli,brotli/aws-sdk--aws-sdk-2.1693.0.tar.br,13.08,1.61,0.204347946
run_217_repetition_9,DONE,zstd,zstd/has-to-string-tag-x--has-to-string-tag-x-2.1.2.tar.zst,0.26,0.03,0.00385241
run_28_repetition_22,DONE,npm,npm/resize-observer-polyfill--resize-observer-polyfill-1.5.1.tgz,0.39,0.04,0.006153083
run_26_repetition_18,DONE,npm,npm/workbox-streams--workbox-streams-7.4.1.tgz,0.43,0.05,0.006357321
run_101_repetition_21,DONE,xz,xz/node-notifier--node-notifier-10.0.1.tar.xz,8.37,0.99,0.131729989
run_253_repetition_15,DONE,brotli,brotli/@babel__plugin-transform-regexp-modifiers--plugin-transform-regexp-modifiers-7.28.6.tar.br,0.24,0.03,0.003560739
run_110_repetition_13,DONE,xz,xz/resize-observer-polyfill--resize-observer-polyfill-1.5.1.tar.xz,0.36,0.04,0.005626121
run_285_repetition_8,DONE,brotli,brotli/jiti--jiti-2.7.0.tar.br,0.77,0.09,0.012567515
run_207_repetition_15,DONE,zstd,zstd/babel-plugin-transform-exponentiation-operator--babel-plugin-transform-exponentiation-operator-6.24.1.tar.zst,0.25,0.03,0.003374173
run_1_repetition_20,DONE,npm,npm/client-only--client-only-0.0.1.tgz,0.29,0.03,0.004669328
run_118_repetition_28,DONE,xz,xz/ts-node--ts-node-10.9.2.tar.xz,1.09,0.13,0.017373853
run_36_repetition_18,DONE,npm,npm/lodash-es--lodash-es-4.18.1.tgz,1.55,0.18,0.023946395
run_55_repetition_21,DONE,npm,npm/prettier--prettier-3.8.3.tgz,4.77,0.56,0.074850946
run_51_repetition_23,DONE,npm,npm/webpack--webpack-5.107.1.tgz,3.54,0.41,0.054703009
run_1_repetition_21,DONE,npm,npm/client-only--client-only-0.0.1.tgz,0.35,0.04,0.005090172
run_130_repetition_18,DONE,zopfli,zopfli/@ethersproject__abstract-signer--abstract-signer-5.8.0.tgz,0.29,0.03,0.004631727
run_139_repetition_25,DONE,zopfli,zopfli/@vue__reactivity--reactivity-3.5.34.tgz,0.44,0.05,0.006820973
run_239_repetition_1,DONE,zstd,zstd/split2--split2-4.2.0.tar.zst,0.23,0.03,0.0036159
run_277_repetition_2,DONE,brotli,brotli/ethers--ethers-6.16.0.tar.br,2.78,0.34,0.043431684
run_258_repetition_10,DONE,brotli,brotli/@next__swc-linux-arm64-musl--swc-linux-arm64-musl-16.2.6.tar.br,40.76,4.9,0.63709176
run_202_repetition_10,DONE,zstd,zstd/@vue__reactivity--reactivity-3.5.34.tar.zst,0.32,0.04,0.004388234
run_75_repetition_17,DONE,xz,xz/@types__uuid--uuid-11.0.0.tar.xz,0.29,0.04,0.004108532
run_268_repetition_3,DONE,brotli,brotli/babel-helper-get-function-arity--babel-helper-get-function-arity-6.24.1.tar.br,0.25,0.03,0.003819393
run_28_repetition_1,DONE,npm,npm/resize-observer-polyfill--resize-observer-polyfill-1.5.1.tgz,0.39,0.05,0.005827204
run_250_repetition_9,DONE,zstd,zstd/workbox-streams--workbox-streams-7.4.1.tar.zst,0.28,0.03,0.004122029
run_68_repetition_6,DONE,xz,xz/@modelcontextprotocol__sdk--sdk-1.29.0.tar.xz,2.36,0.28,0.036561224
run_66_repetition_14,DONE,xz,xz/@eslint__eslintrc--eslintrc-3.3.5.tar.xz,0.64,0.08,0.010262326
run_68_repetition_25,DONE,xz,xz/@modelcontextprotocol__sdk--sdk-1.29.0.tar.xz,2.33,0.28,0.03635848
run_231_repetition_12,DONE,zstd,zstd/prop-types--prop-types-15.8.1.tar.zst,0.26,0.03,0.003777564
run_78_repetition_28,DONE,xz,xz/aws-sdk--aws-sdk-2.1693.0.tar.xz,46.47,5.54,0.727694037
run_34_repetition_5,DONE,npm,npm/react-error-overlay--react-error-overlay-6.1.0.tgz,0.54,0.07,0.008449766
run_92_repetition_28,DONE,xz,xz/highlight.js--highlight.js-11.11.1.tar.xz,3.89,0.47,0.060776655
run_153_repetition_25,DONE,zopfli,zopfli/got--got-15.0.5.tgz,0.45,0.05,0.006998588
run_84_repetition_24,DONE,xz,xz/dom-accessibility-api--dom-accessibility-api-0.7.1.tar.xz,0.48,0.06,0.007586934
run_17_repetition_11,DONE,npm,npm/source-list-map--source-list-map-2.0.1.tgz,0.32,0.04,0.005039474
run_158_repetition_4,DONE,zopfli,zopfli/immer--immer-11.1.8.tgz,0.79,0.09,0.012165135
run_15_repetition_18,DONE,npm,npm/html-escaper--html-escaper-3.0.3.tgz,0.32,0.04,0.00485141
run_61_repetition_8,DONE,npm,npm/next--next-16.2.6.tgz,79.26,9.35,1.239717578
run_53_repetition_20,DONE,npm,npm/libphonenumber-js--libphonenumber-js-1.13.3.tgz,5.25,0.62,0.081589295
run_15_repetition_26,DONE,npm,npm/html-escaper--html-escaper-3.0.3.tgz,0.36,0.04,0.004974574
run_5_repetition_14,DONE,npm,npm/babel-plugin-transform-exponentiation-operator--babel-plugin-transform-exponentiation-operator-6.24.1.tgz,0.35,0.04,0.004531962
run_312_repetition_20,DONE,brotli,brotli/workbox-routing--workbox-routing-7.4.1.tar.br,0.36,0.04,0.005343193
run_12_repetition_29,DONE,npm,npm/@radix-ui__primitive--primitive-1.1.3.tgz,0.32,0.04,0.005136175
run_229_repetition_13,DONE,zstd,zstd/prettier--prettier-3.8.3.tar.zst,1.68,0.2,0.024899492
run_135_repetition_6,DONE,zopfli,zopfli/@radix-ui__primitive--primitive-1.1.3.tgz,0.25,0.03,0.004293097
run_230_repetition_27,DONE,zstd,zstd/prismjs--prismjs-1.30.0.tar.zst,0.8,0.09,0.011995392
run_179_repetition_6,DONE,zopfli,zopfli/tailwindcss--tailwindcss-4.3.0.tgz,0.64,0.08,0.010405597
run_228_repetition_12,DONE,zstd,zstd/path-dirname--path-dirname-1.0.2.tar.zst,0.23,0.03,0.003451866
run_266_repetition_18,DONE,brotli,brotli/assert-plus--assert-plus-1.0.0.tar.br,0.29,0.04,0.004266419
run_213_repetition_20,DONE,zstd,zstd/eslint-plugin-import--eslint-plugin-import-2.32.0.tar.zst,0.58,0.07,0.00925145
run_28_repetition_26,DONE,npm,npm/resize-observer-polyfill--resize-observer-polyfill-1.5.1.tgz,0.39,0.05,0.005842267
run_223_repetition_17,DONE,zstd,zstd/libphonenumber-js--libphonenumber-js-1.13.3.tar.zst,1.64,0.19,0.024356596
run_25_repetition_7,DONE,npm,npm/encoding-sniffer--encoding-sniffer-1.0.2.tgz,0.42,0.05,0.005874305
run_213_repetition_13,DONE,zstd,zstd/eslint-plugin-import--eslint-plugin-import-2.32.0.tar.zst,0.58,0.07,0.008899072
run_214_repetition_11,DONE,zstd,zstd/ethers--ethers-6.16.0.tar.zst,2.23,0.26,0.032900329
run_302_repetition_18,DONE,brotli,brotli/split2--split2-4.2.0.tar.br,0.28,0.03,0.004102646
run_43_repetition_6,DONE,npm,npm/jiti--jiti-2.7.0.tgz,1.19,0.14,0.018658146
run_34_repetition_13,DONE,npm,npm/react-error-overlay--react-error-overlay-6.1.0.tgz,0.58,0.07,0.008303332
run_100_repetition_5,DONE,xz,xz/next--next-16.2.6.tar.xz,73.5,8.8,1.148198083
run_294_repetition_19,DONE,brotli,brotli/prop-types--prop-types-15.8.1.tar.br,0.29,0.03,0.00446565
run_8_repetition_27,DONE,npm,npm/@babel__plugin-transform-regexp-modifiers--plugin-transform-regexp-modifiers-7.28.6.tgz,0.26,0.03,0.004624222
run_111_repetition_29,DONE,xz,xz/shallowequal--shallowequal-1.1.0.tar.xz,0.29,0.03,0.004262829
run_97_repetition_20,DONE,xz,xz/libphonenumber-js--libphonenumber-js-1.13.3.tar.xz,4.31,0.51,0.06696844
run_250_repetition_26,DONE,zstd,zstd/workbox-streams--workbox-streams-7.4.1.tar.zst,0.29,0.03,0.004309528
run_138_repetition_11,DONE,zopfli,zopfli/@types__uuid--uuid-11.0.0.tgz,0.23,0.03,0.003479579
run_47_repetition_12,DONE,npm,npm/protobufjs--protobufjs-8.4.2.tgz,1.89,0.22,0.02933315
run_52_repetition_8,DONE,npm,npm/@opentelemetry__semantic-conventions--semantic-conventions-1.41.1.tgz,4.8,0.57,0.075000941
run_49_repetition_17,DONE,npm,npm/xml2js--xml2js-0.6.2.tgz,2.07,0.24,0.032180814
run_76_repetition_27,DONE,xz,xz/@vue__reactivity--reactivity-3.5.34.tar.xz,0.49,0.06,0.007508935
run_154_repetition_15,DONE,zopfli,zopfli/has-to-string-tag-x--has-to-string-tag-x-2.1.2.tgz,0.32,0.04,0.004703524
run_194_repetition_5,DONE,zstd,zstd/@modelcontextprotocol__sdk--sdk-1.29.0.tar.zst,1.01,0.12,0.01525015
run_71_repetition_13,DONE,xz,xz/@parcel__watcher--watcher-2.5.6.tar.xz,0.49,0.06,0.00749558
run_114_repetition_13,DONE,xz,xz/strict-uri-encode--strict-uri-encode-2.0.0.tar.xz,0.25,0.03,0.003988644
run_226_repetition_29,DONE,zstd,zstd/next--next-16.2.6.tar.zst,21.3,2.54,0.314467223
run_51_repetition_22,DONE,npm,npm/webpack--webpack-5.107.1.tgz,3.52,0.41,0.054502309
run_59_repetition_26,DONE,npm,npm/typescript--typescript-6.0.3.tgz,11.09,1.3,0.174483103
run_80_repetition_8,DONE,xz,xz/babel-plugin-check-es2015-constants--babel-plugin-check-es2015-constants-6.22.0.tar.xz,0.3,0.03,0.003903016
run_138_repetition_6,DONE,zopfli,zopfli/@types__uuid--uuid-11.0.0.tgz,0.22,0.03,0.003453418
run_118_repetition_9,DONE,xz,xz/ts-node--ts-node-10.9.2.tar.xz,1.09,0.13,0.016903493
run_284_repetition_12,DONE,brotli,brotli/immer--immer-11.1.8.tar.br,0.42,0.05,0.006900861
run_77_repetition_19,DONE,xz,xz/assert-plus--assert-plus-1.0.0.tar.xz,0.29,0.03,0.004244333
run_198_repetition_15,DONE,zstd,zstd/@radix-ui__primitive--primitive-1.1.3.tar.zst,0.26,0.03,0.004062951
run_266_repetition_12,DONE,brotli,brotli/assert-plus--assert-plus-1.0.0.tar.br,0.23,0.03,0.003706875
run_310_repetition_26,DONE,brotli,brotli/webpack--webpack-5.107.1.tar.br,1.91,0.22,0.029090875
run_206_repetition_8,DONE,zstd,zstd/babel-plugin-check-es2015-constants--babel-plugin-check-es2015-constants-6.22.0.tar.zst,0.23,0.03,0.00349183
run_165_repetition_25,DONE,zopfli,zopfli/path-dirname--path-dirname-1.0.2.tgz,0.23,0.03,0.003537123
run_197_repetition_0,DONE,zstd,zstd/@parcel__watcher--watcher-2.5.6.tar.zst,0.29,0.03,0.004157558
run_254_repetition_24,DONE,brotli,brotli/@esbuild__linux-ia32--linux-ia32-0.28.0.tar.br,5.67,0.67,0.088221749
run_90_repetition_0,DONE,xz,xz/got--got-15.0.5.tar.xz,0.66,0.08,0.010179337
run_246_repetition_26,DONE,zstd,zstd/watchpack-chokidar2--watchpack-chokidar2-2.0.1.tar.zst,0.23,0.03,0.003362892
run_1_repetition_2,DONE,npm,npm/client-only--client-only-0.0.1.tgz,0.28,0.03,0.004329305
run_293_repetition_18,DONE,brotli,brotli/prismjs--prismjs-1.30.0.tar.br,1.03,0.12,0.016259528
run_81_repetition_27,DONE,xz,xz/babel-plugin-transform-exponentiation-operator--babel-plugin-transform-exponentiation-operator-6.24.1.tar.xz,0.26,0.03,0.003766673
run_102_repetition_21,DONE,xz,xz/path-dirname--path-dirname-1.0.2.tar.xz,0.26,0.03,0.003978671
run_8_repetition_19,DONE,npm,npm/@babel__plugin-transform-regexp-modifiers--plugin-transform-regexp-modifiers-7.28.6.tgz,0.29,0.03,0.00470937
run_160_repetition_11,DONE,zopfli,zopfli/libphonenumber-js--libphonenumber-js-1.13.3.tgz,5.65,0.68,0.089135634
run_179_repetition_9,DONE,zopfli,zopfli/tailwindcss--tailwindcss-4.3.0.tgz,0.67,0.08,0.01027073
run_306_repetition_9,DONE,brotli,brotli/tar--tar-7.5.15.tar.br,0.81,0.1,0.011904849
run_102_repetition_22,DONE,xz,xz/path-dirname--path-dirname-1.0.2.tar.xz,0.29,0.03,0.004054567
run_26_repetition_14,DONE,npm,npm/workbox-streams--workbox-streams-7.4.1.tgz,0.42,0.05,0.005864898
run_124_repetition_25,DONE,xz,xz/workbox-streams--workbox-streams-7.4.1.tar.xz,0.42,0.05,0.006452757
run_286_repetition_3,DONE,brotli,brotli/libphonenumber-js--libphonenumber-js-1.13.3.tar.br,1.91,0.23,0.029451754
run_170_repetition_9,DONE,zopfli,zopfli/react-dom--react-dom-19.2.6.tgz,3.5,0.42,0.054957979
run_42_repetition_9,DONE,npm,npm/eslint-plugin-import--eslint-plugin-import-2.32.0.tgz,1.13,0.13,0.016937423
run_205_repetition_16,DONE,zstd,zstd/babel-helper-get-function-arity--babel-helper-get-function-arity-6.24.1.tar.zst,0.23,0.03,0.003433154
run_128_repetition_9,DONE,zopfli,zopfli/@esbuild__linux-ia32--linux-ia32-0.28.0.tgz,7.53,0.89,0.11888311
run_312_repetition_16,DONE,brotli,brotli/workbox-routing--workbox-routing-7.4.1.tar.br,0.32,0.04,0.00571978
run_57_repetition_27,DONE,npm,npm/date-fns--date-fns-4.3.0.tgz,16.21,1.92,0.252003561
run_56_repetition_2,DONE,npm,npm/ethers--ethers-6.16.0.tgz,7.01,0.82,0.108211512
run_264_repetition_25,DONE,brotli,brotli/@types__uuid--uuid-11.0.0.tar.br,0.27,0.03,0.003856883
run_206_repetition_14,DONE,zstd,zstd/babel-plugin-check-es2015-constants--babel-plugin-check-es2015-constants-6.22.0.tar.zst,0.26,0.03,0.003292523
run_266_repetition_26,DONE,brotli,brotli/assert-plus--assert-plus-1.0.0.tar.br,0.26,0.03,0.003924183
run_3_repetition_27,DONE,npm,npm/@types__uuid--uuid-11.0.0.tgz,0.34,0.04,0.005231324
run_58_repetition_3,DONE,npm,npm/@esbuild__linux-ia32--linux-ia32-0.28.0.tgz,7.29,0.86,0.114553591
run_154_repetition_16,DONE,zopfli,zopfli/has-to-string-tag-x--has-to-string-tag-x-2.1.2.tgz,0.32,0.04,0.004992372
run_65_repetition_23,DONE,xz,xz/@esbuild__linux-ia32--linux-ia32-0.28.0.tar.xz,21.48,2.55,0.337634946
run_278_repetition_25,DONE,brotli,brotli/fetch-blob--fetch-blob-4.0.0.tar.br,0.29,0.03,0.004334925
run_112_repetition_16,DONE,xz,xz/source-list-map--source-list-map-2.0.1.tar.xz,0.36,0.04,0.005356787
run_230_repetition_8,DONE,zstd,zstd/prismjs--prismjs-1.30.0.tar.zst,0.8,0.09,0.011762882
run_284_repetition_4,DONE,brotli,brotli/immer--immer-11.1.8.tar.br,0.45,0.05,0.006911998
run_176_repetition_9,DONE,zopfli,zopfli/split2--split2-4.2.0.tgz,0.26,0.03,0.003594479
run_192_repetition_9,DONE,zstd,zstd/@eslint__eslintrc--eslintrc-3.3.5.tar.zst,0.35,0.04,0.005255894
run_112_repetition_10,DONE,xz,xz/source-list-map--source-list-map-2.0.1.tar.xz,0.32,0.03,0.004609481
run_17_repetition_4,DONE,npm,npm/source-list-map--source-list-map-2.0.1.tgz,0.32,0.04,0.00494484
run_117_repetition_18,DONE,xz,xz/tar--tar-7.5.15.tar.xz,1.67,0.19,0.025768471
run_18_repetition_14,DONE,npm,npm/fetch-blob--fetch-blob-4.0.0.tgz,0.36,0.04,0.005079531
run_273_repetition_5,DONE,brotli,brotli/dom-accessibility-api--dom-accessibility-api-0.7.1.tar.br,0.38,0.05,0.005479124
run_208_repetition_12,DONE,zstd,zstd/client-only--client-only-0.0.1.tar.zst,0.23,0.03,0.003418962
run_189_repetition_14,DONE,zstd,zstd/@aws-cdk__cloud-assembly-schema--cloud-assembly-schema-53.27.0.tar.zst,0.42,0.05,0.006116355
run_299_repetition_22,DONE,brotli,brotli/resize-observer-polyfill--resize-observer-polyfill-1.5.1.tar.br,0.32,0.04,0.004685275
run_189_repetition_29,DONE,zstd,zstd/@aws-cdk__cloud-assembly-schema--cloud-assembly-schema-53.27.0.tar.zst,0.42,0.05,0.006128295
run_272_repetition_5,DONE,brotli,brotli/date-fns--date-fns-4.3.0.tar.br,3.9,0.47,0.059448937
run_307_repetition_19,DONE,brotli,brotli/ts-node--ts-node-10.9.2.tar.br,0.55,0.06,0.008097587
run_181_repetition_14,DONE,zopfli,zopfli/ts-node--ts-node-10.9.2.tgz,0.73,0.09,0.011168761
run_221_repetition_2,DONE,zstd,zstd/immer--immer-11.1.8.tar.zst,0.42,0.05,0.005969473
run_168_repetition_28,DONE,zopfli,zopfli/prop-types--prop-types-15.8.1.tgz,0.26,0.03,0.004359316
run_103_repetition_18,DONE,xz,xz/prettier--prettier-3.8.3.tar.xz,6.6,0.78,0.103083701
run_248_repetition_29,DONE,zstd,zstd/whatwg-mimetype--whatwg-mimetype-5.0.0.tar.zst,0.23,0.03,0.003551289
run_269_repetition_9,DONE,brotli,brotli/babel-plugin-check-es2015-constants--babel-plugin-check-es2015-constants-6.22.0.tar.br,0.26,0.03,0.003716685
run_224_repetition_28,DONE,zstd,zstd/linkify-it--linkify-it-5.0.1.tar.zst,0.23,0.03,0.00351096
run_60_repetition_17,DONE,npm,npm/aws-sdk--aws-sdk-2.1693.0.tgz,37.54,4.41,0.585569153
run_110_repetition_16,DONE,xz,xz/resize-observer-polyfill--resize-observer-polyfill-1.5.1.tar.xz,0.38,0.05,0.005550476
run_109_repetition_11,DONE,xz,xz/remove-trailing-separator--remove-trailing-separator-1.1.0.tar.xz,0.26,0.03,0.003813924
run_256_repetition_2,DONE,brotli,brotli/@ethersproject__abstract-signer--abstract-signer-5.8.0.tar.br,0.26,0.03,0.004514976
run_80_repetition_4,DONE,xz,xz/babel-plugin-check-es2015-constants--babel-plugin-check-es2015-constants-6.22.0.tar.xz,0.26,0.03,0.003931678
run_206_repetition_20,DONE,zstd,zstd/babel-plugin-check-es2015-constants--babel-plugin-check-es2015-constants-6.22.0.tar.zst,0.23,0.03,0.00330802
run_170_repetition_7,DONE,zopfli,zopfli/react-dom--react-dom-19.2.6.tgz,3.48,0.42,0.054819897
run_77_repetition_13,DONE,xz,xz/assert-plus--assert-plus-1.0.0.tar.xz,0.29,0.03,0.004157785
run_296_repetition_28,DONE,brotli,brotli/react-dom--react-dom-19.2.6.tar.br,1.23,0.15,0.018641089
run_200_repetition_28,DONE,zstd,zstd/@types__glob--glob-9.0.0.tar.zst,0.22,0.03,0.003321014
run_278_repetition_20,DONE,brotli,brotli/fetch-blob--fetch-blob-4.0.0.tar.br,0.29,0.03,0.00410662
run_14_repetition_4,DONE,npm,npm/split2--split2-4.2.0.tgz,0.32,0.04,0.004869284
run_124_repetition_14,DONE,xz,xz/workbox-streams--workbox-streams-7.4.1.tar.xz,0.42,0.05,0.006377112
run_292_repetition_21,DONE,brotli,brotli/prettier--prettier-3.8.3.tar.br,2.14,0.25,0.033540383
run_62_repetition_1,DONE,npm,npm/@next__swc-linux-arm64-musl--swc-linux-arm64-musl-16.2.6.tgz,70.02,8.33,1.101224655
run_123_repetition_7,DONE,xz,xz/workbox-routing--workbox-routing-7.4.1.tar.xz,0.54,0.06,0.008204412
run_243_repetition_26,DONE,zstd,zstd/tar--tar-7.5.15.tar.zst,0.65,0.08,0.009750691
run_256_repetition_5,DONE,brotli,brotli/@ethersproject__abstract-signer--abstract-signer-5.8.0.tar.br,0.26,0.03,0.004410799
run_237_repetition_9,DONE,zstd,zstd/shallowequal--shallowequal-1.1.0.tar.zst,0.19,0.02,0.003264855
run_81_repetition_1,DONE,xz,xz/babel-plugin-transform-exponentiation-operator--babel-plugin-transform-exponentiation-operator-6.24.1.tar.xz,0.26,0.03,0.003709197
run_288_repetition_14,DONE,brotli,brotli/lodash-es--lodash-es-4.18.1.tar.br,0.58,0.07,0.008947219
run_216_repetition_14,DONE,zstd,zstd/got--got-15.0.5.tar.zst,0.33,0.04,0.005018697
run_9_repetition_7,DONE,npm,npm/remove-trailing-separator--remove-trailing-separator-1.1.0.tgz,0.33,0.04,0.004756502
run_218_repetition_5,DONE,zstd,zstd/highlight.js--highlight.js-11.11.1.tar.zst,1.33,0.16,0.019689969
run_4_repetition_29,DONE,npm,npm/@types__glob--glob-9.0.0.tgz,0.39,0.05,0.005383552
run_218_repetition_3,DONE,zstd,zstd/highlight.js--highlight.js-11.11.1.tar.zst,1.28,0.15,0.019339286
run_36_repetition_11,DONE,npm,npm/lodash-es--lodash-es-4.18.1.tgz,1.55,0.18,0.02395194
run_60_repetition_9,DONE,npm,npm/aws-sdk--aws-sdk-2.1693.0.tgz,37.49,4.46,0.584523524
run_76_repetition_14,DONE,xz,xz/@vue__reactivity--reactivity-3.5.34.tar.xz,0.48,0.06,0.007413096
run_150_repetition_17,DONE,zopfli,zopfli/eslint-plugin-import--eslint-plugin-import-2.32.0.tgz,1.17,0.14,0.01778052
run_32_repetition_26,DONE,npm,npm/@vue__reactivity--reactivity-3.5.34.tgz,0.48,0.06,0.007308515
run_124_repetition_4,DONE,xz,xz/workbox-streams--workbox-streams-7.4.1.tar.xz,0.42,0.05,0.006414481
run_291_repetition_4,DONE,brotli,brotli/path-dirname--path-dirname-1.0.2.tar.br,0.28,0.04,0.004035116
run_213_repetition_10,DONE,zstd,zstd/eslint-plugin-import--eslint-plugin-import-2.32.0.tar.zst,0.61,0.07,0.008964272
run_155_repetition_16,DONE,zopfli,zopfli/highlight.js--highlight.js-11.11.1.tgz,3.61,0.43,0.056869867
run_177_repetition_10,DONE,zopfli,zopfli/strict-uri-encode--strict-uri-encode-2.0.0.tgz,0.26,0.03,0.003823436
run_119_repetition_14,DONE,xz,xz/typescript--typescript-6.0.3.tar.xz,13.55,1.61,0.212118454
run_7_repetition_0,DONE,npm,npm/strict-uri-encode--strict-uri-encode-2.0.0.tgz,0.26,0.03,0.004545846
run_141_repetition_28,DONE,zopfli,zopfli/aws-sdk--aws-sdk-2.1693.0.tgz,38.36,4.57,0.60508824
run_24_repetition_13,DONE,npm,npm/@sindresorhus__is--is-8.1.0.tgz,0.32,0.04,0.005243714
run_109_repetition_7,DONE,xz,xz/remove-trailing-separator--remove-trailing-separator-1.1.0.tar.xz,0.23,0.03,0.003663568
run_23_repetition_12,DONE,npm,npm/prop-types--prop-types-15.8.1.tgz,0.32,0.04,0.004976948
run_253_repetition_29,DONE,brotli,brotli/@babel__plugin-transform-regexp-modifiers--plugin-transform-regexp-modifiers-7.28.6.tar.br,0.26,0.03,0.003785424
run_4_repetition_16,DONE,npm,npm/@types__glob--glob-9.0.0.tgz,0.38,0.05,0.005818231
run_234_repetition_20,DONE,zstd,zstd/react-error-overlay--react-error-overlay-6.1.0.tar.zst,0.36,0.04,0.005305036
run_186_repetition_8,DONE,zopfli,zopfli/workbox-routing--workbox-routing-7.4.1.tgz,0.44,0.05,0.006324512
run_279_repetition_14,DONE,brotli,brotli/got--got-15.0.5.tar.br,0.39,0.05,0.006000317
run_157_repetition_3,DONE,zopfli,zopfli/iconv-lite--iconv-lite-0.7.2.tgz,0.51,0.06,0.00782591
run_245_repetition_0,DONE,zstd,zstd/typescript--typescript-6.0.3.tar.zst,3.99,0.47,0.058829662
run_93_repetition_8,DONE,xz,xz/html-escaper--html-escaper-3.0.3.tar.xz,0.29,0.03,0.004304883
run_189_repetition_10,DONE,zstd,zstd/@aws-cdk__cloud-assembly-schema--cloud-assembly-schema-53.27.0.tar.zst,0.45,0.05,0.006474809
run_182_repetition_12,DONE,zopfli,zopfli/typescript--typescript-6.0.3.tgz,11.23,1.35,0.177757172
run_25_repetition_14,DONE,npm,npm/encoding-sniffer--encoding-sniffer-1.0.2.tgz,0.39,0.05,0.005661359
run_33_repetition_7,DONE,npm,npm/got--got-15.0.5.tgz,0.49,0.05,0.007587493
run_109_repetition_19,DONE,xz,xz/remove-trailing-separator--remove-trailing-separator-1.1.0.tar.xz,0.29,0.03,0.00415054
run_307_repetition_9,DONE,brotli,brotli/ts-node--ts-node-10.9.2.tar.br,0.51,0.06,0.008382528
run_220_repetition_9,DONE,zstd,zstd/iconv-lite--iconv-lite-0.7.2.tar.zst,0.39,0.05,0.005289098
run_20_repetition_5,DONE,npm,npm/linkify-it--linkify-it-5.0.1.tgz,0.38,0.04,0.005395375
run_32_repetition_5,DONE,npm,npm/@vue__reactivity--reactivity-3.5.34.tgz,0.52,0.06,0.007604985
run_46_repetition_23,DONE,npm,npm/@modelcontextprotocol__sdk--sdk-1.29.0.tgz,2.25,0.27,0.03476619
run_8_repetition_16,DONE,npm,npm/@babel__plugin-transform-regexp-modifiers--plugin-transform-regexp-modifiers-7.28.6.tgz,0.35,0.04,0.004808288
run_276_repetition_3,DONE,brotli,brotli/eslint-plugin-import--eslint-plugin-import-2.32.0.tar.br,0.8,0.1,0.012162686
run_3_repetition_3,DONE,npm,npm/@types__uuid--uuid-11.0.0.tgz,0.32,0.04,0.005291904
run_262_repetition_24,DONE,brotli,brotli/@sindresorhus__is--is-8.1.0.tar.br,0.29,0.03,0.004721066
run_188_repetition_7,DONE,zopfli,zopfli/xml2js--xml2js-0.6.2.tgz,2.02,0.24,0.031537431
run_42_repetition_11,DONE,npm,npm/eslint-plugin-import--eslint-plugin-import-2.32.0.tgz,1.1,0.13,0.017149866
run_207_repetition_16,DONE,zstd,zstd/babel-plugin-transform-exponentiation-operator--babel-plugin-transform-exponentiation-operator-6.24.1.tar.zst,0.23,0.03,0.003578342
run_53_repetition_26,DONE,npm,npm/libphonenumber-js--libphonenumber-js-1.13.3.tgz,5.3,0.61,0.081710575
run_6_repetition_0,DONE,npm,npm/babel-plugin-check-es2015-constants--babel-plugin-check-es2015-constants-6.22.0.tgz,0.33,0.04,0.004696748
run_116_repetition_23,DONE,xz,xz/tailwindcss--tailwindcss-4.3.0.tar.xz,0.9,0.1,0.013523091
run_243_repetition_7,DONE,zstd,zstd/tar--tar-7.5.15.tar.zst,0.61,0.07,0.009733919
run_0_repetition_29,DONE,npm,npm/watchpack-chokidar2--watchpack-chokidar2-2.0.1.tgz,0.32,0.03,0.004293311
run_309_repetition_29,DONE,brotli,brotli/watchpack-chokidar2--watchpack-chokidar2-2.0.1.tar.br,0.29,0.03,0.003992492
run_106_repetition_5,DONE,xz,xz/protobufjs--protobufjs-8.4.2.tar.xz,1.83,0.22,0.028356676
run_263_repetition_2,DONE,brotli,brotli/@types__glob--glob-9.0.0.tar.br,0.29,0.04,0.004070208
run_68_repetition_16,DONE,xz,xz/@modelcontextprotocol__sdk--sdk-1.29.0.tar.xz,2.34,0.28,0.036255489
run_156_repetition_19,DONE,zopfli,zopfli/html-escaper--html-escaper-3.0.3.tgz,0.26,0.03,0.003946366
run_98_repetition_15,DONE,xz,xz/linkify-it--linkify-it-5.0.1.tar.xz,0.32,0.04,0.004880908
run_2_repetition_12,DONE,npm,npm/babel-helper-get-function-arity--babel-helper-get-function-arity-6.24.1.tgz,0.29,0.03,0.004677326
run_27_repetition_9,DONE,npm,npm/has-to-string-tag-x--has-to-string-tag-x-2.1.2.tgz,0.39,0.05,0.005795872
run_288_repetition_10,DONE,brotli,brotli/lodash-es--lodash-es-4.18.1.tar.br,0.58,0.07,0.008524707
run_308_repetition_9,DONE,brotli,brotli/typescript--typescript-6.0.3.tar.br,4.2,0.5,0.06453606
run_194_repetition_23,DONE,zstd,zstd/@modelcontextprotocol__sdk--sdk-1.29.0.tar.zst,0.97,0.12,0.014619347
run_65_repetition_15,DONE,xz,xz/@esbuild__linux-ia32--linux-ia32-0.28.0.tar.xz,21.47,2.57,0.33675073
run_300_repetition_17,DONE,brotli,brotli/shallowequal--shallowequal-1.1.0.tar.br,0.25,0.03,0.003942895
run_178_repetition_29,DONE,zopfli,zopfli/style-loader--style-loader-4.0.0.tgz,0.29,0.04,0.004142613
run_260_repetition_23,DONE,brotli,brotli/@parcel__watcher--watcher-2.5.6.tar.br,0.32,0.04,0.004870362
run_54_repetition_5,DONE,npm,npm/node-notifier--node-notifier-10.0.1.tgz,3.54,0.43,0.056170884
run_97_repetition_27,DONE,xz,xz/libphonenumber-js--libphonenumber-js-1.13.3.tar.xz,4.32,0.52,0.067663824
run_256_repetition_16,DONE,brotli,brotli/@ethersproject__abstract-signer--abstract-signer-5.8.0.tar.br,0.29,0.04,0.004499328
run_31_repetition_13,DONE,npm,npm/dom-accessibility-api--dom-accessibility-api-0.7.1.tgz,0.52,0.06,0.007401607
run_53_repetition_25,DONE,npm,npm/libphonenumber-js--libphonenumber-js-1.13.3.tgz,5.2,0.62,0.081667613
run_208_repetition_7,DONE,zstd,zstd/client-only--client-only-0.0.1.tar.zst,0.2,0.02,0.003420118
run_268_repetition_19,DONE,brotli,brotli/babel-helper-get-function-arity--babel-helper-get-function-arity-6.24.1.tar.br,0.26,0.03,0.003954882
run_249_repetition_21,DONE,zstd,zstd/workbox-routing--workbox-routing-7.4.1.tar.zst,0.33,0.04,0.004515246
run_139_repetition_16,DONE,zopfli,zopfli/@vue__reactivity--reactivity-3.5.34.tgz,0.42,0.05,0.006628631
run_221_repetition_7,DONE,zstd,zstd/immer--immer-11.1.8.tar.zst,0.38,0.05,0.005706218
run_50_repetition_1,DONE,npm,npm/react-dom--react-dom-19.2.6.tgz,3.48,0.41,0.054501367
run_96_repetition_22,DONE,xz,xz/jiti--jiti-2.7.0.tar.xz,2.12,0.25,0.032876546
run_169_repetition_4,DONE,zopfli,zopfli/protobufjs--protobufjs-8.4.2.tgz,1.94,0.23,0.030177383
run_313_repetition_17,DONE,brotli,brotli/workbox-streams--workbox-streams-7.4.1.tar.br,0.32,0.04,0.005140196
run_46_repetition_9,DONE,npm,npm/@modelcontextprotocol__sdk--sdk-1.29.0.tgz,2.25,0.26,0.034338705
run_258_repetition_11,DONE,brotli,brotli/@next__swc-linux-arm64-musl--swc-linux-arm64-musl-16.2.6.tar.br,40.4,4.92,0.630700745
run_105_repetition_6,DONE,xz,xz/prop-types--prop-types-15.8.1.tar.xz,0.39,0.05,0.005762665
run_68_repetition_13,DONE,xz,xz/@modelcontextprotocol__sdk--sdk-1.29.0.tar.xz,2.3,0.28,0.036018575
run_227_repetition_9,DONE,zstd,zstd/node-notifier--node-notifier-10.0.1.tar.zst,1.39,0.17,0.021109771
run_82_repetition_25,DONE,xz,xz/client-only--client-only-0.0.1.tar.xz,0.26,0.03,0.003600739
run_277_repetition_28,DONE,brotli,brotli/ethers--ethers-6.16.0.tar.br,2.76,0.34,0.042446221
run_245_repetition_8,DONE,zstd,zstd/typescript--typescript-6.0.3.tar.zst,3.91,0.46,0.058029603
run_241_repetition_26,DONE,zstd,zstd/style-loader--style-loader-4.0.0.tar.zst,0.29,0.03,0.003719691
run_44_repetition_25,DONE,npm,npm/tar--tar-7.5.15.tgz,1.52,0.17,0.02309541
run_21_repetition_1,DONE,npm,npm/style-loader--style-loader-4.0.0.tgz,0.36,0.04,0.005067319
run_29_repetition_16,DONE,npm,npm/@parcel__watcher--watcher-2.5.6.tgz,0.42,0.05,0.006210899
run_21_repetition_27,DONE,npm,npm/style-loader--style-loader-4.0.0.tgz,0.32,0.04,0.005048785
run_150_repetition_0,DONE,zopfli,zopfli/eslint-plugin-import--eslint-plugin-import-2.32.0.tgz,1.15,0.14,0.017774028
run_54_repetition_10,DONE,npm,npm/node-notifier--node-notifier-10.0.1.tgz,3.3,0.39,0.051521157
run_134_repetition_14,DONE,zopfli,zopfli/@parcel__watcher--watcher-2.5.6.tgz,0.38,0.05,0.005217828
run_296_repetition_16,DONE,brotli,brotli/react-dom--react-dom-19.2.6.tar.br,1.22,0.15,0.018898178
run_143_repetition_5,DONE,zopfli,zopfli/babel-plugin-check-es2015-constants--babel-plugin-check-es2015-constants-6.22.0.tgz,0.26,0.03,0.003540532
run_22_repetition_2,DONE,npm,npm/@ethersproject__abstract-signer--abstract-signer-5.8.0.tgz,0.39,0.05,0.005206574
run_238_repetition_0,DONE,zstd,zstd/source-list-map--source-list-map-2.0.1.tar.zst,0.2,0.02,0.003510166
run_133_repetition_5,DONE,zopfli,zopfli/@opentelemetry__semantic-conventions--semantic-conventions-1.41.1.tgz,4.98,0.6,0.078275015
run_226_repetition_25,DONE,zstd,zstd/next--next-16.2.6.tar.zst,21.2,2.55,0.314228514
run_235_repetition_11,DONE,zstd,zstd/remove-trailing-separator--remove-trailing-separator-1.1.0.tar.zst,0.19,0.02,0.003256811
run_215_repetition_3,DONE,zstd,zstd/fetch-blob--fetch-blob-4.0.0.tar.zst,0.25,0.03,0.003347236
run_313_repetition_26,DONE,brotli,brotli/workbox-streams--workbox-streams-7.4.1.tar.br,0.35,0.04,0.004676683
run_64_repetition_18,DONE,xz,xz/@babel__plugin-transform-regexp-modifiers--plugin-transform-regexp-modifiers-7.28.6.tar.xz,0.26,0.03,0.003834157
run_298_repetition_22,DONE,brotli,brotli/remove-trailing-separator--remove-trailing-separator-1.1.0.tar.br,0.26,0.03,0.004029992
run_314_repetition_24,DONE,brotli,brotli/xml2js--xml2js-0.6.2.tar.br,1.32,0.16,0.020226277
run_76_repetition_29,DONE,xz,xz/@vue__reactivity--reactivity-3.5.34.tar.xz,0.48,0.06,0.007149828
run_67_repetition_3,DONE,xz,xz/@ethersproject__abstract-signer--abstract-signer-5.8.0.tar.xz,0.35,0.04,0.005323009
run_29_repetition_7,DONE,npm,npm/@parcel__watcher--watcher-2.5.6.tgz,0.42,0.04,0.006164602
run_246_repetition_8,DONE,zstd,zstd/watchpack-chokidar2--watchpack-chokidar2-2.0.1.tar.zst,0.23,0.03,0.003308702
run_146_repetition_8,DONE,zopfli,zopfli/date-fns--date-fns-4.3.0.tgz,12.36,1.45,0.193313186
run_177_repetition_27,DONE,zopfli,zopfli/strict-uri-encode--strict-uri-encode-2.0.0.tgz,0.26,0.03,0.003566916
run_221_repetition_18,DONE,zstd,zstd/immer--immer-11.1.8.tar.zst,0.39,0.05,0.00566171
run_284_repetition_23,DONE,brotli,brotli/immer--immer-11.1.8.tar.br,0.48,0.06,0.007056387
run_251_repetition_21,DONE,zstd,zstd/xml2js--xml2js-0.6.2.tar.zst,0.95,0.11,0.014298097
run_247_repetition_3,DONE,zstd,zstd/webpack--webpack-5.107.1.tar.zst,1.51,0.18,0.022901323
run_52_repetition_22,DONE,npm,npm/@opentelemetry__semantic-conventions--semantic-conventions-1.41.1.tgz,4.8,0.58,0.07511033
run_121_repetition_4,DONE,xz,xz/webpack--webpack-5.107.1.tar.xz,5.62,0.67,0.087487463
run_99_repetition_17,DONE,xz,xz/lodash-es--lodash-es-4.18.1.tar.xz,0.99,0.12,0.015453202
run_239_repetition_20,DONE,zstd,zstd/split2--split2-4.2.0.tar.zst,0.23,0.03,0.003364796
run_156_repetition_12,DONE,zopfli,zopfli/html-escaper--html-escaper-3.0.3.tgz,0.26,0.03,0.004061222
run_133_repetition_13,DONE,zopfli,zopfli/@opentelemetry__semantic-conventions--semantic-conventions-1.41.1.tgz,4.9,0.59,0.077705438
run_39_repetition_19,DONE,npm,npm/iconv-lite--iconv-lite-0.7.2.tgz,0.58,0.07,0.008364543
run_293_repetition_6,DONE,brotli,brotli/prismjs--prismjs-1.30.0.tar.br,1.03,0.12,0.015776777
run_74_repetition_8,DONE,xz,xz/@types__glob--glob-9.0.0.tar.xz,0.26,0.03,0.003595885
run_262_repetition_4,DONE,brotli,brotli/@sindresorhus__is--is-8.1.0.tar.br,0.29,0.04,0.004580073
run_292_repetition_5,DONE,brotli,brotli/prettier--prettier-3.8.3.tar.br,2.15,0.26,0.033258129
run_272_repetition_20,DONE,brotli,brotli/date-fns--date-fns-4.3.0.tar.br,3.87,0.48,0.059199882
run_77_repetition_17,DONE,xz,xz/assert-plus--assert-plus-1.0.0.tar.xz,0.29,0.04,0.004103381
run_234_repetition_29,DONE,zstd,zstd/react-error-overlay--react-error-overlay-6.1.0.tar.zst,0.38,0.05,0.005271748
run_196_repetition_5,DONE,zstd,zstd/@opentelemetry__semantic-conventions--semantic-conventions-1.41.1.tar.zst,1.61,0.19,0.02434743
run_240_repetition_5,DONE,zstd,zstd/strict-uri-encode--strict-uri-encode-2.0.0.tar.zst,0.26,0.03,0.00344629
run_56_repetition_26,DONE,npm,npm/ethers--ethers-6.16.0.tgz,6.94,0.82,0.107285317
run_204_repetition_19,DONE,zstd,zstd/aws-sdk--aws-sdk-2.1693.0.tar.zst,14.81,1.77,0.219613501
run_176_repetition_26,DONE,zopfli,zopfli/split2--split2-4.2.0.tgz,0.19,0.02,0.003672256
run_72_repetition_4,DONE,xz,xz/@radix-ui__primitive--primitive-1.1.3.tar.xz,0.29,0.04,0.004345127
run_234_repetition_28,DONE,zstd,zstd/react-error-overlay--react-error-overlay-6.1.0.tar.zst,0.33,0.04,0.00520022
run_163_repetition_6,DONE,zopfli,zopfli/next--next-16.2.6.tgz,81.0,9.68,1.28052863
run_11_repetition_25,DONE,npm,npm/shallowequal--shallowequal-1.1.0.tgz,0.32,0.04,0.004737852
run_94_repetition_27,DONE,xz,xz/iconv-lite--iconv-lite-0.7.2.tar.xz,1.15,0.14,0.017274726
run_55_repetition_24,DONE,npm,npm/prettier--prettier-3.8.3.tgz,4.78,0.57,0.074803085
run_119_repetition_12,DONE,xz,xz/typescript--typescript-6.0.3.tar.xz,13.48,1.57,0.211480342
run_245_repetition_6,DONE,zstd,zstd/typescript--typescript-6.0.3.tar.zst,3.89,0.46,0.058451463
run_220_repetition_18,DONE,zstd,zstd/iconv-lite--iconv-lite-0.7.2.tar.zst,0.29,0.04,0.0050965
run_172_repetition_8,DONE,zopfli,zopfli/remove-trailing-separator--remove-trailing-separator-1.1.0.tgz,0.26,0.03,0.00372884
run_9_repetition_8,DONE,npm,npm/remove-trailing-separator--remove-trailing-separator-1.1.0.tgz,0.32,0.04,0.004389646
run_146_repetition_18,DONE,zopfli,zopfli/date-fns--date-fns-4.3.0.tgz,12.23,1.45,0.193461321
run_42_repetition_12,DONE,npm,npm/eslint-plugin-import--eslint-plugin-import-2.32.0.tgz,1.11,0.13,0.017157131
run_32_repetition_12,DONE,npm,npm/@vue__reactivity--reactivity-3.5.34.tgz,0.45,0.05,0.007089959
run_288_repetition_25,DONE,brotli,brotli/lodash-es--lodash-es-4.18.1.tar.br,0.58,0.07,0.008734591
run_218_repetition_28,DONE,zstd,zstd/highlight.js--highlight.js-11.11.1.tar.zst,1.33,0.16,0.019150324
run_60_repetition_21,DONE,npm,npm/aws-sdk--aws-sdk-2.1693.0.tgz,37.41,4.45,0.585546549
run_142_repetition_0,DONE,zopfli,zopfli/babel-helper-get-function-arity--babel-helper-get-function-arity-6.24.1.tgz,0.26,0.03,0.003781826
run_31_repetition_8,DONE,npm,npm/dom-accessibility-api--dom-accessibility-api-0.7.1.tgz,0.45,0.05,0.007320185
run_245_repetition_22,DONE,zstd,zstd/typescript--typescript-6.0.3.tar.zst,3.84,0.46,0.057649235
run_85_repetition_23,DONE,xz,xz/encoding-sniffer--encoding-sniffer-1.0.2.tar.xz,0.39,0.05,0.005739408
run_266_repetition_14,DONE,brotli,brotli/assert-plus--assert-plus-1.0.0.tar.br,0.26,0.03,0.003793925
run_138_repetition_18,DONE,zopfli,zopfli/@types__uuid--uuid-11.0.0.tgz,0.26,0.03,0.003622509
run_56_repetition_21,DONE,npm,npm/ethers--ethers-6.16.0.tgz,6.99,0.82,0.107712789
run_130_repetition_1,DONE,zopfli,zopfli/@ethersproject__abstract-signer--abstract-signer-5.8.0.tgz,0.29,0.04,0.004658945
run_3_repetition_16,DONE,npm,npm/@types__uuid--uuid-11.0.0.tgz,0.39,0.05,0.005551623
run_10_repetition_10,DONE,npm,npm/path-dirname--path-dirname-1.0.2.tgz,0.29,0.03,0.004886053
run_265_repetition_16,DONE,brotli,brotli/@vue__reactivity--reactivity-3.5.34.tar.br,0.36,0.04,0.005331613
run_223_repetition_20,DONE,zstd,zstd/libphonenumber-js--libphonenumber-js-1.13.3.tar.zst,1.69,0.2,0.024361008
run_115_repetition_24,DONE,xz,xz/style-loader--style-loader-4.0.0.tar.xz,0.38,0.04,0.005385279
run_124_repetition_23,DONE,xz,xz/workbox-streams--workbox-streams-7.4.1.tar.xz,0.45,0.05,0.006530165
run_163_repetition_11,DONE,zopfli,zopfli/next--next-16.2.6.tgz,81.09,9.64,1.282026488
run_305_repetition_23,DONE,brotli,brotli/tailwindcss--tailwindcss-4.3.0.tar.br,0.48,0.05,0.007228897
run_190_repetition_29,DONE,zstd,zstd/@babel__plugin-transform-regexp-modifiers--plugin-transform-regexp-modifiers-7.28.6.tar.zst,0.22,0.03,0.003283511
run_30_repetition_2,DONE,npm,npm/workbox-routing--workbox-routing-7.4.1.tgz,0.48,0.06,0.007371008
run_187_repetition_3,DONE,zopfli,zopfli/workbox-streams--workbox-streams-7.4.1.tgz,0.36,0.04,0.005128949
run_130_repetition_3,DONE,zopfli,zopfli/@ethersproject__abstract-signer--abstract-signer-5.8.0.tgz,0.32,0.04,0.004647384
run_301_repetition_24,DONE,brotli,brotli/source-list-map--source-list-map-2.0.1.tar.br,0.29,0.04,0.004143208
run_212_repetition_8,DONE,zstd,zstd/eslint-config-react-app--eslint-config-react-app-7.0.1.tar.zst,0.23,0.03,0.003455224
run_291_repetition_29,DONE,brotli,brotli/path-dirname--path-dirname-1.0.2.tar.br,0.26,0.03,0.003905237
run_287_repetition_1,DONE,brotli,brotli/linkify-it--linkify-it-5.0.1.tar.br,0.29,0.04,0.004487444
run_210_repetition_10,DONE,zstd,zstd/dom-accessibility-api--dom-accessibility-api-0.7.1.tar.zst,0.36,0.04,0.004935737
run_126_repetition_3,DONE,zopfli,zopfli/@aws-cdk__cloud-assembly-schema--cloud-assembly-schema-53.27.0.tgz,0.68,0.08,0.010857867
run_143_repetition_25,DONE,zopfli,zopfli/babel-plugin-check-es2015-constants--babel-plugin-check-es2015-constants-6.22.0.tgz,0.25,0.03,0.003673153
run_188_repetition_3,DONE,zopfli,zopfli/xml2js--xml2js-0.6.2.tgz,2.1,0.25,0.032351208
run_203_repetition_24,DONE,zstd,zstd/assert-plus--assert-plus-1.0.0.tar.zst,0.26,0.03,0.003377326
run_281_repetition_21,DONE,brotli,brotli/highlight.js--highlight.js-11.11.1.tar.br,1.57,0.19,0.024592978
run_106_repetition_21,DONE,xz,xz/protobufjs--protobufjs-8.4.2.tar.xz,1.88,0.23,0.028983116
run_125_repetition_11,DONE,xz,xz/xml2js--xml2js-0.6.2.tar.xz,4.07,0.49,0.064071993
run_143_repetition_15,DONE,zopfli,zopfli/babel-plugin-check-es2015-constants--babel-plugin-check-es2015-constants-6.22.0.tgz,0.26,0.03,0.003746253
run_73_repetition_8,DONE,xz,xz/@sindresorhus__is--is-8.1.0.tar.xz,0.4,0.05,0.006149802
run_254_repetition_3,DONE,brotli,brotli/@esbuild__linux-ia32--linux-ia32-0.28.0.tar.br,5.66,0.69,0.088512879
run_162_repetition_28,DONE,zopfli,zopfli/lodash-es--lodash-es-4.18.1.tgz,0.89,0.1,0.013812869
run_307_repetition_22,DONE,brotli,brotli/ts-node--ts-node-10.9.2.tar.br,0.55,0.06,0.008203876
run_153_repetition_10,DONE,zopfli,zopfli/got--got-15.0.5.tgz,0.51,0.06,0.007349698
run_285_repetition_23,DONE,brotli,brotli/jiti--jiti-2.7.0.tar.br,0.83,0.1,0.012792281
run_3_repetition_13,DONE,npm,npm/@types__uuid--uuid-11.0.0.tgz,0.35,0.04,0.005309032
run_1_repetition_7,DONE,npm,npm/client-only--client-only-0.0.1.tgz,0.32,0.04,0.004383308
run_212_repetition_1,DONE,zstd,zstd/eslint-config-react-app--eslint-config-react-app-7.0.1.tar.zst,0.26,0.03,0.003399249
run_287_repetition_10,DONE,brotli,brotli/linkify-it--linkify-it-5.0.1.tar.br,0.25,0.03,0.004390836
run_154_repetition_28,DONE,zopfli,zopfli/has-to-string-tag-x--has-to-string-tag-x-2.1.2.tgz,0.32,0.04,0.005073339
run_276_repetition_21,DONE,brotli,brotli/eslint-plugin-import--eslint-plugin-import-2.32.0.tar.br,0.77,0.09,0.011677732
run_266_repetition_6,DONE,brotli,brotli/assert-plus--assert-plus-1.0.0.tar.br,0.29,0.04,0.004012694
run_245_repetition_19,DONE,zstd,zstd/typescript--typescript-6.0.3.tar.zst,3.91,0.47,0.058220465
run_14_repetition_3,DONE,npm,npm/split2--split2-4.2.0.tgz,0.3,0.04,0.004676534
run_150_repetition_5,DONE,zopfli,zopfli/eslint-plugin-import--eslint-plugin-import-2.32.0.tgz,1.13,0.13,0.017538264
run_36_repetition_16,DONE,npm,npm/lodash-es--lodash-es-4.18.1.tgz,1.56,0.18,0.024070588
run_221_repetition_11,DONE,zstd,zstd/immer--immer-11.1.8.tar.zst,0.39,0.05,0.005762701
run_9_repetition_2,DONE,npm,npm/remove-trailing-separator--remove-trailing-separator-1.1.0.tgz,0.32,0.04,0.004778272
run_249_repetition_20,DONE,zstd,zstd/workbox-routing--workbox-routing-7.4.1.tar.zst,0.29,0.03,0.004530848
run_38_repetition_2,DONE,npm,npm/tailwindcss--tailwindcss-4.3.0.tgz,0.7,0.09,0.010801501
run_115_repetition_10,DONE,xz,xz/style-loader--style-loader-4.0.0.tar.xz,0.36,0.04,0.00495983
run_122_repetition_2,DONE,xz,xz/whatwg-mimetype--whatwg-mimetype-5.0.0.tar.xz,0.28,0.04,0.00516106
run_7_repetition_5,DONE,npm,npm/strict-uri-encode--strict-uri-encode-2.0.0.tgz,0.29,0.03,0.004512815
run_82_repetition_18,DONE,xz,xz/client-only--client-only-0.0.1.tar.xz,0.25,0.03,0.003943042
run_195_repetition_29,DONE,zstd,zstd/@next__swc-linux-arm64-musl--swc-linux-arm64-musl-16.2.6.tar.zst,30.03,3.59,0.455563993
run_262_repetition_13,DONE,brotli,brotli/@sindresorhus__is--is-8.1.0.tar.br,0.32,0.04,0.004616145
run_206_repetition_1,DONE,zstd,zstd/babel-plugin-check-es2015-constants--babel-plugin-check-es2015-constants-6.22.0.tar.zst,0.22,0.03,0.003310299
run_125_repetition_5,DONE,xz,xz/xml2js--xml2js-0.6.2.tar.xz,4.09,0.49,0.063815325
run_131_repetition_12,DONE,zopfli,zopfli/@modelcontextprotocol__sdk--sdk-1.29.0.tgz,2.52,0.3,0.039392535
run_244_repetition_24,DONE,zstd,zstd/ts-node--ts-node-10.9.2.tar.zst,0.42,0.05,0.006416664
run_289_repetition_6,DONE,brotli,brotli/next--next-16.2.6.tar.br,22.59,2.78,0.352396172
run_264_repetition_23,DONE,brotli,brotli/@types__uuid--uuid-11.0.0.tar.br,0.26,0.03,0.003950001
run_99_repetition_12,DONE,xz,xz/lodash-es--lodash-es-4.18.1.tar.xz,1.02,0.12,0.015666363
run_177_repetition_8,DONE,zopfli,zopfli/strict-uri-encode--strict-uri-encode-2.0.0.tgz,0.23,0.03,0.003904622
run_173_repetition_23,DONE,zopfli,zopfli/resize-observer-polyfill--resize-observer-polyfill-1.5.1.tgz,0.35,0.04,0.005123142
run_284_repetition_0,DONE,brotli,brotli/immer--immer-11.1.8.tar.br,0.45,0.05,0.006999622
run_28_repetition_29,DONE,npm,npm/resize-observer-polyfill--resize-observer-polyfill-1.5.1.tgz,0.38,0.05,0.006079702
run_98_repetition_10,DONE,xz,xz/linkify-it--linkify-it-5.0.1.tar.xz,0.36,0.04,0.004972798
run_312_repetition_6,DONE,brotli,brotli/workbox-routing--workbox-routing-7.4.1.tar.br,0.38,0.05,0.005750282
run_88_repetition_3,DONE,xz,xz/ethers--ethers-6.16.0.tar.xz,6.67,0.79,0.104460016
run_280_repetition_19,DONE,brotli,brotli/has-to-string-tag-x--has-to-string-tag-x-2.1.2.tar.br,0.3,0.04,0.004593719
run_119_repetition_29,DONE,xz,xz/typescript--typescript-6.0.3.tar.xz,13.6,1.62,0.212585636
run_239_repetition_27,DONE,zstd,zstd/split2--split2-4.2.0.tar.zst,0.23,0.03,0.00354368
run_283_repetition_24,DONE,brotli,brotli/iconv-lite--iconv-lite-0.7.2.tar.br,0.48,0.06,0.007390746
run_115_repetition_3,DONE,xz,xz/style-loader--style-loader-4.0.0.tar.xz,0.32,0.04,0.004905958
run_51_repetition_1,DONE,npm,npm/webpack--webpack-5.107.1.tgz,3.55,0.41,0.054672968
run_1_repetition_4,DONE,npm,npm/client-only--client-only-0.0.1.tgz,0.32,0.04,0.004788919
run_118_repetition_4,DONE,xz,xz/ts-node--ts-node-10.9.2.tar.xz,1.12,0.13,0.016923563
run_228_repetition_7,DONE,zstd,zstd/path-dirname--path-dirname-1.0.2.tar.zst,0.23,0.03,0.003410708
run_91_repetition_13,DONE,xz,xz/has-to-string-tag-x--has-to-string-tag-x-2.1.2.tar.xz,0.41,0.05,0.006068043
run_34_repetition_29,DONE,npm,npm/react-error-overlay--react-error-overlay-6.1.0.tgz,0.51,0.06,0.008255157
run_201_repetition_18,DONE,zstd,zstd/@types__uuid--uuid-11.0.0.tar.zst,0.23,0.03,0.003274859
run_244_repetition_4,DONE,zstd,zstd/ts-node--ts-node-10.9.2.tar.zst,0.38,0.04,0.00655825
run_209_repetition_25,DONE,zstd,zstd/date-fns--date-fns-4.3.0.tar.zst,3.9,0.46,0.057113379
run_235_repetition_24,DONE,zstd,zstd/remove-trailing-separator--remove-trailing-separator-1.1.0.tar.zst,0.2,0.02,0.003509778
run_212_repetition_23,DONE,zstd,zstd/eslint-config-react-app--eslint-config-react-app-7.0.1.tar.zst,0.26,0.03,0.003534522
run_16_repetition_5,DONE,npm,npm/eslint-config-react-app--eslint-config-react-app-7.0.1.tgz,0.35,0.04,0.004976742
run_188_repetition_17,DONE,zopfli,zopfli/xml2js--xml2js-0.6.2.tgz,2.04,0.25,0.031699501
run_195_repetition_24,DONE,zstd,zstd/@next__swc-linux-arm64-musl--swc-linux-arm64-musl-16.2.6.tar.zst,29.93,3.57,0.455012045
run_299_repetition_14,DONE,brotli,brotli/resize-observer-polyfill--resize-observer-polyfill-1.5.1.tar.br,0.32,0.04,0.004734594
run_63_repetition_1,DONE,xz,xz/@aws-cdk__cloud-assembly-schema--cloud-assembly-schema-53.27.0.tar.xz,0.96,0.12,0.015187083
run_129_repetition_23,DONE,zopfli,zopfli/@eslint__eslintrc--eslintrc-3.3.5.tgz,0.61,0.07,0.009337151
run_17_repetition_16,DONE,npm,npm/source-list-map--source-list-map-2.0.1.tgz,0.32,0.04,0.00496076
run_208_repetition_5,DONE,zstd,zstd/client-only--client-only-0.0.1.tar.zst,0.26,0.03,0.003381176
run_54_repetition_29,DONE,npm,npm/node-notifier--node-notifier-10.0.1.tgz,3.34,0.39,0.051755034
run_108_repetition_29,DONE,xz,xz/react-error-overlay--react-error-overlay-6.1.0.tar.xz,0.9,0.1,0.014218148
run_300_repetition_19,DONE,brotli,brotli/shallowequal--shallowequal-1.1.0.tar.br,0.29,0.03,0.003950949
run_202_repetition_9,DONE,zstd,zstd/@vue__reactivity--reactivity-3.5.34.tar.zst,0.26,0.03,0.004413892
run_53_repetition_10,DONE,npm,npm/libphonenumber-js--libphonenumber-js-1.13.3.tgz,5.31,0.63,0.082153517
run_172_repetition_0,DONE,zopfli,zopfli/remove-trailing-separator--remove-trailing-separator-1.1.0.tgz,0.26,0.03,0.003849149
run_250_repetition_29,DONE,zstd,zstd/workbox-streams--workbox-streams-7.4.1.tar.zst,0.26,0.03,0.004366648
run_137_repetition_19,DONE,zopfli,zopfli/@types__glob--glob-9.0.0.tgz,0.26,0.03,0.003638149
run_247_repetition_27,DONE,zstd,zstd/webpack--webpack-5.107.1.tar.zst,1.54,0.18,0.02292081
run_280_repetition_23,DONE,brotli,brotli/has-to-string-tag-x--has-to-string-tag-x-2.1.2.tar.br,0.35,0.04,0.004799285
run_313_repetition_7,DONE,brotli,brotli/workbox-streams--workbox-streams-7.4.1.tar.br,0.33,0.04,0.005039439
run_280_repetition_8,DONE,brotli,brotli/has-to-string-tag-x--has-to-string-tag-x-2.1.2.tar.br,0.29,0.03,0.004417942
run_19_repetition_15,DONE,npm,npm/whatwg-mimetype--whatwg-mimetype-5.0.0.tgz,0.32,0.04,0.004872774
run_274_repetition_24,DONE,brotli,brotli/encoding-sniffer--encoding-sniffer-1.0.2.tar.br,0.36,0.04,0.005259584
run_150_repetition_28,DONE,zopfli,zopfli/eslint-plugin-import--eslint-plugin-import-2.32.0.tgz,1.14,0.14,0.017481529
run_78_repetition_14,DONE,xz,xz/aws-sdk--aws-sdk-2.1693.0.tar.xz,46.07,5.51,0.722489368
run_270_repetition_17,DONE,brotli,brotli/babel-plugin-transform-exponentiation-operator--babel-plugin-transform-exponentiation-operator-6.24.1.tar.br,0.26,0.03,0.003975156
run_88_repetition_1,DONE,xz,xz/ethers--ethers-6.16.0.tar.xz,6.63,0.8,0.104086995
run_88_repetition_24,DONE,xz,xz/ethers--ethers-6.16.0.tar.xz,6.67,0.81,0.104266821
run_167_repetition_27,DONE,zopfli,zopfli/prismjs--prismjs-1.30.0.tgz,1.75,0.21,0.027089357
run_181_repetition_2,DONE,zopfli,zopfli/ts-node--ts-node-10.9.2.tgz,0.7,0.09,0.011430215
run_259_repetition_5,DONE,brotli,brotli/@opentelemetry__semantic-conventions--semantic-conventions-1.41.1.tar.br,1.61,0.2,0.024973416
run_181_repetition_16,DONE,zopfli,zopfli/ts-node--ts-node-10.9.2.tgz,0.74,0.09,0.011471223
run_191_repetition_27,DONE,zstd,zstd/@esbuild__linux-ia32--linux-ia32-0.28.0.tar.zst,3.03,0.35,0.046213929
run_303_repetition_2,DONE,brotli,brotli/strict-uri-encode--strict-uri-encode-2.0.0.tar.br,0.23,0.03,0.003967423
run_303_repetition_24,DONE,brotli,brotli/strict-uri-encode--strict-uri-encode-2.0.0.tar.br,0.26,0.03,0.003922736
run_82_repetition_17,DONE,xz,xz/client-only--client-only-0.0.1.tar.xz,0.26,0.03,0.003824097
run_208_repetition_22,DONE,zstd,zstd/client-only--client-only-0.0.1.tar.zst,0.2,0.02,0.00333582
run_145_repetition_9,DONE,zopfli,zopfli/client-only--client-only-0.0.1.tgz,0.26,0.03,0.003896133
run_218_repetition_0,DONE,zstd,zstd/highlight.js--highlight.js-11.11.1.tar.zst,1.31,0.15,0.01924101
run_138_repetition_1,DONE,zopfli,zopfli/@types__uuid--uuid-11.0.0.tgz,0.26,0.03,0.003791681
run_161_repetition_28,DONE,zopfli,zopfli/linkify-it--linkify-it-5.0.1.tgz,0.26,0.03,0.004153641
run_313_repetition_12,DONE,brotli,brotli/workbox-streams--workbox-streams-7.4.1.tar.br,0.35,0.04,0.004906224
run_278_repetition_14,DONE,brotli,brotli/fetch-blob--fetch-blob-4.0.0.tar.br,0.3,0.04,0.004029644
run_95_repetition_14,DONE,xz,xz/immer--immer-11.1.8.tar.xz,0.74,0.09,0.011635675
run_199_repetition_11,DONE,zstd,zstd/@sindresorhus__is--is-8.1.0.tar.zst,0.23,0.03,0.003860647
run_236_repetition_18,DONE,zstd,zstd/resize-observer-polyfill--resize-observer-polyfill-1.5.1.tar.zst,0.26,0.03,0.003973686
run_164_repetition_13,DONE,zopfli,zopfli/node-notifier--node-notifier-10.0.1.tgz,3.43,0.41,0.053681464
run_260_repetition_25,DONE,brotli,brotli/@parcel__watcher--watcher-2.5.6.tar.br,0.36,0.04,0.005358225
run_247_repetition_28,DONE,zstd,zstd/webpack--webpack-5.107.1.tar.zst,1.52,0.17,0.022808528
run_71_repetition_20,DONE,xz,xz/@parcel__watcher--watcher-2.5.6.tar.xz,0.45,0.05,0.006935865
run_189_repetition_15,DONE,zstd,zstd/@aws-cdk__cloud-assembly-schema--cloud-assembly-schema-53.27.0.tar.zst,0.39,0.05,0.006111849
run_81_repetition_25,DONE,xz,xz/babel-plugin-transform-exponentiation-operator--babel-plugin-transform-exponentiation-operator-6.24.1.tar.xz,0.26,0.03,0.003991674
run_182_repetition_27,DONE,zopfli,zopfli/typescript--typescript-6.0.3.tgz,11.3,1.35,0.178186575
run_257_repetition_12,DONE,brotli,brotli/@modelcontextprotocol__sdk--sdk-1.29.0.tar.br,1.06,0.13,0.01643145
run_164_repetition_14,DONE,zopfli,zopfli/node-notifier--node-notifier-10.0.1.tgz,3.43,0.41,0.053867669
run_15_repetition_21,DONE,npm,npm/html-escaper--html-escaper-3.0.3.tgz,0.32,0.04,0.004997214
run_200_repetition_22,DONE,zstd,zstd/@types__glob--glob-9.0.0.tar.zst,0.23,0.03,0.0033391
run_284_repetition_20,DONE,brotli,brotli/immer--immer-11.1.8.tar.br,0.46,0.05,0.007126027
run_242_repetition_5,DONE,zstd,zstd/tailwindcss--tailwindcss-4.3.0.tar.zst,0.39,0.04,0.005876809
run_271_repetition_5,DONE,brotli,brotli/client-only--client-only-0.0.1.tar.br,0.25,0.03,0.004008578
run_48_repetition_23,DONE,npm,npm/highlight.js--highlight.js-11.11.1.tgz,4.0,0.46,0.061790988
run_107_repetition_28,DONE,xz,xz/react-dom--react-dom-19.2.6.tar.xz,2.49,0.3,0.038936127
run_221_repetition_14,DONE,zstd,zstd/immer--immer-11.1.8.tar.zst,0.36,0.04,0.005746437
run_159_repetition_16,DONE,zopfli,zopfli/jiti--jiti-2.7.0.tgz,1.17,0.14,0.018584104
run_278_repetition_13,DONE,brotli,brotli/fetch-blob--fetch-blob-4.0.0.tar.br,0.25,0.03,0.00406277
run_262_repetition_2,DONE,brotli,brotli/@sindresorhus__is--is-8.1.0.tar.br,0.33,0.04,0.004637553
run_273_repetition_7,DONE,brotli,brotli/dom-accessibility-api--dom-accessibility-api-0.7.1.tar.br,0.39,0.04,0.005634542
run_81_repetition_0,DONE,xz,xz/babel-plugin-transform-exponentiation-operator--babel-plugin-transform-exponentiation-operator-6.24.1.tar.xz,0.23,0.03,0.003861936
run_136_repetition_10,DONE,zopfli,zopfli/@sindresorhus__is--is-8.1.0.tgz,0.32,0.04,0.004651097
run_266_repetition_20,DONE,brotli,brotli/assert-plus--assert-plus-1.0.0.tar.br,0.26,0.03,0.003779397
run_181_repetition_20,DONE,zopfli,zopfli/ts-node--ts-node-10.9.2.tgz,0.7,0.08,0.011094421
run_54_repetition_18,DONE,npm,npm/node-notifier--node-notifier-10.0.1.tgz,3.31,0.39,0.051864387
run_226_repetition_9,DONE,zstd,zstd/next--next-16.2.6.tar.zst,20.9,2.54,0.308947773
run_19_repetition_19,DONE,npm,npm/whatwg-mimetype--whatwg-mimetype-5.0.0.tgz,0.39,0.04,0.005406561
run_46_repetition_18,DONE,npm,npm/@modelcontextprotocol__sdk--sdk-1.29.0.tgz,2.28,0.27,0.034455015
run_132_repetition_15,DONE,zopfli,zopfli/@next__swc-linux-arm64-musl--swc-linux-arm64-musl-16.2.6.tgz,73.87,8.89,1.166047652
run_168_repetition_2,DONE,zopfli,zopfli/prop-types--prop-types-15.8.1.tgz,0.31,0.04,0.004598539
run_206_repetition_18,DONE,zstd,zstd/babel-plugin-check-es2015-constants--babel-plugin-check-es2015-constants-6.22.0.tar.zst,0.26,0.03,0.003532136
run_251_repetition_7,DONE,zstd,zstd/xml2js--xml2js-0.6.2.tar.zst,0.98,0.11,0.014361427
run_43_repetition_19,DONE,npm,npm/jiti--jiti-2.7.0.tgz,1.16,0.14,0.018693675
run_276_repetition_18,DONE,brotli,brotli/eslint-plugin-import--eslint-plugin-import-2.32.0.tar.br,0.77,0.09,0.012000947
run_154_repetition_11,DONE,zopfli,zopfli/has-to-string-tag-x--has-to-string-tag-x-2.1.2.tgz,0.32,0.04,0.004997831
run_140_repetition_2,DONE,zopfli,zopfli/assert-plus--assert-plus-1.0.0.tgz,0.26,0.03,0.003639676
run_102_repetition_4,DONE,xz,xz/path-dirname--path-dirname-1.0.2.tar.xz,0.27,0.03,0.004012079
run_234_repetition_14,DONE,zstd,zstd/react-error-overlay--react-error-overlay-6.1.0.tar.zst,0.32,0.04,0.005041636
run_142_repetition_21,DONE,zopfli,zopfli/babel-helper-get-function-arity--babel-helper-get-function-arity-6.24.1.tgz,0.23,0.03,0.003474938
run_38_repetition_17,DONE,npm,npm/tailwindcss--tailwindcss-4.3.0.tgz,0.7,0.09,0.011255139
run_240_repetition_19,DONE,zstd,zstd/strict-uri-encode--strict-uri-encode-2.0.0.tar.zst,0.26,0.03,0.003528357
run_148_repetition_4,DONE,zopfli,zopfli/encoding-sniffer--encoding-sniffer-1.0.2.tgz,0.39,0.04,0.005034147
run_10_repetition_15,DONE,npm,npm/path-dirname--path-dirname-1.0.2.tgz,0.32,0.04,0.004695608
run_51_repetition_2,DONE,npm,npm/webpack--webpack-5.107.1.tgz,3.58,0.41,0.054728889
run_110_repetition_19,DONE,xz,xz/resize-observer-polyfill--resize-observer-polyfill-1.5.1.tar.xz,0.43,0.05,0.006152134
run_66_repetition_16,DONE,xz,xz/@eslint__eslintrc--eslintrc-3.3.5.tar.xz,0.68,0.08,0.010224453
run_289_repetition_20,DONE,brotli,brotli/next--next-16.2.6.tar.br,22.74,2.78,0.351188205
run_153_repetition_0,DONE,zopfli,zopfli/got--got-15.0.5.tgz,0.51,0.06,0.007529639
run_27_repetition_1,DONE,npm,npm/has-to-string-tag-x--has-to-string-tag-x-2.1.2.tgz,0.38,0.05,0.005595063
run_119_repetition_25,DONE,xz,xz/typescript--typescript-6.0.3.tar.xz,13.59,1.6,0.212027152
run_44_repetition_8,DONE,npm,npm/tar--tar-7.5.15.tgz,1.52,0.18,0.023170224
run_23_repetition_26,DONE,npm,npm/prop-types--prop-types-15.8.1.tgz,0.36,0.04,0.005310046
run_247_repetition_23,DONE,zstd,zstd/webpack--webpack-5.107.1.tar.zst,1.55,0.18,0.022986183
run_63_repetition_22,DONE,xz,xz/@aws-cdk__cloud-assembly-schema--cloud-assembly-schema-53.27.0.tar.xz,1.02,0.12,0.015704285
run_114_repetition_29,DONE,xz,xz/strict-uri-encode--strict-uri-encode-2.0.0.tar.xz,0.3,0.03,0.003989735
run_109_repetition_23,DONE,xz,xz/remove-trailing-separator--remove-trailing-separator-1.1.0.tar.xz,0.29,0.04,0.004071003
run_147_repetition_7,DONE,zopfli,zopfli/dom-accessibility-api--dom-accessibility-api-0.7.1.tgz,0.38,0.05,0.00643119
run_96_repetition_27,DONE,xz,xz/jiti--jiti-2.7.0.tar.xz,2.13,0.25,0.033014468
run_16_repetition_0,DONE,npm,npm/eslint-config-react-app--eslint-config-react-app-7.0.1.tgz,0.35,0.04,0.005467061
run_86_repetition_10,DONE,xz,xz/eslint-config-react-app--eslint-config-react-app-7.0.1.tar.xz,0.29,0.03,0.004403945
run_82_repetition_19,DONE,xz,xz/client-only--client-only-0.0.1.tar.xz,0.28,0.03,0.004411164
run_37_repetition_12,DONE,npm,npm/@aws-cdk__cloud-assembly-schema--cloud-assembly-schema-53.27.0.tgz,0.72,0.09,0.010583328
run_258_repetition_9,DONE,brotli,brotli/@next__swc-linux-arm64-musl--swc-linux-arm64-musl-16.2.6.tar.br,40.69,4.85,0.633182172
run_206_repetition_22,DONE,zstd,zstd/babel-plugin-check-es2015-constants--babel-plugin-check-es2015-constants-6.22.0.tar.zst,0.19,0.02,0.003450429
run_79_repetition_3,DONE,xz,xz/babel-helper-get-function-arity--babel-helper-get-function-arity-6.24.1.tar.xz,0.23,0.03,0.004013803
run_266_repetition_13,DONE,brotli,brotli/assert-plus--assert-plus-1.0.0.tar.br,0.26,0.03,0.003924003
run_282_repetition_28,DONE,brotli,brotli/html-escaper--html-escaper-3.0.3.tar.br,0.32,0.04,0.004110887
run_59_repetition_0,DONE,npm,npm/typescript--typescript-6.0.3.tgz,11.32,1.34,0.175626669
run_236_repetition_7,DONE,zstd,zstd/resize-observer-polyfill--resize-observer-polyfill-1.5.1.tar.zst,0.26,0.03,0.003989353
run_220_repetition_28,DONE,zstd,zstd/iconv-lite--iconv-lite-0.7.2.tar.zst,0.38,0.04,0.005290792
run_242_repetition_14,DONE,zstd,zstd/tailwindcss--tailwindcss-4.3.0.tar.zst,0.39,0.05,0.005899728
run_185_repetition_29,DONE,zopfli,zopfli/whatwg-mimetype--whatwg-mimetype-5.0.0.tgz,0.29,0.03,0.004133893
run_182_repetition_6,DONE,zopfli,zopfli/typescript--typescript-6.0.3.tgz,11.32,1.35,0.177477861
run_232_repetition_8,DONE,zstd,zstd/protobufjs--protobufjs-8.4.2.tar.zst,0.75,0.09,0.011124769
run_187_repetition_2,DONE,zopfli,zopfli/workbox-streams--workbox-streams-7.4.1.tgz,0.32,0.04,0.005005045
run_20_repetition_23,DONE,npm,npm/linkify-it--linkify-it-5.0.1.tgz,0.32,0.04,0.004950292
run_191_repetition_28,DONE,zstd,zstd/@esbuild__linux-ia32--linux-ia32-0.28.0.tar.zst,3.07,0.36,0.046963499
run_69_repetition_28,DONE,xz,xz/@next__swc-linux-arm64-musl--swc-linux-arm64-musl-16.2.6.tar.xz,154.67,18.22,2.423438619
run_119_repetition_7,DONE,xz,xz/typescript--typescript-6.0.3.tar.xz,13.56,1.59,0.211686229
run_9_repetition_16,DONE,npm,npm/remove-trailing-separator--remove-trailing-separator-1.1.0.tgz,0.32,0.04,0.004740621
run_221_repetition_24,DONE,zstd,zstd/immer--immer-11.1.8.tar.zst,0.39,0.05,0.005780261
run_52_repetition_9,DONE,npm,npm/@opentelemetry__semantic-conventions--semantic-conventions-1.41.1.tgz,4.81,0.56,0.074824571
run_116_repetition_20,DONE,xz,xz/tailwindcss--tailwindcss-4.3.0.tar.xz,0.84,0.1,0.013731851
run_311_repetition_16,DONE,brotli,brotli/whatwg-mimetype--whatwg-mimetype-5.0.0.tar.br,0.33,0.04,0.004498584
run_113_repetition_21,DONE,xz,xz/split2--split2-4.2.0.tar.xz,0.32,0.04,0.004398908
run_255_repetition_20,DONE,brotli,brotli/@eslint__eslintrc--eslintrc-3.3.5.tar.br,0.41,0.05,0.006472375
run_310_repetition_0,DONE,brotli,brotli/webpack--webpack-5.107.1.tar.br,1.87,0.22,0.029136564
run_134_repetition_20,DONE,zopfli,zopfli/@parcel__watcher--watcher-2.5.6.tgz,0.39,0.04,0.00527462
run_27_repetition_19,DONE,npm,npm/has-to-string-tag-x--has-to-string-tag-x-2.1.2.tgz,0.39,0.05,0.005431489
run_111_repetition_28,DONE,xz,xz/shallowequal--shallowequal-1.1.0.tar.xz,0.28,0.03,0.004102646
run_64_repetition_27,DONE,xz,xz/@babel__plugin-transform-regexp-modifiers--plugin-transform-regexp-modifiers-7.28.6.tar.xz,0.26,0.03,0.003775413
run_309_repetition_1,DONE,brotli,brotli/watchpack-chokidar2--watchpack-chokidar2-2.0.1.tar.br,0.26,0.03,0.003848738
run_202_repetition_11,DONE,zstd,zstd/@vue__reactivity--reactivity-3.5.34.tar.zst,0.28,0.04,0.004355274
run_197_repetition_25,DONE,zstd,zstd/@parcel__watcher--watcher-2.5.6.tar.zst,0.29,0.04,0.004321626
run_41_repetition_21,DONE,npm,npm/immer--immer-11.1.8.tgz,0.81,0.1,0.012284615
run_89_repetition_17,DONE,xz,xz/fetch-blob--fetch-blob-4.0.0.tar.xz,0.3,0.04,0.004459079
run_53_repetition_17,DONE,npm,npm/libphonenumber-js--libphonenumber-js-1.13.3.tgz,5.31,0.63,0.081994268
run_209_repetition_19,DONE,zstd,zstd/date-fns--date-fns-4.3.0.tar.zst,3.92,0.47,0.057379605
run_223_repetition_28,DONE,zstd,zstd/libphonenumber-js--libphonenumber-js-1.13.3.tar.zst,1.65,0.2,0.024166112
run_47_repetition_13,DONE,npm,npm/protobufjs--protobufjs-8.4.2.tgz,1.9,0.23,0.029670685
run_53_repetition_22,DONE,npm,npm/libphonenumber-js--libphonenumber-js-1.13.3.tgz,5.28,0.63,0.082288132
run_249_repetition_4,DONE,zstd,zstd/workbox-routing--workbox-routing-7.4.1.tar.zst,0.32,0.04,0.004614962
run_296_repetition_26,DONE,brotli,brotli/react-dom--react-dom-19.2.6.tar.br,1.23,0.15,0.019153992
run_263_repetition_23,DONE,brotli,brotli/@types__glob--glob-9.0.0.tar.br,0.26,0.03,0.004005634
run_289_repetition_17,DONE,brotli,brotli/next--next-16.2.6.tar.br,22.53,2.77,0.348195827
run_185_repetition_28,DONE,zopfli,zopfli/whatwg-mimetype--whatwg-mimetype-5.0.0.tgz,0.29,0.04,0.004336084
run_123_repetition_22,DONE,xz,xz/workbox-routing--workbox-routing-7.4.1.tar.xz,0.54,0.07,0.008253073
run_194_repetition_16,DONE,zstd,zstd/@modelcontextprotocol__sdk--sdk-1.29.0.tar.zst,0.97,0.12,0.015040187
run_41_repetition_19,DONE,npm,npm/immer--immer-11.1.8.tgz,0.77,0.09,0.012165665
run_280_repetition_7,DONE,brotli,brotli/has-to-string-tag-x--has-to-string-tag-x-2.1.2.tar.br,0.32,0.04,0.004636467
run_129_repetition_24,DONE,zopfli,zopfli/@eslint__eslintrc--eslintrc-3.3.5.tgz,0.64,0.07,0.008930231
run_5_repetition_29,DONE,npm,npm/babel-plugin-transform-exponentiation-operator--babel-plugin-transform-exponentiation-operator-6.24.1.tgz,0.32,0.04,0.004759079
run_237_repetition_22,DONE,zstd,zstd/shallowequal--shallowequal-1.1.0.tar.zst,0.2,0.02,0.00334147
run_16_repetition_10,DONE,npm,npm/eslint-config-react-app--eslint-config-react-app-7.0.1.tgz,0.32,0.04,0.004644749
run_160_repetition_9,DONE,zopfli,zopfli/libphonenumber-js--libphonenumber-js-1.13.3.tgz,5.65,0.68,0.089265027
run_269_repetition_4,DONE,brotli,brotli/babel-plugin-check-es2015-constants--babel-plugin-check-es2015-constants-6.22.0.tar.br,0.32,0.04,0.004059279
run_240_repetition_16,DONE,zstd,zstd/strict-uri-encode--strict-uri-encode-2.0.0.tar.zst,0.19,0.02,0.003376625
run_130_repetition_5,DONE,zopfli,zopfli/@ethersproject__abstract-signer--abstract-signer-5.8.0.tgz,0.25,0.03,0.004423335
run_290_repetition_19,DONE,brotli,brotli/node-notifier--node-notifier-10.0.1.tar.br,2.55,0.3,0.039900802
run_307_repetition_29,DONE,brotli,brotli/ts-node--ts-node-10.9.2.tar.br,0.51,0.06,0.008104959
run_13_repetition_2,DONE,npm,npm/assert-plus--assert-plus-1.0.0.tgz,0.29,0.03,0.004545585
run_200_repetition_12,DONE,zstd,zstd/@types__glob--glob-9.0.0.tar.zst,0.23,0.02,0.003333418
run_178_repetition_0,DONE,zopfli,zopfli/style-loader--style-loader-4.0.0.tgz,0.29,0.03,0.004177493
run_246_repetition_10,DONE,zstd,zstd/watchpack-chokidar2--watchpack-chokidar2-2.0.1.tar.zst,0.23,0.03,0.00321306
run_116_repetition_21,DONE,xz,xz/tailwindcss--tailwindcss-4.3.0.tar.xz,0.89,0.11,0.01388545
run_239_repetition_12,DONE,zstd,zstd/split2--split2-4.2.0.tar.zst,0.19,0.02,0.003438051
run_19_repetition_25,DONE,npm,npm/whatwg-mimetype--whatwg-mimetype-5.0.0.tgz,0.32,0.04,0.004857569
run_103_repetition_16,DONE,xz,xz/prettier--prettier-3.8.3.tar.xz,6.55,0.78,0.102744719
run_148_repetition_13,DONE,zopfli,zopfli/encoding-sniffer--encoding-sniffer-1.0.2.tgz,0.32,0.04,0.005027034
run_36_repetition_20,DONE,npm,npm/lodash-es--lodash-es-4.18.1.tgz,1.55,0.18,0.023859598
run_117_repetition_26,DONE,xz,xz/tar--tar-7.5.15.tar.xz,1.66,0.2,0.025969915
run_71_repetition_2,DONE,xz,xz/@parcel__watcher--watcher-2.5.6.tar.xz,0.42,0.05,0.006684197
run_215_repetition_9,DONE,zstd,zstd/fetch-blob--fetch-blob-4.0.0.tar.zst,0.19,0.02,0.003430447
run_173_repetition_27,DONE,zopfli,zopfli/resize-observer-polyfill--resize-observer-polyfill-1.5.1.tgz,0.32,0.04,0.005095674
run_155_repetition_6,DONE,zopfli,zopfli/highlight.js--highlight.js-11.11.1.tgz,3.55,0.42,0.056085289
run_67_repetition_10,DONE,xz,xz/@ethersproject__abstract-signer--abstract-signer-5.8.0.tar.xz,0.36,0.04,0.00509624
run_48_repetition_16,DONE,npm,npm/highlight.js--highlight.js-11.11.1.tgz,3.96,0.46,0.061077613
run_314_repetition_22,DONE,brotli,brotli/xml2js--xml2js-0.6.2.tar.br,1.31,0.15,0.020195147
run_67_repetition_6,DONE,xz,xz/@ethersproject__abstract-signer--abstract-signer-5.8.0.tar.xz,0.32,0.04,0.005133149
run_8_repetition_23,DONE,npm,npm/@babel__plugin-transform-regexp-modifiers--plugin-transform-regexp-modifiers-7.28.6.tgz,0.32,0.04,0.004842935
run_120_repetition_8,DONE,xz,xz/watchpack-chokidar2--watchpack-chokidar2-2.0.1.tar.xz,0.26,0.03,0.003524606
run_141_repetition_21,DONE,zopfli,zopfli/aws-sdk--aws-sdk-2.1693.0.tgz,38.65,4.6,0.605188627
run_161_repetition_3,DONE,zopfli,zopfli/linkify-it--linkify-it-5.0.1.tgz,0.29,0.03,0.004188608
run_248_repetition_10,DONE,zstd,zstd/whatwg-mimetype--whatwg-mimetype-5.0.0.tar.zst,0.23,0.03,0.003565847
run_143_repetition_7,DONE,zopfli,zopfli/babel-plugin-check-es2015-constants--babel-plugin-check-es2015-constants-6.22.0.tgz,0.26,0.03,0.003609478
run_11_repetition_14,DONE,npm,npm/shallowequal--shallowequal-1.1.0.tgz,0.36,0.04,0.004739923
run_277_repetition_7,DONE,brotli,brotli/ethers--ethers-6.16.0.tar.br,2.75,0.33,0.042213981
run_40_repetition_11,DONE,npm,npm/ts-node--ts-node-10.9.2.tgz,0.78,0.09,0.011717494
run_203_repetition_21,DONE,zstd,zstd/assert-plus--assert-plus-1.0.0.tar.zst,0.23,0.03,0.003461619
run_275_repetition_23,DONE,brotli,brotli/eslint-config-react-app--eslint-config-react-app-7.0.1.tar.br,0.3,0.04,0.003991828
run_9_repetition_22,DONE,npm,npm/remove-trailing-separator--remove-trailing-separator-1.1.0.tgz,0.29,0.03,0.004706664
run_161_repetition_13,DONE,zopfli,zopfli/linkify-it--linkify-it-5.0.1.tgz,0.23,0.03,0.004176527
run_87_repetition_11,DONE,xz,xz/eslint-plugin-import--eslint-plugin-import-2.32.0.tar.xz,2.04,0.24,0.031366436
run_150_repetition_2,DONE,zopfli,zopfli/eslint-plugin-import--eslint-plugin-import-2.32.0.tgz,1.15,0.14,0.017811444
run_243_repetition_4,DONE,zstd,zstd/tar--tar-7.5.15.tar.zst,0.65,0.08,0.00977644
run_96_repetition_15,DONE,xz,xz/jiti--jiti-2.7.0.tar.xz,2.11,0.25,0.033259115
run_135_repetition_17,DONE,zopfli,zopfli/@radix-ui__primitive--primitive-1.1.3.tgz,0.27,0.03,0.00393679
run_151_repetition_11,DONE,zopfli,zopfli/ethers--ethers-6.16.0.tgz,7.43,0.88,0.116366199
run_170_repetition_12,DONE,zopfli,zopfli/react-dom--react-dom-19.2.6.tgz,3.52,0.41,0.054792012
run_278_repetition_27,DONE,brotli,brotli/fetch-blob--fetch-blob-4.0.0.tar.br,0.26,0.03,0.004097162
run_80_repetition_1,DONE,xz,xz/babel-plugin-check-es2015-constants--babel-plugin-check-es2015-constants-6.22.0.tar.xz,0.29,0.03,0.004078186
run_235_repetition_16,DONE,zstd,zstd/remove-trailing-separator--remove-trailing-separator-1.1.0.tar.zst,0.26,0.03,0.003369486
run_168_repetition_3,DONE,zopfli,zopfli/prop-types--prop-types-15.8.1.tgz,0.32,0.04,0.00445621
run_0_repetition_19,DONE,npm,npm/watchpack-chokidar2--watchpack-chokidar2-2.0.1.tgz,0.26,0.03,0.004414749
run_287_repetition_6,DONE,brotli,brotli/linkify-it--linkify-it-5.0.1.tar.br,0.26,0.03,0.003995264
run_176_repetition_6,DONE,zopfli,zopfli/split2--split2-4.2.0.tgz,0.26,0.03,0.003772771
run_294_repetition_29,DONE,brotli,brotli/prop-types--prop-types-15.8.1.tar.br,0.32,0.04,0.004528569
run_300_repetition_2,DONE,brotli,brotli/shallowequal--shallowequal-1.1.0.tar.br,0.29,0.03,0.003998994
run_184_repetition_17,DONE,zopfli,zopfli/webpack--webpack-5.107.1.tgz,3.65,0.43,0.057615549
run_254_repetition_4,DONE,brotli,brotli/@esbuild__linux-ia32--linux-ia32-0.28.0.tar.br,5.73,0.68,0.089430318
run_267_repetition_11,DONE,brotli,brotli/aws-sdk--aws-sdk-2.1693.0.tar.br,13.21,1.62,0.203789541
run_128_repetition_5,DONE,zopfli,zopfli/@esbuild__linux-ia32--linux-ia32-0.28.0.tgz,7.6,0.9,0.118725755
run_232_repetition_18,DONE,zstd,zstd/protobufjs--protobufjs-8.4.2.tar.zst,0.71,0.09,0.011050426
run_79_repetition_4,DONE,xz,xz/babel-helper-get-function-arity--babel-helper-get-function-arity-6.24.1.tar.xz,0.29,0.03,0.00395982
run_175_repetition_22,DONE,zopfli,zopfli/source-list-map--source-list-map-2.0.1.tgz,0.26,0.03,0.004109299
run_54_repetition_17,DONE,npm,npm/node-notifier--node-notifier-10.0.1.tgz,3.28,0.39,0.051537439
run_275_repetition_12,DONE,brotli,brotli/eslint-config-react-app--eslint-config-react-app-7.0.1.tar.br,0.29,0.03,0.003929464
run_283_repetition_13,DONE,brotli,brotli/iconv-lite--iconv-lite-0.7.2.tar.br,0.48,0.06,0.007431325
run_257_repetition_3,DONE,brotli,brotli/@modelcontextprotocol__sdk--sdk-1.29.0.tar.br,1.07,0.13,0.016338723
run_232_repetition_19,DONE,zstd,zstd/protobufjs--protobufjs-8.4.2.tar.zst,0.74,0.09,0.011371382
run_5_repetition_27,DONE,npm,npm/babel-plugin-transform-exponentiation-operator--babel-plugin-transform-exponentiation-operator-6.24.1.tgz,0.32,0.03,0.004555349
run_26_repetition_16,DONE,npm,npm/workbox-streams--workbox-streams-7.4.1.tgz,0.39,0.05,0.005839393
run_196_repetition_7,DONE,zstd,zstd/@opentelemetry__semantic-conventions--semantic-conventions-1.41.1.tar.zst,1.6,0.19,0.024636641
run_283_repetition_7,DONE,brotli,brotli/iconv-lite--iconv-lite-0.7.2.tar.br,0.46,0.05,0.007497141
run_205_repetition_2,DONE,zstd,zstd/babel-helper-get-function-arity--babel-helper-get-function-arity-6.24.1.tar.zst,0.23,0.03,0.003520093
run_304_repetition_23,DONE,brotli,brotli/style-loader--style-loader-4.0.0.tar.br,0.3,0.03,0.004341135
run_174_repetition_3,DONE,zopfli,zopfli/shallowequal--shallowequal-1.1.0.tgz,0.26,0.03,0.003812641
run_186_repetition_9,DONE,zopfli,zopfli/workbox-routing--workbox-routing-7.4.1.tgz,0.38,0.05,0.006270868
run_228_repetition_16,DONE,zstd,zstd/path-dirname--path-dirname-1.0.2.tar.zst,0.23,0.03,0.003343966
run_293_repetition_26,DONE,brotli,brotli/prismjs--prismjs-1.30.0.tar.br,1.02,0.12,0.015637752
run_93_repetition_28,DONE,xz,xz/html-escaper--html-escaper-3.0.3.tar.xz,0.29,0.03,0.00428754
run_145_repetition_4,DONE,zopfli,zopfli/client-only--client-only-0.0.1.tgz,0.26,0.03,0.003431242
run_207_repetition_1,DONE,zstd,zstd/babel-plugin-transform-exponentiation-operator--babel-plugin-transform-exponentiation-operator-6.24.1.tar.zst,0.26,0.03,0.003424655
run_178_repetition_19,DONE,zopfli,zopfli/style-loader--style-loader-4.0.0.tgz,0.29,0.04,0.004502328
run_189_repetition_8,DONE,zstd,zstd/@aws-cdk__cloud-assembly-schema--cloud-assembly-schema-53.27.0.tar.zst,0.39,0.05,0.006191309
run_214_repetition_26,DONE,zstd,zstd/ethers--ethers-6.16.0.tar.zst,2.26,0.27,0.033415961
run_52_repetition_4,DONE,npm,npm/@opentelemetry__semantic-conventions--semantic-conventions-1.41.1.tgz,4.85,0.59,0.075338892
run_264_repetition_17,DONE,brotli,brotli/@types__uuid--uuid-11.0.0.tar.br,0.23,0.03,0.003665648
run_211_repetition_21,DONE,zstd,zstd/encoding-sniffer--encoding-sniffer-1.0.2.tar.zst,0.29,0.03,0.003967356
run_89_repetition_28,DONE,xz,xz/fetch-blob--fetch-blob-4.0.0.tar.xz,0.29,0.03,0.004521083
run_100_repetition_7,DONE,xz,xz/next--next-16.2.6.tar.xz,73.03,8.79,1.145854083
run_206_repetition_5,DONE,zstd,zstd/babel-plugin-check-es2015-constants--babel-plugin-check-es2015-constants-6.22.0.tar.zst,0.26,0.03,0.003407725
run_47_repetition_3,DONE,npm,npm/protobufjs--protobufjs-8.4.2.tgz,1.9,0.22,0.02920286
run_143_repetition_21,DONE,zopfli,zopfli/babel-plugin-check-es2015-constants--babel-plugin-check-es2015-constants-6.22.0.tgz,0.29,0.03,0.00396229
run_22_repetition_5,DONE,npm,npm/@ethersproject__abstract-signer--abstract-signer-5.8.0.tgz,0.36,0.04,0.005520018
run_34_repetition_14,DONE,npm,npm/react-error-overlay--react-error-overlay-6.1.0.tgz,0.51,0.06,0.008276044
run_65_repetition_11,DONE,xz,xz/@esbuild__linux-ia32--linux-ia32-0.28.0.tar.xz,21.57,2.54,0.337771147
run_75_repetition_11,DONE,xz,xz/@types__uuid--uuid-11.0.0.tar.xz,0.29,0.03,0.004363057
run_139_repetition_3,DONE,zopfli,zopfli/@vue__reactivity--reactivity-3.5.34.tgz,0.46,0.05,0.006659134
run_241_repetition_0,DONE,zstd,zstd/style-loader--style-loader-4.0.0.tar.zst,0.26,0.03,0.003713471
run_165_repetition_2,DONE,zopfli,zopfli/path-dirname--path-dirname-1.0.2.tgz,0.26,0.03,0.003693165
run_46_repetition_22,DONE,npm,npm/@modelcontextprotocol__sdk--sdk-1.29.0.tgz,2.32,0.27,0.034984166
run_255_repetition_2,DONE,brotli,brotli/@eslint__eslintrc--eslintrc-3.3.5.tar.br,0.42,0.05,0.006188146
run_266_repetition_21,DONE,brotli,brotli/assert-plus--assert-plus-1.0.0.tar.br,0.26,0.03,0.003800193
run_133_repetition_10,DONE,zopfli,zopfli/@opentelemetry__semantic-conventions--semantic-conventions-1.41.1.tgz,4.93,0.59,0.077854797
run_21_repetition_7,DONE,npm,npm/style-loader--style-loader-4.0.0.tgz,0.35,0.04,0.00537048
run_238_repetition_5,DONE,zstd,zstd/source-list-map--source-list-map-2.0.1.tar.zst,0.22,0.03,0.003360586
run_71_repetition_17,DONE,xz,xz/@parcel__watcher--watcher-2.5.6.tar.xz,0.48,0.05,0.007283454
run_254_repetition_13,DONE,brotli,brotli/@esbuild__linux-ia32--linux-ia32-0.28.0.tar.br,5.58,0.67,0.087704532
run_24_repetition_18,DONE,npm,npm/@sindresorhus__is--is-8.1.0.tgz,0.39,0.04,0.005299366
run_293_repetition_29,DONE,brotli,brotli/prismjs--prismjs-1.30.0.tar.br,1.03,0.12,0.015854863
run_72_repetition_6,DONE,xz,xz/@radix-ui__primitive--primitive-1.1.3.tar.xz,0.29,0.03,0.00414645
run_188_repetition_6,DONE,zopfli,zopfli/xml2js--xml2js-0.6.2.tgz,2.09,0.25,0.032493085
run_263_repetition_18,DONE,brotli,brotli/@types__glob--glob-9.0.0.tar.br,0.26,0.03,0.003992794
run_175_repetition_18,DONE,zopfli,zopfli/source-list-map--source-list-map-2.0.1.tgz,0.32,0.04,0.004487791
run_35_repetition_22,DONE,npm,npm/@eslint__eslintrc--eslintrc-3.3.5.tgz,0.64,0.07,0.009381869
run_207_repetition_5,DONE,zstd,zstd/babel-plugin-transform-exponentiation-operator--babel-plugin-transform-exponentiation-operator-6.24.1.tar.zst,0.19,0.02,0.003337561
run_60_repetition_29,DONE,npm,npm/aws-sdk--aws-sdk-2.1693.0.tgz,37.69,4.46,0.5855279
run_118_repetition_22,DONE,xz,xz/ts-node--ts-node-10.9.2.tar.xz,1.08,0.13,0.016923489
run_283_repetition_26,DONE,brotli,brotli/iconv-lite--iconv-lite-0.7.2.tar.br,0.45,0.06,0.00736393
run_69_repetition_1,DONE,xz,xz/@next__swc-linux-arm64-musl--swc-linux-arm64-musl-16.2.6.tar.xz,154.26,18.33,2.421067552
run_269_repetition_29,DONE,brotli,brotli/babel-plugin-check-es2015-constants--babel-plugin-check-es2015-constants-6.22.0.tar.br,0.24,0.03,0.003741327
run_243_repetition_18,DONE,zstd,zstd/tar--tar-7.5.15.tar.zst,0.65,0.08,0.009898631
run_54_repetition_25,DONE,npm,npm/node-notifier--node-notifier-10.0.1.tgz,3.33,0.39,0.051873699
run_241_repetition_13,DONE,zstd,zstd/style-loader--style-loader-4.0.0.tar.zst,0.22,0.03,0.00354739
run_190_repetition_17,DONE,zstd,zstd/@babel__plugin-transform-regexp-modifiers--plugin-transform-regexp-modifiers-7.28.6.tar.zst,0.26,0.03,0.003610702
run_104_repetition_7,DONE,xz,xz/prismjs--prismjs-1.30.0.tar.xz,2.82,0.34,0.043521582
run_249_repetition_9,DONE,zstd,zstd/workbox-routing--workbox-routing-7.4.1.tar.zst,0.33,0.04,0.005249273
run_94_repetition_22,DONE,xz,xz/iconv-lite--iconv-lite-0.7.2.tar.xz,1.09,0.13,0.0171191
run_262_repetition_23,DONE,brotli,brotli/@sindresorhus__is--is-8.1.0.tar.br,0.32,0.04,0.004832076
run_166_repetition_13,DONE,zopfli,zopfli/prettier--prettier-3.8.3.tgz,4.99,0.59,0.077197193
run_192_repetition_21,DONE,zstd,zstd/@eslint__eslintrc--eslintrc-3.3.5.tar.zst,0.33,0.04,0.005334536
run_305_repetition_17,DONE,brotli,brotli/tailwindcss--tailwindcss-4.3.0.tar.br,0.52,0.06,0.007225556
run_64_repetition_26,DONE,xz,xz/@babel__plugin-transform-regexp-modifiers--plugin-transform-regexp-modifiers-7.28.6.tar.xz,0.26,0.03,0.003917665
run_307_repetition_1,DONE,brotli,brotli/ts-node--ts-node-10.9.2.tar.br,0.55,0.07,0.00815461
run_95_repetition_19,DONE,xz,xz/immer--immer-11.1.8.tar.xz,0.77,0.09,0.011657335
run_237_repetition_4,DONE,zstd,zstd/shallowequal--shallowequal-1.1.0.tar.zst,0.22,0.03,0.003383094
run_207_repetition_4,DONE,zstd,zstd/babel-plugin-transform-exponentiation-operator--babel-plugin-transform-exponentiation-operator-6.24.1.tar.zst,0.23,0.03,0.003470125
run_223_repetition_27,DONE,zstd,zstd/libphonenumber-js--libphonenumber-js-1.13.3.tar.zst,1.67,0.2,0.025042016
run_50_repetition_12,DONE,npm,npm/react-dom--react-dom-19.2.6.tgz,3.5,0.41,0.054624838
run_172_repetition_20,DONE,zopfli,zopfli/remove-trailing-separator--remove-trailing-separator-1.1.0.tgz,0.19,0.02,0.00355455
run_34_repetition_15,DONE,npm,npm/react-error-overlay--react-error-overlay-6.1.0.tgz,0.55,0.07,0.008349757
run_15_repetition_22,DONE,npm,npm/html-escaper--html-escaper-3.0.3.tgz,0.32,0.04,0.004977421
run_134_repetition_16,DONE,zopfli,zopfli/@parcel__watcher--watcher-2.5.6.tgz,0.38,0.05,0.005862725
run_32_repetition_28,DONE,npm,npm/@vue__reactivity--reactivity-3.5.34.tgz,0.51,0.06,0.007439978
run_86_repetition_26,DONE,xz,xz/eslint-config-react-app--eslint-config-react-app-7.0.1.tar.xz,0.31,0.04,0.00467407
run_265_repetition_11,DONE,brotli,brotli/@vue__reactivity--reactivity-3.5.34.tar.br,0.35,0.04,0.00519687
run_59_repetition_28,DONE,npm,npm/typescript--typescript-6.0.3.tgz,11.16,1.35,0.174159498
run_129_repetition_29,DONE,zopfli,zopfli/@eslint__eslintrc--eslintrc-3.3.5.tgz,0.6,0.07,0.009486877
run_99_repetition_4,DONE,xz,xz/lodash-es--lodash-es-4.18.1.tar.xz,1.02,0.12,0.015721221
run_258_repetition_0,DONE,brotli,brotli/@next__swc-linux-arm64-musl--swc-linux-arm64-musl-16.2.6.tar.br,40.33,4.82,0.629197245
run_1_repetition_28,DONE,npm,npm/client-only--client-only-0.0.1.tgz,0.32,0.04,0.004581128
run_25_repetition_24,DONE,npm,npm/encoding-sniffer--encoding-sniffer-1.0.2.tgz,0.39,0.05,0.005775766
run_65_repetition_17,DONE,xz,xz/@esbuild__linux-ia32--linux-ia32-0.28.0.tar.xz,21.55,2.53,0.338282159
run_6_repetition_3,DONE,npm,npm/babel-plugin-check-es2015-constants--babel-plugin-check-es2015-constants-6.22.0.tgz,0.32,0.04,0.004697353
run_250_repetition_8,DONE,zstd,zstd/workbox-streams--workbox-streams-7.4.1.tar.zst,0.26,0.03,0.003996171
run_21_repetition_15,DONE,npm,npm/style-loader--style-loader-4.0.0.tgz,0.35,0.04,0.005662558
run_252_repetition_13,DONE,brotli,brotli/@aws-cdk__cloud-assembly-schema--cloud-assembly-schema-53.27.0.tar.br,0.52,0.06,0.007539288
run_82_repetition_7,DONE,xz,xz/client-only--client-only-0.0.1.tar.xz,0.23,0.03,0.003690608
run_240_repetition_2,DONE,zstd,zstd/strict-uri-encode--strict-uri-encode-2.0.0.tar.zst,0.23,0.03,0.003625066
run_112_repetition_28,DONE,xz,xz/source-list-map--source-list-map-2.0.1.tar.xz,0.32,0.04,0.004665453
run_235_repetition_14,DONE,zstd,zstd/remove-trailing-separator--remove-trailing-separator-1.1.0.tar.zst,0.23,0.03,0.003424742
run_51_repetition_11,DONE,npm,npm/webpack--webpack-5.107.1.tgz,3.5,0.42,0.054628725
run_135_repetition_0,DONE,zopfli,zopfli/@radix-ui__primitive--primitive-1.1.3.tgz,0.26,0.03,0.003990414
run_281_repetition_29,DONE,brotli,brotli/highlight.js--highlight.js-11.11.1.tar.br,1.61,0.19,0.024645629
run_291_repetition_20,DONE,brotli,brotli/path-dirname--path-dirname-1.0.2.tar.br,0.26,0.03,0.003733936
run_153_repetition_23,DONE,zopfli,zopfli/got--got-15.0.5.tgz,0.48,0.06,0.006842722
run_19_repetition_24,DONE,npm,npm/whatwg-mimetype--whatwg-mimetype-5.0.0.tgz,0.36,0.04,0.004893368
run_307_repetition_0,DONE,brotli,brotli/ts-node--ts-node-10.9.2.tar.br,0.55,0.07,0.008021284
run_225_repetition_13,DONE,zstd,zstd/lodash-es--lodash-es-4.18.1.tar.zst,0.51,0.06,0.007208523
run_295_repetition_24,DONE,brotli,brotli/protobufjs--protobufjs-8.4.2.tar.br,0.9,0.11,0.013119762
run_144_repetition_17,DONE,zopfli,zopfli/babel-plugin-transform-exponentiation-operator--babel-plugin-transform-exponentiation-operator-6.24.1.tgz,0.26,0.03,0.003626306
run_36_repetition_2,DONE,npm,npm/lodash-es--lodash-es-4.18.1.tgz,1.54,0.18,0.023963289
run_83_repetition_27,DONE,xz,xz/date-fns--date-fns-4.3.0.tar.xz,9.74,1.18,0.152459469
run_47_repetition_8,DONE,npm,npm/protobufjs--protobufjs-8.4.2.tgz,1.92,0.24,0.029359866
run_311_repetition_24,DONE,brotli,brotli/whatwg-mimetype--whatwg-mimetype-5.0.0.tar.br,0.29,0.04,0.004252107
run_26_repetition_19,DONE,npm,npm/workbox-streams--workbox-streams-7.4.1.tgz,0.42,0.05,0.006011667
run_46_repetition_20,DONE,npm,npm/@modelcontextprotocol__sdk--sdk-1.29.0.tgz,2.22,0.26,0.034305051
run_95_repetition_21,DONE,xz,xz/immer--immer-11.1.8.tar.xz,0.77,0.09,0.01174331
run_259_repetition_1,DONE,brotli,brotli/@opentelemetry__semantic-conventions--semantic-conventions-1.41.1.tar.br,1.62,0.2,0.025335544
run_25_repetition_23,DONE,npm,npm/encoding-sniffer--encoding-sniffer-1.0.2.tgz,0.35,0.04,0.005574783
run_248_repetition_24,DONE,zstd,zstd/whatwg-mimetype--whatwg-mimetype-5.0.0.tar.zst,0.23,0.03,0.003587519
run_252_repetition_1,DONE,brotli,brotli/@aws-cdk__cloud-assembly-schema--cloud-assembly-schema-53.27.0.tar.br,0.54,0.06,0.007987132
run_248_repetition_26,DONE,zstd,zstd/whatwg-mimetype--whatwg-mimetype-5.0.0.tar.zst,0.23,0.03,0.0036024
run_65_repetition_22,DONE,xz,xz/@esbuild__linux-ia32--linux-ia32-0.28.0.tar.xz,21.57,2.56,0.337507274
run_81_repetition_14,DONE,xz,xz/babel-plugin-transform-exponentiation-operator--babel-plugin-transform-exponentiation-operator-6.24.1.tar.xz,0.29,0.04,0.004064103
run_281_repetition_20,DONE,brotli,brotli/highlight.js--highlight.js-11.11.1.tar.br,1.56,0.19,0.024607881
run_138_repetition_21,DONE,zopfli,zopfli/@types__uuid--uuid-11.0.0.tgz,0.26,0.03,0.003591933
run_261_repetition_26,DONE,brotli,brotli/@radix-ui__primitive--primitive-1.1.3.tar.br,0.29,0.03,0.004298601
run_37_repetition_0,DONE,npm,npm/@aws-cdk__cloud-assembly-schema--cloud-assembly-schema-53.27.0.tgz,0.68,0.08,0.010462009
run_45_repetition_14,DONE,npm,npm/prismjs--prismjs-1.30.0.tgz,1.89,0.22,0.028933427
run_37_repetition_6,DONE,npm,npm/@aws-cdk__cloud-assembly-schema--cloud-assembly-schema-53.27.0.tgz,0.71,0.08,0.010532797
run_214_repetition_8,DONE,zstd,zstd/ethers--ethers-6.16.0.tar.zst,2.28,0.27,0.033216006
run_100_repetition_1,DONE,xz,xz/next--next-16.2.6.tar.xz,72.88,8.79,1.145853035
run_24_repetition_25,DONE,npm,npm/@sindresorhus__is--is-8.1.0.tgz,0.33,0.04,0.005181156
run_130_repetition_16,DONE,zopfli,zopfli/@ethersproject__abstract-signer--abstract-signer-5.8.0.tgz,0.29,0.03,0.004515704
run_314_repetition_11,DONE,brotli,brotli/xml2js--xml2js-0.6.2.tar.br,1.28,0.16,0.019853397
run_234_repetition_13,DONE,zstd,zstd/react-error-overlay--react-error-overlay-6.1.0.tar.zst,0.39,0.04,0.005202913
run_256_repetition_25,DONE,brotli,brotli/@ethersproject__abstract-signer--abstract-signer-5.8.0.tar.br,0.29,0.03,0.004496396
run_197_repetition_22,DONE,zstd,zstd/@parcel__watcher--watcher-2.5.6.tar.zst,0.29,0.03,0.004068243
run_278_repetition_11,DONE,brotli,brotli/fetch-blob--fetch-blob-4.0.0.tar.br,0.26,0.03,0.004333216
run_313_repetition_11,DONE,brotli,brotli/workbox-streams--workbox-streams-7.4.1.tar.br,0.32,0.04,0.004989023
run_105_repetition_5,DONE,xz,xz/prop-types--prop-types-15.8.1.tar.xz,0.35,0.04,0.005642787
run_158_repetition_17,DONE,zopfli,zopfli/immer--immer-11.1.8.tgz,0.74,0.09,0.011718879
run_60_repetition_22,DONE,npm,npm/aws-sdk--aws-sdk-2.1693.0.tgz,37.37,4.48,0.584839775
run_16_repetition_25,DONE,npm,npm/eslint-config-react-app--eslint-config-react-app-7.0.1.tgz,0.33,0.03,0.004840217
run_128_repetition_19,DONE,zopfli,zopfli/@esbuild__linux-ia32--linux-ia32-0.28.0.tgz,7.56,0.89,0.118727464
run_277_repetition_25,DONE,brotli,brotli/ethers--ethers-6.16.0.tar.br,2.76,0.33,0.042715742
run_233_repetition_0,DONE,zstd,zstd/react-dom--react-dom-19.2.6.tar.zst,1.12,0.14,0.017683883
run_121_repetition_0,DONE,xz,xz/webpack--webpack-5.107.1.tar.xz,5.53,0.67,0.087135228
run_86_repetition_18,DONE,xz,xz/eslint-config-react-app--eslint-config-react-app-7.0.1.tar.xz,0.25,0.03,0.004192694
run_149_repetition_20,DONE,zopfli,zopfli/eslint-config-react-app--eslint-config-react-app-7.0.1.tgz,0.26,0.03,0.004004235
run_85_repetition_4,DONE,xz,xz/encoding-sniffer--encoding-sniffer-1.0.2.tar.xz,0.35,0.04,0.005344634
run_102_repetition_6,DONE,xz,xz/path-dirname--path-dirname-1.0.2.tar.xz,0.25,0.03,0.00394396
run_277_repetition_5,DONE,brotli,brotli/ethers--ethers-6.16.0.tar.br,2.69,0.33,0.041905341
run_77_repetition_5,DONE,xz,xz/assert-plus--assert-plus-1.0.0.tar.xz,0.29,0.04,0.00440577
run_112_repetition_27,DONE,xz,xz/source-list-map--source-list-map-2.0.1.tar.xz,0.29,0.03,0.004630868
run_127_repetition_18,DONE,zopfli,zopfli/@babel__plugin-transform-regexp-modifiers--plugin-transform-regexp-modifiers-7.28.6.tgz,0.19,0.03,0.00350336
run_16_repetition_26,DONE,npm,npm/eslint-config-react-app--eslint-config-react-app-7.0.1.tgz,0.32,0.04,0.004877224
run_253_repetition_25,DONE,brotli,brotli/@babel__plugin-transform-regexp-modifiers--plugin-transform-regexp-modifiers-7.28.6.tar.br,0.32,0.04,0.004392177
run_143_repetition_19,DONE,zopfli,zopfli/babel-plugin-check-es2015-constants--babel-plugin-check-es2015-constants-6.22.0.tgz,0.23,0.03,0.003614069
run_160_repetition_18,DONE,zopfli,zopfli/libphonenumber-js--libphonenumber-js-1.13.3.tgz,5.66,0.68,0.089317748
run_212_repetition_11,DONE,zstd,zstd/eslint-config-react-app--eslint-config-react-app-7.0.1.tar.zst,0.26,0.03,0.003590299
run_260_repetition_5,DONE,brotli,brotli/@parcel__watcher--watcher-2.5.6.tar.br,0.32,0.04,0.004856399
run_159_repetition_10,DONE,zopfli,zopfli/jiti--jiti-2.7.0.tgz,1.18,0.13,0.018157165
run_109_repetition_1,DONE,xz,xz/remove-trailing-separator--remove-trailing-separator-1.1.0.tar.xz,0.25,0.03,0.003942914
run_78_repetition_11,DONE,xz,xz/aws-sdk--aws-sdk-2.1693.0.tar.xz,45.82,5.46,0.721432005
run_160_repetition_1,DONE,zopfli,zopfli/libphonenumber-js--libphonenumber-js-1.13.3.tgz,5.69,0.68,0.089260393
run_76_repetition_4,DONE,xz,xz/@vue__reactivity--reactivity-3.5.34.tar.xz,0.44,0.05,0.007123783
run_140_repetition_28,DONE,zopfli,zopfli/assert-plus--assert-plus-1.0.0.tgz,0.26,0.03,0.003486698
run_12_repetition_11,DONE,npm,npm/@radix-ui__primitive--primitive-1.1.3.tgz,0.32,0.04,0.00476357
run_24_repetition_20,DONE,npm,npm/@sindresorhus__is--is-8.1.0.tgz,0.38,0.05,0.005382195
run_123_repetition_14,DONE,xz,xz/workbox-routing--workbox-routing-7.4.1.tar.xz,0.51,0.06,0.00805236
run_104_repetition_5,DONE,xz,xz/prismjs--prismjs-1.30.0.tar.xz,2.77,0.33,0.043637553
run_171_repetition_26,DONE,zopfli,zopfli/react-error-overlay--react-error-overlay-6.1.0.tgz,0.5,0.06,0.007603215
run_240_repetition_29,DONE,zstd,zstd/strict-uri-encode--strict-uri-encode-2.0.0.tar.zst,0.23,0.03,0.003389097
run_284_repetition_14,DONE,brotli,brotli/immer--immer-11.1.8.tar.br,0.44,0.05,0.006816124
run_171_repetition_3,DONE,zopfli,zopfli/react-error-overlay--react-error-overlay-6.1.0.tgz,0.51,0.06,0.007643401
run_22_repetition_28,DONE,npm,npm/@ethersproject__abstract-signer--abstract-signer-5.8.0.tgz,0.38,0.05,0.005429246
run_79_repetition_20,DONE,xz,xz/babel-helper-get-function-arity--babel-helper-get-function-arity-6.24.1.tar.xz,0.26,0.03,0.003975409
run_233_repetition_10,DONE,zstd,zstd/react-dom--react-dom-19.2.6.tar.zst,1.16,0.14,0.017626348
run_224_repetition_2,DONE,zstd,zstd/linkify-it--linkify-it-5.0.1.tar.zst,0.27,0.03,0.003449108
run_313_repetition_4,DONE,brotli,brotli/workbox-streams--workbox-streams-7.4.1.tar.br,0.32,0.04,0.004682286
run_240_repetition_12,DONE,zstd,zstd/strict-uri-encode--strict-uri-encode-2.0.0.tar.zst,0.19,0.02,0.003398501
run_26_repetition_3,DONE,npm,npm/workbox-streams--workbox-streams-7.4.1.tgz,0.39,0.04,0.005929713
run_17_repetition_13,DONE,npm,npm/source-list-map--source-list-map-2.0.1.tgz,0.32,0.04,0.005138942
run_174_repetition_9,DONE,zopfli,zopfli/shallowequal--shallowequal-1.1.0.tgz,0.26,0.03,0.003341179
run_137_repetition_20,DONE,zopfli,zopfli/@types__glob--glob-9.0.0.tgz,0.25,0.03,0.003545168
run_13_repetition_21,DONE,npm,npm/assert-plus--assert-plus-1.0.0.tgz,0.32,0.04,0.00486673
run_196_repetition_20,DONE,zstd,zstd/@opentelemetry__semantic-conventions--semantic-conventions-1.41.1.tar.zst,1.59,0.19,0.024882224
run_314_repetition_28,DONE,brotli,brotli/xml2js--xml2js-0.6.2.tar.br,1.27,0.15,0.020115238
run_69_repetition_16,DONE,xz,xz/@next__swc-linux-arm64-musl--swc-linux-arm64-musl-16.2.6.tar.xz,153.92,18.17,2.421970746
run_141_repetition_5,DONE,zopfli,zopfli/aws-sdk--aws-sdk-2.1693.0.tgz,38.15,4.56,0.605307635
run_231_repetition_21,DONE,zstd,zstd/prop-types--prop-types-15.8.1.tar.zst,0.26,0.03,0.003687755
run_240_repetition_18,DONE,zstd,zstd/strict-uri-encode--strict-uri-encode-2.0.0.tar.zst,0.23,0.03,0.003535792
run_261_repetition_7,DONE,brotli,brotli/@radix-ui__primitive--primitive-1.1.3.tar.br,0.29,0.04,0.00418235
run_129_repetition_28,DONE,zopfli,zopfli/@eslint__eslintrc--eslintrc-3.3.5.tgz,0.57,0.07,0.008980991
run_33_repetition_22,DONE,npm,npm/got--got-15.0.5.tgz,0.49,0.06,0.007524983
run_231_repetition_25,DONE,zstd,zstd/prop-types--prop-types-15.8.1.tar.zst,0.26,0.03,0.003745548
run_132_repetition_10,DONE,zopfli,zopfli/@next__swc-linux-arm64-musl--swc-linux-arm64-musl-16.2.6.tgz,73.71,8.92,1.165501417
run_127_repetition_15,DONE,zopfli,zopfli/@babel__plugin-transform-regexp-modifiers--plugin-transform-regexp-modifiers-7.28.6.tgz,0.23,0.03,0.00370141
run_25_repetition_17,DONE,npm,npm/encoding-sniffer--encoding-sniffer-1.0.2.tgz,0.39,0.05,0.00582897
run_229_repetition_17,DONE,zstd,zstd/prettier--prettier-3.8.3.tar.zst,1.61,0.19,0.024795401
run_33_repetition_1,DONE,npm,npm/got--got-15.0.5.tgz,0.48,0.05,0.007688385
run_39_repetition_14,DONE,npm,npm/iconv-lite--iconv-lite-0.7.2.tgz,0.51,0.06,0.008377481
run_165_repetition_4,DONE,zopfli,zopfli/path-dirname--path-dirname-1.0.2.tgz,0.26,0.03,0.003577936
run_75_repetition_10,DONE,xz,xz/@types__uuid--uuid-11.0.0.tar.xz,0.26,0.03,0.004023499
run_296_repetition_25,DONE,brotli,brotli/react-dom--react-dom-19.2.6.tar.br,1.21,0.15,0.018677814
run_262_repetition_15,DONE,brotli,brotli/@sindresorhus__is--is-8.1.0.tar.br,0.3,0.03,0.004359746
run_252_repetition_7,DONE,brotli,brotli/@aws-cdk__cloud-assembly-schema--cloud-assembly-schema-53.27.0.tar.br,0.51,0.06,0.007732944
run_184_repetition_7,DONE,zopfli,zopfli/webpack--webpack-5.107.1.tgz,3.63,0.44,0.05766386
run_245_repetition_18,DONE,zstd,zstd/typescript--typescript-6.0.3.tar.zst,3.93,0.46,0.058293615
run_170_repetition_27,DONE,zopfli,zopfli/react-dom--react-dom-19.2.6.tgz,3.51,0.42,0.054970055
run_146_repetition_29,DONE,zopfli,zopfli/date-fns--date-fns-4.3.0.tgz,12.25,1.49,0.1933135
run_227_repetition_18,DONE,zstd,zstd/node-notifier--node-notifier-10.0.1.tar.zst,1.41,0.17,0.021154889
run_232_repetition_27,DONE,zstd,zstd/protobufjs--protobufjs-8.4.2.tar.zst,0.71,0.08,0.011099914
run_166_repetition_7,DONE,zopfli,zopfli/prettier--prettier-3.8.3.tgz,4.94,0.59,0.077397261
run_94_repetition_13,DONE,xz,xz/iconv-lite--iconv-lite-0.7.2.tar.xz,1.12,0.13,0.017667663
run_158_repetition_19,DONE,zopfli,zopfli/immer--immer-11.1.8.tgz,0.76,0.09,0.011933739
run_245_repetition_28,DONE,zstd,zstd/typescript--typescript-6.0.3.tar.zst,3.89,0.45,0.057744869
run_91_repetition_18,DONE,xz,xz/has-to-string-tag-x--has-to-string-tag-x-2.1.2.tar.xz,0.42,0.05,0.006023434
run_3_repetition_19,DONE,npm,npm/@types__uuid--uuid-11.0.0.tgz,0.39,0.05,0.005335139
run_69_repetition_5,DONE,xz,xz/@next__swc-linux-arm64-musl--swc-linux-arm64-musl-16.2.6.tar.xz,154.41,18.39,2.422716255
run_126_repetition_1,DONE,zopfli,zopfli/@aws-cdk__cloud-assembly-schema--cloud-assembly-schema-53.27.0.tgz,0.71,0.09,0.010491255
run_210_repetition_25,DONE,zstd,zstd/dom-accessibility-api--dom-accessibility-api-0.7.1.tar.zst,0.29,0.04,0.004644628
run_18_repetition_26,DONE,npm,npm/fetch-blob--fetch-blob-4.0.0.tgz,0.32,0.04,0.004909525
run_256_repetition_18,DONE,brotli,brotli/@ethersproject__abstract-signer--abstract-signer-5.8.0.tar.br,0.35,0.04,0.004601694
run_230_repetition_5,DONE,zstd,zstd/prismjs--prismjs-1.30.0.tar.zst,0.8,0.09,0.012030798
run_11_repetition_9,DONE,npm,npm/shallowequal--shallowequal-1.1.0.tgz,0.32,0.04,0.004629762
run_291_repetition_3,DONE,brotli,brotli/path-dirname--path-dirname-1.0.2.tar.br,0.32,0.04,0.004001363
run_138_repetition_22,DONE,zopfli,zopfli/@types__uuid--uuid-11.0.0.tgz,0.23,0.03,0.003422913
run_163_repetition_2,DONE,zopfli,zopfli/next--next-16.2.6.tgz,81.02,9.66,1.281999496
run_172_repetition_9,DONE,zopfli,zopfli/remove-trailing-separator--remove-trailing-separator-1.1.0.tgz,0.26,0.03,0.003681182
run_204_repetition_3,DONE,zstd,zstd/aws-sdk--aws-sdk-2.1693.0.tar.zst,14.78,1.77,0.219153745
run_16_repetition_11,DONE,npm,npm/eslint-config-react-app--eslint-config-react-app-7.0.1.tgz,0.32,0.04,0.004657836
run_189_repetition_28,DONE,zstd,zstd/@aws-cdk__cloud-assembly-schema--cloud-assembly-schema-53.27.0.tar.zst,0.41,0.05,0.006197008
run_12_repetition_14,DONE,npm,npm/@radix-ui__primitive--primitive-1.1.3.tgz,0.31,0.03,0.004746985
run_261_repetition_13,DONE,brotli,brotli/@radix-ui__primitive--primitive-1.1.3.tar.br,0.32,0.03,0.004002668
run_115_repetition_26,DONE,xz,xz/style-loader--style-loader-4.0.0.tar.xz,0.35,0.04,0.005244548
run_6_repetition_22,DONE,npm,npm/babel-plugin-check-es2015-constants--babel-plugin-check-es2015-constants-6.22.0.tgz,0.32,0.04,0.004764926
run_228_repetition_1,DONE,zstd,zstd/path-dirname--path-dirname-1.0.2.tar.zst,0.22,0.03,0.003426746
run_119_repetition_18,DONE,xz,xz/typescript--typescript-6.0.3.tar.xz,13.48,1.6,0.211702512
run_9_repetition_4,DONE,npm,npm/remove-trailing-separator--remove-trailing-separator-1.1.0.tgz,0.31,0.04,0.004578321
run_4_repetition_10,DONE,npm,npm/@types__glob--glob-9.0.0.tgz,0.33,0.04,0.005184567
run_20_repetition_6,DONE,npm,npm/linkify-it--linkify-it-5.0.1.tgz,0.32,0.04,0.004955471
run_223_repetition_24,DONE,zstd,zstd/libphonenumber-js--libphonenumber-js-1.13.3.tar.zst,1.62,0.19,0.024530489
run_205_repetition_15,DONE,zstd,zstd/babel-helper-get-function-arity--babel-helper-get-function-arity-6.24.1.tar.zst,0.19,0.02,0.003422261
run_288_repetition_4,DONE,brotli,brotli/lodash-es--lodash-es-4.18.1.tar.br,0.58,0.07,0.008477532
run_36_repetition_7,DONE,npm,npm/lodash-es--lodash-es-4.18.1.tgz,1.6,0.19,0.024024784
run_293_repetition_16,DONE,brotli,brotli/prismjs--prismjs-1.30.0.tar.br,1.03,0.12,0.015940581
run_22_repetition_19,DONE,npm,npm/@ethersproject__abstract-signer--abstract-signer-5.8.0.tgz,0.35,0.04,0.005323099
run_95_repetition_1,DONE,xz,xz/immer--immer-11.1.8.tar.xz,0.77,0.09,0.011719641
run_260_repetition_28,DONE,brotli,brotli/@parcel__watcher--watcher-2.5.6.tar.br,0.32,0.04,0.005033654
run_34_repetition_22,DONE,npm,npm/react-error-overlay--react-error-overlay-6.1.0.tgz,0.57,0.07,0.008784242
run_212_repetition_13,DONE,zstd,zstd/eslint-config-react-app--eslint-config-react-app-7.0.1.tar.zst,0.22,0.03,0.003440745
run_115_repetition_11,DONE,xz,xz/style-loader--style-loader-4.0.0.tar.xz,0.32,0.04,0.004893824
run_239_repetition_25,DONE,zstd,zstd/split2--split2-4.2.0.tar.zst,0.27,0.03,0.00339329
run_306_repetition_17,DONE,brotli,brotli/tar--tar-7.5.15.tar.br,0.8,0.1,0.011913775
run_168_repetition_25,DONE,zopfli,zopfli/prop-types--prop-types-15.8.1.tgz,0.29,0.03,0.004603045
run_198_repetition_10,DONE,zstd,zstd/@radix-ui__primitive--primitive-1.1.3.tar.zst,0.26,0.03,0.003356324
run_91_repetition_19,DONE,xz,xz/has-to-string-tag-x--has-to-string-tag-x-2.1.2.tar.xz,0.44,0.05,0.006249011
run_128_repetition_1,DONE,zopfli,zopfli/@esbuild__linux-ia32--linux-ia32-0.28.0.tgz,7.58,0.88,0.119124123
run_181_repetition_19,DONE,zopfli,zopfli/ts-node--ts-node-10.9.2.tgz,0.7,0.09,0.010903412
run_270_repetition_24,DONE,brotli,brotli/babel-plugin-transform-exponentiation-operator--babel-plugin-transform-exponentiation-operator-6.24.1.tar.br,0.29,0.03,0.004010358
run_36_repetition_4,DONE,npm,npm/lodash-es--lodash-es-4.18.1.tgz,1.55,0.18,0.024048614
run_72_repetition_0,DONE,xz,xz/@radix-ui__primitive--primitive-1.1.3.tar.xz,0.26,0.03,0.004244319
run_158_repetition_2,DONE,zopfli,zopfli/immer--immer-11.1.8.tgz,0.81,0.1,0.012186356
run_179_repetition_5,DONE,zopfli,zopfli/tailwindcss--tailwindcss-4.3.0.tgz,0.67,0.08,0.010139937
run_166_repetition_14,DONE,zopfli,zopfli/prettier--prettier-3.8.3.tgz,4.93,0.59,0.077825049
run_282_repetition_17,DONE,brotli,brotli/html-escaper--html-escaper-3.0.3.tar.br,0.26,0.03,0.003936595
run_105_repetition_3,DONE,xz,xz/prop-types--prop-types-15.8.1.tar.xz,0.35,0.04,0.005223149
run_171_repetition_20,DONE,zopfli,zopfli/react-error-overlay--react-error-overlay-6.1.0.tgz,0.51,0.06,0.007395291
run_163_repetition_25,DONE,zopfli,zopfli/next--next-16.2.6.tgz,80.97,9.66,1.281422102
run_224_repetition_11,DONE,zstd,zstd/linkify-it--linkify-it-5.0.1.tar.zst,0.26,0.03,0.003472044
run_110_repetition_17,DONE,xz,xz/resize-observer-polyfill--resize-observer-polyfill-1.5.1.tar.xz,0.42,0.05,0.005879106
run_98_repetition_7,DONE,xz,xz/linkify-it--linkify-it-5.0.1.tar.xz,0.32,0.04,0.00505059
run_304_repetition_9,DONE,brotli,brotli/style-loader--style-loader-4.0.0.tar.br,0.29,0.03,0.004288723
run_111_repetition_17,DONE,xz,xz/shallowequal--shallowequal-1.1.0.tar.xz,0.32,0.04,0.004618245
run_86_repetition_17,DONE,xz,xz/eslint-config-react-app--eslint-config-react-app-7.0.1.tar.xz,0.29,0.04,0.004558254
run_139_repetition_1,DONE,zopfli,zopfli/@vue__reactivity--reactivity-3.5.34.tgz,0.38,0.05,0.006599942
run_199_repetition_22,DONE,zstd,zstd/@sindresorhus__is--is-8.1.0.tar.zst,0.26,0.03,0.003794607
run_301_repetition_14,DONE,brotli,brotli/source-list-map--source-list-map-2.0.1.tar.br,0.26,0.03,0.004047299
run_2_repetition_20,DONE,npm,npm/babel-helper-get-function-arity--babel-helper-get-function-arity-6.24.1.tgz,0.36,0.04,0.005004276
run_153_repetition_17,DONE,zopfli,zopfli/got--got-15.0.5.tgz,0.48,0.05,0.006961366
run_65_repetition_13,DONE,xz,xz/@esbuild__linux-ia32--linux-ia32-0.28.0.tar.xz,21.45,2.53,0.337904242
run_169_repetition_22,DONE,zopfli,zopfli/protobufjs--protobufjs-8.4.2.tgz,1.9,0.22,0.029697773
run_92_repetition_11,DONE,xz,xz/highlight.js--highlight.js-11.11.1.tar.xz,3.89,0.45,0.061004419
run_268_repetition_12,DONE,brotli,brotli/babel-helper-get-function-arity--babel-helper-get-function-arity-6.24.1.tar.br,0.26,0.03,0.003859886
run_71_repetition_16,DONE,xz,xz/@parcel__watcher--watcher-2.5.6.tar.xz,0.45,0.05,0.006956151
run_193_repetition_23,DONE,zstd,zstd/@ethersproject__abstract-signer--abstract-signer-5.8.0.tar.zst,0.25,0.03,0.003824779
run_107_repetition_8,DONE,xz,xz/react-dom--react-dom-19.2.6.tar.xz,2.52,0.29,0.03878049
run_168_repetition_23,DONE,zopfli,zopfli/prop-types--prop-types-15.8.1.tgz,0.32,0.04,0.004707806
run_235_repetition_12,DONE,zstd,zstd/remove-trailing-separator--remove-trailing-separator-1.1.0.tar.zst,0.22,0.03,0.003471024
run_45_repetition_17,DONE,npm,npm/prismjs--prismjs-1.30.0.tgz,1.93,0.22,0.028932539
run_151_repetition_28,DONE,zopfli,zopfli/ethers--ethers-6.16.0.tgz,7.33,0.87,0.116143739
run_70_repetition_26,DONE,xz,xz/@opentelemetry__semantic-conventions--semantic-conventions-1.41.1.tar.xz,3.02,0.36,0.047580633
run_59_repetition_21,DONE,npm,npm/typescript--typescript-6.0.3.tgz,11.16,1.32,0.17460488
run_257_repetition_0,DONE,brotli,brotli/@modelcontextprotocol__sdk--sdk-1.29.0.tar.br,1.07,0.12,0.016251094
run_29_repetition_12,DONE,npm,npm/@parcel__watcher--watcher-2.5.6.tgz,0.39,0.04,0.006037625
run_42_repetition_10,DONE,npm,npm/eslint-plugin-import--eslint-plugin-import-2.32.0.tgz,1.12,0.13,0.01743384
run_75_repetition_28,DONE,xz,xz/@types__uuid--uuid-11.0.0.tar.xz,0.26,0.03,0.00393886
run_253_repetition_26,DONE,brotli,brotli/@babel__plugin-transform-regexp-modifiers--plugin-transform-regexp-modifiers-7.28.6.tar.br,0.29,0.03,0.004080009
run_65_repetition_6,DONE,xz,xz/@esbuild__linux-ia32--linux-ia32-0.28.0.tar.xz,21.55,2.5,0.337616151
run_77_repetition_25,DONE,xz,xz/assert-plus--assert-plus-1.0.0.tar.xz,0.29,0.03,0.004078236
run_142_repetition_24,DONE,zopfli,zopfli/babel-helper-get-function-arity--babel-helper-get-function-arity-6.24.1.tgz,0.23,0.03,0.003771173
run_106_repetition_14,DONE,xz,xz/protobufjs--protobufjs-8.4.2.tar.xz,1.81,0.22,0.028255096
run_7_repetition_4,DONE,npm,npm/strict-uri-encode--strict-uri-encode-2.0.0.tgz,0.36,0.04,0.00498224
run_126_repetition_9,DONE,zopfli,zopfli/@aws-cdk__cloud-assembly-schema--cloud-assembly-schema-53.27.0.tgz,0.73,0.09,0.011240843
run_54_repetition_21,DONE,npm,npm/node-notifier--node-notifier-10.0.1.tgz,3.31,0.39,0.05188373
run_100_repetition_29,DONE,xz,xz/next--next-16.2.6.tar.xz,72.95,8.57,1.146332679
run_122_repetition_8,DONE,xz,xz/whatwg-mimetype--whatwg-mimetype-5.0.0.tar.xz,0.29,0.03,0.004786279
run_30_repetition_10,DONE,npm,npm/workbox-routing--workbox-routing-7.4.1.tgz,0.45,0.05,0.006941153
run_224_repetition_24,DONE,zstd,zstd/linkify-it--linkify-it-5.0.1.tar.zst,0.23,0.03,0.003645062
run_149_repetition_4,DONE,zopfli,zopfli/eslint-config-react-app--eslint-config-react-app-7.0.1.tgz,0.32,0.04,0.004291426
run_124_repetition_7,DONE,xz,xz/workbox-streams--workbox-streams-7.4.1.tar.xz,0.38,0.05,0.006401309
run_155_repetition_2,DONE,zopfli,zopfli/highlight.js--highlight.js-11.11.1.tgz,3.55,0.42,0.056069234
run_156_repetition_5,DONE,zopfli,zopfli/html-escaper--html-escaper-3.0.3.tgz,0.22,0.03,0.003553177
run_176_repetition_25,DONE,zopfli,zopfli/split2--split2-4.2.0.tgz,0.29,0.03,0.00392704
run_161_repetition_9,DONE,zopfli,zopfli/linkify-it--linkify-it-5.0.1.tgz,0.26,0.03,0.004036094
run_299_repetition_0,DONE,brotli,brotli/resize-observer-polyfill--resize-observer-polyfill-1.5.1.tar.br,0.33,0.04,0.005218389
run_17_repetition_22,DONE,npm,npm/source-list-map--source-list-map-2.0.1.tgz,0.32,0.04,0.004972449
run_187_repetition_8,DONE,zopfli,zopfli/workbox-streams--workbox-streams-7.4.1.tgz,0.36,0.04,0.0049934
run_151_repetition_9,DONE,zopfli,zopfli/ethers--ethers-6.16.0.tgz,7.35,0.87,0.116013917
run_62_repetition_24,DONE,npm,npm/@next__swc-linux-arm64-musl--swc-linux-arm64-musl-16.2.6.tgz,70.16,8.39,1.099427253
run_232_repetition_13,DONE,zstd,zstd/protobufjs--protobufjs-8.4.2.tar.zst,0.71,0.08,0.011112646
run_227_repetition_5,DONE,zstd,zstd/node-notifier--node-notifier-10.0.1.tar.zst,1.39,0.16,0.021190325
run_127_repetition_21,DONE,zopfli,zopfli/@babel__plugin-transform-regexp-modifiers--plugin-transform-regexp-modifiers-7.28.6.tgz,0.23,0.03,0.003680142
run_188_repetition_29,DONE,zopfli,zopfli/xml2js--xml2js-0.6.2.tgz,2.06,0.25,0.031970512
run_18_repetition_3,DONE,npm,npm/fetch-blob--fetch-blob-4.0.0.tgz,0.35,0.04,0.005328208
run_174_repetition_19,DONE,zopfli,zopfli/shallowequal--shallowequal-1.1.0.tgz,0.32,0.03,0.00411834
run_2_repetition_7,DONE,npm,npm/babel-helper-get-function-arity--babel-helper-get-function-arity-6.24.1.tgz,0.32,0.04,0.004666222
run_185_repetition_16,DONE,zopfli,zopfli/whatwg-mimetype--whatwg-mimetype-5.0.0.tgz,0.26,0.03,0.004017793
run_81_repetition_29,DONE,xz,xz/babel-plugin-transform-exponentiation-operator--babel-plugin-transform-exponentiation-operator-6.24.1.tar.xz,0.25,0.03,0.003855093
run_68_repetition_23,DONE,xz,xz/@modelcontextprotocol__sdk--sdk-1.29.0.tar.xz,2.27,0.26,0.035773333
run_243_repetition_29,DONE,zstd,zstd/tar--tar-7.5.15.tar.zst,0.65,0.08,0.00987402
run_68_repetition_4,DONE,xz,xz/@modelcontextprotocol__sdk--sdk-1.29.0.tar.xz,2.29,0.27,0.035748261
run_92_repetition_29,DONE,xz,xz/highlight.js--highlight.js-11.11.1.tar.xz,3.86,0.45,0.060572223
run_302_repetition_17,DONE,brotli,brotli/split2--split2-4.2.0.tar.br,0.3,0.04,0.004086095
run_237_repetition_12,DONE,zstd,zstd/shallowequal--shallowequal-1.1.0.tar.zst,0.2,0.02,0.003363824
run_286_repetition_14,DONE,brotli,brotli/libphonenumber-js--libphonenumber-js-1.13.3.tar.br,1.9,0.23,0.0293467
run_210_repetition_17,DONE,zstd,zstd/dom-accessibility-api--dom-accessibility-api-0.7.1.tar.zst,0.32,0.04,0.004486178
run_76_repetition_7,DONE,xz,xz/@vue__reactivity--reactivity-3.5.34.tar.xz,0.45,0.05,0.007267338
run_19_repetition_7,DONE,npm,npm/whatwg-mimetype--whatwg-mimetype-5.0.0.tgz,0.32,0.04,0.005006232
run_124_repetition_1,DONE,xz,xz/workbox-streams--workbox-streams-7.4.1.tar.xz,0.39,0.05,0.006247006
run_165_repetition_28,DONE,zopfli,zopfli/path-dirname--path-dirname-1.0.2.tgz,0.31,0.03,0.003965663
run_16_repetition_21,DONE,npm,npm/eslint-config-react-app--eslint-config-react-app-7.0.1.tgz,0.29,0.03,0.004782976
run_200_repetition_2,DONE,zstd,zstd/@types__glob--glob-9.0.0.tar.zst,0.24,0.03,0.003397456
run_30_repetition_7,DONE,npm,npm/workbox-routing--workbox-routing-7.4.1.tgz,0.45,0.05,0.007065127
run_6_repetition_13,DONE,npm,npm/babel-plugin-check-es2015-constants--babel-plugin-check-es2015-constants-6.22.0.tgz,0.29,0.03,0.004599624
run_295_repetition_21,DONE,brotli,brotli/protobufjs--protobufjs-8.4.2.tar.br,0.84,0.1,0.012976594
run_23_repetition_25,DONE,npm,npm/prop-types--prop-types-15.8.1.tgz,0.36,0.04,0.005053315
run_294_repetition_28,DONE,brotli,brotli/prop-types--prop-types-15.8.1.tar.br,0.33,0.04,0.004329376
run_185_repetition_11,DONE,zopfli,zopfli/whatwg-mimetype--whatwg-mimetype-5.0.0.tgz,0.29,0.04,0.004231783
run_30_repetition_8,DONE,npm,npm/workbox-routing--workbox-routing-7.4.1.tgz,0.45,0.05,0.006922716
run_306_repetition_14,DONE,brotli,brotli/tar--tar-7.5.15.tar.br,0.71,0.08,0.011509175
run_291_repetition_17,DONE,brotli,brotli/path-dirname--path-dirname-1.0.2.tar.br,0.28,0.03,0.003986389
run_271_repetition_23,DONE,brotli,brotli/client-only--client-only-0.0.1.tar.br,0.28,0.03,0.003971974
run_104_repetition_27,DONE,xz,xz/prismjs--prismjs-1.30.0.tar.xz,2.77,0.33,0.043206713
run_187_repetition_11,DONE,zopfli,zopfli/workbox-streams--workbox-streams-7.4.1.tgz,0.32,0.04,0.005059999
run_219_repetition_15,DONE,zstd,zstd/html-escaper--html-escaper-3.0.3.tar.zst,0.22,0.03,0.003458263
run_78_repetition_10,DONE,xz,xz/aws-sdk--aws-sdk-2.1693.0.tar.xz,45.83,5.46,0.72145185
run_144_repetition_27,DONE,zopfli,zopfli/babel-plugin-transform-exponentiation-operator--babel-plugin-transform-exponentiation-operator-6.24.1.tgz,0.23,0.03,0.00358901
run_92_repetition_0,DONE,xz,xz/highlight.js--highlight.js-11.11.1.tar.xz,3.82,0.45,0.060094974
run_192_repetition_25,DONE,zstd,zstd/@eslint__eslintrc--eslintrc-3.3.5.tar.zst,0.36,0.04,0.005432552
run_307_repetition_8,DONE,brotli,brotli/ts-node--ts-node-10.9.2.tar.br,0.51,0.06,0.007963937
run_35_repetition_21,DONE,npm,npm/@eslint__eslintrc--eslintrc-3.3.5.tgz,0.68,0.08,0.009853368
run_121_repetition_9,DONE,xz,xz/webpack--webpack-5.107.1.tar.xz,5.56,0.66,0.087390164
run_57_repetition_11,DONE,npm,npm/date-fns--date-fns-4.3.0.tgz,16.18,1.91,0.251637299
run_128_repetition_17,DONE,zopfli,zopfli/@esbuild__linux-ia32--linux-ia32-0.28.0.tgz,7.55,0.9,0.118766927
run_153_repetition_2,DONE,zopfli,zopfli/got--got-15.0.5.tgz,0.48,0.05,0.00693855
run_189_repetition_16,DONE,zstd,zstd/@aws-cdk__cloud-assembly-schema--cloud-assembly-schema-53.27.0.tar.zst,0.39,0.04,0.006147155
run_99_repetition_24,DONE,xz,xz/lodash-es--lodash-es-4.18.1.tar.xz,1.05,0.12,0.015760391
run_1_repetition_3,DONE,npm,npm/client-only--client-only-0.0.1.tgz,0.29,0.03,0.004445417
run_312_repetition_15,DONE,brotli,brotli/workbox-routing--workbox-routing-7.4.1.tar.br,0.38,0.05,0.005784732
run_134_repetition_15,DONE,zopfli,zopfli/@parcel__watcher--watcher-2.5.6.tgz,0.32,0.04,0.005471707
run_79_repetition_9,DONE,xz,xz/babel-helper-get-function-arity--babel-helper-get-function-arity-6.24.1.tar.xz,0.26,0.03,0.00415701
run_135_repetition_11,DONE,zopfli,zopfli/@radix-ui__primitive--primitive-1.1.3.tgz,0.26,0.03,0.003783077
run_38_repetition_21,DONE,npm,npm/tailwindcss--tailwindcss-4.3.0.tgz,0.71,0.09,0.010784279
run_154_repetition_7,DONE,zopfli,zopfli/has-to-string-tag-x--has-to-string-tag-x-2.1.2.tgz,0.32,0.04,0.004880698
run_220_repetition_7,DONE,zstd,zstd/iconv-lite--iconv-lite-0.7.2.tar.zst,0.36,0.04,0.005247869
run_161_repetition_26,DONE,zopfli,zopfli/linkify-it--linkify-it-5.0.1.tgz,0.29,0.04,0.004314042
run_76_repetition_6,DONE,xz,xz/@vue__reactivity--reactivity-3.5.34.tar.xz,0.49,0.06,0.007462737
run_85_repetition_7,DONE,xz,xz/encoding-sniffer--encoding-sniffer-1.0.2.tar.xz,0.38,0.04,0.005747308
run_168_repetition_5,DONE,zopfli,zopfli/prop-types--prop-types-15.8.1.tgz,0.29,0.03,0.004613703
run_207_repetition_8,DONE,zstd,zstd/babel-plugin-transform-exponentiation-operator--babel-plugin-transform-exponentiation-operator-6.24.1.tar.zst,0.23,0.03,0.003422138
run_212_repetition_12,DONE,zstd,zstd/eslint-config-react-app--eslint-config-react-app-7.0.1.tar.zst,0.19,0.02,0.003403957
run_25_repetition_5,DONE,npm,npm/encoding-sniffer--encoding-sniffer-1.0.2.tgz,0.39,0.05,0.005565928
run_92_repetition_24,DONE,xz,xz/highlight.js--highlight.js-11.11.1.tar.xz,3.92,0.46,0.061175341
run_232_repetition_25,DONE,zstd,zstd/protobufjs--protobufjs-8.4.2.tar.zst,0.71,0.09,0.011133638
run_66_repetition_18,DONE,xz,xz/@eslint__eslintrc--eslintrc-3.3.5.tar.xz,0.67,0.08,0.010150434
run_170_repetition_20,DONE,zopfli,zopfli/react-dom--react-dom-19.2.6.tgz,3.47,0.41,0.054912814
run_33_repetition_17,DONE,npm,npm/got--got-15.0.5.tgz,0.48,0.06,0.007719186
run_249_repetition_11,DONE,zstd,zstd/workbox-routing--workbox-routing-7.4.1.tar.zst,0.33,0.04,0.004464873
run_309_repetition_6,DONE,brotli,brotli/watchpack-chokidar2--watchpack-chokidar2-2.0.1.tar.br,0.27,0.03,0.00367101
run_240_repetition_28,DONE,zstd,zstd/strict-uri-encode--strict-uri-encode-2.0.0.tar.zst,0.25,0.02,0.003508799
run_27_repetition_26,DONE,npm,npm/has-to-string-tag-x--has-to-string-tag-x-2.1.2.tgz,0.32,0.04,0.005204348
run_96_repetition_12,DONE,xz,xz/jiti--jiti-2.7.0.tar.xz,2.17,0.25,0.033027861
run_114_repetition_26,DONE,xz,xz/strict-uri-encode--strict-uri-encode-2.0.0.tar.xz,0.29,0.03,0.004039634
run_271_repetition_18,DONE,brotli,brotli/client-only--client-only-0.0.1.tar.br,0.23,0.03,0.003662878
run_46_repetition_7,DONE,npm,npm/@modelcontextprotocol__sdk--sdk-1.29.0.tgz,2.24,0.26,0.034367195
run_204_repetition_9,DONE,zstd,zstd/aws-sdk--aws-sdk-2.1693.0.tar.zst,14.76,1.74,0.219868993
run_303_repetition_12,DONE,brotli,brotli/strict-uri-encode--strict-uri-encode-2.0.0.tar.br,0.26,0.03,0.003929533
run_44_repetition_2,DONE,npm,npm/tar--tar-7.5.15.tgz,1.52,0.18,0.023011667
run_306_repetition_16,DONE,brotli,brotli/tar--tar-7.5.15.tar.br,0.74,0.09,0.011660415
run_14_repetition_16,DONE,npm,npm/split2--split2-4.2.0.tgz,0.31,0.04,0.004733289
run_234_repetition_24,DONE,zstd,zstd/react-error-overlay--react-error-overlay-6.1.0.tar.zst,0.35,0.04,0.00540855
run_138_repetition_7,DONE,zopfli,zopfli/@types__uuid--uuid-11.0.0.tgz,0.23,0.03,0.003567621
run_312_repetition_24,DONE,brotli,brotli/workbox-routing--workbox-routing-7.4.1.tar.br,0.38,0.05,0.005495335
run_274_repetition_14,DONE,brotli,brotli/encoding-sniffer--encoding-sniffer-1.0.2.tar.br,0.35,0.04,0.004764431
run_139_repetition_29,DONE,zopfli,zopfli/@vue__reactivity--reactivity-3.5.34.tgz,0.44,0.05,0.006779309
run_98_repetition_4,DONE,xz,xz/linkify-it--linkify-it-5.0.1.tar.xz,0.32,0.04,0.005068451
run_34_repetition_12,DONE,npm,npm/react-error-overlay--react-error-overlay-6.1.0.tgz,0.51,0.06,0.008076066
run_15_repetition_24,DONE,npm,npm/html-escaper--html-escaper-3.0.3.tgz,0.33,0.04,0.00494452
run_138_repetition_28,DONE,zopfli,zopfli/@types__uuid--uuid-11.0.0.tgz,0.23,0.03,0.003446935
run_257_repetition_23,DONE,brotli,brotli/@modelcontextprotocol__sdk--sdk-1.29.0.tar.br,1.06,0.13,0.016329363
run_165_repetition_12,DONE,zopfli,zopfli/path-dirname--path-dirname-1.0.2.tgz,0.19,0.02,0.003485181
run_70_repetition_11,DONE,xz,xz/@opentelemetry__semantic-conventions--semantic-conventions-1.41.1.tar.xz,3.03,0.36,0.047018367
run_242_repetition_20,DONE,zstd,zstd/tailwindcss--tailwindcss-4.3.0.tar.zst,0.43,0.05,0.005862773
run_59_repetition_16,DONE,npm,npm/typescript--typescript-6.0.3.tgz,11.11,1.31,0.174080038
run_12_repetition_24,DONE,npm,npm/@radix-ui__primitive--primitive-1.1.3.tgz,0.29,0.03,0.004761549
run_211_repetition_1,DONE,zstd,zstd/encoding-sniffer--encoding-sniffer-1.0.2.tar.zst,0.26,0.03,0.004065427
run_77_repetition_18,DONE,xz,xz/assert-plus--assert-plus-1.0.0.tar.xz,0.26,0.03,0.004148336
run_193_repetition_5,DONE,zstd,zstd/@ethersproject__abstract-signer--abstract-signer-5.8.0.tar.zst,0.26,0.04,0.004003282
run_85_repetition_9,DONE,xz,xz/encoding-sniffer--encoding-sniffer-1.0.2.tar.xz,0.35,0.04,0.005535739
run_247_repetition_0,DONE,zstd,zstd/webpack--webpack-5.107.1.tar.zst,1.57,0.18,0.023000156
run_107_repetition_10,DONE,xz,xz/react-dom--react-dom-19.2.6.tar.xz,2.48,0.29,0.039012428
run_141_repetition_8,DONE,zopfli,zopfli/aws-sdk--aws-sdk-2.1693.0.tgz,38.16,4.56,0.604939759
run_242_repetition_27,DONE,zstd,zstd/tailwindcss--tailwindcss-4.3.0.tar.zst,0.39,0.04,0.005896545
run_277_repetition_3,DONE,brotli,brotli/ethers--ethers-6.16.0.tar.br,2.63,0.31,0.041728134
run_191_repetition_2,DONE,zstd,zstd/@esbuild__linux-ia32--linux-ia32-0.28.0.tar.zst,3.03,0.36,0.046408212
run_242_repetition_24,DONE,zstd,zstd/tailwindcss--tailwindcss-4.3.0.tar.zst,0.38,0.04,0.005842269
run_201_repetition_25,DONE,zstd,zstd/@types__uuid--uuid-11.0.0.tar.zst,0.23,0.03,0.003392515
run_9_repetition_21,DONE,npm,npm/remove-trailing-separator--remove-trailing-separator-1.1.0.tgz,0.32,0.04,0.004666211
run_255_repetition_28,DONE,brotli,brotli/@eslint__eslintrc--eslintrc-3.3.5.tar.br,0.41,0.05,0.006268766
run_281_repetition_26,DONE,brotli,brotli/highlight.js--highlight.js-11.11.1.tar.br,1.57,0.19,0.024596456
run_189_repetition_11,DONE,zstd,zstd/@aws-cdk__cloud-assembly-schema--cloud-assembly-schema-53.27.0.tar.zst,0.39,0.05,0.006070113
run_109_repetition_24,DONE,xz,xz/remove-trailing-separator--remove-trailing-separator-1.1.0.tar.xz,0.26,0.03,0.003952795
run_61_repetition_13,DONE,npm,npm/next--next-16.2.6.tgz,79.43,9.33,1.241552445
run_110_repetition_3,DONE,xz,xz/resize-observer-polyfill--resize-observer-polyfill-1.5.1.tar.xz,0.35,0.04,0.005325787
run_53_repetition_9,DONE,npm,npm/libphonenumber-js--libphonenumber-js-1.13.3.tgz,5.24,0.61,0.081648432
run_111_repetition_5,DONE,xz,xz/shallowequal--shallowequal-1.1.0.tar.xz,0.26,0.03,0.004059231
run_117_repetition_8,DONE,xz,xz/tar--tar-7.5.15.tar.xz,1.66,0.2,0.02576519
run_275_repetition_24,DONE,brotli,brotli/eslint-config-react-app--eslint-config-react-app-7.0.1.tar.br,0.26,0.03,0.003997142
run_33_repetition_15,DONE,npm,npm/got--got-15.0.5.tgz,0.52,0.06,0.007626605
run_147_repetition_25,DONE,zopfli,zopfli/dom-accessibility-api--dom-accessibility-api-0.7.1.tgz,0.45,0.05,0.006161658
run_126_repetition_25,DONE,zopfli,zopfli/@aws-cdk__cloud-assembly-schema--cloud-assembly-schema-53.27.0.tgz,0.69,0.08,0.010496244
run_52_repetition_26,DONE,npm,npm/@opentelemetry__semantic-conventions--semantic-conventions-1.41.1.tgz,4.82,0.57,0.075359677
run_236_repetition_15,DONE,zstd,zstd/resize-observer-polyfill--resize-observer-polyfill-1.5.1.tar.zst,0.29,0.03,0.003923409
run_48_repetition_15,DONE,npm,npm/highlight.js--highlight.js-11.11.1.tgz,3.95,0.47,0.060833006
run_102_repetition_8,DONE,xz,xz/path-dirname--path-dirname-1.0.2.tar.xz,0.28,0.04,0.004540104
run_110_repetition_10,DONE,xz,xz/resize-observer-polyfill--resize-observer-polyfill-1.5.1.tar.xz,0.39,0.05,0.005664114
run_2_repetition_17,DONE,npm,npm/babel-helper-get-function-arity--babel-helper-get-function-arity-6.24.1.tgz,0.28,0.03,0.004588639
run_203_repetition_3,DONE,zstd,zstd/assert-plus--assert-plus-1.0.0.tar.zst,0.26,0.03,0.003599261
run_84_repetition_21,DONE,xz,xz/dom-accessibility-api--dom-accessibility-api-0.7.1.tar.xz,0.52,0.06,0.007665736
run_310_repetition_15,DONE,brotli,brotli/webpack--webpack-5.107.1.tar.br,1.89,0.22,0.028940418
run_260_repetition_16,DONE,brotli,brotli/@parcel__watcher--watcher-2.5.6.tar.br,0.39,0.05,0.005163649
run_89_repetition_2,DONE,xz,xz/fetch-blob--fetch-blob-4.0.0.tar.xz,0.32,0.04,0.004548026
run_113_repetition_14,DONE,xz,xz/split2--split2-4.2.0.tar.xz,0.29,0.03,0.004024768
run_39_repetition_22,DONE,npm,npm/iconv-lite--iconv-lite-0.7.2.tgz,0.55,0.06,0.00832364
run_85_repetition_6,DONE,xz,xz/encoding-sniffer--encoding-sniffer-1.0.2.tar.xz,0.39,0.05,0.005987597
run_152_repetition_21,DONE,zopfli,zopfli/fetch-blob--fetch-blob-4.0.0.tgz,0.29,0.03,0.003950163
run_269_repetition_6,DONE,brotli,brotli/babel-plugin-check-es2015-constants--babel-plugin-check-es2015-constants-6.22.0.tar.br,0.29,0.03,0.004030939
run_132_repetition_0,DONE,zopfli,zopfli/@next__swc-linux-arm64-musl--swc-linux-arm64-musl-16.2.6.tgz,73.7,8.76,1.165547124
run_284_repetition_27,DONE,brotli,brotli/immer--immer-11.1.8.tar.br,0.45,0.05,0.007012845
run_61_repetition_27,DONE,npm,npm/next--next-16.2.6.tgz,79.42,9.48,1.240597592
run_207_repetition_27,DONE,zstd,zstd/babel-plugin-transform-exponentiation-operator--babel-plugin-transform-exponentiation-operator-6.24.1.tar.zst,0.26,0.03,0.003333621
run_212_repetition_4,DONE,zstd,zstd/eslint-config-react-app--eslint-config-react-app-7.0.1.tar.zst,0.22,0.03,0.00348846
run_151_repetition_16,DONE,zopfli,zopfli/ethers--ethers-6.16.0.tgz,7.36,0.88,0.116553786
run_152_repetition_22,DONE,zopfli,zopfli/fetch-blob--fetch-blob-4.0.0.tgz,0.26,0.03,0.00376494
run_10_repetition_8,DONE,npm,npm/path-dirname--path-dirname-1.0.2.tgz,0.29,0.03,0.004549477
run_12_repetition_10,DONE,npm,npm/@radix-ui__primitive--primitive-1.1.3.tgz,0.33,0.04,0.004818212
run_88_repetition_28,DONE,xz,xz/ethers--ethers-6.16.0.tar.xz,6.66,0.8,0.104732264
run_140_repetition_21,DONE,zopfli,zopfli/assert-plus--assert-plus-1.0.0.tgz,0.26,0.03,0.003875112
run_281_repetition_14,DONE,brotli,brotli/highlight.js--highlight.js-11.11.1.tar.br,1.57,0.19,0.024672398
run_304_repetition_15,DONE,brotli,brotli/style-loader--style-loader-4.0.0.tar.br,0.28,0.03,0.004381621
run_305_repetition_27,DONE,brotli,brotli/tailwindcss--tailwindcss-4.3.0.tar.br,0.49,0.06,0.007411975
run_271_repetition_11,DONE,brotli,brotli/client-only--client-only-0.0.1.tar.br,0.26,0.03,0.003946838
run_109_repetition_26,DONE,xz,xz/remove-trailing-separator--remove-trailing-separator-1.1.0.tar.xz,0.26,0.03,0.003920603
run_309_repetition_25,DONE,brotli,brotli/watchpack-chokidar2--watchpack-chokidar2-2.0.1.tar.br,0.26,0.03,0.003747456
run_280_repetition_26,DONE,brotli,brotli/has-to-string-tag-x--has-to-string-tag-x-2.1.2.tar.br,0.32,0.04,0.004674382
run_73_repetition_0,DONE,xz,xz/@sindresorhus__is--is-8.1.0.tar.xz,0.38,0.05,0.005936568
run_110_repetition_21,DONE,xz,xz/resize-observer-polyfill--resize-observer-polyfill-1.5.1.tar.xz,0.41,0.05,0.005707049
run_163_repetition_1,DONE,zopfli,zopfli/next--next-16.2.6.tgz,80.77,9.57,1.281301653
run_21_repetition_2,DONE,npm,npm/style-loader--style-loader-4.0.0.tgz,0.39,0.05,0.005588607
run_252_repetition_6,DONE,brotli,brotli/@aws-cdk__cloud-assembly-schema--cloud-assembly-schema-53.27.0.tar.br,0.51,0.06,0.007822215
run_237_repetition_26,DONE,zstd,zstd/shallowequal--shallowequal-1.1.0.tar.zst,0.26,0.03,0.003318532
run_246_repetition_27,DONE,zstd,zstd/watchpack-chokidar2--watchpack-chokidar2-2.0.1.tar.zst,0.22,0.03,0.003414655
run_306_repetition_27,DONE,brotli,brotli/tar--tar-7.5.15.tar.br,0.77,0.09,0.011872733
run_28_repetition_9,DONE,npm,npm/resize-observer-polyfill--resize-observer-polyfill-1.5.1.tgz,0.38,0.05,0.005986747
run_313_repetition_13,DONE,brotli,brotli/workbox-streams--workbox-streams-7.4.1.tar.br,0.32,0.04,0.004926339
run_262_repetition_11,DONE,brotli,brotli/@sindresorhus__is--is-8.1.0.tar.br,0.35,0.04,0.004816809
run_223_repetition_14,DONE,zstd,zstd/libphonenumber-js--libphonenumber-js-1.13.3.tar.zst,1.65,0.19,0.024210521
run_184_repetition_12,DONE,zopfli,zopfli/webpack--webpack-5.107.1.tgz,3.67,0.44,0.057945005
run_13_repetition_7,DONE,npm,npm/assert-plus--assert-plus-1.0.0.tgz,0.32,0.04,0.004809548
run_87_repetition_15,DONE,xz,xz/eslint-plugin-import--eslint-plugin-import-2.32.0.tar.xz,2.0,0.23,0.031045467
run_16_repetition_8,DONE,npm,npm/eslint-config-react-app--eslint-config-react-app-7.0.1.tgz,0.29,0.03,0.004771706
run_19_repetition_20,DONE,npm,npm/whatwg-mimetype--whatwg-mimetype-5.0.0.tgz,0.32,0.04,0.004943142
run_164_repetition_24,DONE,zopfli,zopfli/node-notifier--node-notifier-10.0.1.tgz,3.43,0.41,0.05368509
run_281_repetition_7,DONE,brotli,brotli/highlight.js--highlight.js-11.11.1.tar.br,1.6,0.19,0.02455931
run_252_repetition_29,DONE,brotli,brotli/@aws-cdk__cloud-assembly-schema--cloud-assembly-schema-53.27.0.tar.br,0.51,0.06,0.007963689
run_213_repetition_8,DONE,zstd,zstd/eslint-plugin-import--eslint-plugin-import-2.32.0.tar.zst,0.58,0.07,0.00881185
run_305_repetition_26,DONE,brotli,brotli/tailwindcss--tailwindcss-4.3.0.tar.br,0.48,0.06,0.00733735
run_36_repetition_22,DONE,npm,npm/lodash-es--lodash-es-4.18.1.tgz,1.58,0.18,0.024124497
run_235_repetition_7,DONE,zstd,zstd/remove-trailing-separator--remove-trailing-separator-1.1.0.tar.zst,0.23,0.03,0.003326751
run_123_repetition_1,DONE,xz,xz/workbox-routing--workbox-routing-7.4.1.tar.xz,0.51,0.06,0.00811263
run_264_repetition_9,DONE,brotli,brotli/@types__uuid--uuid-11.0.0.tar.br,0.26,0.03,0.003712479
run_88_repetition_17,DONE,xz,xz/ethers--ethers-6.16.0.tar.xz,6.73,0.81,0.105561787
run_78_repetition_22,DONE,xz,xz/aws-sdk--aws-sdk-2.1693.0.tar.xz,46.02,5.46,0.723886999
run_188_repetition_8,DONE,zopfli,zopfli/xml2js--xml2js-0.6.2.tgz,2.03,0.24,0.031580689
run_277_repetition_22,DONE,brotli,brotli/ethers--ethers-6.16.0.tar.br,2.67,0.32,0.041358297
run_26_repetition_17,DONE,npm,npm/workbox-streams--workbox-streams-7.4.1.tgz,0.39,0.05,0.00601277
run_219_repetition_10,DONE,zstd,zstd/html-escaper--html-escaper-3.0.3.tar.zst,0.26,0.03,0.003616594
run_281_repetition_24,DONE,brotli,brotli/highlight.js--highlight.js-11.11.1.tar.br,1.64,0.2,0.025610761
run_145_repetition_6,DONE,zopfli,zopfli/client-only--client-only-0.0.1.tgz,0.23,0.03,0.003343691
run_103_repetition_21,DONE,xz,xz/prettier--prettier-3.8.3.tar.xz,6.56,0.77,0.10303256
run_236_repetition_12,DONE,zstd,zstd/resize-observer-polyfill--resize-observer-polyfill-1.5.1.tar.zst,0.26,0.03,0.003881318
run_108_repetition_14,DONE,xz,xz/react-error-overlay--react-error-overlay-6.1.0.tar.xz,0.92,0.11,0.014260439
run_44_repetition_4,DONE,npm,npm/tar--tar-7.5.15.tgz,1.49,0.17,0.022962172
run_139_repetition_18,DONE,zopfli,zopfli/@vue__reactivity--reactivity-3.5.34.tgz,0.45,0.06,0.006784626
run_139_repetition_24,DONE,zopfli,zopfli/@vue__reactivity--reactivity-3.5.34.tgz,0.44,0.05,0.006975704
run_152_repetition_0,DONE,zopfli,zopfli/fetch-blob--fetch-blob-4.0.0.tgz,0.26,0.03,0.003982654
run_296_repetition_1,DONE,brotli,brotli/react-dom--react-dom-19.2.6.tar.br,1.22,0.15,0.019024386
run_75_repetition_6,DONE,xz,xz/@types__uuid--uuid-11.0.0.tar.xz,0.28,0.04,0.004228176
run_190_repetition_22,DONE,zstd,zstd/@babel__plugin-transform-regexp-modifiers--plugin-transform-regexp-modifiers-7.28.6.tar.zst,0.23,0.03,0.003318753
run_88_repetition_13,DONE,xz,xz/ethers--ethers-6.16.0.tar.xz,6.66,0.8,0.104944425
run_194_repetition_13,DONE,zstd,zstd/@modelcontextprotocol__sdk--sdk-1.29.0.tar.zst,0.99,0.12,0.014772993
run_37_repetition_18,DONE,npm,npm/@aws-cdk__cloud-assembly-schema--cloud-assembly-schema-53.27.0.tgz,0.72,0.08,0.010816467
run_17_repetition_27,DONE,npm,npm/source-list-map--source-list-map-2.0.1.tgz,0.36,0.04,0.0052562
run_76_repetition_0,DONE,xz,xz/@vue__reactivity--reactivity-3.5.34.tar.xz,0.44,0.05,0.007510727
run_8_repetition_9,DONE,npm,npm/@babel__plugin-transform-regexp-modifiers--plugin-transform-regexp-modifiers-7.28.6.tgz,0.32,0.04,0.004864034
run_22_repetition_9,DONE,npm,npm/@ethersproject__abstract-signer--abstract-signer-5.8.0.tgz,0.36,0.04,0.005437377
run_209_repetition_12,DONE,zstd,zstd/date-fns--date-fns-4.3.0.tar.zst,3.91,0.46,0.05764088
run_190_repetition_13,DONE,zstd,zstd/@babel__plugin-transform-regexp-modifiers--plugin-transform-regexp-modifiers-7.28.6.tar.zst,0.26,0.03,0.003812974
run_90_repetition_11,DONE,xz,xz/got--got-15.0.5.tar.xz,0.6,0.08,0.010108537
run_266_repetition_28,DONE,brotli,brotli/assert-plus--assert-plus-1.0.0.tar.br,0.25,0.03,0.004223813
run_119_repetition_28,DONE,xz,xz/typescript--typescript-6.0.3.tar.xz,13.53,1.61,0.212977486
run_177_repetition_2,DONE,zopfli,zopfli/strict-uri-encode--strict-uri-encode-2.0.0.tgz,0.2,0.02,0.003480886
run_196_repetition_11,DONE,zstd,zstd/@opentelemetry__semantic-conventions--semantic-conventions-1.41.1.tar.zst,1.6,0.2,0.024370215
run_124_repetition_0,DONE,xz,xz/workbox-streams--workbox-streams-7.4.1.tar.xz,0.42,0.05,0.006441014
run_125_repetition_17,DONE,xz,xz/xml2js--xml2js-0.6.2.tar.xz,4.1,0.49,0.064326149
run_179_repetition_3,DONE,zopfli,zopfli/tailwindcss--tailwindcss-4.3.0.tgz,0.67,0.08,0.010266635
run_189_repetition_21,DONE,zstd,zstd/@aws-cdk__cloud-assembly-schema--cloud-assembly-schema-53.27.0.tar.zst,0.39,0.05,0.00632883
run_187_repetition_22,DONE,zopfli,zopfli/workbox-streams--workbox-streams-7.4.1.tgz,0.35,0.04,0.005025055
run_94_repetition_14,DONE,xz,xz/iconv-lite--iconv-lite-0.7.2.tar.xz,1.13,0.13,0.017222069
run_238_repetition_2,DONE,zstd,zstd/source-list-map--source-list-map-2.0.1.tar.zst,0.26,0.03,0.003370716
run_314_repetition_5,DONE,brotli,brotli/xml2js--xml2js-0.6.2.tar.br,1.28,0.15,0.019864683
run_191_repetition_5,DONE,zstd,zstd/@esbuild__linux-ia32--linux-ia32-0.28.0.tar.zst,3.07,0.36,0.046533614
run_100_repetition_8,DONE,xz,xz/next--next-16.2.6.tar.xz,72.81,8.61,1.144984453
run_109_repetition_27,DONE,xz,xz/remove-trailing-separator--remove-trailing-separator-1.1.0.tar.xz,0.25,0.03,0.004016075
run_29_repetition_15,DONE,npm,npm/@parcel__watcher--watcher-2.5.6.tgz,0.43,0.05,0.006188747
run_104_repetition_16,DONE,xz,xz/prismjs--prismjs-1.30.0.tar.xz,2.76,0.32,0.043094814
run_257_repetition_18,DONE,brotli,brotli/@modelcontextprotocol__sdk--sdk-1.29.0.tar.br,1.09,0.13,0.016626321
run_253_repetition_19,DONE,brotli,brotli/@babel__plugin-transform-regexp-modifiers--plugin-transform-regexp-modifiers-7.28.6.tar.br,0.25,0.03,0.004266367
run_115_repetition_5,DONE,xz,xz/style-loader--style-loader-4.0.0.tar.xz,0.35,0.04,0.005090504
run_310_repetition_7,DONE,brotli,brotli/webpack--webpack-5.107.1.tar.br,1.92,0.22,0.029542262
run_283_repetition_25,DONE,brotli,brotli/iconv-lite--iconv-lite-0.7.2.tar.br,0.5,0.06,0.007484317
run_105_repetition_2,DONE,xz,xz/prop-types--prop-types-15.8.1.tar.xz,0.36,0.04,0.005654631
run_248_repetition_25,DONE,zstd,zstd/whatwg-mimetype--whatwg-mimetype-5.0.0.tar.zst,0.26,0.03,0.003548413
run_17_repetition_6,DONE,npm,npm/source-list-map--source-list-map-2.0.1.tgz,0.35,0.04,0.004932763
run_12_repetition_13,DONE,npm,npm/@radix-ui__primitive--primitive-1.1.3.tgz,0.33,0.04,0.004699378
run_199_repetition_5,DONE,zstd,zstd/@sindresorhus__is--is-8.1.0.tar.zst,0.27,0.03,0.003894521
run_130_repetition_25,DONE,zopfli,zopfli/@ethersproject__abstract-signer--abstract-signer-5.8.0.tgz,0.29,0.03,0.004330396
run_23_repetition_0,DONE,npm,npm/prop-types--prop-types-15.8.1.tgz,0.33,0.04,0.005037259
run_191_repetition_16,DONE,zstd,zstd/@esbuild__linux-ia32--linux-ia32-0.28.0.tar.zst,3.06,0.36,0.046552639
run_174_repetition_26,DONE,zopfli,zopfli/shallowequal--shallowequal-1.1.0.tgz,0.23,0.03,0.0035886
run_70_repetition_21,DONE,xz,xz/@opentelemetry__semantic-conventions--semantic-conventions-1.41.1.tar.xz,3.01,0.35,0.047194996
run_287_repetition_5,DONE,brotli,brotli/linkify-it--linkify-it-5.0.1.tar.br,0.23,0.03,0.003996102
run_193_repetition_21,DONE,zstd,zstd/@ethersproject__abstract-signer--abstract-signer-5.8.0.tar.zst,0.26,0.03,0.003825577
run_280_repetition_14,DONE,brotli,brotli/has-to-string-tag-x--has-to-string-tag-x-2.1.2.tar.br,0.32,0.04,0.004841637
run_99_repetition_2,DONE,xz,xz/lodash-es--lodash-es-4.18.1.tar.xz,0.99,0.12,0.015786034
run_193_repetition_22,DONE,zstd,zstd/@ethersproject__abstract-signer--abstract-signer-5.8.0.tar.zst,0.26,0.03,0.003910288
run_58_repetition_1,DONE,npm,npm/@esbuild__linux-ia32--linux-ia32-0.28.0.tgz,7.28,0.86,0.114734075
run_114_repetition_8,DONE,xz,xz/strict-uri-encode--strict-uri-encode-2.0.0.tar.xz,0.26,0.03,0.003618744
run_130_repetition_9,DONE,zopfli,zopfli/@ethersproject__abstract-signer--abstract-signer-5.8.0.tgz,0.32,0.04,0.004720213
run_193_repetition_18,DONE,zstd,zstd/@ethersproject__abstract-signer--abstract-signer-5.8.0.tar.zst,0.26,0.03,0.003840995
run_63_repetition_16,DONE,xz,xz/@aws-cdk__cloud-assembly-schema--cloud-assembly-schema-53.27.0.tar.xz,1.02,0.12,0.015601852
run_110_repetition_28,DONE,xz,xz/resize-observer-polyfill--resize-observer-polyfill-1.5.1.tar.xz,0.38,0.04,0.005745178
run_1_repetition_10,DONE,npm,npm/client-only--client-only-0.0.1.tgz,0.26,0.03,0.004443367
run_88_repetition_14,DONE,xz,xz/ethers--ethers-6.16.0.tar.xz,6.68,0.79,0.105041431
run_108_repetition_11,DONE,xz,xz/react-error-overlay--react-error-overlay-6.1.0.tar.xz,0.9,0.11,0.014105193
run_153_repetition_27,DONE,zopfli,zopfli/got--got-15.0.5.tgz,0.45,0.05,0.007219407
run_258_repetition_25,DONE,brotli,brotli/@next__swc-linux-arm64-musl--swc-linux-arm64-musl-16.2.6.tar.br,40.42,4.84,0.631149504
run_229_repetition_14,DONE,zstd,zstd/prettier--prettier-3.8.3.tar.zst,1.67,0.19,0.02483727
run_113_repetition_8,DONE,xz,xz/split2--split2-4.2.0.tar.xz,0.29,0.03,0.004255115
run_194_repetition_19,DONE,zstd,zstd/@modelcontextprotocol__sdk--sdk-1.29.0.tar.zst,0.99,0.12,0.014721284
run_243_repetition_17,DONE,zstd,zstd/tar--tar-7.5.15.tar.zst,0.61,0.07,0.009603397
run_240_repetition_25,DONE,zstd,zstd/strict-uri-encode--strict-uri-encode-2.0.0.tar.zst,0.23,0.03,0.003359494
run_63_repetition_24,DONE,xz,xz/@aws-cdk__cloud-assembly-schema--cloud-assembly-schema-53.27.0.tar.xz,0.99,0.12,0.015369384
run_210_repetition_29,DONE,zstd,zstd/dom-accessibility-api--dom-accessibility-api-0.7.1.tar.zst,0.26,0.03,0.00443974
run_66_repetition_20,DONE,xz,xz/@eslint__eslintrc--eslintrc-3.3.5.tar.xz,0.64,0.07,0.010240938
run_74_repetition_18,DONE,xz,xz/@types__glob--glob-9.0.0.tar.xz,0.26,0.03,0.003924562
run_26_repetition_9,DONE,npm,npm/workbox-streams--workbox-streams-7.4.1.tgz,0.38,0.05,0.005923505
run_3_repetition_28,DONE,npm,npm/@types__uuid--uuid-11.0.0.tgz,0.39,0.04,0.005344145
run_252_repetition_4,DONE,brotli,brotli/@aws-cdk__cloud-assembly-schema--cloud-assembly-schema-53.27.0.tar.br,0.52,0.06,0.007724346
run_167_repetition_23,DONE,zopfli,zopfli/prismjs--prismjs-1.30.0.tgz,1.75,0.21,0.027205873
run_226_repetition_18,DONE,zstd,zstd/next--next-16.2.6.tar.zst,20.86,2.49,0.309326055
run_53_repetition_4,DONE,npm,npm/libphonenumber-js--libphonenumber-js-1.13.3.tgz,5.3,0.63,0.081812872
run_81_repetition_28,DONE,xz,xz/babel-plugin-transform-exponentiation-operator--babel-plugin-transform-exponentiation-operator-6.24.1.tar.xz,0.26,0.03,0.003796861
run_228_repetition_27,DONE,zstd,zstd/path-dirname--path-dirname-1.0.2.tar.zst,0.2,0.02,0.003310373
run_236_repetition_8,DONE,zstd,zstd/resize-observer-polyfill--resize-observer-polyfill-1.5.1.tar.zst,0.26,0.03,0.003844284
run_3_repetition_12,DONE,npm,npm/@types__uuid--uuid-11.0.0.tgz,0.42,0.05,0.005611028
run_180_repetition_14,DONE,zopfli,zopfli/tar--tar-7.5.15.tgz,1.52,0.18,0.024048564
run_129_repetition_14,DONE,zopfli,zopfli/@eslint__eslintrc--eslintrc-3.3.5.tgz,0.61,0.07,0.009327857
run_56_repetition_1,DONE,npm,npm/ethers--ethers-6.16.0.tgz,6.99,0.82,0.10753294
run_124_repetition_29,DONE,xz,xz/workbox-streams--workbox-streams-7.4.1.tar.xz,0.45,0.05,0.006713965
run_58_repetition_26,DONE,npm,npm/@esbuild__linux-ia32--linux-ia32-0.28.0.tgz,7.27,0.85,0.114537982
run_245_repetition_23,DONE,zstd,zstd/typescript--typescript-6.0.3.tar.zst,3.9,0.46,0.057854159
run_133_repetition_28,DONE,zopfli,zopfli/@opentelemetry__semantic-conventions--semantic-conventions-1.41.1.tgz,4.93,0.58,0.077863957
run_96_repetition_29,DONE,xz,xz/jiti--jiti-2.7.0.tar.xz,2.1,0.24,0.033165535
run_239_repetition_3,DONE,zstd,zstd/split2--split2-4.2.0.tar.zst,0.23,0.03,0.003574008
run_54_repetition_9,DONE,npm,npm/node-notifier--node-notifier-10.0.1.tgz,3.31,0.4,0.051588951
run_155_repetition_10,DONE,zopfli,zopfli/highlight.js--highlight.js-11.11.1.tgz,3.59,0.43,0.056475243
run_207_repetition_23,DONE,zstd,zstd/babel-plugin-transform-exponentiation-operator--babel-plugin-transform-exponentiation-operator-6.24.1.tar.zst,0.26,0.03,0.003491268
run_4_repetition_3,DONE,npm,npm/@types__glob--glob-9.0.0.tgz,0.38,0.05,0.00542773
run_183_repetition_28,DONE,zopfli,zopfli/watchpack-chokidar2--watchpack-chokidar2-2.0.1.tgz,0.26,0.03,0.003822195
run_109_repetition_5,DONE,xz,xz/remove-trailing-separator--remove-trailing-separator-1.1.0.tar.xz,0.26,0.03,0.004035852
run_298_repetition_5,DONE,brotli,brotli/remove-trailing-separator--remove-trailing-separator-1.1.0.tar.br,0.3,0.03,0.003961471
run_252_repetition_15,DONE,brotli,brotli/@aws-cdk__cloud-assembly-schema--cloud-assembly-schema-53.27.0.tar.br,0.55,0.06,0.007796252
run_218_repetition_22,DONE,zstd,zstd/highlight.js--highlight.js-11.11.1.tar.zst,1.3,0.15,0.019226696
run_251_repetition_25,DONE,zstd,zstd/xml2js--xml2js-0.6.2.tar.zst,0.96,0.11,0.014256092
run_137_repetition_7,DONE,zopfli,zopfli/@types__glob--glob-9.0.0.tgz,0.23,0.03,0.003470536
run_215_repetition_10,DONE,zstd,zstd/fetch-blob--fetch-blob-4.0.0.tar.zst,0.2,0.03,0.003429691
run_152_repetition_3,DONE,zopfli,zopfli/fetch-blob--fetch-blob-4.0.0.tgz,0.26,0.03,0.003869059
run_7_repetition_13,DONE,npm,npm/strict-uri-encode--strict-uri-encode-2.0.0.tgz,0.29,0.03,0.004588099
run_110_repetition_9,DONE,xz,xz/resize-observer-polyfill--resize-observer-polyfill-1.5.1.tar.xz,0.38,0.05,0.005804632
run_12_repetition_9,DONE,npm,npm/@radix-ui__primitive--primitive-1.1.3.tgz,0.32,0.04,0.004744913
run_312_repetition_29,DONE,brotli,brotli/workbox-routing--workbox-routing-7.4.1.tar.br,0.35,0.04,0.005694331
run_164_repetition_21,DONE,zopfli,zopfli/node-notifier--node-notifier-10.0.1.tgz,3.42,0.42,0.053663882
run_184_repetition_3,DONE,zopfli,zopfli/webpack--webpack-5.107.1.tgz,3.7,0.44,0.057883993
run_84_repetition_27,DONE,xz,xz/dom-accessibility-api--dom-accessibility-api-0.7.1.tar.xz,0.51,0.06,0.007561833
run_64_repetition_14,DONE,xz,xz/@babel__plugin-transform-regexp-modifiers--plugin-transform-regexp-modifiers-7.28.6.tar.xz,0.26,0.03,0.003883081
run_246_repetition_25,DONE,zstd,zstd/watchpack-chokidar2--watchpack-chokidar2-2.0.1.tar.zst,0.27,0.03,0.003465725
run_78_repetition_17,DONE,xz,xz/aws-sdk--aws-sdk-2.1693.0.tar.xz,46.1,5.46,0.724214904
run_255_repetition_29,DONE,brotli,brotli/@eslint__eslintrc--eslintrc-3.3.5.tar.br,0.42,0.05,0.00609423
run_300_repetition_13,DONE,brotli,brotli/shallowequal--shallowequal-1.1.0.tar.br,0.29,0.03,0.003964865
run_313_repetition_21,DONE,brotli,brotli/workbox-streams--workbox-streams-7.4.1.tar.br,0.32,0.04,0.004835347
run_94_repetition_10,DONE,xz,xz/iconv-lite--iconv-lite-0.7.2.tar.xz,1.12,0.13,0.017500373
run_211_repetition_17,DONE,zstd,zstd/encoding-sniffer--encoding-sniffer-1.0.2.tar.zst,0.26,0.03,0.003974564
run_186_repetition_27,DONE,zopfli,zopfli/workbox-routing--workbox-routing-7.4.1.tgz,0.38,0.05,0.006106052
run_176_repetition_22,DONE,zopfli,zopfli/split2--split2-4.2.0.tgz,0.29,0.03,0.003834578
run_156_repetition_2,DONE,zopfli,zopfli/html-escaper--html-escaper-3.0.3.tgz,0.25,0.03,0.004118631
run_109_repetition_10,DONE,xz,xz/remove-trailing-separator--remove-trailing-separator-1.1.0.tar.xz,0.26,0.03,0.004122295
run_202_repetition_6,DONE,zstd,zstd/@vue__reactivity--reactivity-3.5.34.tar.zst,0.29,0.03,0.004298513
run_175_repetition_11,DONE,zopfli,zopfli/source-list-map--source-list-map-2.0.1.tgz,0.26,0.03,0.004025199
run_219_repetition_29,DONE,zstd,zstd/html-escaper--html-escaper-3.0.3.tar.zst,0.2,0.02,0.003439274
run_64_repetition_20,DONE,xz,xz/@babel__plugin-transform-regexp-modifiers--plugin-transform-regexp-modifiers-7.28.6.tar.xz,0.25,0.03,0.004050725
run_195_repetition_3,DONE,zstd,zstd/@next__swc-linux-arm64-musl--swc-linux-arm64-musl-16.2.6.tar.zst,29.56,3.45,0.448060845
run_121_repetition_7,DONE,xz,xz/webpack--webpack-5.107.1.tar.xz,5.53,0.65,0.087101874
run_112_repetition_19,DONE,xz,xz/source-list-map--source-list-map-2.0.1.tar.xz,0.32,0.04,0.004434265
run_255_repetition_9,DONE,brotli,brotli/@eslint__eslintrc--eslintrc-3.3.5.tar.br,0.45,0.05,0.006572074
run_159_repetition_21,DONE,zopfli,zopfli/jiti--jiti-2.7.0.tgz,1.18,0.14,0.018612642
run_224_repetition_26,DONE,zstd,zstd/linkify-it--linkify-it-5.0.1.tar.zst,0.23,0.03,0.003628395
run_184_repetition_20,DONE,zopfli,zopfli/webpack--webpack-5.107.1.tgz,3.71,0.44,0.057913816
run_313_repetition_5,DONE,brotli,brotli/workbox-streams--workbox-streams-7.4.1.tar.br,0.32,0.04,0.004901444
run_170_repetition_26,DONE,zopfli,zopfli/react-dom--react-dom-19.2.6.tgz,3.5,0.41,0.055023343
run_251_repetition_18,DONE,zstd,zstd/xml2js--xml2js-0.6.2.tar.zst,0.95,0.11,0.014389512
run_150_repetition_8,DONE,zopfli,zopfli/eslint-plugin-import--eslint-plugin-import-2.32.0.tgz,1.2,0.14,0.018413046
run_52_repetition_10,DONE,npm,npm/@opentelemetry__semantic-conventions--semantic-conventions-1.41.1.tgz,4.85,0.58,0.075680438
run_279_repetition_0,DONE,brotli,brotli/got--got-15.0.5.tar.br,0.39,0.05,0.005732702
run_256_repetition_10,DONE,brotli,brotli/@ethersproject__abstract-signer--abstract-signer-5.8.0.tar.br,0.26,0.03,0.004291172
run_207_repetition_22,DONE,zstd,zstd/babel-plugin-transform-exponentiation-operator--babel-plugin-transform-exponentiation-operator-6.24.1.tar.zst,0.23,0.02,0.003270789
run_210_repetition_18,DONE,zstd,zstd/dom-accessibility-api--dom-accessibility-api-0.7.1.tar.zst,0.32,0.04,0.004557062
run_43_repetition_24,DONE,npm,npm/jiti--jiti-2.7.0.tgz,1.15,0.13,0.018400836
run_231_repetition_29,DONE,zstd,zstd/prop-types--prop-types-15.8.1.tar.zst,0.26,0.03,0.003721327
run_212_repetition_5,DONE,zstd,zstd/eslint-config-react-app--eslint-config-react-app-7.0.1.tar.zst,0.26,0.03,0.003427282
run_314_repetition_25,DONE,brotli,brotli/xml2js--xml2js-0.6.2.tar.br,1.25,0.15,0.019878774
run_3_repetition_23,DONE,npm,npm/@types__uuid--uuid-11.0.0.tgz,0.36,0.04,0.005370375
run_19_repetition_28,DONE,npm,npm/whatwg-mimetype--whatwg-mimetype-5.0.0.tgz,0.32,0.04,0.004844626
run_127_repetition_9,DONE,zopfli,zopfli/@babel__plugin-transform-regexp-modifiers--plugin-transform-regexp-modifiers-7.28.6.tgz,0.26,0.03,0.003556695
run_43_repetition_27,DONE,npm,npm/jiti--jiti-2.7.0.tgz,1.18,0.14,0.018634354
run_288_repetition_13,DONE,brotli,brotli/lodash-es--lodash-es-4.18.1.tar.br,0.58,0.07,0.008677261
run_1_repetition_22,DONE,npm,npm/client-only--client-only-0.0.1.tgz,0.32,0.04,0.004329308
run_271_repetition_20,DONE,brotli,brotli/client-only--client-only-0.0.1.tar.br,0.26,0.03,0.003870214
run_144_repetition_18,DONE,zopfli,zopfli/babel-plugin-transform-exponentiation-operator--babel-plugin-transform-exponentiation-operator-6.24.1.tgz,0.23,0.02,0.003569175
run_299_repetition_20,DONE,brotli,brotli/resize-observer-polyfill--resize-observer-polyfill-1.5.1.tar.br,0.29,0.03,0.004677988
run_14_repetition_6,DONE,npm,npm/split2--split2-4.2.0.tgz,0.32,0.04,0.004743478
run_219_repetition_9,DONE,zstd,zstd/html-escaper--html-escaper-3.0.3.tar.zst,0.23,0.02,0.003392639
run_206_repetition_28,DONE,zstd,zstd/babel-plugin-check-es2015-constants--babel-plugin-check-es2015-constants-6.22.0.tar.zst,0.2,0.03,0.00345415
run_172_repetition_12,DONE,zopfli,zopfli/remove-trailing-separator--remove-trailing-separator-1.1.0.tgz,0.22,0.02,0.003577011
run_191_repetition_15,DONE,zstd,zstd/@esbuild__linux-ia32--linux-ia32-0.28.0.tar.zst,3.15,0.36,0.047302164
run_153_repetition_8,DONE,zopfli,zopfli/got--got-15.0.5.tgz,0.47,0.06,0.006866495
run_163_repetition_18,DONE,zopfli,zopfli/next--next-16.2.6.tgz,81.21,9.59,1.281720508
run_304_repetition_25,DONE,brotli,brotli/style-loader--style-loader-4.0.0.tar.br,0.3,0.03,0.004539412
run_10_repetition_1,DONE,npm,npm/path-dirname--path-dirname-1.0.2.tgz,0.32,0.04,0.004715764
run_94_repetition_20,DONE,xz,xz/iconv-lite--iconv-lite-0.7.2.tar.xz,1.08,0.13,0.01721978
run_89_repetition_20,DONE,xz,xz/fetch-blob--fetch-blob-4.0.0.tar.xz,0.32,0.04,0.004706626
run_282_repetition_16,DONE,brotli,brotli/html-escaper--html-escaper-3.0.3.tar.br,0.29,0.03,0.004328882
run_215_repetition_21,DONE,zstd,zstd/fetch-blob--fetch-blob-4.0.0.tar.zst,0.26,0.03,0.003436456
run_70_repetition_17,DONE,xz,xz/@opentelemetry__semantic-conventions--semantic-conventions-1.41.1.tar.xz,3.04,0.35,0.047073534
run_138_repetition_4,DONE,zopfli,zopfli/@types__uuid--uuid-11.0.0.tgz,0.29,0.03,0.003703048
run_18_repetition_0,DONE,npm,npm/fetch-blob--fetch-blob-4.0.0.tgz,0.29,0.03,0.004801302
run_152_repetition_5,DONE,zopfli,zopfli/fetch-blob--fetch-blob-4.0.0.tgz,0.26,0.03,0.003733946
run_231_repetition_5,DONE,zstd,zstd/prop-types--prop-types-15.8.1.tar.zst,0.26,0.03,0.003694057
run_135_repetition_3,DONE,zopfli,zopfli/@radix-ui__primitive--primitive-1.1.3.tgz,0.23,0.03,0.003711597
run_299_repetition_5,DONE,brotli,brotli/resize-observer-polyfill--resize-observer-polyfill-1.5.1.tar.br,0.29,0.03,0.004723141
run_149_repetition_8,DONE,zopfli,zopfli/eslint-config-react-app--eslint-config-react-app-7.0.1.tgz,0.29,0.04,0.004175637
run_97_repetition_0,DONE,xz,xz/libphonenumber-js--libphonenumber-js-1.13.3.tar.xz,4.3,0.51,0.067549056
run_180_repetition_12,DONE,zopfli,zopfli/tar--tar-7.5.15.tgz,1.52,0.18,0.023868769
run_28_repetition_27,DONE,npm,npm/resize-observer-polyfill--resize-observer-polyfill-1.5.1.tgz,0.38,0.04,0.005928404
run_262_repetition_22,DONE,brotli,brotli/@sindresorhus__is--is-8.1.0.tar.br,0.32,0.03,0.004450488
run_178_repetition_5,DONE,zopfli,zopfli/style-loader--style-loader-4.0.0.tgz,0.3,0.03,0.004194877
run_77_repetition_0,DONE,xz,xz/assert-plus--assert-plus-1.0.0.tar.xz,0.25,0.03,0.004032613
run_247_repetition_22,DONE,zstd,zstd/webpack--webpack-5.107.1.tar.zst,1.54,0.18,0.02251287
run_95_repetition_9,DONE,xz,xz/immer--immer-11.1.8.tar.xz,0.74,0.09,0.011648113
run_307_repetition_17,DONE,brotli,brotli/ts-node--ts-node-10.9.2.tar.br,0.58,0.07,0.008118454
run_250_repetition_18,DONE,zstd,zstd/workbox-streams--workbox-streams-7.4.1.tar.zst,0.3,0.03,0.004020652
run_55_repetition_18,DONE,npm,npm/prettier--prettier-3.8.3.tgz,4.75,0.56,0.074696247
run_213_repetition_23,DONE,zstd,zstd/eslint-plugin-import--eslint-plugin-import-2.32.0.tar.zst,0.58,0.07,0.009034275
run_1_repetition_17,DONE,npm,npm/client-only--client-only-0.0.1.tgz,0.32,0.03,0.004667147
run_122_repetition_15,DONE,xz,xz/whatwg-mimetype--whatwg-mimetype-5.0.0.tar.xz,0.29,0.03,0.00477511
run_196_repetition_29,DONE,zstd,zstd/@opentelemetry__semantic-conventions--semantic-conventions-1.41.1.tar.zst,1.58,0.19,0.024434271
run_133_repetition_0,DONE,zopfli,zopfli/@opentelemetry__semantic-conventions--semantic-conventions-1.41.1.tgz,4.9,0.58,0.077786927
run_236_repetition_24,DONE,zstd,zstd/resize-observer-polyfill--resize-observer-polyfill-1.5.1.tar.zst,0.3,0.03,0.004111321
run_308_repetition_14,DONE,brotli,brotli/typescript--typescript-6.0.3.tar.br,4.23,0.5,0.065643414
run_255_repetition_3,DONE,brotli,brotli/@eslint__eslintrc--eslintrc-3.3.5.tar.br,0.42,0.05,0.006695942
run_115_repetition_8,DONE,xz,xz/style-loader--style-loader-4.0.0.tar.xz,0.35,0.04,0.00536916
run_4_repetition_7,DONE,npm,npm/@types__glob--glob-9.0.0.tgz,0.36,0.04,0.005605513
run_86_repetition_16,DONE,xz,xz/eslint-config-react-app--eslint-config-react-app-7.0.1.tar.xz,0.29,0.03,0.00431475
run_71_repetition_21,DONE,xz,xz/@parcel__watcher--watcher-2.5.6.tar.xz,0.45,0.05,0.00682922
run_50_repetition_19,DONE,npm,npm/react-dom--react-dom-19.2.6.tgz,3.51,0.41,0.0546021
run_143_repetition_28,DONE,zopfli,zopfli/babel-plugin-check-es2015-constants--babel-plugin-check-es2015-constants-6.22.0.tgz,0.19,0.02,0.003459866
run_186_repetition_24,DONE,zopfli,zopfli/workbox-routing--workbox-routing-7.4.1.tgz,0.39,0.05,0.006075097
run_11_repetition_0,DONE,npm,npm/shallowequal--shallowequal-1.1.0.tgz,0.3,0.03,0.004701951
run_13_repetition_3,DONE,npm,npm/assert-plus--assert-plus-1.0.0.tgz,0.33,0.04,0.004789228
run_178_repetition_21,DONE,zopfli,zopfli/style-loader--style-loader-4.0.0.tgz,0.29,0.03,0.004335401
run_258_repetition_2,DONE,brotli,brotli/@next__swc-linux-arm64-musl--swc-linux-arm64-musl-16.2.6.tar.br,40.64,4.86,0.633290593
run_157_repetition_7,DONE,zopfli,zopfli/iconv-lite--iconv-lite-0.7.2.tgz,0.45,0.05,0.007784751
run_79_repetition_11,DONE,xz,xz/babel-helper-get-function-arity--babel-helper-get-function-arity-6.24.1.tar.xz,0.29,0.03,0.004257546
run_151_repetition_3,DONE,zopfli,zopfli/ethers--ethers-6.16.0.tgz,7.4,0.88,0.116529255
run_176_repetition_21,DONE,zopfli,zopfli/split2--split2-4.2.0.tgz,0.26,0.03,0.004022245
run_235_repetition_26,DONE,zstd,zstd/remove-trailing-separator--remove-trailing-separator-1.1.0.tar.zst,0.19,0.02,0.003368746
run_171_repetition_28,DONE,zopfli,zopfli/react-error-overlay--react-error-overlay-6.1.0.tgz,0.51,0.06,0.007876918
run_25_repetition_21,DONE,npm,npm/encoding-sniffer--encoding-sniffer-1.0.2.tgz,0.39,0.05,0.00569575
run_157_repetition_21,DONE,zopfli,zopfli/iconv-lite--iconv-lite-0.7.2.tgz,0.54,0.06,0.007924072
run_112_repetition_22,DONE,xz,xz/source-list-map--source-list-map-2.0.1.tar.xz,0.33,0.04,0.004863721
run_213_repetition_22,DONE,zstd,zstd/eslint-plugin-import--eslint-plugin-import-2.32.0.tar.zst,0.59,0.07,0.008853887
run_57_repetition_14,DONE,npm,npm/date-fns--date-fns-4.3.0.tgz,16.13,1.9,0.250988303
run_238_repetition_8,DONE,zstd,zstd/source-list-map--source-list-map-2.0.1.tar.zst,0.19,0.02,0.003420421
run_184_repetition_16,DONE,zopfli,zopfli/webpack--webpack-5.107.1.tgz,3.67,0.44,0.057715628
run_117_repetition_1,DONE,xz,xz/tar--tar-7.5.15.tar.xz,1.63,0.19,0.025561901
run_157_repetition_6,DONE,zopfli,zopfli/iconv-lite--iconv-lite-0.7.2.tgz,0.51,0.06,0.007610522
run_98_repetition_26,DONE,xz,xz/linkify-it--linkify-it-5.0.1.tar.xz,0.32,0.04,0.004810104
run_120_repetition_24,DONE,xz,xz/watchpack-chokidar2--watchpack-chokidar2-2.0.1.tar.xz,0.26,0.03,0.003886606
run_121_repetition_1,DONE,xz,xz/webpack--webpack-5.107.1.tar.xz,5.55,0.66,0.087209745
run_124_repetition_3,DONE,xz,xz/workbox-streams--workbox-streams-7.4.1.tar.xz,0.45,0.05,0.006617125
run_211_repetition_5,DONE,zstd,zstd/encoding-sniffer--encoding-sniffer-1.0.2.tar.zst,0.26,0.03,0.004062763
run_307_repetition_24,DONE,brotli,brotli/ts-node--ts-node-10.9.2.tar.br,0.55,0.07,0.008402674
run_289_repetition_5,DONE,brotli,brotli/next--next-16.2.6.tar.br,22.54,2.72,0.350397435
run_71_repetition_26,DONE,xz,xz/@parcel__watcher--watcher-2.5.6.tar.xz,0.43,0.05,0.006758602
run_102_repetition_29,DONE,xz,xz/path-dirname--path-dirname-1.0.2.tar.xz,0.29,0.04,0.004186763
run_27_repetition_28,DONE,npm,npm/has-to-string-tag-x--has-to-string-tag-x-2.1.2.tgz,0.39,0.05,0.005567287
run_146_repetition_27,DONE,zopfli,zopfli/date-fns--date-fns-4.3.0.tgz,12.18,1.46,0.193154254
run_122_repetition_14,DONE,xz,xz/whatwg-mimetype--whatwg-mimetype-5.0.0.tar.xz,0.35,0.04,0.005286864
run_152_repetition_28,DONE,zopfli,zopfli/fetch-blob--fetch-blob-4.0.0.tgz,0.29,0.03,0.003963141
run_69_repetition_13,DONE,xz,xz/@next__swc-linux-arm64-musl--swc-linux-arm64-musl-16.2.6.tar.xz,153.94,17.99,2.419586697
run_275_repetition_4,DONE,brotli,brotli/eslint-config-react-app--eslint-config-react-app-7.0.1.tar.br,0.29,0.03,0.004299708
run_87_repetition_8,DONE,xz,xz/eslint-plugin-import--eslint-plugin-import-2.32.0.tar.xz,1.98,0.23,0.030699759
run_54_repetition_7,DONE,npm,npm/node-notifier--node-notifier-10.0.1.tgz,3.35,0.39,0.051586886
run_105_repetition_24,DONE,xz,xz/prop-types--prop-types-15.8.1.tar.xz,0.35,0.05,0.005437569
run_262_repetition_0,DONE,brotli,brotli/@sindresorhus__is--is-8.1.0.tar.br,0.32,0.04,0.004682192
run_142_repetition_5,DONE,zopfli,zopfli/babel-helper-get-function-arity--babel-helper-get-function-arity-6.24.1.tgz,0.26,0.03,0.003542671
run_292_repetition_7,DONE,brotli,brotli/prettier--prettier-3.8.3.tar.br,2.2,0.26,0.034323377
run_164_repetition_8,DONE,zopfli,zopfli/node-notifier--node-notifier-10.0.1.tgz,3.43,0.4,0.053744387
run_133_repetition_24,DONE,zopfli,zopfli/@opentelemetry__semantic-conventions--semantic-conventions-1.41.1.tgz,4.94,0.59,0.077812164
run_172_repetition_6,DONE,zopfli,zopfli/remove-trailing-separator--remove-trailing-separator-1.1.0.tgz,0.23,0.03,0.003481818
run_164_repetition_25,DONE,zopfli,zopfli/node-notifier--node-notifier-10.0.1.tgz,3.41,0.4,0.053692792
run_107_repetition_15,DONE,xz,xz/react-dom--react-dom-19.2.6.tar.xz,2.48,0.29,0.039248961
run_146_repetition_14,DONE,zopfli,zopfli/date-fns--date-fns-4.3.0.tgz,12.23,1.46,0.193996342
run_92_repetition_16,DONE,xz,xz/highlight.js--highlight.js-11.11.1.tar.xz,3.95,0.47,0.061228295
run_55_repetition_12,DONE,npm,npm/prettier--prettier-3.8.3.tgz,4.79,0.56,0.075042066
run_207_repetition_10,DONE,zstd,zstd/babel-plugin-transform-exponentiation-operator--babel-plugin-transform-exponentiation-operator-6.24.1.tar.zst,0.26,0.03,0.003482937
run_176_repetition_20,DONE,zopfli,zopfli/split2--split2-4.2.0.tgz,0.26,0.03,0.003912554
run_179_repetition_7,DONE,zopfli,zopfli/tailwindcss--tailwindcss-4.3.0.tgz,0.64,0.08,0.010035435
run_113_repetition_3,DONE,xz,xz/split2--split2-4.2.0.tar.xz,0.26,0.03,0.004144622
run_269_repetition_19,DONE,brotli,brotli/babel-plugin-check-es2015-constants--babel-plugin-check-es2015-constants-6.22.0.tar.br,0.26,0.03,0.004026604
run_155_repetition_20,DONE,zopfli,zopfli/highlight.js--highlight.js-11.11.1.tgz,3.58,0.43,0.055985864
run_110_repetition_29,DONE,xz,xz/resize-observer-polyfill--resize-observer-polyfill-1.5.1.tar.xz,0.35,0.04,0.005529785
run_67_repetition_4,DONE,xz,xz/@ethersproject__abstract-signer--abstract-signer-5.8.0.tar.xz,0.32,0.04,0.005208647
run_78_repetition_13,DONE,xz,xz/aws-sdk--aws-sdk-2.1693.0.tar.xz,45.92,5.46,0.721969432
run_240_repetition_14,DONE,zstd,zstd/strict-uri-encode--strict-uri-encode-2.0.0.tar.zst,0.26,0.03,0.003614455
run_147_repetition_13,DONE,zopfli,zopfli/dom-accessibility-api--dom-accessibility-api-0.7.1.tgz,0.41,0.05,0.006320929
run_53_repetition_24,DONE,npm,npm/libphonenumber-js--libphonenumber-js-1.13.3.tgz,5.28,0.62,0.081571994
run_119_repetition_0,DONE,xz,xz/typescript--typescript-6.0.3.tar.xz,13.53,1.61,0.212506521
run_133_repetition_1,DONE,zopfli,zopfli/@opentelemetry__semantic-conventions--semantic-conventions-1.41.1.tgz,4.89,0.58,0.077874793
run_304_repetition_14,DONE,brotli,brotli/style-loader--style-loader-4.0.0.tar.br,0.32,0.04,0.004507155
run_182_repetition_23,DONE,zopfli,zopfli/typescript--typescript-6.0.3.tgz,11.24,1.32,0.177826943
run_194_repetition_12,DONE,zstd,zstd/@modelcontextprotocol__sdk--sdk-1.29.0.tar.zst,0.96,0.11,0.014578441
run_314_repetition_18,DONE,brotli,brotli/xml2js--xml2js-0.6.2.tar.br,1.28,0.15,0.019500648
run_303_repetition_19,DONE,brotli,brotli/strict-uri-encode--strict-uri-encode-2.0.0.tar.br,0.26,0.03,0.004017159
run_122_repetition_19,DONE,xz,xz/whatwg-mimetype--whatwg-mimetype-5.0.0.tar.xz,0.3,0.03,0.004873345
run_210_repetition_24,DONE,zstd,zstd/dom-accessibility-api--dom-accessibility-api-0.7.1.tar.zst,0.33,0.04,0.004535527
run_0_repetition_16,DONE,npm,npm/watchpack-chokidar2--watchpack-chokidar2-2.0.1.tgz,0.32,0.04,0.004750675
run_91_repetition_16,DONE,xz,xz/has-to-string-tag-x--has-to-string-tag-x-2.1.2.tar.xz,0.39,0.05,0.005847514
run_46_repetition_21,DONE,npm,npm/@modelcontextprotocol__sdk--sdk-1.29.0.tgz,2.24,0.26,0.034365366
run_71_repetition_22,DONE,xz,xz/@parcel__watcher--watcher-2.5.6.tar.xz,0.48,0.06,0.006827477
run_162_repetition_1,DONE,zopfli,zopfli/lodash-es--lodash-es-4.18.1.tgz,0.89,0.11,0.013750982
run_76_repetition_20,DONE,xz,xz/@vue__reactivity--reactivity-3.5.34.tar.xz,0.51,0.06,0.007398328
run_77_repetition_23,DONE,xz,xz/assert-plus--assert-plus-1.0.0.tar.xz,0.29,0.03,0.004310467
run_11_repetition_5,DONE,npm,npm/shallowequal--shallowequal-1.1.0.tgz,0.25,0.03,0.00456613
run_47_repetition_23,DONE,npm,npm/protobufjs--protobufjs-8.4.2.tgz,1.9,0.22,0.029589374
run_19_repetition_6,DONE,npm,npm/whatwg-mimetype--whatwg-mimetype-5.0.0.tgz,0.35,0.04,0.005034911
run_130_repetition_4,DONE,zopfli,zopfli/@ethersproject__abstract-signer--abstract-signer-5.8.0.tgz,0.26,0.03,0.004243061
run_24_repetition_11,DONE,npm,npm/@sindresorhus__is--is-8.1.0.tgz,0.32,0.04,0.005355857
run_10_repetition_9,DONE,npm,npm/path-dirname--path-dirname-1.0.2.tgz,0.32,0.04,0.00521113
run_146_repetition_6,DONE,zopfli,zopfli/date-fns--date-fns-4.3.0.tgz,12.15,1.45,0.1930936
run_303_repetition_1,DONE,brotli,brotli/strict-uri-encode--strict-uri-encode-2.0.0.tar.br,0.25,0.03,0.003886939
run_199_repetition_12,DONE,zstd,zstd/@sindresorhus__is--is-8.1.0.tar.zst,0.25,0.03,0.003864467
run_68_repetition_7,DONE,xz,xz/@modelcontextprotocol__sdk--sdk-1.29.0.tar.xz,2.29,0.27,0.035948195
run_252_repetition_11,DONE,brotli,brotli/@aws-cdk__cloud-assembly-schema--cloud-assembly-schema-53.27.0.tar.br,0.51,0.06,0.007613809
run_235_repetition_6,DONE,zstd,zstd/remove-trailing-separator--remove-trailing-separator-1.1.0.tar.zst,0.29,0.03,0.003758002
run_126_repetition_6,DONE,zopfli,zopfli/@aws-cdk__cloud-assembly-schema--cloud-assembly-schema-53.27.0.tgz,0.64,0.07,0.010536757
run_85_repetition_1,DONE,xz,xz/encoding-sniffer--encoding-sniffer-1.0.2.tar.xz,0.42,0.04,0.005613521
run_103_repetition_6,DONE,xz,xz/prettier--prettier-3.8.3.tar.xz,6.6,0.79,0.10323701
run_260_repetition_22,DONE,brotli,brotli/@parcel__watcher--watcher-2.5.6.tar.br,0.32,0.04,0.004954643
run_301_repetition_18,DONE,brotli,brotli/source-list-map--source-list-map-2.0.1.tar.br,0.26,0.03,0.004044644
run_31_repetition_19,DONE,npm,npm/dom-accessibility-api--dom-accessibility-api-0.7.1.tgz,0.48,0.06,0.007428495
run_265_repetition_29,DONE,brotli,brotli/@vue__reactivity--reactivity-3.5.34.tar.br,0.36,0.04,0.005398837
run_16_repetition_23,DONE,npm,npm/eslint-config-react-app--eslint-config-react-app-7.0.1.tgz,0.32,0.04,0.00475113
run_25_repetition_6,DONE,npm,npm/encoding-sniffer--encoding-sniffer-1.0.2.tgz,0.38,0.05,0.00565207
run_193_repetition_0,DONE,zstd,zstd/@ethersproject__abstract-signer--abstract-signer-5.8.0.tar.zst,0.29,0.03,0.00413365
run_78_repetition_5,DONE,xz,xz/aws-sdk--aws-sdk-2.1693.0.tar.xz,45.9,5.45,0.722559714
run_41_repetition_26,DONE,npm,npm/immer--immer-11.1.8.tgz,0.8,0.09,0.012387359
run_208_repetition_21,DONE,zstd,zstd/client-only--client-only-0.0.1.tar.zst,0.25,0.03,0.003277596
run_107_repetition_18,DONE,xz,xz/react-dom--react-dom-19.2.6.tar.xz,2.51,0.3,0.039544823
run_30_repetition_26,DONE,npm,npm/workbox-routing--workbox-routing-7.4.1.tgz,0.45,0.05,0.006858244
run_168_repetition_8,DONE,zopfli,zopfli/prop-types--prop-types-15.8.1.tgz,0.28,0.03,0.004243266
run_222_repetition_26,DONE,zstd,zstd/jiti--jiti-2.7.0.tar.zst,0.66,0.07,0.009853098
run_217_repetition_27,DONE,zstd,zstd/has-to-string-tag-x--has-to-string-tag-x-2.1.2.tar.zst,0.26,0.03,0.003917183
run_300_repetition_3,DONE,brotli,brotli/shallowequal--shallowequal-1.1.0.tar.br,0.32,0.04,0.004085586
run_67_repetition_20,DONE,xz,xz/@ethersproject__abstract-signer--abstract-signer-5.8.0.tar.xz,0.39,0.05,0.005721788
run_288_repetition_12,DONE,brotli,brotli/lodash-es--lodash-es-4.18.1.tar.br,0.56,0.06,0.00840829
run_279_repetition_27,DONE,brotli,brotli/got--got-15.0.5.tar.br,0.35,0.05,0.006042442
run_48_repetition_24,DONE,npm,npm/highlight.js--highlight.js-11.11.1.tgz,4.03,0.47,0.061656564
run_228_repetition_13,DONE,zstd,zstd/path-dirname--path-dirname-1.0.2.tar.zst,0.23,0.03,0.00357649
run_69_repetition_10,DONE,xz,xz/@next__swc-linux-arm64-musl--swc-linux-arm64-musl-16.2.6.tar.xz,154.15,18.23,2.424502289
run_79_repetition_23,DONE,xz,xz/babel-helper-get-function-arity--babel-helper-get-function-arity-6.24.1.tar.xz,0.29,0.03,0.003769749
run_38_repetition_11,DONE,npm,npm/tailwindcss--tailwindcss-4.3.0.tgz,0.74,0.08,0.010946923
run_145_repetition_24,DONE,zopfli,zopfli/client-only--client-only-0.0.1.tgz,0.22,0.03,0.00340018
run_218_repetition_20,DONE,zstd,zstd/highlight.js--highlight.js-11.11.1.tar.zst,1.31,0.16,0.019084709
run_85_repetition_19,DONE,xz,xz/encoding-sniffer--encoding-sniffer-1.0.2.tar.xz,0.38,0.05,0.005714481
run_85_repetition_27,DONE,xz,xz/encoding-sniffer--encoding-sniffer-1.0.2.tar.xz,0.38,0.05,0.005928434
run_221_repetition_16,DONE,zstd,zstd/immer--immer-11.1.8.tar.zst,0.36,0.04,0.005674392
run_47_repetition_17,DONE,npm,npm/protobufjs--protobufjs-8.4.2.tgz,1.93,0.22,0.029339528
run_202_repetition_13,DONE,zstd,zstd/@vue__reactivity--reactivity-3.5.34.tar.zst,0.33,0.04,0.004405852
run_284_repetition_13,DONE,brotli,brotli/immer--immer-11.1.8.tar.br,0.43,0.05,0.006893373
run_278_repetition_26,DONE,brotli,brotli/fetch-blob--fetch-blob-4.0.0.tar.br,0.29,0.03,0.004093064
run_11_repetition_19,DONE,npm,npm/shallowequal--shallowequal-1.1.0.tgz,0.29,0.03,0.004602139
run_146_repetition_17,DONE,zopfli,zopfli/date-fns--date-fns-4.3.0.tgz,12.22,1.45,0.193083797
run_298_repetition_14,DONE,brotli,brotli/remove-trailing-separator--remove-trailing-separator-1.1.0.tar.br,0.26,0.03,0.003695644
run_20_repetition_22,DONE,npm,npm/linkify-it--linkify-it-5.0.1.tgz,0.35,0.04,0.0051312
run_136_repetition_2,DONE,zopfli,zopfli/@sindresorhus__is--is-8.1.0.tgz,0.26,0.03,0.004711744
run_173_repetition_22,DONE,zopfli,zopfli/resize-observer-polyfill--resize-observer-polyfill-1.5.1.tgz,0.32,0.04,0.005163018
run_296_repetition_15,DONE,brotli,brotli/react-dom--react-dom-19.2.6.tar.br,1.25,0.15,0.01872986
run_219_repetition_19,DONE,zstd,zstd/html-escaper--html-escaper-3.0.3.tar.zst,0.23,0.03,0.003391695
run_155_repetition_11,DONE,zopfli,zopfli/highlight.js--highlight.js-11.11.1.tgz,3.59,0.43,0.056685292
run_276_repetition_6,DONE,brotli,brotli/eslint-plugin-import--eslint-plugin-import-2.32.0.tar.br,0.8,0.09,0.011601401
run_88_repetition_20,DONE,xz,xz/ethers--ethers-6.16.0.tar.xz,6.7,0.78,0.105018105
run_184_repetition_19,DONE,zopfli,zopfli/webpack--webpack-5.107.1.tgz,3.64,0.44,0.057637351
run_246_repetition_20,DONE,zstd,zstd/watchpack-chokidar2--watchpack-chokidar2-2.0.1.tar.zst,0.24,0.03,0.003389314
run_271_repetition_24,DONE,brotli,brotli/client-only--client-only-0.0.1.tar.br,0.26,0.03,0.003741671
run_156_repetition_15,DONE,zopfli,zopfli/html-escaper--html-escaper-3.0.3.tgz,0.26,0.03,0.003857197
run_67_repetition_21,DONE,xz,xz/@ethersproject__abstract-signer--abstract-signer-5.8.0.tar.xz,0.32,0.04,0.005262738
run_265_repetition_10,DONE,brotli,brotli/@vue__reactivity--reactivity-3.5.34.tar.br,0.39,0.05,0.005448119
run_84_repetition_22,DONE,xz,xz/dom-accessibility-api--dom-accessibility-api-0.7.1.tar.xz,0.51,0.06,0.008050725
run_51_repetition_21,DONE,npm,npm/webpack--webpack-5.107.1.tgz,3.54,0.41,0.054584179
run_254_repetition_28,DONE,brotli,brotli/@esbuild__linux-ia32--linux-ia32-0.28.0.tar.br,5.59,0.65,0.087437673
run_38_repetition_19,DONE,npm,npm/tailwindcss--tailwindcss-4.3.0.tgz,0.71,0.08,0.010720888
run_185_repetition_13,DONE,zopfli,zopfli/whatwg-mimetype--whatwg-mimetype-5.0.0.tgz,0.29,0.03,0.00432981
run_291_repetition_23,DONE,brotli,brotli/path-dirname--path-dirname-1.0.2.tar.br,0.31,0.03,0.004065836
run_275_repetition_19,DONE,brotli,brotli/eslint-config-react-app--eslint-config-react-app-7.0.1.tar.br,0.29,0.03,0.004267697
run_228_repetition_3,DONE,zstd,zstd/path-dirname--path-dirname-1.0.2.tar.zst,0.23,0.03,0.003500362
run_72_repetition_5,DONE,xz,xz/@radix-ui__primitive--primitive-1.1.3.tar.xz,0.29,0.03,0.004389504
run_132_repetition_8,DONE,zopfli,zopfli/@next__swc-linux-arm64-musl--swc-linux-arm64-musl-16.2.6.tgz,73.62,8.68,1.164227456
run_199_repetition_7,DONE,zstd,zstd/@sindresorhus__is--is-8.1.0.tar.zst,0.29,0.03,0.004055449
run_85_repetition_2,DONE,xz,xz/encoding-sniffer--encoding-sniffer-1.0.2.tar.xz,0.39,0.04,0.005735509
run_31_repetition_11,DONE,npm,npm/dom-accessibility-api--dom-accessibility-api-0.7.1.tgz,0.45,0.05,0.007301192
run_274_repetition_28,DONE,brotli,brotli/encoding-sniffer--encoding-sniffer-1.0.2.tar.br,0.32,0.04,0.00457479
run_77_repetition_12,DONE,xz,xz/assert-plus--assert-plus-1.0.0.tar.xz,0.29,0.03,0.004144782
run_29_repetition_27,DONE,npm,npm/@parcel__watcher--watcher-2.5.6.tgz,0.42,0.05,0.005976334
run_216_repetition_21,DONE,zstd,zstd/got--got-15.0.5.tar.zst,0.33,0.04,0.004825973
run_44_repetition_15,DONE,npm,npm/tar--tar-7.5.15.tgz,1.47,0.17,0.023105682
run_113_repetition_16,DONE,xz,xz/split2--split2-4.2.0.tar.xz,0.26,0.03,0.00405665
run_98_repetition_23,DONE,xz,xz/linkify-it--linkify-it-5.0.1.tar.xz,0.32,0.04,0.004726742
run_149_repetition_3,DONE,zopfli,zopfli/eslint-config-react-app--eslint-config-react-app-7.0.1.tgz,0.23,0.03,0.003787605
run_170_repetition_29,DONE,zopfli,zopfli/react-dom--react-dom-19.2.6.tgz,3.58,0.42,0.055514688
run_286_repetition_5,DONE,brotli,brotli/libphonenumber-js--libphonenumber-js-1.13.3.tar.br,1.93,0.22,0.030643404
run_247_repetition_17,DONE,zstd,zstd/webpack--webpack-5.107.1.tar.zst,1.52,0.17,0.022527535
run_225_repetition_28,DONE,zstd,zstd/lodash-es--lodash-es-4.18.1.tar.zst,0.52,0.06,0.007262373
run_171_repetition_8,DONE,zopfli,zopfli/react-error-overlay--react-error-overlay-6.1.0.tgz,0.51,0.06,0.007288832
run_120_repetition_7,DONE,xz,xz/watchpack-chokidar2--watchpack-chokidar2-2.0.1.tar.xz,0.26,0.03,0.003942214
run_200_repetition_20,DONE,zstd,zstd/@types__glob--glob-9.0.0.tar.zst,0.22,0.03,0.00345733
run_156_repetition_21,DONE,zopfli,zopfli/html-escaper--html-escaper-3.0.3.tgz,0.26,0.03,0.003727727
run_172_repetition_10,DONE,zopfli,zopfli/remove-trailing-separator--remove-trailing-separator-1.1.0.tgz,0.23,0.03,0.003471741
run_303_repetition_29,DONE,brotli,brotli/strict-uri-encode--strict-uri-encode-2.0.0.tar.br,0.26,0.03,0.004017732
run_162_repetition_17,DONE,zopfli,zopfli/lodash-es--lodash-es-4.18.1.tgz,0.9,0.1,0.013927046
run_107_repetition_23,DONE,xz,xz/react-dom--react-dom-19.2.6.tar.xz,2.53,0.3,0.039653121
run_25_repetition_25,DONE,npm,npm/encoding-sniffer--encoding-sniffer-1.0.2.tgz,0.39,0.04,0.005679787
run_300_repetition_9,DONE,brotli,brotli/shallowequal--shallowequal-1.1.0.tar.br,0.26,0.03,0.004077988
run_311_repetition_13,DONE,brotli,brotli/whatwg-mimetype--whatwg-mimetype-5.0.0.tar.br,0.28,0.03,0.004306058
run_116_repetition_15,DONE,xz,xz/tailwindcss--tailwindcss-4.3.0.tar.xz,0.87,0.1,0.013525614
run_172_repetition_18,DONE,zopfli,zopfli/remove-trailing-separator--remove-trailing-separator-1.1.0.tgz,0.23,0.03,0.00354856
run_114_repetition_17,DONE,xz,xz/strict-uri-encode--strict-uri-encode-2.0.0.tar.xz,0.26,0.03,0.003809358
run_307_repetition_16,DONE,brotli,brotli/ts-node--ts-node-10.9.2.tar.br,0.51,0.06,0.007913523
run_91_repetition_2,DONE,xz,xz/has-to-string-tag-x--has-to-string-tag-x-2.1.2.tar.xz,0.39,0.04,0.005777758
run_69_repetition_24,DONE,xz,xz/@next__swc-linux-arm64-musl--swc-linux-arm64-musl-16.2.6.tar.xz,154.33,18.12,2.426376037
run_226_repetition_2,DONE,zstd,zstd/next--next-16.2.6.tar.zst,20.96,2.48,0.309355713
run_267_repetition_26,DONE,brotli,brotli/aws-sdk--aws-sdk-2.1693.0.tar.br,12.85,1.58,0.200216971
run_168_repetition_24,DONE,zopfli,zopfli/prop-types--prop-types-15.8.1.tgz,0.23,0.03,0.004424882
run_155_repetition_13,DONE,zopfli,zopfli/highlight.js--highlight.js-11.11.1.tgz,3.58,0.42,0.056105162
run_73_repetition_27,DONE,xz,xz/@sindresorhus__is--is-8.1.0.tar.xz,0.38,0.04,0.005789893
run_157_repetition_20,DONE,zopfli,zopfli/iconv-lite--iconv-lite-0.7.2.tgz,0.52,0.06,0.007665324
run_67_repetition_22,DONE,xz,xz/@ethersproject__abstract-signer--abstract-signer-5.8.0.tar.xz,0.33,0.04,0.005137774
run_24_repetition_1,DONE,npm,npm/@sindresorhus__is--is-8.1.0.tgz,0.36,0.04,0.005370076
run_24_repetition_9,DONE,npm,npm/@sindresorhus__is--is-8.1.0.tgz,0.32,0.04,0.005159757
run_72_repetition_22,DONE,xz,xz/@radix-ui__primitive--primitive-1.1.3.tar.xz,0.26,0.03,0.004221228
run_179_repetition_29,DONE,zopfli,zopfli/tailwindcss--tailwindcss-4.3.0.tgz,0.7,0.08,0.010476241
run_279_repetition_4,DONE,brotli,brotli/got--got-15.0.5.tar.br,0.38,0.05,0.00622147
run_24_repetition_27,DONE,npm,npm/@sindresorhus__is--is-8.1.0.tgz,0.32,0.04,0.005331461
run_282_repetition_18,DONE,brotli,brotli/html-escaper--html-escaper-3.0.3.tar.br,0.25,0.03,0.003814548
run_256_repetition_8,DONE,brotli,brotli/@ethersproject__abstract-signer--abstract-signer-5.8.0.tar.br,0.32,0.04,0.004728832
run_297_repetition_2,DONE,brotli,brotli/react-error-overlay--react-error-overlay-6.1.0.tar.br,0.45,0.05,0.006869243
run_0_repetition_8,DONE,npm,npm/watchpack-chokidar2--watchpack-chokidar2-2.0.1.tgz,0.32,0.04,0.004367911
run_35_repetition_6,DONE,npm,npm/@eslint__eslintrc--eslintrc-3.3.5.tgz,0.65,0.08,0.009763695
run_133_repetition_7,DONE,zopfli,zopfli/@opentelemetry__semantic-conventions--semantic-conventions-1.41.1.tgz,4.93,0.59,0.077513815
run_41_repetition_6,DONE,npm,npm/immer--immer-11.1.8.tgz,0.8,0.1,0.012284409
run_240_repetition_0,DONE,zstd,zstd/strict-uri-encode--strict-uri-encode-2.0.0.tar.zst,0.23,0.03,0.003406475
run_190_repetition_21,DONE,zstd,zstd/@babel__plugin-transform-regexp-modifiers--plugin-transform-regexp-modifiers-7.28.6.tar.zst,0.24,0.03,0.003401681
run_244_repetition_26,DONE,zstd,zstd/ts-node--ts-node-10.9.2.tar.zst,0.42,0.05,0.006449415
run_81_repetition_20,DONE,xz,xz/babel-plugin-transform-exponentiation-operator--babel-plugin-transform-exponentiation-operator-6.24.1.tar.xz,0.26,0.03,0.003924955
run_133_repetition_25,DONE,zopfli,zopfli/@opentelemetry__semantic-conventions--semantic-conventions-1.41.1.tgz,4.95,0.59,0.077835601
run_138_repetition_19,DONE,zopfli,zopfli/@types__uuid--uuid-11.0.0.tgz,0.22,0.03,0.003414782
run_222_repetition_12,DONE,zstd,zstd/jiti--jiti-2.7.0.tar.zst,0.65,0.08,0.009559783
run_142_repetition_22,DONE,zopfli,zopfli/babel-helper-get-function-arity--babel-helper-get-function-arity-6.24.1.tgz,0.25,0.03,0.003582653
run_180_repetition_19,DONE,zopfli,zopfli/tar--tar-7.5.15.tgz,1.53,0.18,0.023889309
run_190_repetition_8,DONE,zstd,zstd/@babel__plugin-transform-regexp-modifiers--plugin-transform-regexp-modifiers-7.28.6.tar.zst,0.23,0.02,0.003314291
run_259_repetition_22,DONE,brotli,brotli/@opentelemetry__semantic-conventions--semantic-conventions-1.41.1.tar.br,1.64,0.2,0.025476315
run_59_repetition_1,DONE,npm,npm/typescript--typescript-6.0.3.tgz,11.09,1.33,0.174457153
run_131_repetition_3,DONE,zopfli,zopfli/@modelcontextprotocol__sdk--sdk-1.29.0.tgz,2.5,0.3,0.039542037
run_17_repetition_0,DONE,npm,npm/source-list-map--source-list-map-2.0.1.tgz,0.33,0.04,0.004916443
run_246_repetition_28,DONE,zstd,zstd/watchpack-chokidar2--watchpack-chokidar2-2.0.1.tar.zst,0.23,0.03,0.003345008
run_240_repetition_3,DONE,zstd,zstd/strict-uri-encode--strict-uri-encode-2.0.0.tar.zst,0.26,0.03,0.003296042
run_44_repetition_17,DONE,npm,npm/tar--tar-7.5.15.tgz,1.52,0.18,0.022964085
run_42_repetition_28,DONE,npm,npm/eslint-plugin-import--eslint-plugin-import-2.32.0.tgz,1.13,0.13,0.017124817
run_0_repetition_4,DONE,npm,npm/watchpack-chokidar2--watchpack-chokidar2-2.0.1.tgz,0.29,0.03,0.004451204
run_8_repetition_1,DONE,npm,npm/@babel__plugin-transform-regexp-modifiers--plugin-transform-regexp-modifiers-7.28.6.tgz,0.32,0.04,0.004621371
run_151_repetition_17,DONE,zopfli,zopfli/ethers--ethers-6.16.0.tgz,7.4,0.88,0.116517541
run_275_repetition_18,DONE,brotli,brotli/eslint-config-react-app--eslint-config-react-app-7.0.1.tar.br,0.26,0.03,0.004054427
run_153_repetition_5,DONE,zopfli,zopfli/got--got-15.0.5.tgz,0.45,0.06,0.006868049
run_82_repetition_12,DONE,xz,xz/client-only--client-only-0.0.1.tar.xz,0.23,0.03,0.00354961
run_101_repetition_25,DONE,xz,xz/node-notifier--node-notifier-10.0.1.tar.xz,8.33,0.98,0.131556707
run_40_repetition_7,DONE,npm,npm/ts-node--ts-node-10.9.2.tgz,0.77,0.09,0.01158378
run_75_repetition_4,DONE,xz,xz/@types__uuid--uuid-11.0.0.tar.xz,0.29,0.03,0.004134072
run_282_repetition_20,DONE,brotli,brotli/html-escaper--html-escaper-3.0.3.tar.br,0.26,0.03,0.004201218
run_308_repetition_26,DONE,brotli,brotli/typescript--typescript-6.0.3.tar.br,4.21,0.51,0.065028379
run_202_repetition_16,DONE,zstd,zstd/@vue__reactivity--reactivity-3.5.34.tar.zst,0.26,0.03,0.004398684
run_18_repetition_20,DONE,npm,npm/fetch-blob--fetch-blob-4.0.0.tgz,0.32,0.04,0.004932806
run_217_repetition_11,DONE,zstd,zstd/has-to-string-tag-x--has-to-string-tag-x-2.1.2.tar.zst,0.29,0.04,0.003924949
run_287_repetition_0,DONE,brotli,brotli/linkify-it--linkify-it-5.0.1.tar.br,0.29,0.03,0.004180194
run_25_repetition_16,DONE,npm,npm/encoding-sniffer--encoding-sniffer-1.0.2.tgz,0.41,0.04,0.005725822
run_78_repetition_8,DONE,xz,xz/aws-sdk--aws-sdk-2.1693.0.tar.xz,45.96,5.46,0.721354402
run_227_repetition_1,DONE,zstd,zstd/node-notifier--node-notifier-10.0.1.tar.zst,1.39,0.17,0.021193679
run_198_repetition_17,DONE,zstd,zstd/@radix-ui__primitive--primitive-1.1.3.tar.zst,0.22,0.03,0.003418065
run_306_repetition_7,DONE,brotli,brotli/tar--tar-7.5.15.tar.br,0.76,0.09,0.012078343
run_10_repetition_3,DONE,npm,npm/path-dirname--path-dirname-1.0.2.tgz,0.29,0.04,0.00448832
run_91_repetition_14,DONE,xz,xz/has-to-string-tag-x--has-to-string-tag-x-2.1.2.tar.xz,0.38,0.05,0.005641859
run_47_repetition_22,DONE,npm,npm/protobufjs--protobufjs-8.4.2.tgz,1.9,0.22,0.029171809
run_192_repetition_15,DONE,zstd,zstd/@eslint__eslintrc--eslintrc-3.3.5.tar.zst,0.36,0.04,0.005338758
run_51_repetition_20,DONE,npm,npm/webpack--webpack-5.107.1.tgz,3.53,0.41,0.054411501
run_222_repetition_23,DONE,zstd,zstd/jiti--jiti-2.7.0.tar.zst,0.61,0.07,0.009468018
run_302_repetition_24,DONE,brotli,brotli/split2--split2-4.2.0.tar.br,0.25,0.03,0.004129975
run_40_repetition_27,DONE,npm,npm/ts-node--ts-node-10.9.2.tgz,0.77,0.09,0.011559027
run_268_repetition_27,DONE,brotli,brotli/babel-helper-get-function-arity--babel-helper-get-function-arity-6.24.1.tar.br,0.23,0.03,0.003814822
run_269_repetition_12,DONE,brotli,brotli/babel-plugin-check-es2015-constants--babel-plugin-check-es2015-constants-6.22.0.tar.br,0.26,0.03,0.003652382
run_214_repetition_20,DONE,zstd,zstd/ethers--ethers-6.16.0.tar.zst,2.25,0.27,0.033338268
run_263_repetition_12,DONE,brotli,brotli/@types__glob--glob-9.0.0.tar.br,0.25,0.03,0.003995109
run_111_repetition_24,DONE,xz,xz/shallowequal--shallowequal-1.1.0.tar.xz,0.29,0.03,0.004018646
run_114_repetition_23,DONE,xz,xz/strict-uri-encode--strict-uri-encode-2.0.0.tar.xz,0.23,0.03,0.003691241
run_231_repetition_22,DONE,zstd,zstd/prop-types--prop-types-15.8.1.tar.zst,0.26,0.03,0.003734134
run_93_repetition_15,DONE,xz,xz/html-escaper--html-escaper-3.0.3.tar.xz,0.32,0.04,0.004406365
run_211_repetition_3,DONE,zstd,zstd/encoding-sniffer--encoding-sniffer-1.0.2.tar.zst,0.25,0.03,0.003986931
run_101_repetition_4,DONE,xz,xz/node-notifier--node-notifier-10.0.1.tar.xz,8.37,0.99,0.131715287
run_134_repetition_13,DONE,zopfli,zopfli/@parcel__watcher--watcher-2.5.6.tgz,0.38,0.04,0.005461719
run_159_repetition_7,DONE,zopfli,zopfli/jiti--jiti-2.7.0.tgz,1.2,0.15,0.018418049
run_71_repetition_1,DONE,xz,xz/@parcel__watcher--watcher-2.5.6.tar.xz,0.45,0.05,0.006942279
run_159_repetition_25,DONE,zopfli,zopfli/jiti--jiti-2.7.0.tgz,1.18,0.14,0.018316084
run_223_repetition_16,DONE,zstd,zstd/libphonenumber-js--libphonenumber-js-1.13.3.tar.zst,1.69,0.2,0.024324906
run_282_repetition_26,DONE,brotli,brotli/html-escaper--html-escaper-3.0.3.tar.br,0.25,0.03,0.004154527
run_229_repetition_21,DONE,zstd,zstd/prettier--prettier-3.8.3.tar.zst,1.67,0.19,0.024666567
run_202_repetition_8,DONE,zstd,zstd/@vue__reactivity--reactivity-3.5.34.tar.zst,0.29,0.03,0.004517828
run_121_repetition_8,DONE,xz,xz/webpack--webpack-5.107.1.tar.xz,5.53,0.65,0.086924223
run_20_repetition_3,DONE,npm,npm/linkify-it--linkify-it-5.0.1.tgz,0.32,0.04,0.00495737
run_258_repetition_7,DONE,brotli,brotli/@next__swc-linux-arm64-musl--swc-linux-arm64-musl-16.2.6.tar.br,40.38,4.84,0.630495085
run_3_repetition_22,DONE,npm,npm/@types__uuid--uuid-11.0.0.tgz,0.36,0.04,0.005477442
run_132_repetition_2,DONE,zopfli,zopfli/@next__swc-linux-arm64-musl--swc-linux-arm64-musl-16.2.6.tgz,73.76,8.73,1.164070301
run_162_repetition_10,DONE,zopfli,zopfli/lodash-es--lodash-es-4.18.1.tgz,0.89,0.11,0.013719791
run_223_repetition_5,DONE,zstd,zstd/libphonenumber-js--libphonenumber-js-1.13.3.tar.zst,1.63,0.19,0.024129307
run_150_repetition_14,DONE,zopfli,zopfli/eslint-plugin-import--eslint-plugin-import-2.32.0.tgz,1.14,0.14,0.017894073
run_141_repetition_3,DONE,zopfli,zopfli/aws-sdk--aws-sdk-2.1693.0.tgz,38.1,4.56,0.605466556
run_43_repetition_11,DONE,npm,npm/jiti--jiti-2.7.0.tgz,1.19,0.14,0.018539002
run_208_repetition_2,DONE,zstd,zstd/client-only--client-only-0.0.1.tar.zst,0.25,0.03,0.004095385
run_179_repetition_8,DONE,zopfli,zopfli/tailwindcss--tailwindcss-4.3.0.tgz,0.68,0.08,0.009981887
run_46_repetition_1,DONE,npm,npm/@modelcontextprotocol__sdk--sdk-1.29.0.tgz,2.25,0.26,0.034471952
run_253_repetition_2,DONE,brotli,brotli/@babel__plugin-transform-regexp-modifiers--plugin-transform-regexp-modifiers-7.28.6.tar.br,0.26,0.03,0.003869177
run_145_repetition_20,DONE,zopfli,zopfli/client-only--client-only-0.0.1.tgz,0.22,0.03,0.003510052
run_96_repetition_24,DONE,xz,xz/jiti--jiti-2.7.0.tar.xz,2.15,0.25,0.033105884
run_68_repetition_19,DONE,xz,xz/@modelcontextprotocol__sdk--sdk-1.29.0.tar.xz,2.3,0.27,0.035911578
run_313_repetition_3,DONE,brotli,brotli/workbox-streams--workbox-streams-7.4.1.tar.br,0.32,0.04,0.004633421
run_96_repetition_16,DONE,xz,xz/jiti--jiti-2.7.0.tar.xz,2.14,0.25,0.033226635
run_44_repetition_16,DONE,npm,npm/tar--tar-7.5.15.tgz,1.48,0.17,0.022860158
run_132_repetition_13,DONE,zopfli,zopfli/@next__swc-linux-arm64-musl--swc-linux-arm64-musl-16.2.6.tgz,73.71,8.75,1.16598405
run_3_repetition_15,DONE,npm,npm/@types__uuid--uuid-11.0.0.tgz,0.32,0.04,0.005232829
run_142_repetition_18,DONE,zopfli,zopfli/babel-helper-get-function-arity--babel-helper-get-function-arity-6.24.1.tgz,0.25,0.03,0.003678748
run_37_repetition_29,DONE,npm,npm/@aws-cdk__cloud-assembly-schema--cloud-assembly-schema-53.27.0.tgz,0.71,0.08,0.010825114
run_270_repetition_9,DONE,brotli,brotli/babel-plugin-transform-exponentiation-operator--babel-plugin-transform-exponentiation-operator-6.24.1.tar.br,0.26,0.03,0.003694789
run_61_repetition_19,DONE,npm,npm/next--next-16.2.6.tgz,79.55,9.43,1.240805769
run_13_repetition_8,DONE,npm,npm/assert-plus--assert-plus-1.0.0.tgz,0.32,0.04,0.004709184
run_232_repetition_16,DONE,zstd,zstd/protobufjs--protobufjs-8.4.2.tar.zst,0.75,0.09,0.011212934
run_263_repetition_22,DONE,brotli,brotli/@types__glob--glob-9.0.0.tar.br,0.26,0.03,0.00402188
run_185_repetition_20,DONE,zopfli,zopfli/whatwg-mimetype--whatwg-mimetype-5.0.0.tgz,0.23,0.03,0.003919796
run_236_repetition_2,DONE,zstd,zstd/resize-observer-polyfill--resize-observer-polyfill-1.5.1.tar.zst,0.28,0.04,0.003950387
run_22_repetition_4,DONE,npm,npm/@ethersproject__abstract-signer--abstract-signer-5.8.0.tgz,0.33,0.04,0.005294186
run_222_repetition_15,DONE,zstd,zstd/jiti--jiti-2.7.0.tar.zst,0.61,0.07,0.009561312
run_210_repetition_2,DONE,zstd,zstd/dom-accessibility-api--dom-accessibility-api-0.7.1.tar.zst,0.29,0.03,0.004464895
run_16_repetition_13,DONE,npm,npm/eslint-config-react-app--eslint-config-react-app-7.0.1.tgz,0.36,0.04,0.00501137
run_91_repetition_28,DONE,xz,xz/has-to-string-tag-x--has-to-string-tag-x-2.1.2.tar.xz,0.42,0.05,0.006123062
run_166_repetition_24,DONE,zopfli,zopfli/prettier--prettier-3.8.3.tgz,5.29,0.59,0.077415941
run_201_repetition_24,DONE,zstd,zstd/@types__uuid--uuid-11.0.0.tar.zst,0.26,0.03,0.003571155
run_275_repetition_11,DONE,brotli,brotli/eslint-config-react-app--eslint-config-react-app-7.0.1.tar.br,0.26,0.03,0.003983817
run_164_repetition_6,DONE,zopfli,zopfli/node-notifier--node-notifier-10.0.1.tgz,3.36,0.39,0.053596465
run_90_repetition_27,DONE,xz,xz/got--got-15.0.5.tar.xz,0.64,0.07,0.009796187
run_172_repetition_27,DONE,zopfli,zopfli/remove-trailing-separator--remove-trailing-separator-1.1.0.tgz,0.26,0.03,0.003774557
run_62_repetition_21,DONE,npm,npm/@next__swc-linux-arm64-musl--swc-linux-arm64-musl-16.2.6.tgz,69.74,8.2,1.098546553
run_70_repetition_0,DONE,xz,xz/@opentelemetry__semantic-conventions--semantic-conventions-1.41.1.tar.xz,3.03,0.36,0.047303716
run_288_repetition_1,DONE,brotli,brotli/lodash-es--lodash-es-4.18.1.tar.br,0.58,0.07,0.008859
run_232_repetition_12,DONE,zstd,zstd/protobufjs--protobufjs-8.4.2.tar.zst,0.73,0.08,0.011040862
run_191_repetition_7,DONE,zstd,zstd/@esbuild__linux-ia32--linux-ia32-0.28.0.tar.zst,3.0,0.36,0.046307308
run_56_repetition_25,DONE,npm,npm/ethers--ethers-6.16.0.tgz,6.96,0.82,0.107958605
run_220_repetition_13,DONE,zstd,zstd/iconv-lite--iconv-lite-0.7.2.tar.zst,0.35,0.04,0.005114142
run_273_repetition_26,DONE,brotli,brotli/dom-accessibility-api--dom-accessibility-api-0.7.1.tar.br,0.38,0.04,0.005598363
run_103_repetition_0,DONE,xz,xz/prettier--prettier-3.8.3.tar.xz,6.58,0.76,0.10316541
run_305_repetition_4,DONE,brotli,brotli/tailwindcss--tailwindcss-4.3.0.tar.br,0.47,0.06,0.007178239
run_23_repetition_15,DONE,npm,npm/prop-types--prop-types-15.8.1.tgz,0.35,0.04,0.00519354
run_117_repetition_21,DONE,xz,xz/tar--tar-7.5.15.tar.xz,1.69,0.19,0.026011501
run_78_repetition_21,DONE,xz,xz/aws-sdk--aws-sdk-2.1693.0.tar.xz,46.01,5.38,0.723156665
run_156_repetition_8,DONE,zopfli,zopfli/html-escaper--html-escaper-3.0.3.tgz,0.29,0.03,0.004069681
run_301_repetition_29,DONE,brotli,brotli/source-list-map--source-list-map-2.0.1.tar.br,0.26,0.03,0.003922394
run_108_repetition_8,DONE,xz,xz/react-error-overlay--react-error-overlay-6.1.0.tar.xz,0.89,0.1,0.014480119
run_31_repetition_7,DONE,npm,npm/dom-accessibility-api--dom-accessibility-api-0.7.1.tgz,0.45,0.05,0.007097117
run_42_repetition_27,DONE,npm,npm/eslint-plugin-import--eslint-plugin-import-2.32.0.tgz,1.13,0.13,0.017250543
run_137_repetition_18,DONE,zopfli,zopfli/@types__glob--glob-9.0.0.tgz,0.19,0.02,0.003427077
run_36_repetition_8,DONE,npm,npm/lodash-es--lodash-es-4.18.1.tgz,1.55,0.18,0.024293231
run_202_repetition_0,DONE,zstd,zstd/@vue__reactivity--reactivity-3.5.34.tar.zst,0.33,0.04,0.004350554
run_107_repetition_22,DONE,xz,xz/react-dom--react-dom-19.2.6.tar.xz,2.46,0.29,0.038736459
run_296_repetition_19,DONE,brotli,brotli/react-dom--react-dom-19.2.6.tar.br,1.19,0.14,0.018730365
run_79_repetition_15,DONE,xz,xz/babel-helper-get-function-arity--babel-helper-get-function-arity-6.24.1.tar.xz,0.26,0.03,0.0038168
run_131_repetition_25,DONE,zopfli,zopfli/@modelcontextprotocol__sdk--sdk-1.29.0.tgz,2.53,0.3,0.039659267
run_196_repetition_21,DONE,zstd,zstd/@opentelemetry__semantic-conventions--semantic-conventions-1.41.1.tar.zst,1.63,0.19,0.024863781
run_94_repetition_9,DONE,xz,xz/iconv-lite--iconv-lite-0.7.2.tar.xz,1.08,0.13,0.017085277
run_255_repetition_8,DONE,brotli,brotli/@eslint__eslintrc--eslintrc-3.3.5.tar.br,0.45,0.05,0.006691432
run_85_repetition_24,DONE,xz,xz/encoding-sniffer--encoding-sniffer-1.0.2.tar.xz,0.45,0.05,0.006243133
run_66_repetition_8,DONE,xz,xz/@eslint__eslintrc--eslintrc-3.3.5.tar.xz,0.63,0.08,0.010604603
run_209_repetition_23,DONE,zstd,zstd/date-fns--date-fns-4.3.0.tar.zst,3.86,0.45,0.056991414
run_172_repetition_1,DONE,zopfli,zopfli/remove-trailing-separator--remove-trailing-separator-1.1.0.tgz,0.23,0.02,0.003555442
run_266_repetition_29,DONE,brotli,brotli/assert-plus--assert-plus-1.0.0.tar.br,0.26,0.03,0.003966571
run_190_repetition_14,DONE,zstd,zstd/@babel__plugin-transform-regexp-modifiers--plugin-transform-regexp-modifiers-7.28.6.tar.zst,0.26,0.03,0.003370727
run_7_repetition_14,DONE,npm,npm/strict-uri-encode--strict-uri-encode-2.0.0.tgz,0.26,0.03,0.004612049
run_224_repetition_10,DONE,zstd,zstd/linkify-it--linkify-it-5.0.1.tar.zst,0.26,0.03,0.003605486
run_89_repetition_25,DONE,xz,xz/fetch-blob--fetch-blob-4.0.0.tar.xz,0.32,0.04,0.004378922
run_174_repetition_4,DONE,zopfli,zopfli/shallowequal--shallowequal-1.1.0.tgz,0.32,0.04,0.004281102
run_71_repetition_12,DONE,xz,xz/@parcel__watcher--watcher-2.5.6.tar.xz,0.42,0.05,0.006660702
run_310_repetition_14,DONE,brotli,brotli/webpack--webpack-5.107.1.tar.br,1.86,0.22,0.028999542
run_19_repetition_29,DONE,npm,npm/whatwg-mimetype--whatwg-mimetype-5.0.0.tgz,0.35,0.04,0.005143326
run_101_repetition_19,DONE,xz,xz/node-notifier--node-notifier-10.0.1.tar.xz,8.33,0.98,0.131300679
run_301_repetition_21,DONE,brotli,brotli/source-list-map--source-list-map-2.0.1.tar.br,0.29,0.03,0.004025654
run_188_repetition_23,DONE,zopfli,zopfli/xml2js--xml2js-0.6.2.tgz,2.03,0.24,0.031881174
run_200_repetition_26,DONE,zstd,zstd/@types__glob--glob-9.0.0.tar.zst,0.26,0.03,0.003525772
run_105_repetition_17,DONE,xz,xz/prop-types--prop-types-15.8.1.tar.xz,0.39,0.05,0.005587568
run_72_repetition_7,DONE,xz,xz/@radix-ui__primitive--primitive-1.1.3.tar.xz,0.29,0.03,0.00446459
run_129_repetition_26,DONE,zopfli,zopfli/@eslint__eslintrc--eslintrc-3.3.5.tgz,0.6,0.07,0.009634915
run_13_repetition_5,DONE,npm,npm/assert-plus--assert-plus-1.0.0.tgz,0.32,0.04,0.005025047
run_237_repetition_18,DONE,zstd,zstd/shallowequal--shallowequal-1.1.0.tar.zst,0.23,0.03,0.003552667
run_1_repetition_14,DONE,npm,npm/client-only--client-only-0.0.1.tgz,0.28,0.03,0.004437897
run_262_repetition_3,DONE,brotli,brotli/@sindresorhus__is--is-8.1.0.tar.br,0.32,0.04,0.004721773
run_68_repetition_9,DONE,xz,xz/@modelcontextprotocol__sdk--sdk-1.29.0.tar.xz,2.3,0.27,0.03575969
run_22_repetition_21,DONE,npm,npm/@ethersproject__abstract-signer--abstract-signer-5.8.0.tgz,0.39,0.05,0.00529424
run_249_repetition_15,DONE,zstd,zstd/workbox-routing--workbox-routing-7.4.1.tar.zst,0.32,0.04,0.004542474
run_297_repetition_10,DONE,brotli,brotli/react-error-overlay--react-error-overlay-6.1.0.tar.br,0.44,0.05,0.006817561
run_311_repetition_7,DONE,brotli,brotli/whatwg-mimetype--whatwg-mimetype-5.0.0.tar.br,0.25,0.03,0.004288393
run_271_repetition_8,DONE,brotli,brotli/client-only--client-only-0.0.1.tar.br,0.26,0.03,0.004000887
run_98_repetition_25,DONE,xz,xz/linkify-it--linkify-it-5.0.1.tar.xz,0.32,0.04,0.005037865
run_123_repetition_5,DONE,xz,xz/workbox-routing--workbox-routing-7.4.1.tar.xz,0.52,0.06,0.008097629
run_298_repetition_0,DONE,brotli,brotli/remove-trailing-separator--remove-trailing-separator-1.1.0.tar.br,0.23,0.03,0.003632505
run_250_repetition_21,DONE,zstd,zstd/workbox-streams--workbox-streams-7.4.1.tar.zst,0.29,0.03,0.004113889
run_235_repetition_1,DONE,zstd,zstd/remove-trailing-separator--remove-trailing-separator-1.1.0.tar.zst,0.2,0.02,0.003371264
run_130_repetition_8,DONE,zopfli,zopfli/@ethersproject__abstract-signer--abstract-signer-5.8.0.tgz,0.31,0.04,0.004630482
run_152_repetition_29,DONE,zopfli,zopfli/fetch-blob--fetch-blob-4.0.0.tgz,0.26,0.03,0.003819734
run_237_repetition_25,DONE,zstd,zstd/shallowequal--shallowequal-1.1.0.tar.zst,0.29,0.03,0.003630801
run_12_repetition_8,DONE,npm,npm/@radix-ui__primitive--primitive-1.1.3.tgz,0.29,0.03,0.004652329
run_17_repetition_20,DONE,npm,npm/source-list-map--source-list-map-2.0.1.tgz,0.36,0.04,0.005210471
run_241_repetition_15,DONE,zstd,zstd/style-loader--style-loader-4.0.0.tar.zst,0.26,0.03,0.003540544
run_72_repetition_9,DONE,xz,xz/@radix-ui__primitive--primitive-1.1.3.tar.xz,0.29,0.03,0.004459852
run_95_repetition_6,DONE,xz,xz/immer--immer-11.1.8.tar.xz,0.74,0.09,0.011624126
run_139_repetition_0,DONE,zopfli,zopfli/@vue__reactivity--reactivity-3.5.34.tgz,0.42,0.05,0.006602546
run_204_repetition_21,DONE,zstd,zstd/aws-sdk--aws-sdk-2.1693.0.tar.zst,14.82,1.77,0.220643053
run_281_repetition_28,DONE,brotli,brotli/highlight.js--highlight.js-11.11.1.tar.br,1.61,0.19,0.024618703
run_221_repetition_28,DONE,zstd,zstd/immer--immer-11.1.8.tar.zst,0.39,0.05,0.005664715
run_208_repetition_28,DONE,zstd,zstd/client-only--client-only-0.0.1.tar.zst,0.23,0.02,0.003289668
run_17_repetition_28,DONE,npm,npm/source-list-map--source-list-map-2.0.1.tgz,0.33,0.04,0.004909427
run_138_repetition_25,DONE,zopfli,zopfli/@types__uuid--uuid-11.0.0.tgz,0.26,0.03,0.003598748
run_115_repetition_23,DONE,xz,xz/style-loader--style-loader-4.0.0.tar.xz,0.38,0.05,0.005585509
run_168_repetition_20,DONE,zopfli,zopfli/prop-types--prop-types-15.8.1.tgz,0.32,0.04,0.004582314
run_271_repetition_14,DONE,brotli,brotli/client-only--client-only-0.0.1.tar.br,0.25,0.03,0.003952466
run_81_repetition_8,DONE,xz,xz/babel-plugin-transform-exponentiation-operator--babel-plugin-transform-exponentiation-operator-6.24.1.tar.xz,0.23,0.03,0.003803216
run_203_repetition_8,DONE,zstd,zstd/assert-plus--assert-plus-1.0.0.tar.zst,0.19,0.02,0.003474856
run_209_repetition_1,DONE,zstd,zstd/date-fns--date-fns-4.3.0.tar.zst,3.85,0.46,0.057053269
run_163_repetition_0,DONE,zopfli,zopfli/next--next-16.2.6.tgz,80.99,9.58,1.281747753
run_95_repetition_7,DONE,xz,xz/immer--immer-11.1.8.tar.xz,0.76,0.09,0.011605508
run_22_repetition_10,DONE,npm,npm/@ethersproject__abstract-signer--abstract-signer-5.8.0.tgz,0.36,0.04,0.005413704
run_289_repetition_15,DONE,brotli,brotli/next--next-16.2.6.tar.br,22.48,2.77,0.350458804
run_179_repetition_23,DONE,zopfli,zopfli/tailwindcss--tailwindcss-4.3.0.tgz,0.68,0.08,0.010187557
run_14_repetition_11,DONE,npm,npm/split2--split2-4.2.0.tgz,0.32,0.04,0.00486229
run_101_repetition_5,DONE,xz,xz/node-notifier--node-notifier-10.0.1.tar.xz,8.37,0.99,0.131560393
run_102_repetition_26,DONE,xz,xz/path-dirname--path-dirname-1.0.2.tar.xz,0.26,0.03,0.004169719
run_49_repetition_15,DONE,npm,npm/xml2js--xml2js-0.6.2.tgz,2.09,0.24,0.032177152
run_165_repetition_18,DONE,zopfli,zopfli/path-dirname--path-dirname-1.0.2.tgz,0.26,0.03,0.003919881
run_227_repetition_21,DONE,zstd,zstd/node-notifier--node-notifier-10.0.1.tar.zst,1.46,0.16,0.021325048
run_71_repetition_29,DONE,xz,xz/@parcel__watcher--watcher-2.5.6.tar.xz,0.45,0.05,0.007105178
run_193_repetition_3,DONE,zstd,zstd/@ethersproject__abstract-signer--abstract-signer-5.8.0.tar.zst,0.3,0.03,0.003710674
run_158_repetition_3,DONE,zopfli,zopfli/immer--immer-11.1.8.tgz,0.8,0.09,0.011689423
run_84_repetition_15,DONE,xz,xz/dom-accessibility-api--dom-accessibility-api-0.7.1.tar.xz,0.51,0.06,0.007519976
run_295_repetition_2,DONE,brotli,brotli/protobufjs--protobufjs-8.4.2.tar.br,0.86,0.1,0.013144443
run_113_repetition_10,DONE,xz,xz/split2--split2-4.2.0.tar.xz,0.29,0.03,0.004087808
run_76_repetition_19,DONE,xz,xz/@vue__reactivity--reactivity-3.5.34.tar.xz,0.52,0.06,0.007573005
run_220_repetition_4,DONE,zstd,zstd/iconv-lite--iconv-lite-0.7.2.tar.zst,0.36,0.04,0.005338393
run_40_repetition_13,DONE,npm,npm/ts-node--ts-node-10.9.2.tgz,0.78,0.09,0.011492037
run_4_repetition_19,DONE,npm,npm/@types__glob--glob-9.0.0.tgz,0.36,0.04,0.00518117
run_58_repetition_6,DONE,npm,npm/@esbuild__linux-ia32--linux-ia32-0.28.0.tgz,7.34,0.87,0.114540214
run_264_repetition_18,DONE,brotli,brotli/@types__uuid--uuid-11.0.0.tar.br,0.29,0.03,0.00395545
run_34_repetition_0,DONE,npm,npm/react-error-overlay--react-error-overlay-6.1.0.tgz,0.55,0.06,0.008324294
run_135_repetition_29,DONE,zopfli,zopfli/@radix-ui__primitive--primitive-1.1.3.tgz,0.26,0.03,0.003897512
run_286_repetition_29,DONE,brotli,brotli/libphonenumber-js--libphonenumber-js-1.13.3.tar.br,1.94,0.23,0.02979687
run_181_repetition_1,DONE,zopfli,zopfli/ts-node--ts-node-10.9.2.tgz,0.7,0.08,0.01095708
run_287_repetition_14,DONE,brotli,brotli/linkify-it--linkify-it-5.0.1.tar.br,0.32,0.04,0.004242685
run_98_repetition_0,DONE,xz,xz/linkify-it--linkify-it-5.0.1.tar.xz,0.32,0.04,0.004719111
run_231_repetition_6,DONE,zstd,zstd/prop-types--prop-types-15.8.1.tar.zst,0.23,0.03,0.003707333
run_177_repetition_22,DONE,zopfli,zopfli/strict-uri-encode--strict-uri-encode-2.0.0.tgz,0.25,0.03,0.003680043
run_90_repetition_23,DONE,xz,xz/got--got-15.0.5.tar.xz,0.65,0.07,0.009890357
run_265_repetition_15,DONE,brotli,brotli/@vue__reactivity--reactivity-3.5.34.tar.br,0.36,0.04,0.005477805
run_178_repetition_1,DONE,zopfli,zopfli/style-loader--style-loader-4.0.0.tgz,0.29,0.03,0.004077891
run_86_repetition_12,DONE,xz,xz/eslint-config-react-app--eslint-config-react-app-7.0.1.tar.xz,0.29,0.03,0.004591231
run_178_repetition_26,DONE,zopfli,zopfli/style-loader--style-loader-4.0.0.tgz,0.26,0.03,0.004143341
run_128_repetition_10,DONE,zopfli,zopfli/@esbuild__linux-ia32--linux-ia32-0.28.0.tgz,7.56,0.89,0.119226718
run_186_repetition_14,DONE,zopfli,zopfli/workbox-routing--workbox-routing-7.4.1.tgz,0.42,0.05,0.006339386
run_111_repetition_8,DONE,xz,xz/shallowequal--shallowequal-1.1.0.tar.xz,0.29,0.03,0.004521644
run_120_repetition_18,DONE,xz,xz/watchpack-chokidar2--watchpack-chokidar2-2.0.1.tar.xz,0.26,0.03,0.00376893
run_225_repetition_26,DONE,zstd,zstd/lodash-es--lodash-es-4.18.1.tar.zst,0.48,0.06,0.007349379
run_230_repetition_22,DONE,zstd,zstd/prismjs--prismjs-1.30.0.tar.zst,0.75,0.09,0.01148481
run_207_repetition_13,DONE,zstd,zstd/babel-plugin-transform-exponentiation-operator--babel-plugin-transform-exponentiation-operator-6.24.1.tar.zst,0.22,0.03,0.003286019
run_283_repetition_9,DONE,brotli,brotli/iconv-lite--iconv-lite-0.7.2.tar.br,0.49,0.06,0.007356278
run_272_repetition_7,DONE,brotli,brotli/date-fns--date-fns-4.3.0.tar.br,3.88,0.47,0.05984661
run_138_repetition_29,DONE,zopfli,zopfli/@types__uuid--uuid-11.0.0.tgz,0.26,0.03,0.003762572
run_104_repetition_14,DONE,xz,xz/prismjs--prismjs-1.30.0.tar.xz,2.78,0.33,0.043012816
run_143_repetition_23,DONE,zopfli,zopfli/babel-plugin-check-es2015-constants--babel-plugin-check-es2015-constants-6.22.0.tgz,0.25,0.03,0.00380678
run_223_repetition_4,DONE,zstd,zstd/libphonenumber-js--libphonenumber-js-1.13.3.tar.zst,1.61,0.2,0.024207512
run_154_repetition_14,DONE,zopfli,zopfli/has-to-string-tag-x--has-to-string-tag-x-2.1.2.tgz,0.29,0.03,0.004476384
run_213_repetition_21,DONE,zstd,zstd/eslint-plugin-import--eslint-plugin-import-2.32.0.tar.zst,0.58,0.07,0.008959857
run_214_repetition_19,DONE,zstd,zstd/ethers--ethers-6.16.0.tar.zst,2.23,0.26,0.032962658
run_195_repetition_19,DONE,zstd,zstd/@next__swc-linux-arm64-musl--swc-linux-arm64-musl-16.2.6.tar.zst,30.31,3.61,0.456673427
run_215_repetition_28,DONE,zstd,zstd/fetch-blob--fetch-blob-4.0.0.tar.zst,0.26,0.03,0.003437128
run_25_repetition_29,DONE,npm,npm/encoding-sniffer--encoding-sniffer-1.0.2.tgz,0.39,0.05,0.005801686
run_255_repetition_4,DONE,brotli,brotli/@eslint__eslintrc--eslintrc-3.3.5.tar.br,0.42,0.05,0.006366805
run_46_repetition_0,DONE,npm,npm/@modelcontextprotocol__sdk--sdk-1.29.0.tgz,2.3,0.26,0.035055022
run_97_repetition_24,DONE,xz,xz/libphonenumber-js--libphonenumber-js-1.13.3.tar.xz,4.28,0.51,0.066928366
run_142_repetition_6,DONE,zopfli,zopfli/babel-helper-get-function-arity--babel-helper-get-function-arity-6.24.1.tgz,0.26,0.03,0.003729196
run_20_repetition_29,DONE,npm,npm/linkify-it--linkify-it-5.0.1.tgz,0.32,0.04,0.005021133
run_158_repetition_29,DONE,zopfli,zopfli/immer--immer-11.1.8.tgz,0.83,0.09,0.012060835
run_225_repetition_16,DONE,zstd,zstd/lodash-es--lodash-es-4.18.1.tar.zst,0.45,0.05,0.007273235
run_302_repetition_9,DONE,brotli,brotli/split2--split2-4.2.0.tar.br,0.29,0.03,0.00405593
run_64_repetition_23,DONE,xz,xz/@babel__plugin-transform-regexp-modifiers--plugin-transform-regexp-modifiers-7.28.6.tar.xz,0.26,0.03,0.003963439
run_88_repetition_15,DONE,xz,xz/ethers--ethers-6.16.0.tar.xz,6.66,0.79,0.104597193
run_306_repetition_11,DONE,brotli,brotli/tar--tar-7.5.15.tar.br,0.8,0.09,0.011855453
run_40_repetition_2,DONE,npm,npm/ts-node--ts-node-10.9.2.tgz,0.74,0.08,0.011427322
run_232_repetition_20,DONE,zstd,zstd/protobufjs--protobufjs-8.4.2.tar.zst,0.73,0.09,0.011327372
run_156_repetition_18,DONE,zopfli,zopfli/html-escaper--html-escaper-3.0.3.tgz,0.23,0.03,0.003822385
run_9_repetition_29,DONE,npm,npm/remove-trailing-separator--remove-trailing-separator-1.1.0.tgz,0.32,0.04,0.004774838
run_122_repetition_0,DONE,xz,xz/whatwg-mimetype--whatwg-mimetype-5.0.0.tar.xz,0.29,0.03,0.00456229
run_199_repetition_6,DONE,zstd,zstd/@sindresorhus__is--is-8.1.0.tar.zst,0.26,0.03,0.003823186
run_83_repetition_29,DONE,xz,xz/date-fns--date-fns-4.3.0.tar.xz,9.63,1.15,0.151077324
run_114_repetition_6,DONE,xz,xz/strict-uri-encode--strict-uri-encode-2.0.0.tar.xz,0.22,0.03,0.00357795
run_267_repetition_23,DONE,brotli,brotli/aws-sdk--aws-sdk-2.1693.0.tar.br,13.0,1.58,0.20188732
run_239_repetition_22,DONE,zstd,zstd/split2--split2-4.2.0.tar.zst,0.23,0.03,0.003425055
run_283_repetition_0,DONE,brotli,brotli/iconv-lite--iconv-lite-0.7.2.tar.br,0.47,0.06,0.007527486
run_100_repetition_23,DONE,xz,xz/next--next-16.2.6.tar.xz,72.79,8.66,1.144281467
run_303_repetition_5,DONE,brotli,brotli/strict-uri-encode--strict-uri-encode-2.0.0.tar.br,0.3,0.04,0.004065896
run_298_repetition_25,DONE,brotli,brotli/remove-trailing-separator--remove-trailing-separator-1.1.0.tar.br,0.26,0.03,0.003824498
run_210_repetition_21,DONE,zstd,zstd/dom-accessibility-api--dom-accessibility-api-0.7.1.tar.zst,0.26,0.03,0.004481045
run_253_repetition_18,DONE,brotli,brotli/@babel__plugin-transform-regexp-modifiers--plugin-transform-regexp-modifiers-7.28.6.tar.br,0.25,0.03,0.003907394
run_202_repetition_22,DONE,zstd,zstd/@vue__reactivity--reactivity-3.5.34.tar.zst,0.26,0.03,0.004416255
run_227_repetition_19,DONE,zstd,zstd/node-notifier--node-notifier-10.0.1.tar.zst,1.4,0.16,0.020883694
run_58_repetition_9,DONE,npm,npm/@esbuild__linux-ia32--linux-ia32-0.28.0.tgz,7.33,0.87,0.114639983
run_267_repetition_29,DONE,brotli,brotli/aws-sdk--aws-sdk-2.1693.0.tar.br,12.81,1.57,0.19971013
run_232_repetition_1,DONE,zstd,zstd/protobufjs--protobufjs-8.4.2.tar.zst,0.74,0.09,0.011103642
run_265_repetition_6,DONE,brotli,brotli/@vue__reactivity--reactivity-3.5.34.tar.br,0.33,0.04,0.005196184
run_210_repetition_8,DONE,zstd,zstd/dom-accessibility-api--dom-accessibility-api-0.7.1.tar.zst,0.32,0.04,0.004457718
run_163_repetition_10,DONE,zopfli,zopfli/next--next-16.2.6.tgz,81.07,9.63,1.281710495
run_4_repetition_8,DONE,npm,npm/@types__glob--glob-9.0.0.tgz,0.36,0.04,0.005199571
run_237_repetition_24,DONE,zstd,zstd/shallowequal--shallowequal-1.1.0.tar.zst,0.22,0.03,0.003313599
run_120_repetition_28,DONE,xz,xz/watchpack-chokidar2--watchpack-chokidar2-2.0.1.tar.xz,0.28,0.03,0.003602588
run_181_repetition_6,DONE,zopfli,zopfli/ts-node--ts-node-10.9.2.tgz,0.69,0.08,0.011102122
run_279_repetition_18,DONE,brotli,brotli/got--got-15.0.5.tar.br,0.38,0.05,0.005955657
run_152_repetition_26,DONE,zopfli,zopfli/fetch-blob--fetch-blob-4.0.0.tgz,0.26,0.03,0.003990258
run_65_repetition_14,DONE,xz,xz/@esbuild__linux-ia32--linux-ia32-0.28.0.tar.xz,21.6,2.54,0.338063309
run_294_repetition_17,DONE,brotli,brotli/prop-types--prop-types-15.8.1.tar.br,0.32,0.04,0.004719332
run_57_repetition_9,DONE,npm,npm/date-fns--date-fns-4.3.0.tgz,16.24,1.9,0.252168859
run_43_repetition_29,DONE,npm,npm/jiti--jiti-2.7.0.tgz,1.21,0.14,0.0185605
run_67_repetition_13,DONE,xz,xz/@ethersproject__abstract-signer--abstract-signer-5.8.0.tar.xz,0.36,0.04,0.005023873
run_37_repetition_10,DONE,npm,npm/@aws-cdk__cloud-assembly-schema--cloud-assembly-schema-53.27.0.tgz,0.68,0.08,0.010485202
run_2_repetition_0,DONE,npm,npm/babel-helper-get-function-arity--babel-helper-get-function-arity-6.24.1.tgz,0.29,0.03,0.00463383
run_171_repetition_19,DONE,zopfli,zopfli/react-error-overlay--react-error-overlay-6.1.0.tgz,0.55,0.06,0.007662338
run_134_repetition_5,DONE,zopfli,zopfli/@parcel__watcher--watcher-2.5.6.tgz,0.35,0.04,0.005356369
run_280_repetition_17,DONE,brotli,brotli/has-to-string-tag-x--has-to-string-tag-x-2.1.2.tar.br,0.32,0.03,0.004712517
run_148_repetition_16,DONE,zopfli,zopfli/encoding-sniffer--encoding-sniffer-1.0.2.tgz,0.33,0.04,0.005055845
run_169_repetition_5,DONE,zopfli,zopfli/protobufjs--protobufjs-8.4.2.tgz,1.9,0.22,0.02985644
run_257_repetition_11,DONE,brotli,brotli/@modelcontextprotocol__sdk--sdk-1.29.0.tar.br,1.06,0.13,0.01638246
run_306_repetition_29,DONE,brotli,brotli/tar--tar-7.5.15.tar.br,0.74,0.09,0.011598541
run_313_repetition_25,DONE,brotli,brotli/workbox-streams--workbox-streams-7.4.1.tar.br,0.32,0.04,0.004865084
run_282_repetition_21,DONE,brotli,brotli/html-escaper--html-escaper-3.0.3.tar.br,0.26,0.03,0.003903779
run_185_repetition_14,DONE,zopfli,zopfli/whatwg-mimetype--whatwg-mimetype-5.0.0.tgz,0.25,0.03,0.004127245
run_39_repetition_23,DONE,npm,npm/iconv-lite--iconv-lite-0.7.2.tgz,0.52,0.06,0.008139345
run_218_repetition_21,DONE,zstd,zstd/highlight.js--highlight.js-11.11.1.tar.zst,1.28,0.15,0.018822648
run_129_repetition_22,DONE,zopfli,zopfli/@eslint__eslintrc--eslintrc-3.3.5.tgz,0.57,0.07,0.009068956
run_88_repetition_9,DONE,xz,xz/ethers--ethers-6.16.0.tar.xz,6.71,0.79,0.105068229
run_45_repetition_18,DONE,npm,npm/prismjs--prismjs-1.30.0.tgz,1.9,0.22,0.028977926
run_285_repetition_4,DONE,brotli,brotli/jiti--jiti-2.7.0.tar.br,0.83,0.1,0.012198611
run_76_repetition_26,DONE,xz,xz/@vue__reactivity--reactivity-3.5.34.tar.xz,0.52,0.06,0.007348298
run_107_repetition_27,DONE,xz,xz/react-dom--react-dom-19.2.6.tar.xz,2.49,0.3,0.039240195
run_218_repetition_8,DONE,zstd,zstd/highlight.js--highlight.js-11.11.1.tar.zst,1.27,0.15,0.018921753
run_34_repetition_4,DONE,npm,npm/react-error-overlay--react-error-overlay-6.1.0.tgz,0.58,0.06,0.008014093
run_269_repetition_5,DONE,brotli,brotli/babel-plugin-check-es2015-constants--babel-plugin-check-es2015-constants-6.22.0.tar.br,0.33,0.03,0.004097673
run_187_repetition_14,DONE,zopfli,zopfli/workbox-streams--workbox-streams-7.4.1.tgz,0.32,0.04,0.004816309
run_88_repetition_7,DONE,xz,xz/ethers--ethers-6.16.0.tar.xz,6.77,0.8,0.105945212
run_234_repetition_5,DONE,zstd,zstd/react-error-overlay--react-error-overlay-6.1.0.tar.zst,0.39,0.05,0.005461134
run_197_repetition_9,DONE,zstd,zstd/@parcel__watcher--watcher-2.5.6.tar.zst,0.29,0.03,0.004096652
run_41_repetition_9,DONE,npm,npm/immer--immer-11.1.8.tgz,0.77,0.09,0.012395561
run_118_repetition_16,DONE,xz,xz/ts-node--ts-node-10.9.2.tar.xz,1.15,0.13,0.017416359
run_137_repetition_5,DONE,zopfli,zopfli/@types__glob--glob-9.0.0.tgz,0.25,0.03,0.003876356
run_131_repetition_4,DONE,zopfli,zopfli/@modelcontextprotocol__sdk--sdk-1.29.0.tgz,2.53,0.3,0.039642821
run_168_repetition_18,DONE,zopfli,zopfli/prop-types--prop-types-15.8.1.tgz,0.32,0.04,0.004493303
run_247_repetition_10,DONE,zstd,zstd/webpack--webpack-5.107.1.tar.zst,1.54,0.18,0.02287251
run_122_repetition_10,DONE,xz,xz/whatwg-mimetype--whatwg-mimetype-5.0.0.tar.xz,0.32,0.04,0.004652931
run_217_repetition_24,DONE,zstd,zstd/has-to-string-tag-x--has-to-string-tag-x-2.1.2.tar.zst,0.26,0.03,0.003947006
run_202_repetition_18,DONE,zstd,zstd/@vue__reactivity--reactivity-3.5.34.tar.zst,0.32,0.03,0.004417797
run_145_repetition_28,DONE,zopfli,zopfli/client-only--client-only-0.0.1.tgz,0.26,0.03,0.003497441
run_258_repetition_14,DONE,brotli,brotli/@next__swc-linux-arm64-musl--swc-linux-arm64-musl-16.2.6.tar.br,40.25,4.86,0.630786789
run_56_repetition_24,DONE,npm,npm/ethers--ethers-6.16.0.tgz,6.9,0.82,0.107225409
run_302_repetition_26,DONE,brotli,brotli/split2--split2-4.2.0.tar.br,0.27,0.03,0.003961647
run_146_repetition_16,DONE,zopfli,zopfli/date-fns--date-fns-4.3.0.tgz,12.22,1.46,0.193263361
run_295_repetition_3,DONE,brotli,brotli/protobufjs--protobufjs-8.4.2.tar.br,0.86,0.1,0.013010594
run_40_repetition_9,DONE,npm,npm/ts-node--ts-node-10.9.2.tgz,0.78,0.09,0.011551966
run_39_repetition_4,DONE,npm,npm/iconv-lite--iconv-lite-0.7.2.tgz,0.51,0.06,0.008298932
run_91_repetition_3,DONE,xz,xz/has-to-string-tag-x--has-to-string-tag-x-2.1.2.tar.xz,0.38,0.05,0.0059153
run_90_repetition_1,DONE,xz,xz/got--got-15.0.5.tar.xz,0.64,0.08,0.009979096
run_132_repetition_28,DONE,zopfli,zopfli/@next__swc-linux-arm64-musl--swc-linux-arm64-musl-16.2.6.tgz,73.66,8.73,1.164300922
run_117_repetition_6,DONE,xz,xz/tar--tar-7.5.15.tar.xz,1.63,0.19,0.025386569
run_231_repetition_23,DONE,zstd,zstd/prop-types--prop-types-15.8.1.tar.zst,0.26,0.03,0.003568935
run_221_repetition_5,DONE,zstd,zstd/immer--immer-11.1.8.tar.zst,0.42,0.05,0.005858021
run_98_repetition_9,DONE,xz,xz/linkify-it--linkify-it-5.0.1.tar.xz,0.35,0.04,0.004972055
run_71_repetition_9,DONE,xz,xz/@parcel__watcher--watcher-2.5.6.tar.xz,0.48,0.05,0.006674704
run_230_repetition_2,DONE,zstd,zstd/prismjs--prismjs-1.30.0.tar.zst,0.8,0.09,0.011737296
run_194_repetition_20,DONE,zstd,zstd/@modelcontextprotocol__sdk--sdk-1.29.0.tar.zst,0.97,0.11,0.014767571
run_241_repetition_10,DONE,zstd,zstd/style-loader--style-loader-4.0.0.tar.zst,0.26,0.03,0.003539016
run_152_repetition_17,DONE,zopfli,zopfli/fetch-blob--fetch-blob-4.0.0.tgz,0.26,0.03,0.003699059
run_277_repetition_11,DONE,brotli,brotli/ethers--ethers-6.16.0.tar.br,2.76,0.33,0.043369734
run_268_repetition_0,DONE,brotli,brotli/babel-helper-get-function-arity--babel-helper-get-function-arity-6.24.1.tar.br,0.26,0.03,0.003566518
run_36_repetition_17,DONE,npm,npm/lodash-es--lodash-es-4.18.1.tgz,1.56,0.18,0.023899988
run_255_repetition_5,DONE,brotli,brotli/@eslint__eslintrc--eslintrc-3.3.5.tar.br,0.43,0.05,0.006414863
run_174_repetition_12,DONE,zopfli,zopfli/shallowequal--shallowequal-1.1.0.tgz,0.26,0.03,0.003692448
run_138_repetition_0,DONE,zopfli,zopfli/@types__uuid--uuid-11.0.0.tgz,0.26,0.03,0.003527818
run_310_repetition_8,DONE,brotli,brotli/webpack--webpack-5.107.1.tar.br,1.93,0.23,0.029189074
run_161_repetition_4,DONE,zopfli,zopfli/linkify-it--linkify-it-5.0.1.tgz,0.23,0.03,0.003779161
run_111_repetition_19,DONE,xz,xz/shallowequal--shallowequal-1.1.0.tar.xz,0.29,0.03,0.004011182
run_155_repetition_17,DONE,zopfli,zopfli/highlight.js--highlight.js-11.11.1.tgz,3.59,0.43,0.056232025
run_113_repetition_27,DONE,xz,xz/split2--split2-4.2.0.tar.xz,0.3,0.03,0.004036635
run_141_repetition_22,DONE,zopfli,zopfli/aws-sdk--aws-sdk-2.1693.0.tgz,38.31,4.57,0.605089711
run_3_repetition_17,DONE,npm,npm/@types__uuid--uuid-11.0.0.tgz,0.34,0.04,0.005434064
run_75_repetition_26,DONE,xz,xz/@types__uuid--uuid-11.0.0.tar.xz,0.26,0.03,0.00393949
run_208_repetition_13,DONE,zstd,zstd/client-only--client-only-0.0.1.tar.zst,0.22,0.03,0.003307093
run_8_repetition_15,DONE,npm,npm/@babel__plugin-transform-regexp-modifiers--plugin-transform-regexp-modifiers-7.28.6.tgz,0.33,0.03,0.004741615
run_196_repetition_14,DONE,zstd,zstd/@opentelemetry__semantic-conventions--semantic-conventions-1.41.1.tar.zst,1.62,0.19,0.024496352
run_193_repetition_20,DONE,zstd,zstd/@ethersproject__abstract-signer--abstract-signer-5.8.0.tar.zst,0.26,0.03,0.003831584
run_241_repetition_17,DONE,zstd,zstd/style-loader--style-loader-4.0.0.tar.zst,0.23,0.03,0.003591675
run_303_repetition_14,DONE,brotli,brotli/strict-uri-encode--strict-uri-encode-2.0.0.tar.br,0.29,0.03,0.003858248
run_8_repetition_17,DONE,npm,npm/@babel__plugin-transform-regexp-modifiers--plugin-transform-regexp-modifiers-7.28.6.tgz,0.32,0.04,0.004568851
run_294_repetition_8,DONE,brotli,brotli/prop-types--prop-types-15.8.1.tar.br,0.26,0.03,0.004437304
run_241_repetition_5,DONE,zstd,zstd/style-loader--style-loader-4.0.0.tar.zst,0.26,0.03,0.003961175
run_50_repetition_3,DONE,npm,npm/react-dom--react-dom-19.2.6.tgz,3.49,0.42,0.054424274
run_313_repetition_29,DONE,brotli,brotli/workbox-streams--workbox-streams-7.4.1.tar.br,0.36,0.04,0.005246946
run_269_repetition_28,DONE,brotli,brotli/babel-plugin-check-es2015-constants--babel-plugin-check-es2015-constants-6.22.0.tar.br,0.36,0.04,0.004310963
run_152_repetition_4,DONE,zopfli,zopfli/fetch-blob--fetch-blob-4.0.0.tgz,0.26,0.03,0.003975852
run_11_repetition_29,DONE,npm,npm/shallowequal--shallowequal-1.1.0.tgz,0.29,0.03,0.0047234
run_169_repetition_15,DONE,zopfli,zopfli/protobufjs--protobufjs-8.4.2.tgz,1.9,0.22,0.029866977
run_175_repetition_17,DONE,zopfli,zopfli/source-list-map--source-list-map-2.0.1.tgz,0.26,0.03,0.003948274
run_151_repetition_13,DONE,zopfli,zopfli/ethers--ethers-6.16.0.tgz,7.37,0.88,0.116562741
run_91_repetition_7,DONE,xz,xz/has-to-string-tag-x--has-to-string-tag-x-2.1.2.tar.xz,0.38,0.05,0.006033265
run_242_repetition_3,DONE,zstd,zstd/tailwindcss--tailwindcss-4.3.0.tar.zst,0.39,0.05,0.005866619
run_207_repetition_24,DONE,zstd,zstd/babel-plugin-transform-exponentiation-operator--babel-plugin-transform-exponentiation-operator-6.24.1.tar.zst,0.23,0.03,0.003346135
run_115_repetition_16,DONE,xz,xz/style-loader--style-loader-4.0.0.tar.xz,0.32,0.04,0.004941576
run_289_repetition_7,DONE,brotli,brotli/next--next-16.2.6.tar.br,22.84,2.82,0.354065115
run_302_repetition_4,DONE,brotli,brotli/split2--split2-4.2.0.tar.br,0.28,0.04,0.004349272
run_222_repetition_9,DONE,zstd,zstd/jiti--jiti-2.7.0.tar.zst,0.61,0.07,0.009584901
run_174_repetition_11,DONE,zopfli,zopfli/shallowequal--shallowequal-1.1.0.tgz,0.23,0.03,0.003478548
run_100_repetition_3,DONE,xz,xz/next--next-16.2.6.tar.xz,73.14,8.74,1.147323709
run_59_repetition_18,DONE,npm,npm/typescript--typescript-6.0.3.tgz,11.24,1.32,0.17502656
run_27_repetition_23,DONE,npm,npm/has-to-string-tag-x--has-to-string-tag-x-2.1.2.tgz,0.35,0.04,0.005326863
run_32_repetition_0,DONE,npm,npm/@vue__reactivity--reactivity-3.5.34.tgz,0.45,0.05,0.007136983
run_50_repetition_29,DONE,npm,npm/react-dom--react-dom-19.2.6.tgz,3.49,0.41,0.054354078
run_195_repetition_17,DONE,zstd,zstd/@next__swc-linux-arm64-musl--swc-linux-arm64-musl-16.2.6.tar.zst,30.35,3.56,0.456901423
run_250_repetition_20,DONE,zstd,zstd/workbox-streams--workbox-streams-7.4.1.tar.zst,0.26,0.03,0.004379545
run_284_repetition_26,DONE,brotli,brotli/immer--immer-11.1.8.tar.br,0.45,0.05,0.00657769
run_269_repetition_23,DONE,brotli,brotli/babel-plugin-check-es2015-constants--babel-plugin-check-es2015-constants-6.22.0.tar.br,0.29,0.03,0.003964896
run_21_repetition_16,DONE,npm,npm/style-loader--style-loader-4.0.0.tgz,0.39,0.05,0.005375137
run_307_repetition_10,DONE,brotli,brotli/ts-node--ts-node-10.9.2.tar.br,0.54,0.07,0.008250936
run_120_repetition_19,DONE,xz,xz/watchpack-chokidar2--watchpack-chokidar2-2.0.1.tar.xz,0.26,0.03,0.003784644
run_151_repetition_5,DONE,zopfli,zopfli/ethers--ethers-6.16.0.tgz,7.41,0.87,0.116853758
run_49_repetition_20,DONE,npm,npm/xml2js--xml2js-0.6.2.tgz,2.11,0.25,0.03265523
run_15_repetition_8,DONE,npm,npm/html-escaper--html-escaper-3.0.3.tgz,0.36,0.04,0.005035646
run_243_repetition_25,DONE,zstd,zstd/tar--tar-7.5.15.tar.zst,0.66,0.08,0.009691721
run_240_repetition_17,DONE,zstd,zstd/strict-uri-encode--strict-uri-encode-2.0.0.tar.zst,0.23,0.02,0.003388494
run_220_repetition_0,DONE,zstd,zstd/iconv-lite--iconv-lite-0.7.2.tar.zst,0.35,0.04,0.005223342
run_114_repetition_9,DONE,xz,xz/strict-uri-encode--strict-uri-encode-2.0.0.tar.xz,0.3,0.03,0.004119234
run_214_repetition_13,DONE,zstd,zstd/ethers--ethers-6.16.0.tar.zst,2.26,0.26,0.032997921
run_289_repetition_25,DONE,brotli,brotli/next--next-16.2.6.tar.br,22.52,2.79,0.349498398
run_20_repetition_27,DONE,npm,npm/linkify-it--linkify-it-5.0.1.tgz,0.32,0.04,0.004984237
run_39_repetition_6,DONE,npm,npm/iconv-lite--iconv-lite-0.7.2.tgz,0.52,0.06,0.008024722
run_139_repetition_10,DONE,zopfli,zopfli/@vue__reactivity--reactivity-3.5.34.tgz,0.44,0.05,0.006581973
run_293_repetition_27,DONE,brotli,brotli/prismjs--prismjs-1.30.0.tar.br,1.02,0.12,0.01578696
run_211_repetition_6,DONE,zstd,zstd/encoding-sniffer--encoding-sniffer-1.0.2.tar.zst,0.26,0.03,0.004064509
run_236_repetition_17,DONE,zstd,zstd/resize-observer-polyfill--resize-observer-polyfill-1.5.1.tar.zst,0.3,0.03,0.003991232
run_10_repetition_14,DONE,npm,npm/path-dirname--path-dirname-1.0.2.tgz,0.3,0.03,0.004726831
run_266_repetition_22,DONE,brotli,brotli/assert-plus--assert-plus-1.0.0.tar.br,0.27,0.03,0.00381818
run_168_repetition_13,DONE,zopfli,zopfli/prop-types--prop-types-15.8.1.tgz,0.32,0.04,0.004647357
run_295_repetition_11,DONE,brotli,brotli/protobufjs--protobufjs-8.4.2.tar.br,0.76,0.1,0.01279942
run_3_repetition_8,DONE,npm,npm/@types__uuid--uuid-11.0.0.tgz,0.36,0.04,0.005332214
run_73_repetition_29,DONE,xz,xz/@sindresorhus__is--is-8.1.0.tar.xz,0.4,0.05,0.006011015
run_80_repetition_7,DONE,xz,xz/babel-plugin-check-es2015-constants--babel-plugin-check-es2015-constants-6.22.0.tar.xz,0.26,0.03,0.003940877
run_29_repetition_11,DONE,npm,npm/@parcel__watcher--watcher-2.5.6.tgz,0.42,0.05,0.006249033
run_12_repetition_27,DONE,npm,npm/@radix-ui__primitive--primitive-1.1.3.tgz,0.33,0.04,0.004975674
run_30_repetition_18,DONE,npm,npm/workbox-routing--workbox-routing-7.4.1.tgz,0.45,0.05,0.006975018
run_216_repetition_25,DONE,zstd,zstd/got--got-15.0.5.tar.zst,0.37,0.05,0.005796881
run_251_repetition_5,DONE,zstd,zstd/xml2js--xml2js-0.6.2.tar.zst,1.14,0.14,0.017069137
run_23_repetition_20,DONE,npm,npm/prop-types--prop-types-15.8.1.tgz,0.32,0.04,0.005327113
run_119_repetition_4,DONE,xz,xz/typescript--typescript-6.0.3.tar.xz,13.5,1.61,0.211954225
run_180_repetition_11,DONE,zopfli,zopfli/tar--tar-7.5.15.tgz,1.52,0.19,0.023950203
run_150_repetition_9,DONE,zopfli,zopfli/eslint-plugin-import--eslint-plugin-import-2.32.0.tgz,1.12,0.13,0.017689174
run_180_repetition_6,DONE,zopfli,zopfli/tar--tar-7.5.15.tgz,1.56,0.19,0.024318308
run_40_repetition_6,DONE,npm,npm/ts-node--ts-node-10.9.2.tgz,0.74,0.09,0.011679892
run_309_repetition_16,DONE,brotli,brotli/watchpack-chokidar2--watchpack-chokidar2-2.0.1.tar.br,0.25,0.03,0.00378356
run_74_repetition_15,DONE,xz,xz/@types__glob--glob-9.0.0.tar.xz,0.26,0.03,0.003603309
run_211_repetition_23,DONE,zstd,zstd/encoding-sniffer--encoding-sniffer-1.0.2.tar.zst,0.29,0.03,0.004029869
run_126_repetition_5,DONE,zopfli,zopfli/@aws-cdk__cloud-assembly-schema--cloud-assembly-schema-53.27.0.tgz,0.7,0.08,0.010569205
run_192_repetition_11,DONE,zstd,zstd/@eslint__eslintrc--eslintrc-3.3.5.tar.zst,0.32,0.04,0.005273922
run_28_repetition_8,DONE,npm,npm/resize-observer-polyfill--resize-observer-polyfill-1.5.1.tgz,0.38,0.04,0.005785919
run_169_repetition_27,DONE,zopfli,zopfli/protobufjs--protobufjs-8.4.2.tgz,1.91,0.22,0.030114129
run_22_repetition_20,DONE,npm,npm/@ethersproject__abstract-signer--abstract-signer-5.8.0.tgz,0.36,0.04,0.005363418
run_123_repetition_23,DONE,xz,xz/workbox-routing--workbox-routing-7.4.1.tar.xz,0.55,0.06,0.008415608
run_49_repetition_7,DONE,npm,npm/xml2js--xml2js-0.6.2.tgz,2.1,0.25,0.032842592
run_294_repetition_26,DONE,brotli,brotli/prop-types--prop-types-15.8.1.tar.br,0.32,0.04,0.004664208
run_107_repetition_12,DONE,xz,xz/react-dom--react-dom-19.2.6.tar.xz,2.53,0.31,0.039575839
run_166_repetition_17,DONE,zopfli,zopfli/prettier--prettier-3.8.3.tgz,4.95,0.59,0.077710672
run_50_repetition_23,DONE,npm,npm/react-dom--react-dom-19.2.6.tgz,3.52,0.43,0.05454251
run_207_repetition_28,DONE,zstd,zstd/babel-plugin-transform-exponentiation-operator--babel-plugin-transform-exponentiation-operator-6.24.1.tar.zst,0.23,0.03,0.003332294
run_242_repetition_18,DONE,zstd,zstd/tailwindcss--tailwindcss-4.3.0.tar.zst,0.39,0.05,0.005919652
run_106_repetition_10,DONE,xz,xz/protobufjs--protobufjs-8.4.2.tar.xz,1.79,0.21,0.028273825
run_192_repetition_23,DONE,zstd,zstd/@eslint__eslintrc--eslintrc-3.3.5.tar.zst,0.39,0.04,0.005300289
run_33_repetition_0,DONE,npm,npm/got--got-15.0.5.tgz,0.49,0.06,0.007408837
run_190_repetition_1,DONE,zstd,zstd/@babel__plugin-transform-regexp-modifiers--plugin-transform-regexp-modifiers-7.28.6.tar.zst,0.23,0.03,0.003398209
run_165_repetition_3,DONE,zopfli,zopfli/path-dirname--path-dirname-1.0.2.tgz,0.26,0.03,0.003440295
run_5_repetition_24,DONE,npm,npm/babel-plugin-transform-exponentiation-operator--babel-plugin-transform-exponentiation-operator-6.24.1.tgz,0.26,0.03,0.004477415
run_86_repetition_6,DONE,xz,xz/eslint-config-react-app--eslint-config-react-app-7.0.1.tar.xz,0.35,0.04,0.004939425
run_56_repetition_23,DONE,npm,npm/ethers--ethers-6.16.0.tgz,6.94,0.82,0.10759614
run_264_repetition_1,DONE,brotli,brotli/@types__uuid--uuid-11.0.0.tar.br,0.26,0.03,0.003659272
run_171_repetition_18,DONE,zopfli,zopfli/react-error-overlay--react-error-overlay-6.1.0.tgz,0.48,0.06,0.007789212
run_283_repetition_15,DONE,brotli,brotli/iconv-lite--iconv-lite-0.7.2.tar.br,0.48,0.06,0.00737717
run_86_repetition_21,DONE,xz,xz/eslint-config-react-app--eslint-config-react-app-7.0.1.tar.xz,0.26,0.03,0.004302462
run_197_repetition_12,DONE,zstd,zstd/@parcel__watcher--watcher-2.5.6.tar.zst,0.29,0.03,0.004263437
run_253_repetition_24,DONE,brotli,brotli/@babel__plugin-transform-regexp-modifiers--plugin-transform-regexp-modifiers-7.28.6.tar.br,0.29,0.03,0.004138854
run_211_repetition_13,DONE,zstd,zstd/encoding-sniffer--encoding-sniffer-1.0.2.tar.zst,0.29,0.04,0.004018643
run_29_repetition_23,DONE,npm,npm/@parcel__watcher--watcher-2.5.6.tgz,0.46,0.05,0.006378433
run_199_repetition_2,DONE,zstd,zstd/@sindresorhus__is--is-8.1.0.tar.zst,0.26,0.03,0.00389996
run_287_repetition_2,DONE,brotli,brotli/linkify-it--linkify-it-5.0.1.tar.br,0.26,0.03,0.004146575
run_15_repetition_7,DONE,npm,npm/html-escaper--html-escaper-3.0.3.tgz,0.32,0.04,0.005036435
run_219_repetition_0,DONE,zstd,zstd/html-escaper--html-escaper-3.0.3.tar.zst,0.19,0.02,0.003479987
run_237_repetition_14,DONE,zstd,zstd/shallowequal--shallowequal-1.1.0.tar.zst,0.23,0.03,0.003448716
run_200_repetition_27,DONE,zstd,zstd/@types__glob--glob-9.0.0.tar.zst,0.25,0.03,0.00333958
run_297_repetition_11,DONE,brotli,brotli/react-error-overlay--react-error-overlay-6.1.0.tar.br,0.45,0.05,0.006821376
run_157_repetition_12,DONE,zopfli,zopfli/iconv-lite--iconv-lite-0.7.2.tgz,0.51,0.06,0.007881467
run_228_repetition_8,DONE,zstd,zstd/path-dirname--path-dirname-1.0.2.tar.zst,0.26,0.03,0.003585007
run_267_repetition_22,DONE,brotli,brotli/aws-sdk--aws-sdk-2.1693.0.tar.br,12.96,1.58,0.201280754
run_301_repetition_27,DONE,brotli,brotli/source-list-map--source-list-map-2.0.1.tar.br,0.29,0.04,0.004000996
run_209_repetition_9,DONE,zstd,zstd/date-fns--date-fns-4.3.0.tar.zst,3.86,0.46,0.057433466
run_60_repetition_23,DONE,npm,npm/aws-sdk--aws-sdk-2.1693.0.tgz,37.34,4.49,0.585346679
run_42_repetition_3,DONE,npm,npm/eslint-plugin-import--eslint-plugin-import-2.32.0.tgz,1.12,0.13,0.017119258
run_312_repetition_27,DONE,brotli,brotli/workbox-routing--workbox-routing-7.4.1.tar.br,0.35,0.04,0.005647414
run_126_repetition_22,DONE,zopfli,zopfli/@aws-cdk__cloud-assembly-schema--cloud-assembly-schema-53.27.0.tgz,0.7,0.08,0.010635294
run_97_repetition_14,DONE,xz,xz/libphonenumber-js--libphonenumber-js-1.13.3.tar.xz,4.27,0.51,0.067512488
run_121_repetition_29,DONE,xz,xz/webpack--webpack-5.107.1.tar.xz,5.55,0.66,0.087003543
run_27_repetition_11,DONE,npm,npm/has-to-string-tag-x--has-to-string-tag-x-2.1.2.tgz,0.39,0.05,0.005789325
run_145_repetition_10,DONE,zopfli,zopfli/client-only--client-only-0.0.1.tgz,0.22,0.03,0.003624975
run_213_repetition_19,DONE,zstd,zstd/eslint-plugin-import--eslint-plugin-import-2.32.0.tar.zst,0.58,0.07,0.009237613
run_38_repetition_26,DONE,npm,npm/tailwindcss--tailwindcss-4.3.0.tgz,0.74,0.09,0.010963881
run_240_repetition_15,DONE,zstd,zstd/strict-uri-encode--strict-uri-encode-2.0.0.tar.zst,0.2,0.02,0.003376112
run_76_repetition_16,DONE,xz,xz/@vue__reactivity--reactivity-3.5.34.tar.xz,0.44,0.05,0.007237693
run_98_repetition_17,DONE,xz,xz/linkify-it--linkify-it-5.0.1.tar.xz,0.26,0.03,0.004517801
run_47_repetition_9,DONE,npm,npm/protobufjs--protobufjs-8.4.2.tgz,1.92,0.23,0.029367169
run_226_repetition_6,DONE,zstd,zstd/next--next-16.2.6.tar.zst,20.88,2.53,0.30908799
run_228_repetition_28,DONE,zstd,zstd/path-dirname--path-dirname-1.0.2.tar.zst,0.22,0.03,0.003354923
run_210_repetition_1,DONE,zstd,zstd/dom-accessibility-api--dom-accessibility-api-0.7.1.tar.zst,0.29,0.04,0.004674375
run_133_repetition_3,DONE,zopfli,zopfli/@opentelemetry__semantic-conventions--semantic-conventions-1.41.1.tgz,4.93,0.59,0.077815962
run_287_repetition_22,DONE,brotli,brotli/linkify-it--linkify-it-5.0.1.tar.br,0.3,0.03,0.004174454
run_225_repetition_29,DONE,zstd,zstd/lodash-es--lodash-es-4.18.1.tar.zst,0.48,0.06,0.007214278
run_59_repetition_19,DONE,npm,npm/typescript--typescript-6.0.3.tgz,11.17,1.31,0.174631994
run_134_repetition_8,DONE,zopfli,zopfli/@parcel__watcher--watcher-2.5.6.tgz,0.38,0.04,0.005441938
run_33_repetition_11,DONE,npm,npm/got--got-15.0.5.tgz,0.52,0.06,0.007936031
run_299_repetition_3,DONE,brotli,brotli/resize-observer-polyfill--resize-observer-polyfill-1.5.1.tar.br,0.32,0.04,0.004580669
run_314_repetition_27,DONE,brotli,brotli/xml2js--xml2js-0.6.2.tar.br,1.31,0.16,0.020329617
run_27_repetition_6,DONE,npm,npm/has-to-string-tag-x--has-to-string-tag-x-2.1.2.tgz,0.35,0.04,0.005742553
run_148_repetition_25,DONE,zopfli,zopfli/encoding-sniffer--encoding-sniffer-1.0.2.tgz,0.38,0.04,0.005165625
run_247_repetition_26,DONE,zstd,zstd/webpack--webpack-5.107.1.tar.zst,1.51,0.18,0.022700176
run_116_repetition_3,DONE,xz,xz/tailwindcss--tailwindcss-4.3.0.tar.xz,0.9,0.11,0.013927467
run_102_repetition_3,DONE,xz,xz/path-dirname--path-dirname-1.0.2.tar.xz,0.27,0.03,0.003964922
run_34_repetition_24,DONE,npm,npm/react-error-overlay--react-error-overlay-6.1.0.tgz,0.57,0.07,0.008227949
run_218_repetition_9,DONE,zstd,zstd/highlight.js--highlight.js-11.11.1.tar.zst,1.31,0.15,0.018845016
run_91_repetition_25,DONE,xz,xz/has-to-string-tag-x--has-to-string-tag-x-2.1.2.tar.xz,0.38,0.05,0.005765485
run_209_repetition_2,DONE,zstd,zstd/date-fns--date-fns-4.3.0.tar.zst,3.86,0.46,0.057116874
run_139_repetition_13,DONE,zopfli,zopfli/@vue__reactivity--reactivity-3.5.34.tgz,0.45,0.05,0.006636808
run_17_repetition_29,DONE,npm,npm/source-list-map--source-list-map-2.0.1.tgz,0.32,0.04,0.004910177
run_73_repetition_22,DONE,xz,xz/@sindresorhus__is--is-8.1.0.tar.xz,0.35,0.05,0.006027165
run_261_repetition_5,DONE,brotli,brotli/@radix-ui__primitive--primitive-1.1.3.tar.br,0.26,0.03,0.004062509
run_36_repetition_6,DONE,npm,npm/lodash-es--lodash-es-4.18.1.tgz,1.62,0.19,0.024173463
run_103_repetition_28,DONE,xz,xz/prettier--prettier-3.8.3.tar.xz,6.55,0.77,0.103271867
run_176_repetition_13,DONE,zopfli,zopfli/split2--split2-4.2.0.tgz,0.26,0.03,0.003855794
run_122_repetition_16,DONE,xz,xz/whatwg-mimetype--whatwg-mimetype-5.0.0.tar.xz,0.32,0.04,0.004829896
run_186_repetition_18,DONE,zopfli,zopfli/workbox-routing--workbox-routing-7.4.1.tgz,0.42,0.05,0.006524547
run_168_repetition_21,DONE,zopfli,zopfli/prop-types--prop-types-15.8.1.tgz,0.32,0.03,0.004363521
run_4_repetition_25,DONE,npm,npm/@types__glob--glob-9.0.0.tgz,0.36,0.04,0.005742664
run_260_repetition_4,DONE,brotli,brotli/@parcel__watcher--watcher-2.5.6.tar.br,0.36,0.04,0.004942113
run_294_repetition_6,DONE,brotli,brotli/prop-types--prop-types-15.8.1.tar.br,0.26,0.03,0.004335002
run_131_repetition_28,DONE,zopfli,zopfli/@modelcontextprotocol__sdk--sdk-1.29.0.tgz,2.52,0.29,0.039373981
run_308_repetition_7,DONE,brotli,brotli/typescript--typescript-6.0.3.tar.br,4.28,0.51,0.066265725
run_21_repetition_8,DONE,npm,npm/style-loader--style-loader-4.0.0.tgz,0.35,0.04,0.005156455
run_160_repetition_16,DONE,zopfli,zopfli/libphonenumber-js--libphonenumber-js-1.13.3.tgz,5.7,0.68,0.089281609
run_118_repetition_11,DONE,xz,xz/ts-node--ts-node-10.9.2.tar.xz,1.15,0.14,0.017148698
run_313_repetition_28,DONE,brotli,brotli/workbox-streams--workbox-streams-7.4.1.tar.br,0.32,0.04,0.004676278
run_298_repetition_10,DONE,brotli,brotli/remove-trailing-separator--remove-trailing-separator-1.1.0.tar.br,0.28,0.04,0.004295784
run_10_repetition_26,DONE,npm,npm/path-dirname--path-dirname-1.0.2.tgz,0.29,0.03,0.004489353
run_53_repetition_23,DONE,npm,npm/libphonenumber-js--libphonenumber-js-1.13.3.tgz,5.32,0.62,0.081973564
run_240_repetition_22,DONE,zstd,zstd/strict-uri-encode--strict-uri-encode-2.0.0.tar.zst,0.25,0.03,0.003491034
run_54_repetition_0,DONE,npm,npm/node-notifier--node-notifier-10.0.1.tgz,3.33,0.39,0.051640057
run_179_repetition_24,DONE,zopfli,zopfli/tailwindcss--tailwindcss-4.3.0.tgz,0.64,0.08,0.010018569
run_28_repetition_13,DONE,npm,npm/resize-observer-polyfill--resize-observer-polyfill-1.5.1.tgz,0.42,0.05,0.005947325
run_93_repetition_20,DONE,xz,xz/html-escaper--html-escaper-3.0.3.tar.xz,0.29,0.03,0.004054657
run_77_repetition_2,DONE,xz,xz/assert-plus--assert-plus-1.0.0.tar.xz,0.26,0.03,0.003984713
run_203_repetition_29,DONE,zstd,zstd/assert-plus--assert-plus-1.0.0.tar.zst,0.26,0.03,0.003275878
run_83_repetition_24,DONE,xz,xz/date-fns--date-fns-4.3.0.tar.xz,9.67,1.15,0.151886354
run_242_repetition_19,DONE,zstd,zstd/tailwindcss--tailwindcss-4.3.0.tar.zst,0.39,0.05,0.005854237
run_158_repetition_26,DONE,zopfli,zopfli/immer--immer-11.1.8.tgz,0.76,0.09,0.011894162
run_137_repetition_17,DONE,zopfli,zopfli/@types__glob--glob-9.0.0.tgz,0.26,0.03,0.003525392
run_256_repetition_29,DONE,brotli,brotli/@ethersproject__abstract-signer--abstract-signer-5.8.0.tar.br,0.29,0.03,0.004413552
run_186_repetition_21,DONE,zopfli,zopfli/workbox-routing--workbox-routing-7.4.1.tgz,0.45,0.05,0.006381362
run_214_repetition_16,DONE,zstd,zstd/ethers--ethers-6.16.0.tar.zst,2.26,0.27,0.033316552
run_277_repetition_21,DONE,brotli,brotli/ethers--ethers-6.16.0.tar.br,2.7,0.32,0.042588477
run_28_repetition_0,DONE,npm,npm/resize-observer-polyfill--resize-observer-polyfill-1.5.1.tgz,0.39,0.05,0.005662934
run_104_repetition_10,DONE,xz,xz/prismjs--prismjs-1.30.0.tar.xz,2.77,0.33,0.04319198
run_307_repetition_11,DONE,brotli,brotli/ts-node--ts-node-10.9.2.tar.br,0.51,0.06,0.008407492
run_157_repetition_10,DONE,zopfli,zopfli/iconv-lite--iconv-lite-0.7.2.tgz,0.48,0.06,0.007422616
run_180_repetition_29,DONE,zopfli,zopfli/tar--tar-7.5.15.tgz,1.53,0.18,0.024087469
run_61_repetition_20,DONE,npm,npm/next--next-16.2.6.tgz,79.83,9.37,1.239106562
run_198_repetition_22,DONE,zstd,zstd/@radix-ui__primitive--primitive-1.1.3.tar.zst,0.26,0.03,0.003414733
run_196_repetition_6,DONE,zstd,zstd/@opentelemetry__semantic-conventions--semantic-conventions-1.41.1.tar.zst,1.58,0.19,0.024576315
run_18_repetition_9,DONE,npm,npm/fetch-blob--fetch-blob-4.0.0.tgz,0.36,0.04,0.005066932
run_277_repetition_20,DONE,brotli,brotli/ethers--ethers-6.16.0.tar.br,2.74,0.33,0.042440996
run_225_repetition_3,DONE,zstd,zstd/lodash-es--lodash-es-4.18.1.tar.zst,0.49,0.06,0.007305315
run_290_repetition_8,DONE,brotli,brotli/node-notifier--node-notifier-10.0.1.tar.br,2.5,0.29,0.039155367
run_139_repetition_12,DONE,zopfli,zopfli/@vue__reactivity--reactivity-3.5.34.tgz,0.45,0.05,0.006590208
run_112_repetition_12,DONE,xz,xz/source-list-map--source-list-map-2.0.1.tar.xz,0.32,0.04,0.004637808
run_63_repetition_27,DONE,xz,xz/@aws-cdk__cloud-assembly-schema--cloud-assembly-schema-53.27.0.tar.xz,1.0,0.11,0.015381746
run_127_repetition_27,DONE,zopfli,zopfli/@babel__plugin-transform-regexp-modifiers--plugin-transform-regexp-modifiers-7.28.6.tgz,0.23,0.03,0.003525616
run_262_repetition_26,DONE,brotli,brotli/@sindresorhus__is--is-8.1.0.tar.br,0.29,0.03,0.004550576
run_224_repetition_20,DONE,zstd,zstd/linkify-it--linkify-it-5.0.1.tar.zst,0.23,0.03,0.003531352
run_84_repetition_5,DONE,xz,xz/dom-accessibility-api--dom-accessibility-api-0.7.1.tar.xz,0.51,0.06,0.007666714
run_259_repetition_4,DONE,brotli,brotli/@opentelemetry__semantic-conventions--semantic-conventions-1.41.1.tar.br,1.61,0.2,0.025075115
run_279_repetition_12,DONE,brotli,brotli/got--got-15.0.5.tar.br,0.39,0.05,0.006078932
run_151_repetition_23,DONE,zopfli,zopfli/ethers--ethers-6.16.0.tgz,7.34,0.87,0.116397077
run_186_repetition_23,DONE,zopfli,zopfli/workbox-routing--workbox-routing-7.4.1.tgz,0.45,0.05,0.006759905
run_117_repetition_4,DONE,xz,xz/tar--tar-7.5.15.tar.xz,1.66,0.19,0.025980456
run_20_repetition_14,DONE,npm,npm/linkify-it--linkify-it-5.0.1.tgz,0.34,0.04,0.005355412
run_149_repetition_12,DONE,zopfli,zopfli/eslint-config-react-app--eslint-config-react-app-7.0.1.tgz,0.25,0.03,0.004039407
run_103_repetition_10,DONE,xz,xz/prettier--prettier-3.8.3.tar.xz,6.59,0.78,0.10341573
run_290_repetition_23,DONE,brotli,brotli/node-notifier--node-notifier-10.0.1.tar.br,2.53,0.3,0.039376677
run_95_repetition_10,DONE,xz,xz/immer--immer-11.1.8.tar.xz,0.77,0.09,0.011464848
run_204_repetition_2,DONE,zstd,zstd/aws-sdk--aws-sdk-2.1693.0.tar.zst,15.18,1.8,0.224926879
run_288_repetition_17,DONE,brotli,brotli/lodash-es--lodash-es-4.18.1.tar.br,0.58,0.07,0.008742422
run_7_repetition_18,DONE,npm,npm/strict-uri-encode--strict-uri-encode-2.0.0.tgz,0.3,0.04,0.004507535
run_231_repetition_13,DONE,zstd,zstd/prop-types--prop-types-15.8.1.tar.zst,0.2,0.02,0.003600033
run_131_repetition_24,DONE,zopfli,zopfli/@modelcontextprotocol__sdk--sdk-1.29.0.tgz,2.54,0.3,0.039397667
run_39_repetition_7,DONE,npm,npm/iconv-lite--iconv-lite-0.7.2.tgz,0.52,0.06,0.00812789
run_126_repetition_24,DONE,zopfli,zopfli/@aws-cdk__cloud-assembly-schema--cloud-assembly-schema-53.27.0.tgz,0.64,0.08,0.010562357
run_179_repetition_0,DONE,zopfli,zopfli/tailwindcss--tailwindcss-4.3.0.tgz,0.7,0.08,0.010327095
run_292_repetition_22,DONE,brotli,brotli/prettier--prettier-3.8.3.tar.br,2.18,0.26,0.033614835
run_148_repetition_20,DONE,zopfli,zopfli/encoding-sniffer--encoding-sniffer-1.0.2.tgz,0.29,0.04,0.004818918
run_139_repetition_20,DONE,zopfli,zopfli/@vue__reactivity--reactivity-3.5.34.tgz,0.48,0.06,0.006936758
run_89_repetition_10,DONE,xz,xz/fetch-blob--fetch-blob-4.0.0.tar.xz,0.32,0.04,0.004393963
run_238_repetition_24,DONE,zstd,zstd/source-list-map--source-list-map-2.0.1.tar.zst,0.26,0.03,0.003458377
run_171_repetition_5,DONE,zopfli,zopfli/react-error-overlay--react-error-overlay-6.1.0.tgz,0.45,0.05,0.007510166
run_61_repetition_3,DONE,npm,npm/next--next-16.2.6.tgz,79.78,9.41,1.238866647
run_121_repetition_18,DONE,xz,xz/webpack--webpack-5.107.1.tar.xz,5.54,0.66,0.087172695
run_56_repetition_6,DONE,npm,npm/ethers--ethers-6.16.0.tgz,6.96,0.81,0.107124751
run_80_repetition_5,DONE,xz,xz/babel-plugin-check-es2015-constants--babel-plugin-check-es2015-constants-6.22.0.tar.xz,0.33,0.03,0.004027598
run_116_repetition_27,DONE,xz,xz/tailwindcss--tailwindcss-4.3.0.tar.xz,0.9,0.11,0.013759397
run_209_repetition_28,DONE,zstd,zstd/date-fns--date-fns-4.3.0.tar.zst,3.92,0.47,0.057526145
run_248_repetition_16,DONE,zstd,zstd/whatwg-mimetype--whatwg-mimetype-5.0.0.tar.zst,0.26,0.03,0.003632922
run_306_repetition_3,DONE,brotli,brotli/tar--tar-7.5.15.tar.br,0.73,0.09,0.011474619
run_61_repetition_28,DONE,npm,npm/next--next-16.2.6.tgz,79.93,9.3,1.242037517
run_157_repetition_13,DONE,zopfli,zopfli/iconv-lite--iconv-lite-0.7.2.tgz,0.53,0.06,0.007720054
run_165_repetition_1,DONE,zopfli,zopfli/path-dirname--path-dirname-1.0.2.tgz,0.23,0.03,0.003762464
run_128_repetition_0,DONE,zopfli,zopfli/@esbuild__linux-ia32--linux-ia32-0.28.0.tgz,7.59,0.9,0.119096684
run_172_repetition_21,DONE,zopfli,zopfli/remove-trailing-separator--remove-trailing-separator-1.1.0.tgz,0.26,0.03,0.003387346
run_307_repetition_6,DONE,brotli,brotli/ts-node--ts-node-10.9.2.tar.br,0.54,0.06,0.008252355
run_56_repetition_13,DONE,npm,npm/ethers--ethers-6.16.0.tgz,6.96,0.82,0.107814815
run_270_repetition_27,DONE,brotli,brotli/babel-plugin-transform-exponentiation-operator--babel-plugin-transform-exponentiation-operator-6.24.1.tar.br,0.29,0.03,0.004090076
run_296_repetition_27,DONE,brotli,brotli/react-dom--react-dom-19.2.6.tar.br,1.2,0.14,0.018856933
run_3_repetition_10,DONE,npm,npm/@types__uuid--uuid-11.0.0.tgz,0.39,0.05,0.005407796
run_194_repetition_2,DONE,zstd,zstd/@modelcontextprotocol__sdk--sdk-1.29.0.tar.zst,0.94,0.11,0.01472073
run_19_repetition_0,DONE,npm,npm/whatwg-mimetype--whatwg-mimetype-5.0.0.tgz,0.32,0.04,0.004781013
run_261_repetition_20,DONE,brotli,brotli/@radix-ui__primitive--primitive-1.1.3.tar.br,0.3,0.03,0.004165822
run_220_repetition_17,DONE,zstd,zstd/iconv-lite--iconv-lite-0.7.2.tar.zst,0.38,0.05,0.005280848
run_95_repetition_4,DONE,xz,xz/immer--immer-11.1.8.tar.xz,0.77,0.09,0.011691287
run_68_repetition_22,DONE,xz,xz/@modelcontextprotocol__sdk--sdk-1.29.0.tar.xz,2.3,0.27,0.036025038
run_269_repetition_2,DONE,brotli,brotli/babel-plugin-check-es2015-constants--babel-plugin-check-es2015-constants-6.22.0.tar.br,0.32,0.04,0.004091919
run_267_repetition_27,DONE,brotli,brotli/aws-sdk--aws-sdk-2.1693.0.tar.br,12.9,1.57,0.200996279
run_32_repetition_11,DONE,npm,npm/@vue__reactivity--reactivity-3.5.34.tgz,0.49,0.06,0.007110637
run_155_repetition_19,DONE,zopfli,zopfli/highlight.js--highlight.js-11.11.1.tgz,3.55,0.42,0.056076791
run_201_repetition_15,DONE,zstd,zstd/@types__uuid--uuid-11.0.0.tar.zst,0.27,0.03,0.003804548
run_300_repetition_5,DONE,brotli,brotli/shallowequal--shallowequal-1.1.0.tar.br,0.26,0.03,0.004029845
run_200_repetition_7,DONE,zstd,zstd/@types__glob--glob-9.0.0.tar.zst,0.23,0.02,0.003367675
run_77_repetition_22,DONE,xz,xz/assert-plus--assert-plus-1.0.0.tar.xz,0.32,0.04,0.004487573
run_188_repetition_18,DONE,zopfli,zopfli/xml2js--xml2js-0.6.2.tgz,2.06,0.24,0.03209862
run_61_repetition_26,DONE,npm,npm/next--next-16.2.6.tgz,79.6,9.37,1.239909941
run_178_repetition_15,DONE,zopfli,zopfli/style-loader--style-loader-4.0.0.tgz,0.29,0.04,0.004637867
run_109_repetition_13,DONE,xz,xz/remove-trailing-separator--remove-trailing-separator-1.1.0.tar.xz,0.26,0.03,0.004087624
run_224_repetition_1,DONE,zstd,zstd/linkify-it--linkify-it-5.0.1.tar.zst,0.26,0.03,0.003647121
run_219_repetition_22,DONE,zstd,zstd/html-escaper--html-escaper-3.0.3.tar.zst,0.23,0.03,0.003365398
run_191_repetition_25,DONE,zstd,zstd/@esbuild__linux-ia32--linux-ia32-0.28.0.tar.zst,3.02,0.35,0.046190661
run_257_repetition_5,DONE,brotli,brotli/@modelcontextprotocol__sdk--sdk-1.29.0.tar.br,1.03,0.12,0.016284747
run_67_repetition_19,DONE,xz,xz/@ethersproject__abstract-signer--abstract-signer-5.8.0.tar.xz,0.33,0.04,0.005029933
run_250_repetition_28,DONE,zstd,zstd/workbox-streams--workbox-streams-7.4.1.tar.zst,0.29,0.03,0.004112785
run_42_repetition_1,DONE,npm,npm/eslint-plugin-import--eslint-plugin-import-2.32.0.tgz,1.1,0.13,0.017022904
run_272_repetition_1,DONE,brotli,brotli/date-fns--date-fns-4.3.0.tar.br,4.26,0.5,0.060375368
run_26_repetition_4,DONE,npm,npm/workbox-streams--workbox-streams-7.4.1.tgz,0.39,0.05,0.005828525
run_44_repetition_7,DONE,npm,npm/tar--tar-7.5.15.tgz,1.47,0.18,0.02294237
run_295_repetition_7,DONE,brotli,brotli/protobufjs--protobufjs-8.4.2.tar.br,0.8,0.1,0.012718294
run_140_repetition_16,DONE,zopfli,zopfli/assert-plus--assert-plus-1.0.0.tgz,0.26,0.03,0.003782579
run_85_repetition_26,DONE,xz,xz/encoding-sniffer--encoding-sniffer-1.0.2.tar.xz,0.42,0.05,0.006129452
run_259_repetition_11,DONE,brotli,brotli/@opentelemetry__semantic-conventions--semantic-conventions-1.41.1.tar.br,1.67,0.21,0.026170798
run_123_repetition_10,DONE,xz,xz/workbox-routing--workbox-routing-7.4.1.tar.xz,0.51,0.06,0.008135907
run_243_repetition_24,DONE,zstd,zstd/tar--tar-7.5.15.tar.zst,0.65,0.08,0.009999907
run_181_repetition_27,DONE,zopfli,zopfli/ts-node--ts-node-10.9.2.tgz,0.7,0.08,0.011084634
run_111_repetition_3,DONE,xz,xz/shallowequal--shallowequal-1.1.0.tar.xz,0.29,0.03,0.00409239
run_157_repetition_24,DONE,zopfli,zopfli/iconv-lite--iconv-lite-0.7.2.tgz,0.48,0.06,0.007521531
run_114_repetition_0,DONE,xz,xz/strict-uri-encode--strict-uri-encode-2.0.0.tar.xz,0.29,0.04,0.004012994
run_113_repetition_1,DONE,xz,xz/split2--split2-4.2.0.tar.xz,0.29,0.03,0.004298257
run_209_repetition_29,DONE,zstd,zstd/date-fns--date-fns-4.3.0.tar.zst,3.88,0.45,0.057368024
run_101_repetition_3,DONE,xz,xz/node-notifier--node-notifier-10.0.1.tar.xz,8.4,1.0,0.131491283
run_251_repetition_24,DONE,zstd,zstd/xml2js--xml2js-0.6.2.tar.zst,1.0,0.12,0.014986339
run_292_repetition_11,DONE,brotli,brotli/prettier--prettier-3.8.3.tar.br,2.17,0.26,0.034301979
run_297_repetition_18,DONE,brotli,brotli/react-error-overlay--react-error-overlay-6.1.0.tar.br,0.42,0.05,0.006840122
run_300_repetition_12,DONE,brotli,brotli/shallowequal--shallowequal-1.1.0.tar.br,0.26,0.03,0.004007192
run_237_repetition_10,DONE,zstd,zstd/shallowequal--shallowequal-1.1.0.tar.zst,0.22,0.03,0.003312017
run_103_repetition_3,DONE,xz,xz/prettier--prettier-3.8.3.tar.xz,6.59,0.77,0.103154157
run_96_repetition_23,DONE,xz,xz/jiti--jiti-2.7.0.tar.xz,2.14,0.25,0.033230219
run_173_repetition_8,DONE,zopfli,zopfli/resize-observer-polyfill--resize-observer-polyfill-1.5.1.tgz,0.33,0.04,0.004815799
run_216_repetition_1,DONE,zstd,zstd/got--got-15.0.5.tar.zst,0.33,0.04,0.004785663
run_202_repetition_5,DONE,zstd,zstd/@vue__reactivity--reactivity-3.5.34.tar.zst,0.29,0.03,0.004352986
run_279_repetition_29,DONE,brotli,brotli/got--got-15.0.5.tar.br,0.42,0.05,0.006420285
run_270_repetition_11,DONE,brotli,brotli/babel-plugin-transform-exponentiation-operator--babel-plugin-transform-exponentiation-operator-6.24.1.tar.br,0.29,0.03,0.004137609
run_285_repetition_27,DONE,brotli,brotli/jiti--jiti-2.7.0.tar.br,0.81,0.09,0.012513777
run_132_repetition_18,DONE,zopfli,zopfli/@next__swc-linux-arm64-musl--swc-linux-arm64-musl-16.2.6.tgz,73.93,8.77,1.165504029
run_277_repetition_18,DONE,brotli,brotli/ethers--ethers-6.16.0.tar.br,2.7,0.32,0.041746456
run_177_repetition_16,DONE,zopfli,zopfli/strict-uri-encode--strict-uri-encode-2.0.0.tgz,0.25,0.03,0.00349007
run_59_repetition_29,DONE,npm,npm/typescript--typescript-6.0.3.tgz,11.14,1.31,0.174489163
run_180_repetition_15,DONE,zopfli,zopfli/tar--tar-7.5.15.tgz,1.52,0.18,0.023944799
run_289_repetition_1,DONE,brotli,brotli/next--next-16.2.6.tar.br,22.67,2.77,0.352045827
run_302_repetition_23,DONE,brotli,brotli/split2--split2-4.2.0.tar.br,0.32,0.03,0.004072933
run_283_repetition_2,DONE,brotli,brotli/iconv-lite--iconv-lite-0.7.2.tar.br,0.51,0.06,0.007474213
run_152_repetition_1,DONE,zopfli,zopfli/fetch-blob--fetch-blob-4.0.0.tgz,0.26,0.03,0.00395198
run_185_repetition_18,DONE,zopfli,zopfli/whatwg-mimetype--whatwg-mimetype-5.0.0.tgz,0.26,0.03,0.004020554
run_31_repetition_17,DONE,npm,npm/dom-accessibility-api--dom-accessibility-api-0.7.1.tgz,0.49,0.06,0.007197184
run_217_repetition_20,DONE,zstd,zstd/has-to-string-tag-x--has-to-string-tag-x-2.1.2.tar.zst,0.28,0.04,0.003956627
run_72_repetition_21,DONE,xz,xz/@radix-ui__primitive--primitive-1.1.3.tar.xz,0.29,0.03,0.004030488
run_255_repetition_13,DONE,brotli,brotli/@eslint__eslintrc--eslintrc-3.3.5.tar.br,0.39,0.04,0.006127241
run_224_repetition_7,DONE,zstd,zstd/linkify-it--linkify-it-5.0.1.tar.zst,0.23,0.03,0.003530035
run_98_repetition_2,DONE,xz,xz/linkify-it--linkify-it-5.0.1.tar.xz,0.29,0.04,0.004758655
run_3_repetition_9,DONE,npm,npm/@types__uuid--uuid-11.0.0.tgz,0.32,0.04,0.005261958
run_41_repetition_15,DONE,npm,npm/immer--immer-11.1.8.tgz,0.84,0.09,0.012330064
run_242_repetition_4,DONE,zstd,zstd/tailwindcss--tailwindcss-4.3.0.tar.zst,0.39,0.05,0.005849034
run_124_repetition_13,DONE,xz,xz/workbox-streams--workbox-streams-7.4.1.tar.xz,0.45,0.05,0.006393574
run_46_repetition_3,DONE,npm,npm/@modelcontextprotocol__sdk--sdk-1.29.0.tgz,2.21,0.25,0.034469751
run_224_repetition_25,DONE,zstd,zstd/linkify-it--linkify-it-5.0.1.tar.zst,0.26,0.03,0.003536372
run_249_repetition_2,DONE,zstd,zstd/workbox-routing--workbox-routing-7.4.1.tar.zst,0.36,0.04,0.004933166
run_261_repetition_10,DONE,brotli,brotli/@radix-ui__primitive--primitive-1.1.3.tar.br,0.32,0.03,0.004303803
run_127_repetition_2,DONE,zopfli,zopfli/@babel__plugin-transform-regexp-modifiers--plugin-transform-regexp-modifiers-7.28.6.tgz,0.26,0.03,0.003884079
run_69_repetition_4,DONE,xz,xz/@next__swc-linux-arm64-musl--swc-linux-arm64-musl-16.2.6.tar.xz,154.21,18.24,2.421346923
run_267_repetition_9,DONE,brotli,brotli/aws-sdk--aws-sdk-2.1693.0.tar.br,12.87,1.58,0.199957341
run_159_repetition_9,DONE,zopfli,zopfli/jiti--jiti-2.7.0.tgz,1.19,0.14,0.018438886
run_136_repetition_24,DONE,zopfli,zopfli/@sindresorhus__is--is-8.1.0.tgz,0.35,0.04,0.004761571
run_178_repetition_24,DONE,zopfli,zopfli/style-loader--style-loader-4.0.0.tgz,0.26,0.03,0.004402774
run_79_repetition_13,DONE,xz,xz/babel-helper-get-function-arity--babel-helper-get-function-arity-6.24.1.tar.xz,0.28,0.03,0.004225042
run_117_repetition_16,DONE,xz,xz/tar--tar-7.5.15.tar.xz,1.63,0.2,0.025386543
run_303_repetition_25,DONE,brotli,brotli/strict-uri-encode--strict-uri-encode-2.0.0.tar.br,0.26,0.03,0.003885392
run_87_repetition_10,DONE,xz,xz/eslint-plugin-import--eslint-plugin-import-2.32.0.tar.xz,1.95,0.23,0.030853648
run_16_repetition_20,DONE,npm,npm/eslint-config-react-app--eslint-config-react-app-7.0.1.tgz,0.35,0.04,0.004825842
run_233_repetition_1,DONE,zstd,zstd/react-dom--react-dom-19.2.6.tar.zst,1.16,0.14,0.017786867
run_55_repetition_9,DONE,npm,npm/prettier--prettier-3.8.3.tgz,4.8,0.57,0.074697724
run_302_repetition_1,DONE,brotli,brotli/split2--split2-4.2.0.tar.br,0.26,0.03,0.004048241
run_37_repetition_25,DONE,npm,npm/@aws-cdk__cloud-assembly-schema--cloud-assembly-schema-53.27.0.tgz,0.71,0.08,0.010782448
run_147_repetition_21,DONE,zopfli,zopfli/dom-accessibility-api--dom-accessibility-api-0.7.1.tgz,0.42,0.05,0.006229235
run_209_repetition_26,DONE,zstd,zstd/date-fns--date-fns-4.3.0.tar.zst,3.85,0.46,0.057479882
run_312_repetition_18,DONE,brotli,brotli/workbox-routing--workbox-routing-7.4.1.tar.br,0.39,0.05,0.005657314
run_79_repetition_21,DONE,xz,xz/babel-helper-get-function-arity--babel-helper-get-function-arity-6.24.1.tar.xz,0.26,0.03,0.003727836
run_161_repetition_25,DONE,zopfli,zopfli/linkify-it--linkify-it-5.0.1.tgz,0.29,0.03,0.004083777
run_276_repetition_27,DONE,brotli,brotli/eslint-plugin-import--eslint-plugin-import-2.32.0.tar.br,0.77,0.09,0.011754257
run_38_repetition_13,DONE,npm,npm/tailwindcss--tailwindcss-4.3.0.tgz,0.68,0.08,0.010963375
run_310_repetition_25,DONE,brotli,brotli/webpack--webpack-5.107.1.tar.br,1.84,0.22,0.028949241
run_244_repetition_14,DONE,zstd,zstd/ts-node--ts-node-10.9.2.tar.zst,0.45,0.05,0.006393915
run_114_repetition_18,DONE,xz,xz/strict-uri-encode--strict-uri-encode-2.0.0.tar.xz,0.25,0.03,0.003928692
run_242_repetition_7,DONE,zstd,zstd/tailwindcss--tailwindcss-4.3.0.tar.zst,0.39,0.05,0.00588917
run_18_repetition_6,DONE,npm,npm/fetch-blob--fetch-blob-4.0.0.tgz,0.32,0.04,0.005047943
run_232_repetition_3,DONE,zstd,zstd/protobufjs--protobufjs-8.4.2.tar.zst,0.75,0.09,0.011167789
run_24_repetition_17,DONE,npm,npm/@sindresorhus__is--is-8.1.0.tgz,0.35,0.04,0.005251548
run_137_repetition_0,DONE,zopfli,zopfli/@types__glob--glob-9.0.0.tgz,0.26,0.03,0.003514072
run_95_repetition_23,DONE,xz,xz/immer--immer-11.1.8.tar.xz,0.7,0.09,0.011649215
run_60_repetition_8,DONE,npm,npm/aws-sdk--aws-sdk-2.1693.0.tgz,37.45,4.4,0.585494991
run_272_repetition_22,DONE,brotli,brotli/date-fns--date-fns-4.3.0.tar.br,3.79,0.45,0.058319312
run_29_repetition_26,DONE,npm,npm/@parcel__watcher--watcher-2.5.6.tgz,0.42,0.05,0.006373752
run_275_repetition_0,DONE,brotli,brotli/eslint-config-react-app--eslint-config-react-app-7.0.1.tar.br,0.29,0.03,0.004037938
run_9_repetition_24,DONE,npm,npm/remove-trailing-separator--remove-trailing-separator-1.1.0.tgz,0.32,0.04,0.004718509
run_175_repetition_4,DONE,zopfli,zopfli/source-list-map--source-list-map-2.0.1.tgz,0.29,0.03,0.003873177
run_84_repetition_16,DONE,xz,xz/dom-accessibility-api--dom-accessibility-api-0.7.1.tar.xz,0.48,0.06,0.007522072
run_104_repetition_6,DONE,xz,xz/prismjs--prismjs-1.30.0.tar.xz,2.77,0.33,0.043126145
run_198_repetition_6,DONE,zstd,zstd/@radix-ui__primitive--primitive-1.1.3.tar.zst,0.23,0.03,0.003337714
run_237_repetition_8,DONE,zstd,zstd/shallowequal--shallowequal-1.1.0.tar.zst,0.23,0.03,0.003329854
run_22_repetition_27,DONE,npm,npm/@ethersproject__abstract-signer--abstract-signer-5.8.0.tgz,0.35,0.04,0.005227287
run_241_repetition_16,DONE,zstd,zstd/style-loader--style-loader-4.0.0.tar.zst,0.26,0.03,0.003574553
run_305_repetition_28,DONE,brotli,brotli/tailwindcss--tailwindcss-4.3.0.tar.br,0.45,0.05,0.007254549
run_35_repetition_10,DONE,npm,npm/@eslint__eslintrc--eslintrc-3.3.5.tgz,0.64,0.07,0.009530483
run_183_repetition_7,DONE,zopfli,zopfli/watchpack-chokidar2--watchpack-chokidar2-2.0.1.tgz,0.26,0.03,0.003449938
run_23_repetition_5,DONE,npm,npm/prop-types--prop-types-15.8.1.tgz,0.34,0.04,0.005049423
run_148_repetition_19,DONE,zopfli,zopfli/encoding-sniffer--encoding-sniffer-1.0.2.tgz,0.32,0.04,0.004900368
run_154_repetition_20,DONE,zopfli,zopfli/has-to-string-tag-x--has-to-string-tag-x-2.1.2.tgz,0.32,0.04,0.004757848
run_266_repetition_1,DONE,brotli,brotli/assert-plus--assert-plus-1.0.0.tar.br,0.26,0.03,0.004013405
run_186_repetition_12,DONE,zopfli,zopfli/workbox-routing--workbox-routing-7.4.1.tgz,0.42,0.05,0.006261326
run_297_repetition_1,DONE,brotli,brotli/react-error-overlay--react-error-overlay-6.1.0.tar.br,0.42,0.05,0.006909334
run_295_repetition_17,DONE,brotli,brotli/protobufjs--protobufjs-8.4.2.tar.br,0.83,0.1,0.013072425
run_77_repetition_26,DONE,xz,xz/assert-plus--assert-plus-1.0.0.tar.xz,0.26,0.03,0.004220655
run_141_repetition_23,DONE,zopfli,zopfli/aws-sdk--aws-sdk-2.1693.0.tgz,38.13,4.52,0.604831496
run_287_repetition_26,DONE,brotli,brotli/linkify-it--linkify-it-5.0.1.tar.br,0.32,0.04,0.004586175
run_308_repetition_27,DONE,brotli,brotli/typescript--typescript-6.0.3.tar.br,4.17,0.51,0.064824561
run_146_repetition_2,DONE,zopfli,zopfli/date-fns--date-fns-4.3.0.tgz,12.2,1.45,0.193041837
run_251_repetition_0,DONE,zstd,zstd/xml2js--xml2js-0.6.2.tar.zst,0.96,0.11,0.014435104
run_292_repetition_3,DONE,brotli,brotli/prettier--prettier-3.8.3.tar.br,2.11,0.26,0.033447867
run_203_repetition_10,DONE,zstd,zstd/assert-plus--assert-plus-1.0.0.tar.zst,0.22,0.03,0.003395247
run_42_repetition_6,DONE,npm,npm/eslint-plugin-import--eslint-plugin-import-2.32.0.tgz,1.13,0.13,0.017090615
run_143_repetition_22,DONE,zopfli,zopfli/babel-plugin-check-es2015-constants--babel-plugin-check-es2015-constants-6.22.0.tgz,0.26,0.03,0.003728861
run_237_repetition_27,DONE,zstd,zstd/shallowequal--shallowequal-1.1.0.tar.zst,0.22,0.03,0.003329105
run_42_repetition_2,DONE,npm,npm/eslint-plugin-import--eslint-plugin-import-2.32.0.tgz,1.1,0.13,0.01713942
run_132_repetition_11,DONE,zopfli,zopfli/@next__swc-linux-arm64-musl--swc-linux-arm64-musl-16.2.6.tgz,73.86,8.89,1.165215007
run_100_repetition_22,DONE,xz,xz/next--next-16.2.6.tar.xz,73.21,8.7,1.145686136
run_262_repetition_28,DONE,brotli,brotli/@sindresorhus__is--is-8.1.0.tar.br,0.32,0.04,0.00490649
run_206_repetition_26,DONE,zstd,zstd/babel-plugin-check-es2015-constants--babel-plugin-check-es2015-constants-6.22.0.tar.zst,0.23,0.03,0.003349155
run_287_repetition_25,DONE,brotli,brotli/linkify-it--linkify-it-5.0.1.tar.br,0.26,0.03,0.004308755
run_266_repetition_25,DONE,brotli,brotli/assert-plus--assert-plus-1.0.0.tar.br,0.3,0.04,0.004221665
run_249_repetition_16,DONE,zstd,zstd/workbox-routing--workbox-routing-7.4.1.tar.zst,0.29,0.03,0.004498401
run_262_repetition_20,DONE,brotli,brotli/@sindresorhus__is--is-8.1.0.tar.br,0.29,0.04,0.004505842
run_104_repetition_28,DONE,xz,xz/prismjs--prismjs-1.30.0.tar.xz,2.77,0.32,0.043332403
run_251_repetition_12,DONE,zstd,zstd/xml2js--xml2js-0.6.2.tar.zst,0.95,0.11,0.014437944
run_105_repetition_11,DONE,xz,xz/prop-types--prop-types-15.8.1.tar.xz,0.35,0.04,0.005407591
run_155_repetition_0,DONE,zopfli,zopfli/highlight.js--highlight.js-11.11.1.tgz,3.54,0.42,0.056214316
run_237_repetition_19,DONE,zstd,zstd/shallowequal--shallowequal-1.1.0.tar.zst,0.22,0.03,0.003378196
run_124_repetition_6,DONE,xz,xz/workbox-streams--workbox-streams-7.4.1.tar.xz,0.41,0.05,0.006457919
run_165_repetition_24,DONE,zopfli,zopfli/path-dirname--path-dirname-1.0.2.tgz,0.25,0.03,0.00368221
run_312_repetition_3,DONE,brotli,brotli/workbox-routing--workbox-routing-7.4.1.tar.br,0.38,0.04,0.005642234
run_216_repetition_27,DONE,zstd,zstd/got--got-15.0.5.tar.zst,0.32,0.04,0.004811918
run_225_repetition_19,DONE,zstd,zstd/lodash-es--lodash-es-4.18.1.tar.zst,0.51,0.06,0.00745722
run_106_repetition_8,DONE,xz,xz/protobufjs--protobufjs-8.4.2.tar.xz,1.85,0.21,0.028881827
run_152_repetition_11,DONE,zopfli,zopfli/fetch-blob--fetch-blob-4.0.0.tgz,0.3,0.03,0.003987634
run_91_repetition_22,DONE,xz,xz/has-to-string-tag-x--has-to-string-tag-x-2.1.2.tar.xz,0.36,0.04,0.005459075
run_188_repetition_9,DONE,zopfli,zopfli/xml2js--xml2js-0.6.2.tgz,2.03,0.24,0.031879476
run_78_repetition_27,DONE,xz,xz/aws-sdk--aws-sdk-2.1693.0.tar.xz,45.88,5.39,0.720079874
run_202_repetition_23,DONE,zstd,zstd/@vue__reactivity--reactivity-3.5.34.tar.zst,0.33,0.04,0.004732094
run_189_repetition_7,DONE,zstd,zstd/@aws-cdk__cloud-assembly-schema--cloud-assembly-schema-53.27.0.tar.zst,0.39,0.05,0.006314137
run_2_repetition_26,DONE,npm,npm/babel-helper-get-function-arity--babel-helper-get-function-arity-6.24.1.tgz,0.29,0.03,0.004629709
run_259_repetition_8,DONE,brotli,brotli/@opentelemetry__semantic-conventions--semantic-conventions-1.41.1.tar.br,1.67,0.2,0.025516903
run_124_repetition_17,DONE,xz,xz/workbox-streams--workbox-streams-7.4.1.tar.xz,0.42,0.05,0.006597976
run_167_repetition_4,DONE,zopfli,zopfli/prismjs--prismjs-1.30.0.tgz,1.74,0.21,0.027314894
run_215_repetition_8,DONE,zstd,zstd/fetch-blob--fetch-blob-4.0.0.tar.zst,0.23,0.03,0.003368202
run_72_repetition_16,DONE,xz,xz/@radix-ui__primitive--primitive-1.1.3.tar.xz,0.28,0.04,0.004267955
run_242_repetition_21,DONE,zstd,zstd/tailwindcss--tailwindcss-4.3.0.tar.zst,0.39,0.05,0.006041834
run_219_repetition_13,DONE,zstd,zstd/html-escaper--html-escaper-3.0.3.tar.zst,0.26,0.03,0.003446627
run_74_repetition_1,DONE,xz,xz/@types__glob--glob-9.0.0.tar.xz,0.32,0.03,0.004013786
run_57_repetition_8,DONE,npm,npm/date-fns--date-fns-4.3.0.tgz,16.04,1.89,0.250428277
run_112_repetition_11,DONE,xz,xz/source-list-map--source-list-map-2.0.1.tar.xz,0.29,0.04,0.004592844
run_262_repetition_29,DONE,brotli,brotli/@sindresorhus__is--is-8.1.0.tar.br,0.32,0.04,0.004552559
run_5_repetition_11,DONE,npm,npm/babel-plugin-transform-exponentiation-operator--babel-plugin-transform-exponentiation-operator-6.24.1.tgz,0.35,0.04,0.004861755
run_227_repetition_17,DONE,zstd,zstd/node-notifier--node-notifier-10.0.1.tar.zst,1.39,0.16,0.021145911
run_247_repetition_1,DONE,zstd,zstd/webpack--webpack-5.107.1.tar.zst,1.53,0.18,0.022725953
run_162_repetition_8,DONE,zopfli,zopfli/lodash-es--lodash-es-4.18.1.tgz,0.89,0.11,0.013819854
run_116_repetition_25,DONE,xz,xz/tailwindcss--tailwindcss-4.3.0.tar.xz,0.86,0.1,0.013587601
run_292_repetition_27,DONE,brotli,brotli/prettier--prettier-3.8.3.tar.br,2.18,0.26,0.033728215
run_78_repetition_2,DONE,xz,xz/aws-sdk--aws-sdk-2.1693.0.tar.xz,45.8,5.45,0.719220047
run_89_repetition_0,DONE,xz,xz/fetch-blob--fetch-blob-4.0.0.tar.xz,0.32,0.04,0.004562393
run_41_repetition_25,DONE,npm,npm/immer--immer-11.1.8.tgz,0.79,0.09,0.012378993
run_70_repetition_27,DONE,xz,xz/@opentelemetry__semantic-conventions--semantic-conventions-1.41.1.tar.xz,3.0,0.36,0.047533076
run_306_repetition_18,DONE,brotli,brotli/tar--tar-7.5.15.tar.br,0.77,0.09,0.011674663
run_94_repetition_25,DONE,xz,xz/iconv-lite--iconv-lite-0.7.2.tar.xz,1.14,0.14,0.017412258
run_174_repetition_18,DONE,zopfli,zopfli/shallowequal--shallowequal-1.1.0.tgz,0.26,0.03,0.003976328
run_261_repetition_17,DONE,brotli,brotli/@radix-ui__primitive--primitive-1.1.3.tar.br,0.23,0.03,0.003624858
run_80_repetition_20,DONE,xz,xz/babel-plugin-check-es2015-constants--babel-plugin-check-es2015-constants-6.22.0.tar.xz,0.26,0.03,0.003824951
run_142_repetition_28,DONE,zopfli,zopfli/babel-helper-get-function-arity--babel-helper-get-function-arity-6.24.1.tgz,0.23,0.03,0.003349482
run_62_repetition_17,DONE,npm,npm/@next__swc-linux-arm64-musl--swc-linux-arm64-musl-16.2.6.tgz,69.98,8.34,1.097941814
run_83_repetition_0,DONE,xz,xz/date-fns--date-fns-4.3.0.tar.xz,9.66,1.14,0.151544133
run_186_repetition_5,DONE,zopfli,zopfli/workbox-routing--workbox-routing-7.4.1.tgz,0.39,0.05,0.006191966
run_296_repetition_14,DONE,brotli,brotli/react-dom--react-dom-19.2.6.tar.br,1.21,0.15,0.018618691
run_234_repetition_23,DONE,zstd,zstd/react-error-overlay--react-error-overlay-6.1.0.tar.zst,0.39,0.05,0.00532785
run_0_repetition_23,DONE,npm,npm/watchpack-chokidar2--watchpack-chokidar2-2.0.1.tgz,0.32,0.04,0.004530528
run_140_repetition_7,DONE,zopfli,zopfli/assert-plus--assert-plus-1.0.0.tgz,0.25,0.03,0.003827996
run_101_repetition_6,DONE,xz,xz/node-notifier--node-notifier-10.0.1.tar.xz,8.41,0.98,0.131257675
run_33_repetition_19,DONE,npm,npm/got--got-15.0.5.tgz,0.49,0.06,0.007568318
run_24_repetition_7,DONE,npm,npm/@sindresorhus__is--is-8.1.0.tgz,0.32,0.04,0.004936515
run_308_repetition_20,DONE,brotli,brotli/typescript--typescript-6.0.3.tar.br,4.2,0.5,0.065199516
run_268_repetition_29,DONE,brotli,brotli/babel-helper-get-function-arity--babel-helper-get-function-arity-6.24.1.tar.br,0.23,0.03,0.003946757
run_183_repetition_15,DONE,zopfli,zopfli/watchpack-chokidar2--watchpack-chokidar2-2.0.1.tgz,0.22,0.03,0.003510008
run_103_repetition_12,DONE,xz,xz/prettier--prettier-3.8.3.tar.xz,6.55,0.76,0.102994418
run_191_repetition_20,DONE,zstd,zstd/@esbuild__linux-ia32--linux-ia32-0.28.0.tar.zst,3.06,0.35,0.046210344
run_239_repetition_11,DONE,zstd,zstd/split2--split2-4.2.0.tar.zst,0.23,0.03,0.003451654
run_151_repetition_19,DONE,zopfli,zopfli/ethers--ethers-6.16.0.tgz,7.38,0.87,0.1162096
run_131_repetition_9,DONE,zopfli,zopfli/@modelcontextprotocol__sdk--sdk-1.29.0.tgz,2.51,0.29,0.039350655
run_281_repetition_23,DONE,brotli,brotli/highlight.js--highlight.js-11.11.1.tar.br,1.61,0.19,0.024533109
run_82_repetition_2,DONE,xz,xz/client-only--client-only-0.0.1.tar.xz,0.25,0.03,0.004053542
run_106_repetition_22,DONE,xz,xz/protobufjs--protobufjs-8.4.2.tar.xz,1.82,0.21,0.028729678
run_110_repetition_22,DONE,xz,xz/resize-observer-polyfill--resize-observer-polyfill-1.5.1.tar.xz,0.39,0.05,0.005884235
run_29_repetition_4,DONE,npm,npm/@parcel__watcher--watcher-2.5.6.tgz,0.42,0.04,0.006196107
run_148_repetition_28,DONE,zopfli,zopfli/encoding-sniffer--encoding-sniffer-1.0.2.tgz,0.32,0.04,0.004907861
run_202_repetition_12,DONE,zstd,zstd/@vue__reactivity--reactivity-3.5.34.tar.zst,0.29,0.03,0.00441301
run_295_repetition_20,DONE,brotli,brotli/protobufjs--protobufjs-8.4.2.tar.br,0.87,0.1,0.013065819
run_227_repetition_6,DONE,zstd,zstd/node-notifier--node-notifier-10.0.1.tar.zst,1.41,0.17,0.021099513
run_171_repetition_4,DONE,zopfli,zopfli/react-error-overlay--react-error-overlay-6.1.0.tgz,0.51,0.06,0.00759238
run_158_repetition_20,DONE,zopfli,zopfli/immer--immer-11.1.8.tgz,0.77,0.09,0.011827038
run_114_repetition_14,DONE,xz,xz/strict-uri-encode--strict-uri-encode-2.0.0.tar.xz,0.28,0.03,0.00431779
run_153_repetition_1,DONE,zopfli,zopfli/got--got-15.0.5.tgz,0.45,0.05,0.006949393
run_174_repetition_5,DONE,zopfli,zopfli/shallowequal--shallowequal-1.1.0.tgz,0.26,0.03,0.003896888
run_68_repetition_20,DONE,xz,xz/@modelcontextprotocol__sdk--sdk-1.29.0.tar.xz,2.3,0.27,0.035697903
run_276_repetition_4,DONE,brotli,brotli/eslint-plugin-import--eslint-plugin-import-2.32.0.tar.br,0.76,0.09,0.011490376
run_225_repetition_18,DONE,zstd,zstd/lodash-es--lodash-es-4.18.1.tar.zst,0.48,0.06,0.007179571
run_229_repetition_11,DONE,zstd,zstd/prettier--prettier-3.8.3.tar.zst,1.67,0.19,0.02479639
run_21_repetition_13,DONE,npm,npm/style-loader--style-loader-4.0.0.tgz,0.35,0.04,0.005218214
run_214_repetition_6,DONE,zstd,zstd/ethers--ethers-6.16.0.tar.zst,2.28,0.27,0.033727609
run_222_repetition_11,DONE,zstd,zstd/jiti--jiti-2.7.0.tar.zst,0.67,0.08,0.009669148
run_251_repetition_15,DONE,zstd,zstd/xml2js--xml2js-0.6.2.tar.zst,0.92,0.11,0.01436238
run_286_repetition_28,DONE,brotli,brotli/libphonenumber-js--libphonenumber-js-1.13.3.tar.br,1.9,0.23,0.0296255
run_123_repetition_16,DONE,xz,xz/workbox-routing--workbox-routing-7.4.1.tar.xz,0.52,0.06,0.007957322
run_123_repetition_29,DONE,xz,xz/workbox-routing--workbox-routing-7.4.1.tar.xz,0.54,0.06,0.008328494
run_115_repetition_14,DONE,xz,xz/style-loader--style-loader-4.0.0.tar.xz,0.32,0.04,0.00508723
run_55_repetition_22,DONE,npm,npm/prettier--prettier-3.8.3.tgz,4.84,0.57,0.07529846
run_30_repetition_9,DONE,npm,npm/workbox-routing--workbox-routing-7.4.1.tgz,0.5,0.06,0.007219803
run_208_repetition_9,DONE,zstd,zstd/client-only--client-only-0.0.1.tar.zst,0.26,0.03,0.003359412
run_94_repetition_6,DONE,xz,xz/iconv-lite--iconv-lite-0.7.2.tar.xz,1.12,0.14,0.017315221
run_104_repetition_8,DONE,xz,xz/prismjs--prismjs-1.30.0.tar.xz,2.78,0.32,0.043267483
run_28_repetition_20,DONE,npm,npm/resize-observer-polyfill--resize-observer-polyfill-1.5.1.tgz,0.41,0.05,0.006053675
run_52_repetition_7,DONE,npm,npm/@opentelemetry__semantic-conventions--semantic-conventions-1.41.1.tgz,4.82,0.57,0.075068207
run_235_repetition_20,DONE,zstd,zstd/remove-trailing-separator--remove-trailing-separator-1.1.0.tar.zst,0.23,0.03,0.003338639
run_168_repetition_15,DONE,zopfli,zopfli/prop-types--prop-types-15.8.1.tgz,0.32,0.04,0.004655531
run_98_repetition_21,DONE,xz,xz/linkify-it--linkify-it-5.0.1.tar.xz,0.32,0.04,0.005057636
run_50_repetition_16,DONE,npm,npm/react-dom--react-dom-19.2.6.tgz,3.5,0.41,0.054443636
run_58_repetition_5,DONE,npm,npm/@esbuild__linux-ia32--linux-ia32-0.28.0.tgz,7.37,0.87,0.11467063
run_31_repetition_14,DONE,npm,npm/dom-accessibility-api--dom-accessibility-api-0.7.1.tgz,0.45,0.05,0.007047588
run_286_repetition_7,DONE,brotli,brotli/libphonenumber-js--libphonenumber-js-1.13.3.tar.br,1.9,0.22,0.029205878
run_251_repetition_3,DONE,zstd,zstd/xml2js--xml2js-0.6.2.tar.zst,0.95,0.11,0.014230104
run_214_repetition_21,DONE,zstd,zstd/ethers--ethers-6.16.0.tar.zst,2.2,0.26,0.033128814
run_38_repetition_20,DONE,npm,npm/tailwindcss--tailwindcss-4.3.0.tgz,0.7,0.08,0.010851128
run_175_repetition_13,DONE,zopfli,zopfli/source-list-map--source-list-map-2.0.1.tgz,0.26,0.03,0.003831345
run_184_repetition_9,DONE,zopfli,zopfli/webpack--webpack-5.107.1.tgz,3.64,0.44,0.057792018
run_91_repetition_29,DONE,xz,xz/has-to-string-tag-x--has-to-string-tag-x-2.1.2.tar.xz,0.41,0.05,0.006140678
run_98_repetition_5,DONE,xz,xz/linkify-it--linkify-it-5.0.1.tar.xz,0.29,0.04,0.004643788
run_77_repetition_11,DONE,xz,xz/assert-plus--assert-plus-1.0.0.tar.xz,0.26,0.03,0.003971984
run_55_repetition_27,DONE,npm,npm/prettier--prettier-3.8.3.tgz,4.78,0.57,0.074929615
run_168_repetition_1,DONE,zopfli,zopfli/prop-types--prop-types-15.8.1.tgz,0.29,0.03,0.004390496
run_205_repetition_29,DONE,zstd,zstd/babel-helper-get-function-arity--babel-helper-get-function-arity-6.24.1.tar.zst,0.26,0.03,0.003451874
run_156_repetition_13,DONE,zopfli,zopfli/html-escaper--html-escaper-3.0.3.tgz,0.29,0.04,0.004153996
run_180_repetition_4,DONE,zopfli,zopfli/tar--tar-7.5.15.tgz,1.52,0.18,0.023965704
run_248_repetition_19,DONE,zstd,zstd/whatwg-mimetype--whatwg-mimetype-5.0.0.tar.zst,0.23,0.03,0.003611563
run_170_repetition_6,DONE,zopfli,zopfli/react-dom--react-dom-19.2.6.tgz,3.52,0.42,0.05514106
run_207_repetition_29,DONE,zstd,zstd/babel-plugin-transform-exponentiation-operator--babel-plugin-transform-exponentiation-operator-6.24.1.tar.zst,0.23,0.03,0.003426259
run_199_repetition_21,DONE,zstd,zstd/@sindresorhus__is--is-8.1.0.tar.zst,0.26,0.03,0.003948063
run_272_repetition_29,DONE,brotli,brotli/date-fns--date-fns-4.3.0.tar.br,3.84,0.47,0.059396454
run_176_repetition_1,DONE,zopfli,zopfli/split2--split2-4.2.0.tgz,0.29,0.03,0.004035544
run_39_repetition_17,DONE,npm,npm/iconv-lite--iconv-lite-0.7.2.tgz,0.52,0.06,0.008083719
run_250_repetition_15,DONE,zstd,zstd/workbox-streams--workbox-streams-7.4.1.tar.zst,0.29,0.04,0.004083299
run_69_repetition_17,DONE,xz,xz/@next__swc-linux-arm64-musl--swc-linux-arm64-musl-16.2.6.tar.xz,154.12,18.27,2.422287152
run_274_repetition_16,DONE,brotli,brotli/encoding-sniffer--encoding-sniffer-1.0.2.tar.br,0.32,0.04,0.004765838
run_67_repetition_15,DONE,xz,xz/@ethersproject__abstract-signer--abstract-signer-5.8.0.tar.xz,0.32,0.04,0.00510472
run_286_repetition_23,DONE,brotli,brotli/libphonenumber-js--libphonenumber-js-1.13.3.tar.br,1.97,0.24,0.030159902
run_29_repetition_25,DONE,npm,npm/@parcel__watcher--watcher-2.5.6.tgz,0.38,0.04,0.006328548
run_106_repetition_23,DONE,xz,xz/protobufjs--protobufjs-8.4.2.tar.xz,1.82,0.21,0.028111131
run_33_repetition_25,DONE,npm,npm/got--got-15.0.5.tgz,0.51,0.06,0.007800094
run_61_repetition_29,DONE,npm,npm/next--next-16.2.6.tgz,79.32,9.37,1.239736051
run_308_repetition_24,DONE,brotli,brotli/typescript--typescript-6.0.3.tar.br,4.16,0.51,0.064763714
run_175_repetition_16,DONE,zopfli,zopfli/source-list-map--source-list-map-2.0.1.tgz,0.26,0.03,0.003958567
run_303_repetition_22,DONE,brotli,brotli/strict-uri-encode--strict-uri-encode-2.0.0.tar.br,0.25,0.03,0.00433058
run_54_repetition_4,DONE,npm,npm/node-notifier--node-notifier-10.0.1.tgz,3.33,0.39,0.052144763
run_291_repetition_21,DONE,brotli,brotli/path-dirname--path-dirname-1.0.2.tar.br,0.26,0.03,0.003830102
run_260_repetition_24,DONE,brotli,brotli/@parcel__watcher--watcher-2.5.6.tar.br,0.32,0.04,0.00494855
run_6_repetition_21,DONE,npm,npm/babel-plugin-check-es2015-constants--babel-plugin-check-es2015-constants-6.22.0.tgz,0.32,0.04,0.004908287
run_298_repetition_27,DONE,brotli,brotli/remove-trailing-separator--remove-trailing-separator-1.1.0.tar.br,0.3,0.03,0.004018023
run_178_repetition_20,DONE,zopfli,zopfli/style-loader--style-loader-4.0.0.tgz,0.26,0.03,0.004344031
run_289_repetition_14,DONE,brotli,brotli/next--next-16.2.6.tar.br,22.51,2.75,0.350465584
run_84_repetition_1,DONE,xz,xz/dom-accessibility-api--dom-accessibility-api-0.7.1.tar.xz,0.51,0.06,0.007818964
run_241_repetition_7,DONE,zstd,zstd/style-loader--style-loader-4.0.0.tar.zst,0.25,0.03,0.003788595
run_219_repetition_3,DONE,zstd,zstd/html-escaper--html-escaper-3.0.3.tar.zst,0.2,0.02,0.003428382
run_229_repetition_22,DONE,zstd,zstd/prettier--prettier-3.8.3.tar.zst,1.71,0.21,0.025328312
run_165_repetition_14,DONE,zopfli,zopfli/path-dirname--path-dirname-1.0.2.tgz,0.22,0.03,0.003594346
run_104_repetition_15,DONE,xz,xz/prismjs--prismjs-1.30.0.tar.xz,2.77,0.33,0.04294216
run_23_repetition_3,DONE,npm,npm/prop-types--prop-types-15.8.1.tgz,0.32,0.04,0.004956921
run_121_repetition_23,DONE,xz,xz/webpack--webpack-5.107.1.tar.xz,5.53,0.66,0.086905913
run_198_repetition_23,DONE,zstd,zstd/@radix-ui__primitive--primitive-1.1.3.tar.zst,0.26,0.03,0.003406769
run_75_repetition_2,DONE,xz,xz/@types__uuid--uuid-11.0.0.tar.xz,0.26,0.03,0.003794737
run_268_repetition_28,DONE,brotli,brotli/babel-helper-get-function-arity--babel-helper-get-function-arity-6.24.1.tar.br,0.23,0.03,0.003644557
run_280_repetition_13,DONE,brotli,brotli/has-to-string-tag-x--has-to-string-tag-x-2.1.2.tar.br,0.32,0.04,0.004755726
run_160_repetition_8,DONE,zopfli,zopfli/libphonenumber-js--libphonenumber-js-1.13.3.tgz,5.62,0.67,0.089240614
run_75_repetition_3,DONE,xz,xz/@types__uuid--uuid-11.0.0.tar.xz,0.26,0.03,0.004135728
run_4_repetition_0,DONE,npm,npm/@types__glob--glob-9.0.0.tgz,0.36,0.04,0.005306913
run_205_repetition_3,DONE,zstd,zstd/babel-helper-get-function-arity--babel-helper-get-function-arity-6.24.1.tar.zst,0.2,0.02,0.003458916
run_197_repetition_29,DONE,zstd,zstd/@parcel__watcher--watcher-2.5.6.tar.zst,0.26,0.03,0.004224775
run_104_repetition_21,DONE,xz,xz/prismjs--prismjs-1.30.0.tar.xz,2.78,0.33,0.043141448
run_261_repetition_23,DONE,brotli,brotli/@radix-ui__primitive--primitive-1.1.3.tar.br,0.26,0.03,0.003876502
run_311_repetition_0,DONE,brotli,brotli/whatwg-mimetype--whatwg-mimetype-5.0.0.tar.br,0.29,0.03,0.004221035
run_137_repetition_25,DONE,zopfli,zopfli/@types__glob--glob-9.0.0.tgz,0.23,0.03,0.003591908
run_156_repetition_26,DONE,zopfli,zopfli/html-escaper--html-escaper-3.0.3.tgz,0.25,0.03,0.003951665
run_140_repetition_17,DONE,zopfli,zopfli/assert-plus--assert-plus-1.0.0.tgz,0.26,0.03,0.003787092
run_79_repetition_6,DONE,xz,xz/babel-helper-get-function-arity--babel-helper-get-function-arity-6.24.1.tar.xz,0.29,0.04,0.003958837
run_256_repetition_24,DONE,brotli,brotli/@ethersproject__abstract-signer--abstract-signer-5.8.0.tar.br,0.25,0.03,0.004474469
run_187_repetition_9,DONE,zopfli,zopfli/workbox-streams--workbox-streams-7.4.1.tgz,0.39,0.05,0.005412421
run_102_repetition_19,DONE,xz,xz/path-dirname--path-dirname-1.0.2.tar.xz,0.32,0.04,0.004213358
run_11_repetition_20,DONE,npm,npm/shallowequal--shallowequal-1.1.0.tgz,0.33,0.04,0.004811094
run_17_repetition_25,DONE,npm,npm/source-list-map--source-list-map-2.0.1.tgz,0.35,0.04,0.005619145
run_215_repetition_23,DONE,zstd,zstd/fetch-blob--fetch-blob-4.0.0.tar.zst,0.23,0.03,0.00341318
run_217_repetition_8,DONE,zstd,zstd/has-to-string-tag-x--has-to-string-tag-x-2.1.2.tar.zst,0.3,0.04,0.00383455
run_60_repetition_11,DONE,npm,npm/aws-sdk--aws-sdk-2.1693.0.tgz,37.39,4.45,0.585402951
run_116_repetition_19,DONE,xz,xz/tailwindcss--tailwindcss-4.3.0.tar.xz,0.87,0.1,0.013763762
run_74_repetition_29,DONE,xz,xz/@types__glob--glob-9.0.0.tar.xz,0.23,0.03,0.004059699
run_97_repetition_1,DONE,xz,xz/libphonenumber-js--libphonenumber-js-1.13.3.tar.xz,4.25,0.51,0.066702067
run_298_repetition_15,DONE,brotli,brotli/remove-trailing-separator--remove-trailing-separator-1.1.0.tar.br,0.26,0.03,0.003742709
run_176_repetition_15,DONE,zopfli,zopfli/split2--split2-4.2.0.tgz,0.26,0.03,0.004374415
run_115_repetition_19,DONE,xz,xz/style-loader--style-loader-4.0.0.tar.xz,0.32,0.04,0.005236243
run_145_repetition_23,DONE,zopfli,zopfli/client-only--client-only-0.0.1.tgz,0.22,0.02,0.003651977
run_92_repetition_5,DONE,xz,xz/highlight.js--highlight.js-11.11.1.tar.xz,3.87,0.46,0.060734179
run_83_repetition_2,DONE,xz,xz/date-fns--date-fns-4.3.0.tar.xz,9.6,1.15,0.150579007
run_224_repetition_17,DONE,zstd,zstd/linkify-it--linkify-it-5.0.1.tar.zst,0.29,0.03,0.003780901
run_113_repetition_19,DONE,xz,xz/split2--split2-4.2.0.tar.xz,0.26,0.03,0.003940798
run_307_repetition_20,DONE,brotli,brotli/ts-node--ts-node-10.9.2.tar.br,0.48,0.06,0.008209641
run_111_repetition_0,DONE,xz,xz/shallowequal--shallowequal-1.1.0.tar.xz,0.29,0.03,0.004207791
run_96_repetition_9,DONE,xz,xz/jiti--jiti-2.7.0.tar.xz,2.14,0.25,0.033275732
run_279_repetition_17,DONE,brotli,brotli/got--got-15.0.5.tar.br,0.39,0.05,0.005800253
run_72_repetition_11,DONE,xz,xz/@radix-ui__primitive--primitive-1.1.3.tar.xz,0.26,0.03,0.004059064
run_228_repetition_20,DONE,zstd,zstd/path-dirname--path-dirname-1.0.2.tar.zst,0.23,0.03,0.003367788
run_234_repetition_1,DONE,zstd,zstd/react-error-overlay--react-error-overlay-6.1.0.tar.zst,0.39,0.04,0.005344107
run_51_repetition_14,DONE,npm,npm/webpack--webpack-5.107.1.tgz,3.55,0.41,0.054564679
run_305_repetition_13,DONE,brotli,brotli/tailwindcss--tailwindcss-4.3.0.tar.br,0.48,0.06,0.007408265
run_224_repetition_13,DONE,zstd,zstd/linkify-it--linkify-it-5.0.1.tar.zst,0.26,0.03,0.003541986
run_302_repetition_8,DONE,brotli,brotli/split2--split2-4.2.0.tar.br,0.26,0.03,0.004055325
run_85_repetition_12,DONE,xz,xz/encoding-sniffer--encoding-sniffer-1.0.2.tar.xz,0.36,0.04,0.005584144
run_29_repetition_21,DONE,npm,npm/@parcel__watcher--watcher-2.5.6.tgz,0.37,0.05,0.00634712
run_189_repetition_3,DONE,zstd,zstd/@aws-cdk__cloud-assembly-schema--cloud-assembly-schema-53.27.0.tar.zst,0.41,0.05,0.006153232
run_20_repetition_20,DONE,npm,npm/linkify-it--linkify-it-5.0.1.tgz,0.35,0.04,0.005349572
run_99_repetition_14,DONE,xz,xz/lodash-es--lodash-es-4.18.1.tar.xz,1.0,0.11,0.015765915
run_212_repetition_20,DONE,zstd,zstd/eslint-config-react-app--eslint-config-react-app-7.0.1.tar.zst,0.26,0.03,0.003587166
run_233_repetition_9,DONE,zstd,zstd/react-dom--react-dom-19.2.6.tar.zst,1.18,0.14,0.018290612
run_151_repetition_26,DONE,zopfli,zopfli/ethers--ethers-6.16.0.tgz,7.42,0.87,0.115979528
run_169_repetition_26,DONE,zopfli,zopfli/protobufjs--protobufjs-8.4.2.tgz,1.88,0.23,0.029627451
run_59_repetition_11,DONE,npm,npm/typescript--typescript-6.0.3.tgz,11.19,1.31,0.174794635
run_240_repetition_7,DONE,zstd,zstd/strict-uri-encode--strict-uri-encode-2.0.0.tar.zst,0.23,0.03,0.00330011
run_163_repetition_27,DONE,zopfli,zopfli/next--next-16.2.6.tgz,81.15,9.59,1.281979228
run_113_repetition_7,DONE,xz,xz/split2--split2-4.2.0.tar.xz,0.26,0.03,0.004109448
run_27_repetition_17,DONE,npm,npm/has-to-string-tag-x--has-to-string-tag-x-2.1.2.tgz,0.39,0.04,0.00588934
run_90_repetition_14,DONE,xz,xz/got--got-15.0.5.tar.xz,0.64,0.08,0.009863417
run_206_repetition_25,DONE,zstd,zstd/babel-plugin-check-es2015-constants--babel-plugin-check-es2015-constants-6.22.0.tar.zst,0.2,0.02,0.00344296
run_229_repetition_12,DONE,zstd,zstd/prettier--prettier-3.8.3.tar.zst,1.67,0.19,0.025125994
run_288_repetition_16,DONE,brotli,brotli/lodash-es--lodash-es-4.18.1.tar.br,0.58,0.07,0.008776805
run_282_repetition_9,DONE,brotli,brotli/html-escaper--html-escaper-3.0.3.tar.br,0.25,0.03,0.004046938
run_126_repetition_13,DONE,zopfli,zopfli/@aws-cdk__cloud-assembly-schema--cloud-assembly-schema-53.27.0.tgz,0.67,0.08,0.010475181
run_81_repetition_12,DONE,xz,xz/babel-plugin-transform-exponentiation-operator--babel-plugin-transform-exponentiation-operator-6.24.1.tar.xz,0.23,0.03,0.003800602
run_193_repetition_11,DONE,zstd,zstd/@ethersproject__abstract-signer--abstract-signer-5.8.0.tar.zst,0.26,0.03,0.003801806
run_154_repetition_9,DONE,zopfli,zopfli/has-to-string-tag-x--has-to-string-tag-x-2.1.2.tgz,0.32,0.04,0.004608336
run_233_repetition_6,DONE,zstd,zstd/react-dom--react-dom-19.2.6.tar.zst,1.12,0.14,0.017566962
run_62_repetition_28,DONE,npm,npm/@next__swc-linux-arm64-musl--swc-linux-arm64-musl-16.2.6.tgz,70.31,8.32,1.100213576
run_256_repetition_1,DONE,brotli,brotli/@ethersproject__abstract-signer--abstract-signer-5.8.0.tar.br,0.29,0.03,0.004306891
run_22_repetition_15,DONE,npm,npm/@ethersproject__abstract-signer--abstract-signer-5.8.0.tgz,0.36,0.04,0.005356974
run_35_repetition_1,DONE,npm,npm/@eslint__eslintrc--eslintrc-3.3.5.tgz,0.61,0.07,0.009433741
run_233_repetition_4,DONE,zstd,zstd/react-dom--react-dom-19.2.6.tar.zst,1.16,0.14,0.017819679
run_142_repetition_16,DONE,zopfli,zopfli/babel-helper-get-function-arity--babel-helper-get-function-arity-6.24.1.tgz,0.26,0.03,0.003740022
run_20_repetition_2,DONE,npm,npm/linkify-it--linkify-it-5.0.1.tgz,0.35,0.04,0.00539194
run_11_repetition_21,DONE,npm,npm/shallowequal--shallowequal-1.1.0.tgz,0.29,0.03,0.004713319
run_178_repetition_3,DONE,zopfli,zopfli/style-loader--style-loader-4.0.0.tgz,0.26,0.03,0.00423421
run_161_repetition_1,DONE,zopfli,zopfli/linkify-it--linkify-it-5.0.1.tgz,0.25,0.03,0.004131292
run_142_repetition_13,DONE,zopfli,zopfli/babel-helper-get-function-arity--babel-helper-get-function-arity-6.24.1.tgz,0.26,0.03,0.003859654
run_5_repetition_1,DONE,npm,npm/babel-plugin-transform-exponentiation-operator--babel-plugin-transform-exponentiation-operator-6.24.1.tgz,0.33,0.04,0.004520405
run_246_repetition_14,DONE,zstd,zstd/watchpack-chokidar2--watchpack-chokidar2-2.0.1.tar.zst,0.23,0.03,0.003494334
run_51_repetition_4,DONE,npm,npm/webpack--webpack-5.107.1.tgz,3.53,0.41,0.054595983
run_237_repetition_17,DONE,zstd,zstd/shallowequal--shallowequal-1.1.0.tar.zst,0.23,0.03,0.003315342
run_14_repetition_12,DONE,npm,npm/split2--split2-4.2.0.tgz,0.32,0.04,0.004780556
run_298_repetition_21,DONE,brotli,brotli/remove-trailing-separator--remove-trailing-separator-1.1.0.tar.br,0.26,0.03,0.003672007
run_314_repetition_2,DONE,brotli,brotli/xml2js--xml2js-0.6.2.tar.br,1.29,0.15,0.019804296
run_225_repetition_22,DONE,zstd,zstd/lodash-es--lodash-es-4.18.1.tar.zst,0.49,0.06,0.007381221
run_282_repetition_5,DONE,brotli,brotli/html-escaper--html-escaper-3.0.3.tar.br,0.32,0.04,0.004234035
run_235_repetition_29,DONE,zstd,zstd/remove-trailing-separator--remove-trailing-separator-1.1.0.tar.zst,0.2,0.02,0.003479515
run_113_repetition_17,DONE,xz,xz/split2--split2-4.2.0.tar.xz,0.29,0.03,0.004159855
run_266_repetition_9,DONE,brotli,brotli/assert-plus--assert-plus-1.0.0.tar.br,0.26,0.03,0.004255768
run_212_repetition_29,DONE,zstd,zstd/eslint-config-react-app--eslint-config-react-app-7.0.1.tar.zst,0.26,0.03,0.003377246
run_68_repetition_12,DONE,xz,xz/@modelcontextprotocol__sdk--sdk-1.29.0.tar.xz,2.34,0.28,0.036361806
run_230_repetition_6,DONE,zstd,zstd/prismjs--prismjs-1.30.0.tar.zst,0.8,0.09,0.01185212
run_186_repetition_10,DONE,zopfli,zopfli/workbox-routing--workbox-routing-7.4.1.tgz,0.45,0.05,0.00655845
run_160_repetition_15,DONE,zopfli,zopfli/libphonenumber-js--libphonenumber-js-1.13.3.tgz,5.71,0.68,0.089492596
run_120_repetition_13,DONE,xz,xz/watchpack-chokidar2--watchpack-chokidar2-2.0.1.tar.xz,0.26,0.03,0.003864749
run_274_repetition_15,DONE,brotli,brotli/encoding-sniffer--encoding-sniffer-1.0.2.tar.br,0.29,0.03,0.004433391
run_105_repetition_14,DONE,xz,xz/prop-types--prop-types-15.8.1.tar.xz,0.36,0.04,0.005430821
run_60_repetition_25,DONE,npm,npm/aws-sdk--aws-sdk-2.1693.0.tgz,37.5,4.45,0.585620273
run_270_repetition_12,DONE,brotli,brotli/babel-plugin-transform-exponentiation-operator--babel-plugin-transform-exponentiation-operator-6.24.1.tar.br,0.26,0.03,0.004019876
run_214_repetition_1,DONE,zstd,zstd/ethers--ethers-6.16.0.tar.zst,2.24,0.26,0.03301354
run_38_repetition_25,DONE,npm,npm/tailwindcss--tailwindcss-4.3.0.tgz,0.71,0.08,0.010885982
run_203_repetition_25,DONE,zstd,zstd/assert-plus--assert-plus-1.0.0.tar.zst,0.19,0.02,0.003602431
run_48_repetition_5,DONE,npm,npm/highlight.js--highlight.js-11.11.1.tgz,3.94,0.46,0.060458138
run_217_repetition_16,DONE,zstd,zstd/has-to-string-tag-x--has-to-string-tag-x-2.1.2.tar.zst,0.26,0.03,0.003934442
run_64_repetition_3,DONE,xz,xz/@babel__plugin-transform-regexp-modifiers--plugin-transform-regexp-modifiers-7.28.6.tar.xz,0.29,0.03,0.004193955
run_281_repetition_3,DONE,brotli,brotli/highlight.js--highlight.js-11.11.1.tar.br,1.65,0.19,0.025098689
run_70_repetition_8,DONE,xz,xz/@opentelemetry__semantic-conventions--semantic-conventions-1.41.1.tar.xz,3.03,0.36,0.04731152
run_114_repetition_27,DONE,xz,xz/strict-uri-encode--strict-uri-encode-2.0.0.tar.xz,0.26,0.03,0.003816708
run_136_repetition_4,DONE,zopfli,zopfli/@sindresorhus__is--is-8.1.0.tgz,0.29,0.03,0.004680988
run_196_repetition_19,DONE,zstd,zstd/@opentelemetry__semantic-conventions--semantic-conventions-1.41.1.tar.zst,1.63,0.2,0.025212189
run_189_repetition_9,DONE,zstd,zstd/@aws-cdk__cloud-assembly-schema--cloud-assembly-schema-53.27.0.tar.zst,0.42,0.05,0.006214913
run_280_repetition_20,DONE,brotli,brotli/has-to-string-tag-x--has-to-string-tag-x-2.1.2.tar.br,0.29,0.03,0.00455548
run_62_repetition_3,DONE,npm,npm/@next__swc-linux-arm64-musl--swc-linux-arm64-musl-16.2.6.tgz,70.07,8.3,1.098871764
run_43_repetition_23,DONE,npm,npm/jiti--jiti-2.7.0.tgz,1.21,0.15,0.018662148
run_83_repetition_19,DONE,xz,xz/date-fns--date-fns-4.3.0.tar.xz,9.65,1.15,0.150375682
run_255_repetition_26,DONE,brotli,brotli/@eslint__eslintrc--eslintrc-3.3.5.tar.br,0.43,0.05,0.006689915
run_71_repetition_6,DONE,xz,xz/@parcel__watcher--watcher-2.5.6.tar.xz,0.44,0.06,0.006761419
run_173_repetition_17,DONE,zopfli,zopfli/resize-observer-polyfill--resize-observer-polyfill-1.5.1.tgz,0.38,0.05,0.005183066
run_204_repetition_5,DONE,zstd,zstd/aws-sdk--aws-sdk-2.1693.0.tar.zst,14.86,1.78,0.219959674
run_144_repetition_12,DONE,zopfli,zopfli/babel-plugin-transform-exponentiation-operator--babel-plugin-transform-exponentiation-operator-6.24.1.tgz,0.26,0.03,0.003405293
run_135_repetition_22,DONE,zopfli,zopfli/@radix-ui__primitive--primitive-1.1.3.tgz,0.26,0.03,0.004070408
run_68_repetition_21,DONE,xz,xz/@modelcontextprotocol__sdk--sdk-1.29.0.tar.xz,2.3,0.27,0.03563467
run_279_repetition_10,DONE,brotli,brotli/got--got-15.0.5.tar.br,0.41,0.05,0.006040156
run_21_repetition_23,DONE,npm,npm/style-loader--style-loader-4.0.0.tgz,0.39,0.05,0.005697393
run_291_repetition_14,DONE,brotli,brotli/path-dirname--path-dirname-1.0.2.tar.br,0.29,0.04,0.003983571
run_49_repetition_26,DONE,npm,npm/xml2js--xml2js-0.6.2.tgz,2.06,0.24,0.03235115
run_275_repetition_1,DONE,brotli,brotli/eslint-config-react-app--eslint-config-react-app-7.0.1.tar.br,0.29,0.04,0.00423199
run_85_repetition_20,DONE,xz,xz/encoding-sniffer--encoding-sniffer-1.0.2.tar.xz,0.39,0.04,0.005541922
run_203_repetition_0,DONE,zstd,zstd/assert-plus--assert-plus-1.0.0.tar.zst,0.26,0.03,0.003597837
run_103_repetition_1,DONE,xz,xz/prettier--prettier-3.8.3.tar.xz,6.63,0.78,0.103589877
run_238_repetition_9,DONE,zstd,zstd/source-list-map--source-list-map-2.0.1.tar.zst,0.29,0.03,0.003882924
run_0_repetition_14,DONE,npm,npm/watchpack-chokidar2--watchpack-chokidar2-2.0.1.tgz,0.3,0.04,0.004300781
run_67_repetition_26,DONE,xz,xz/@ethersproject__abstract-signer--abstract-signer-5.8.0.tar.xz,0.28,0.04,0.00523673
run_254_repetition_26,DONE,brotli,brotli/@esbuild__linux-ia32--linux-ia32-0.28.0.tar.br,5.66,0.66,0.088442229
run_61_repetition_14,DONE,npm,npm/next--next-16.2.6.tgz,79.51,9.42,1.239227874
run_23_repetition_22,DONE,npm,npm/prop-types--prop-types-15.8.1.tgz,0.32,0.04,0.005159211
run_272_repetition_3,DONE,brotli,brotli/date-fns--date-fns-4.3.0.tar.br,3.73,0.46,0.058223666
run_271_repetition_21,DONE,brotli,brotli/client-only--client-only-0.0.1.tar.br,0.26,0.03,0.004138025
run_263_repetition_13,DONE,brotli,brotli/@types__glob--glob-9.0.0.tar.br,0.29,0.03,0.003991591
run_41_repetition_27,DONE,npm,npm/immer--immer-11.1.8.tgz,0.81,0.1,0.012291749
run_268_repetition_9,DONE,brotli,brotli/babel-helper-get-function-arity--babel-helper-get-function-arity-6.24.1.tar.br,0.26,0.03,0.003902126
run_202_repetition_7,DONE,zstd,zstd/@vue__reactivity--reactivity-3.5.34.tar.zst,0.26,0.03,0.004322692
run_71_repetition_8,DONE,xz,xz/@parcel__watcher--watcher-2.5.6.tar.xz,0.42,0.05,0.006670263
run_173_repetition_15,DONE,zopfli,zopfli/resize-observer-polyfill--resize-observer-polyfill-1.5.1.tgz,0.32,0.04,0.00509454
run_75_repetition_21,DONE,xz,xz/@types__uuid--uuid-11.0.0.tar.xz,0.27,0.03,0.003546166
run_67_repetition_12,DONE,xz,xz/@ethersproject__abstract-signer--abstract-signer-5.8.0.tar.xz,0.39,0.05,0.005381762
run_294_repetition_0,DONE,brotli,brotli/prop-types--prop-types-15.8.1.tar.br,0.32,0.04,0.004575004
run_235_repetition_19,DONE,zstd,zstd/remove-trailing-separator--remove-trailing-separator-1.1.0.tar.zst,0.23,0.03,0.00350135
run_205_repetition_17,DONE,zstd,zstd/babel-helper-get-function-arity--babel-helper-get-function-arity-6.24.1.tar.zst,0.23,0.03,0.003315873
run_90_repetition_29,DONE,xz,xz/got--got-15.0.5.tar.xz,0.64,0.08,0.01022689
run_285_repetition_5,DONE,brotli,brotli/jiti--jiti-2.7.0.tar.br,0.77,0.09,0.012229983
run_173_repetition_26,DONE,zopfli,zopfli/resize-observer-polyfill--resize-observer-polyfill-1.5.1.tgz,0.35,0.04,0.005222967
run_110_repetition_26,DONE,xz,xz/resize-observer-polyfill--resize-observer-polyfill-1.5.1.tar.xz,0.39,0.05,0.005782588
run_113_repetition_23,DONE,xz,xz/split2--split2-4.2.0.tar.xz,0.3,0.03,0.004093502
run_272_repetition_8,DONE,brotli,brotli/date-fns--date-fns-4.3.0.tar.br,3.82,0.46,0.058715227
run_310_repetition_18,DONE,brotli,brotli/webpack--webpack-5.107.1.tar.br,1.89,0.22,0.029128232
run_127_repetition_3,DONE,zopfli,zopfli/@babel__plugin-transform-regexp-modifiers--plugin-transform-regexp-modifiers-7.28.6.tgz,0.22,0.03,0.003505142
run_51_repetition_18,DONE,npm,npm/webpack--webpack-5.107.1.tgz,3.54,0.42,0.054541903
run_163_repetition_12,DONE,zopfli,zopfli/next--next-16.2.6.tgz,80.99,9.69,1.280083045
run_38_repetition_8,DONE,npm,npm/tailwindcss--tailwindcss-4.3.0.tgz,0.71,0.08,0.01085505
run_159_repetition_15,DONE,zopfli,zopfli/jiti--jiti-2.7.0.tgz,1.18,0.14,0.018611991
run_99_repetition_20,DONE,xz,xz/lodash-es--lodash-es-4.18.1.tar.xz,1.02,0.12,0.015841083
run_91_repetition_0,DONE,xz,xz/has-to-string-tag-x--has-to-string-tag-x-2.1.2.tar.xz,0.39,0.05,0.005818006
run_228_repetition_11,DONE,zstd,zstd/path-dirname--path-dirname-1.0.2.tar.zst,0.19,0.02,0.003237492
run_112_repetition_9,DONE,xz,xz/source-list-map--source-list-map-2.0.1.tar.xz,0.29,0.03,0.004400864
run_57_repetition_20,DONE,npm,npm/date-fns--date-fns-4.3.0.tgz,16.02,1.91,0.249583624
run_88_repetition_16,DONE,xz,xz/ethers--ethers-6.16.0.tar.xz,6.65,0.8,0.104263036
run_246_repetition_7,DONE,zstd,zstd/watchpack-chokidar2--watchpack-chokidar2-2.0.1.tar.zst,0.22,0.03,0.003346023
run_95_repetition_2,DONE,xz,xz/immer--immer-11.1.8.tar.xz,0.77,0.09,0.0117006
run_210_repetition_19,DONE,zstd,zstd/dom-accessibility-api--dom-accessibility-api-0.7.1.tar.zst,0.29,0.03,0.004558956
run_35_repetition_0,DONE,npm,npm/@eslint__eslintrc--eslintrc-3.3.5.tgz,0.61,0.07,0.009665685
run_292_repetition_14,DONE,brotli,brotli/prettier--prettier-3.8.3.tar.br,2.14,0.26,0.033270891
run_127_repetition_7,DONE,zopfli,zopfli/@babel__plugin-transform-regexp-modifiers--plugin-transform-regexp-modifiers-7.28.6.tgz,0.26,0.03,0.003533173
run_65_repetition_18,DONE,xz,xz/@esbuild__linux-ia32--linux-ia32-0.28.0.tar.xz,21.5,2.54,0.337959769
run_234_repetition_0,DONE,zstd,zstd/react-error-overlay--react-error-overlay-6.1.0.tar.zst,0.36,0.04,0.005159287
run_285_repetition_0,DONE,brotli,brotli/jiti--jiti-2.7.0.tar.br,0.77,0.09,0.012024638
run_87_repetition_19,DONE,xz,xz/eslint-plugin-import--eslint-plugin-import-2.32.0.tar.xz,1.97,0.23,0.030901111
run_103_repetition_4,DONE,xz,xz/prettier--prettier-3.8.3.tar.xz,6.55,0.77,0.103216414
run_77_repetition_16,DONE,xz,xz/assert-plus--assert-plus-1.0.0.tar.xz,0.25,0.03,0.003980337
run_170_repetition_3,DONE,zopfli,zopfli/react-dom--react-dom-19.2.6.tgz,3.52,0.42,0.055196702
run_63_repetition_26,DONE,xz,xz/@aws-cdk__cloud-assembly-schema--cloud-assembly-schema-53.27.0.tar.xz,0.99,0.12,0.015191492
run_263_repetition_16,DONE,brotli,brotli/@types__glob--glob-9.0.0.tar.br,0.26,0.03,0.003721923
run_33_repetition_28,DONE,npm,npm/got--got-15.0.5.tgz,0.52,0.06,0.007753999
run_213_repetition_27,DONE,zstd,zstd/eslint-plugin-import--eslint-plugin-import-2.32.0.tar.zst,0.58,0.07,0.008798766
run_308_repetition_3,DONE,brotli,brotli/typescript--typescript-6.0.3.tar.br,4.23,0.52,0.065633807
run_55_repetition_29,DONE,npm,npm/prettier--prettier-3.8.3.tgz,4.78,0.57,0.075111944
run_294_repetition_14,DONE,brotli,brotli/prop-types--prop-types-15.8.1.tar.br,0.29,0.03,0.004558306
run_53_repetition_15,DONE,npm,npm/libphonenumber-js--libphonenumber-js-1.13.3.tgz,5.32,0.62,0.081845602
run_50_repetition_17,DONE,npm,npm/react-dom--react-dom-19.2.6.tgz,3.46,0.41,0.054231369
run_282_repetition_14,DONE,brotli,brotli/html-escaper--html-escaper-3.0.3.tar.br,0.29,0.04,0.004326396
run_125_repetition_8,DONE,xz,xz/xml2js--xml2js-0.6.2.tar.xz,4.14,0.48,0.064776169
run_191_repetition_17,DONE,zstd,zstd/@esbuild__linux-ia32--linux-ia32-0.28.0.tar.zst,3.08,0.35,0.046449491
run_193_repetition_26,DONE,zstd,zstd/@ethersproject__abstract-signer--abstract-signer-5.8.0.tar.zst,0.29,0.04,0.003995965
run_55_repetition_17,DONE,npm,npm/prettier--prettier-3.8.3.tgz,4.79,0.55,0.074869703
run_70_repetition_28,DONE,xz,xz/@opentelemetry__semantic-conventions--semantic-conventions-1.41.1.tar.xz,3.07,0.36,0.047677783
run_62_repetition_25,DONE,npm,npm/@next__swc-linux-arm64-musl--swc-linux-arm64-musl-16.2.6.tgz,69.95,8.23,1.096933146
run_77_repetition_15,DONE,xz,xz/assert-plus--assert-plus-1.0.0.tar.xz,0.28,0.03,0.004063844
run_97_repetition_11,DONE,xz,xz/libphonenumber-js--libphonenumber-js-1.13.3.tar.xz,4.27,0.5,0.066834048
run_45_repetition_4,DONE,npm,npm/prismjs--prismjs-1.30.0.tgz,1.86,0.22,0.028451621
run_95_repetition_29,DONE,xz,xz/immer--immer-11.1.8.tar.xz,0.74,0.09,0.011576679
run_290_repetition_21,DONE,brotli,brotli/node-notifier--node-notifier-10.0.1.tar.br,2.52,0.3,0.038827483
run_305_repetition_18,DONE,brotli,brotli/tailwindcss--tailwindcss-4.3.0.tar.br,0.45,0.05,0.007255045
run_238_repetition_7,DONE,zstd,zstd/source-list-map--source-list-map-2.0.1.tar.zst,0.23,0.03,0.003466649
run_108_repetition_17,DONE,xz,xz/react-error-overlay--react-error-overlay-6.1.0.tar.xz,0.93,0.11,0.014542492
run_144_repetition_3,DONE,zopfli,zopfli/babel-plugin-transform-exponentiation-operator--babel-plugin-transform-exponentiation-operator-6.24.1.tgz,0.26,0.03,0.003455043
run_157_repetition_26,DONE,zopfli,zopfli/iconv-lite--iconv-lite-0.7.2.tgz,0.51,0.06,0.007846231
run_247_repetition_12,DONE,zstd,zstd/webpack--webpack-5.107.1.tar.zst,1.56,0.18,0.023326073
run_300_repetition_6,DONE,brotli,brotli/shallowequal--shallowequal-1.1.0.tar.br,0.26,0.03,0.004023867
run_28_repetition_15,DONE,npm,npm/resize-observer-polyfill--resize-observer-polyfill-1.5.1.tgz,0.38,0.05,0.005905685
run_311_repetition_19,DONE,brotli,brotli/whatwg-mimetype--whatwg-mimetype-5.0.0.tar.br,0.29,0.03,0.00400934
run_194_repetition_17,DONE,zstd,zstd/@modelcontextprotocol__sdk--sdk-1.29.0.tar.zst,0.96,0.12,0.014797021
run_298_repetition_26,DONE,brotli,brotli/remove-trailing-separator--remove-trailing-separator-1.1.0.tar.br,0.26,0.03,0.003964903
run_286_repetition_2,DONE,brotli,brotli/libphonenumber-js--libphonenumber-js-1.13.3.tar.br,1.89,0.22,0.029394534
run_274_repetition_29,DONE,brotli,brotli/encoding-sniffer--encoding-sniffer-1.0.2.tar.br,0.31,0.04,0.004860982
run_225_repetition_12,DONE,zstd,zstd/lodash-es--lodash-es-4.18.1.tar.zst,0.48,0.06,0.007245845
run_204_repetition_15,DONE,zstd,zstd/aws-sdk--aws-sdk-2.1693.0.tar.zst,15.14,1.76,0.225137791
run_166_repetition_28,DONE,zopfli,zopfli/prettier--prettier-3.8.3.tgz,4.9,0.58,0.077133397
run_229_repetition_5,DONE,zstd,zstd/prettier--prettier-3.8.3.tar.zst,1.72,0.2,0.025628004
run_194_repetition_3,DONE,zstd,zstd/@modelcontextprotocol__sdk--sdk-1.29.0.tar.zst,0.96,0.11,0.014601578
run_154_repetition_6,DONE,zopfli,zopfli/has-to-string-tag-x--has-to-string-tag-x-2.1.2.tgz,0.32,0.04,0.004768741
run_237_repetition_16,DONE,zstd,zstd/shallowequal--shallowequal-1.1.0.tar.zst,0.23,0.03,0.003406483
run_24_repetition_10,DONE,npm,npm/@sindresorhus__is--is-8.1.0.tgz,0.35,0.04,0.005243291
run_291_repetition_16,DONE,brotli,brotli/path-dirname--path-dirname-1.0.2.tar.br,0.29,0.03,0.004035764
run_141_repetition_13,DONE,zopfli,zopfli/aws-sdk--aws-sdk-2.1693.0.tgz,38.25,4.54,0.605836635
run_49_repetition_9,DONE,npm,npm/xml2js--xml2js-0.6.2.tgz,2.11,0.25,0.032426034
run_111_repetition_4,DONE,xz,xz/shallowequal--shallowequal-1.1.0.tar.xz,0.29,0.03,0.004099164
run_98_repetition_1,DONE,xz,xz/linkify-it--linkify-it-5.0.1.tar.xz,0.32,0.04,0.004652714
run_146_repetition_15,DONE,zopfli,zopfli/date-fns--date-fns-4.3.0.tgz,12.22,1.45,0.194032108
run_248_repetition_23,DONE,zstd,zstd/whatwg-mimetype--whatwg-mimetype-5.0.0.tar.zst,0.26,0.03,0.003906917
run_258_repetition_15,DONE,brotli,brotli/@next__swc-linux-arm64-musl--swc-linux-arm64-musl-16.2.6.tar.br,40.18,4.76,0.629741278
run_66_repetition_25,DONE,xz,xz/@eslint__eslintrc--eslintrc-3.3.5.tar.xz,0.7,0.08,0.010600188
run_253_repetition_16,DONE,brotli,brotli/@babel__plugin-transform-regexp-modifiers--plugin-transform-regexp-modifiers-7.28.6.tar.br,0.28,0.04,0.004268423
run_49_repetition_24,DONE,npm,npm/xml2js--xml2js-0.6.2.tgz,2.07,0.25,0.032279626
run_44_repetition_11,DONE,npm,npm/tar--tar-7.5.15.tgz,1.52,0.18,0.023295213
run_231_repetition_8,DONE,zstd,zstd/prop-types--prop-types-15.8.1.tar.zst,0.26,0.03,0.003703061
run_287_repetition_18,DONE,brotli,brotli/linkify-it--linkify-it-5.0.1.tar.br,0.3,0.04,0.004072569
run_272_repetition_2,DONE,brotli,brotli/date-fns--date-fns-4.3.0.tar.br,3.86,0.48,0.059870364
run_246_repetition_4,DONE,zstd,zstd/watchpack-chokidar2--watchpack-chokidar2-2.0.1.tar.zst,0.23,0.03,0.003337204
run_42_repetition_29,DONE,npm,npm/eslint-plugin-import--eslint-plugin-import-2.32.0.tgz,1.09,0.13,0.017101384
run_64_repetition_2,DONE,xz,xz/@babel__plugin-transform-regexp-modifiers--plugin-transform-regexp-modifiers-7.28.6.tar.xz,0.29,0.03,0.004072123
run_309_repetition_2,DONE,brotli,brotli/watchpack-chokidar2--watchpack-chokidar2-2.0.1.tar.br,0.25,0.03,0.004007087
run_243_repetition_3,DONE,zstd,zstd/tar--tar-7.5.15.tar.zst,0.65,0.08,0.009804198
run_111_repetition_27,DONE,xz,xz/shallowequal--shallowequal-1.1.0.tar.xz,0.26,0.03,0.003828999
run_173_repetition_10,DONE,zopfli,zopfli/resize-observer-polyfill--resize-observer-polyfill-1.5.1.tgz,0.36,0.04,0.005266686
run_83_repetition_13,DONE,xz,xz/date-fns--date-fns-4.3.0.tar.xz,9.65,1.13,0.151301942
run_249_repetition_10,DONE,zstd,zstd/workbox-routing--workbox-routing-7.4.1.tar.zst,0.29,0.03,0.004499091
run_170_repetition_24,DONE,zopfli,zopfli/react-dom--react-dom-19.2.6.tgz,3.48,0.41,0.055117282
run_151_repetition_29,DONE,zopfli,zopfli/ethers--ethers-6.16.0.tgz,7.34,0.87,0.115927003
run_289_repetition_13,DONE,brotli,brotli/next--next-16.2.6.tar.br,22.68,2.79,0.352817396
run_81_repetition_3,DONE,xz,xz/babel-plugin-transform-exponentiation-operator--babel-plugin-transform-exponentiation-operator-6.24.1.tar.xz,0.32,0.04,0.004266134
run_157_repetition_27,DONE,zopfli,zopfli/iconv-lite--iconv-lite-0.7.2.tgz,0.54,0.07,0.007771199
run_29_repetition_29,DONE,npm,npm/@parcel__watcher--watcher-2.5.6.tgz,0.45,0.05,0.006072938
run_212_repetition_10,DONE,zstd,zstd/eslint-config-react-app--eslint-config-react-app-7.0.1.tar.zst,0.23,0.03,0.003391785
run_81_repetition_15,DONE,xz,xz/babel-plugin-transform-exponentiation-operator--babel-plugin-transform-exponentiation-operator-6.24.1.tar.xz,0.26,0.03,0.003829695
run_240_repetition_27,DONE,zstd,zstd/strict-uri-encode--strict-uri-encode-2.0.0.tar.zst,0.23,0.03,0.003335791
run_288_repetition_26,DONE,brotli,brotli/lodash-es--lodash-es-4.18.1.tar.br,0.58,0.07,0.008817467
run_145_repetition_16,DONE,zopfli,zopfli/client-only--client-only-0.0.1.tgz,0.26,0.03,0.003486349
run_153_repetition_18,DONE,zopfli,zopfli/got--got-15.0.5.tgz,0.45,0.05,0.006702176
run_231_repetition_15,DONE,zstd,zstd/prop-types--prop-types-15.8.1.tar.zst,0.26,0.03,0.003619885
run_257_repetition_1,DONE,brotli,brotli/@modelcontextprotocol__sdk--sdk-1.29.0.tar.br,1.09,0.13,0.016900172
run_79_repetition_7,DONE,xz,xz/babel-helper-get-function-arity--babel-helper-get-function-arity-6.24.1.tar.xz,0.23,0.03,0.003582671
run_150_repetition_20,DONE,zopfli,zopfli/eslint-plugin-import--eslint-plugin-import-2.32.0.tgz,1.14,0.13,0.017693155
run_257_repetition_27,DONE,brotli,brotli/@modelcontextprotocol__sdk--sdk-1.29.0.tar.br,1.09,0.13,0.016537053
run_34_repetition_17,DONE,npm,npm/react-error-overlay--react-error-overlay-6.1.0.tgz,0.54,0.06,0.008388802
run_235_repetition_27,DONE,zstd,zstd/remove-trailing-separator--remove-trailing-separator-1.1.0.tar.zst,0.23,0.03,0.003394018
run_275_repetition_22,DONE,brotli,brotli/eslint-config-react-app--eslint-config-react-app-7.0.1.tar.br,0.29,0.03,0.003830666
run_6_repetition_18,DONE,npm,npm/babel-plugin-check-es2015-constants--babel-plugin-check-es2015-constants-6.22.0.tgz,0.36,0.04,0.004847103
run_54_repetition_15,DONE,npm,npm/node-notifier--node-notifier-10.0.1.tgz,3.31,0.39,0.051742033
run_272_repetition_24,DONE,brotli,brotli/date-fns--date-fns-4.3.0.tar.br,3.81,0.46,0.059001534
run_252_repetition_3,DONE,brotli,brotli/@aws-cdk__cloud-assembly-schema--cloud-assembly-schema-53.27.0.tar.br,0.52,0.06,0.007880095
run_128_repetition_12,DONE,zopfli,zopfli/@esbuild__linux-ia32--linux-ia32-0.28.0.tgz,7.47,0.88,0.118782985
run_105_repetition_29,DONE,xz,xz/prop-types--prop-types-15.8.1.tar.xz,0.36,0.04,0.005387201
run_309_repetition_3,DONE,brotli,brotli/watchpack-chokidar2--watchpack-chokidar2-2.0.1.tar.br,0.26,0.03,0.003761159
run_123_repetition_11,DONE,xz,xz/workbox-routing--workbox-routing-7.4.1.tar.xz,0.51,0.06,0.007908496
run_16_repetition_7,DONE,npm,npm/eslint-config-react-app--eslint-config-react-app-7.0.1.tgz,0.36,0.04,0.005067293
run_310_repetition_4,DONE,brotli,brotli/webpack--webpack-5.107.1.tar.br,1.92,0.22,0.029296816
run_153_repetition_3,DONE,zopfli,zopfli/got--got-15.0.5.tgz,0.48,0.05,0.006928957
run_280_repetition_28,DONE,brotli,brotli/has-to-string-tag-x--has-to-string-tag-x-2.1.2.tar.br,0.32,0.04,0.004543507
run_156_repetition_28,DONE,zopfli,zopfli/html-escaper--html-escaper-3.0.3.tgz,0.26,0.03,0.004009219
run_90_repetition_25,DONE,xz,xz/got--got-15.0.5.tar.xz,0.64,0.08,0.009851911
run_159_repetition_22,DONE,zopfli,zopfli/jiti--jiti-2.7.0.tgz,1.18,0.14,0.018289206
run_153_repetition_29,DONE,zopfli,zopfli/got--got-15.0.5.tgz,0.41,0.05,0.006616784
run_155_repetition_25,DONE,zopfli,zopfli/highlight.js--highlight.js-11.11.1.tgz,3.54,0.43,0.056244321
run_0_repetition_26,DONE,npm,npm/watchpack-chokidar2--watchpack-chokidar2-2.0.1.tgz,0.34,0.04,0.004988377
run_24_repetition_5,DONE,npm,npm/@sindresorhus__is--is-8.1.0.tgz,0.39,0.05,0.005321612
run_239_repetition_18,DONE,zstd,zstd/split2--split2-4.2.0.tar.zst,0.23,0.03,0.003648605
run_173_repetition_29,DONE,zopfli,zopfli/resize-observer-polyfill--resize-observer-polyfill-1.5.1.tgz,0.38,0.05,0.005533013
run_2_repetition_22,DONE,npm,npm/babel-helper-get-function-arity--babel-helper-get-function-arity-6.24.1.tgz,0.29,0.03,0.004468192
run_90_repetition_20,DONE,xz,xz/got--got-15.0.5.tar.xz,0.67,0.08,0.009896195
run_311_repetition_29,DONE,brotli,brotli/whatwg-mimetype--whatwg-mimetype-5.0.0.tar.br,0.3,0.03,0.004012127
run_96_repetition_20,DONE,xz,xz/jiti--jiti-2.7.0.tar.xz,2.16,0.26,0.033667065
run_308_repetition_15,DONE,brotli,brotli/typescript--typescript-6.0.3.tar.br,4.2,0.51,0.065689843
run_130_repetition_26,DONE,zopfli,zopfli/@ethersproject__abstract-signer--abstract-signer-5.8.0.tgz,0.31,0.03,0.004470154
run_305_repetition_10,DONE,brotli,brotli/tailwindcss--tailwindcss-4.3.0.tar.br,0.48,0.06,0.007265797
run_312_repetition_7,DONE,brotli,brotli/workbox-routing--workbox-routing-7.4.1.tar.br,0.35,0.04,0.00543455
run_176_repetition_18,DONE,zopfli,zopfli/split2--split2-4.2.0.tgz,0.25,0.03,0.004075348
run_159_repetition_11,DONE,zopfli,zopfli/jiti--jiti-2.7.0.tgz,1.17,0.14,0.018443369
run_120_repetition_27,DONE,xz,xz/watchpack-chokidar2--watchpack-chokidar2-2.0.1.tar.xz,0.26,0.03,0.003541291
run_5_repetition_22,DONE,npm,npm/babel-plugin-transform-exponentiation-operator--babel-plugin-transform-exponentiation-operator-6.24.1.tgz,0.32,0.04,0.004855801
run_52_repetition_20,DONE,npm,npm/@opentelemetry__semantic-conventions--semantic-conventions-1.41.1.tgz,4.82,0.56,0.075287383
run_287_repetition_15,DONE,brotli,brotli/linkify-it--linkify-it-5.0.1.tar.br,0.29,0.03,0.00439353
run_247_repetition_25,DONE,zstd,zstd/webpack--webpack-5.107.1.tar.zst,1.53,0.18,0.022865767
run_251_repetition_1,DONE,zstd,zstd/xml2js--xml2js-0.6.2.tar.zst,0.98,0.11,0.01447784
run_70_repetition_25,DONE,xz,xz/@opentelemetry__semantic-conventions--semantic-conventions-1.41.1.tar.xz,3.07,0.37,0.047308174
run_110_repetition_8,DONE,xz,xz/resize-observer-polyfill--resize-observer-polyfill-1.5.1.tar.xz,0.39,0.05,0.005635733
run_179_repetition_1,DONE,zopfli,zopfli/tailwindcss--tailwindcss-4.3.0.tgz,0.67,0.08,0.010366751
run_217_repetition_19,DONE,zstd,zstd/has-to-string-tag-x--has-to-string-tag-x-2.1.2.tar.zst,0.26,0.03,0.004051845
run_42_repetition_8,DONE,npm,npm/eslint-plugin-import--eslint-plugin-import-2.32.0.tgz,1.09,0.13,0.016926051
run_265_repetition_23,DONE,brotli,brotli/@vue__reactivity--reactivity-3.5.34.tar.br,0.35,0.04,0.005164167
run_48_repetition_6,DONE,npm,npm/highlight.js--highlight.js-11.11.1.tgz,3.96,0.46,0.060723891
run_27_repetition_13,DONE,npm,npm/has-to-string-tag-x--has-to-string-tag-x-2.1.2.tgz,0.35,0.04,0.005381514
run_202_repetition_17,DONE,zstd,zstd/@vue__reactivity--reactivity-3.5.34.tar.zst,0.29,0.04,0.004502662
run_300_repetition_22,DONE,brotli,brotli/shallowequal--shallowequal-1.1.0.tar.br,0.22,0.03,0.00385737
run_17_repetition_14,DONE,npm,npm/source-list-map--source-list-map-2.0.1.tgz,0.36,0.04,0.005076212
run_283_repetition_3,DONE,brotli,brotli/iconv-lite--iconv-lite-0.7.2.tar.br,0.51,0.06,0.007527814
run_10_repetition_13,DONE,npm,npm/path-dirname--path-dirname-1.0.2.tgz,0.32,0.04,0.004461904
run_306_repetition_28,DONE,brotli,brotli/tar--tar-7.5.15.tar.br,0.71,0.08,0.011289611
run_34_repetition_1,DONE,npm,npm/react-error-overlay--react-error-overlay-6.1.0.tgz,0.51,0.06,0.008306259
run_0_repetition_0,DONE,npm,npm/watchpack-chokidar2--watchpack-chokidar2-2.0.1.tgz,0.32,0.04,0.004363384
run_28_repetition_5,DONE,npm,npm/resize-observer-polyfill--resize-observer-polyfill-1.5.1.tgz,0.39,0.05,0.005842853
run_122_repetition_22,DONE,xz,xz/whatwg-mimetype--whatwg-mimetype-5.0.0.tar.xz,0.35,0.04,0.005051979
run_211_repetition_15,DONE,zstd,zstd/encoding-sniffer--encoding-sniffer-1.0.2.tar.zst,0.29,0.03,0.003894093
run_113_repetition_15,DONE,xz,xz/split2--split2-4.2.0.tar.xz,0.29,0.03,0.004188146
run_123_repetition_3,DONE,xz,xz/workbox-routing--workbox-routing-7.4.1.tar.xz,0.51,0.06,0.007976996
run_179_repetition_12,DONE,zopfli,zopfli/tailwindcss--tailwindcss-4.3.0.tgz,0.67,0.08,0.010342669
run_218_repetition_25,DONE,zstd,zstd/highlight.js--highlight.js-11.11.1.tar.zst,1.27,0.15,0.019222549
run_137_repetition_26,DONE,zopfli,zopfli/@types__glob--glob-9.0.0.tgz,0.23,0.03,0.003633439
run_151_repetition_8,DONE,zopfli,zopfli/ethers--ethers-6.16.0.tgz,7.37,0.87,0.116093283
run_188_repetition_24,DONE,zopfli,zopfli/xml2js--xml2js-0.6.2.tgz,2.03,0.24,0.032061606
run_195_repetition_13,DONE,zstd,zstd/@next__swc-linux-arm64-musl--swc-linux-arm64-musl-16.2.6.tar.zst,29.55,3.47,0.448865866
run_48_repetition_12,DONE,npm,npm/highlight.js--highlight.js-11.11.1.tgz,3.94,0.46,0.060713207
run_222_repetition_21,DONE,zstd,zstd/jiti--jiti-2.7.0.tar.zst,0.61,0.07,0.009458693
run_246_repetition_0,DONE,zstd,zstd/watchpack-chokidar2--watchpack-chokidar2-2.0.1.tar.zst,0.23,0.03,0.003347806
run_187_repetition_15,DONE,zopfli,zopfli/workbox-streams--workbox-streams-7.4.1.tgz,0.35,0.04,0.005051991
run_264_repetition_19,DONE,brotli,brotli/@types__uuid--uuid-11.0.0.tar.br,0.29,0.03,0.003974803
run_104_repetition_26,DONE,xz,xz/prismjs--prismjs-1.30.0.tar.xz,2.73,0.32,0.043325554
run_205_repetition_10,DONE,zstd,zstd/babel-helper-get-function-arity--babel-helper-get-function-arity-6.24.1.tar.zst,0.23,0.02,0.003339445
run_276_repetition_2,DONE,brotli,brotli/eslint-plugin-import--eslint-plugin-import-2.32.0.tar.br,0.7,0.08,0.011406398
run_95_repetition_25,DONE,xz,xz/immer--immer-11.1.8.tar.xz,0.77,0.09,0.011603078
run_119_repetition_11,DONE,xz,xz/typescript--typescript-6.0.3.tar.xz,13.46,1.58,0.211565718
run_283_repetition_11,DONE,brotli,brotli/iconv-lite--iconv-lite-0.7.2.tar.br,0.51,0.06,0.007290954
run_47_repetition_29,DONE,npm,npm/protobufjs--protobufjs-8.4.2.tgz,1.92,0.22,0.029735379
run_28_repetition_10,DONE,npm,npm/resize-observer-polyfill--resize-observer-polyfill-1.5.1.tgz,0.39,0.05,0.005871406
run_245_repetition_5,DONE,zstd,zstd/typescript--typescript-6.0.3.tar.zst,3.96,0.47,0.059200257
run_225_repetition_5,DONE,zstd,zstd/lodash-es--lodash-es-4.18.1.tar.zst,0.48,0.06,0.007223327
run_202_repetition_20,DONE,zstd,zstd/@vue__reactivity--reactivity-3.5.34.tar.zst,0.29,0.03,0.004358484
run_43_repetition_8,DONE,npm,npm/jiti--jiti-2.7.0.tgz,1.21,0.15,0.018658641
run_208_repetition_17,DONE,zstd,zstd/client-only--client-only-0.0.1.tar.zst,0.2,0.02,0.00348652
run_247_repetition_16,DONE,zstd,zstd/webpack--webpack-5.107.1.tar.zst,1.53,0.18,0.02293953
run_308_repetition_4,DONE,brotli,brotli/typescript--typescript-6.0.3.tar.br,4.15,0.5,0.064883839
run_104_repetition_19,DONE,xz,xz/prismjs--prismjs-1.30.0.tar.xz,2.74,0.32,0.043024126
run_285_repetition_28,DONE,brotli,brotli/jiti--jiti-2.7.0.tar.br,0.8,0.09,0.012582946
run_173_repetition_25,DONE,zopfli,zopfli/resize-observer-polyfill--resize-observer-polyfill-1.5.1.tgz,0.32,0.04,0.005062727
run_94_repetition_24,DONE,xz,xz/iconv-lite--iconv-lite-0.7.2.tar.xz,1.09,0.13,0.017032146
run_290_repetition_22,DONE,brotli,brotli/node-notifier--node-notifier-10.0.1.tar.br,2.53,0.3,0.039522235
run_282_repetition_15,DONE,brotli,brotli/html-escaper--html-escaper-3.0.3.tar.br,0.29,0.03,0.004121377
run_24_repetition_2,DONE,npm,npm/@sindresorhus__is--is-8.1.0.tgz,0.32,0.04,0.005131977
run_106_repetition_11,DONE,xz,xz/protobufjs--protobufjs-8.4.2.tar.xz,1.79,0.21,0.028015334
run_92_repetition_20,DONE,xz,xz/highlight.js--highlight.js-11.11.1.tar.xz,3.89,0.46,0.060618442
run_212_repetition_16,DONE,zstd,zstd/eslint-config-react-app--eslint-config-react-app-7.0.1.tar.zst,0.19,0.02,0.003544276
run_248_repetition_13,DONE,zstd,zstd/whatwg-mimetype--whatwg-mimetype-5.0.0.tar.zst,0.25,0.03,0.003489541
run_199_repetition_19,DONE,zstd,zstd/@sindresorhus__is--is-8.1.0.tar.zst,0.26,0.03,0.003855988
run_127_repetition_17,DONE,zopfli,zopfli/@babel__plugin-transform-regexp-modifiers--plugin-transform-regexp-modifiers-7.28.6.tgz,0.23,0.03,0.003668843
run_171_repetition_12,DONE,zopfli,zopfli/react-error-overlay--react-error-overlay-6.1.0.tgz,0.48,0.06,0.007474976
run_238_repetition_10,DONE,zstd,zstd/source-list-map--source-list-map-2.0.1.tar.zst,0.2,0.02,0.003523977
run_304_repetition_12,DONE,brotli,brotli/style-loader--style-loader-4.0.0.tar.br,0.25,0.03,0.004345816
run_192_repetition_22,DONE,zstd,zstd/@eslint__eslintrc--eslintrc-3.3.5.tar.zst,0.35,0.04,0.005386065
run_73_repetition_18,DONE,xz,xz/@sindresorhus__is--is-8.1.0.tar.xz,0.38,0.04,0.005609676
run_125_repetition_1,DONE,xz,xz/xml2js--xml2js-0.6.2.tar.xz,4.12,0.48,0.064142157
run_125_repetition_7,DONE,xz,xz/xml2js--xml2js-0.6.2.tar.xz,4.07,0.48,0.063907556
run_69_repetition_27,DONE,xz,xz/@next__swc-linux-arm64-musl--swc-linux-arm64-musl-16.2.6.tar.xz,154.16,18.08,2.421795493
run_13_repetition_13,DONE,npm,npm/assert-plus--assert-plus-1.0.0.tgz,0.3,0.03,0.004602325
run_79_repetition_12,DONE,xz,xz/babel-helper-get-function-arity--babel-helper-get-function-arity-6.24.1.tar.xz,0.26,0.03,0.003687496
run_15_repetition_11,DONE,npm,npm/html-escaper--html-escaper-3.0.3.tgz,0.3,0.03,0.004736046
run_70_repetition_10,DONE,xz,xz/@opentelemetry__semantic-conventions--semantic-conventions-1.41.1.tar.xz,3.04,0.36,0.047489746
run_169_repetition_12,DONE,zopfli,zopfli/protobufjs--protobufjs-8.4.2.tgz,1.9,0.23,0.029942878
run_162_repetition_3,DONE,zopfli,zopfli/lodash-es--lodash-es-4.18.1.tgz,0.89,0.11,0.013809612
run_45_repetition_19,DONE,npm,npm/prismjs--prismjs-1.30.0.tgz,1.93,0.22,0.028970901
run_216_repetition_28,DONE,zstd,zstd/got--got-15.0.5.tar.zst,0.29,0.03,0.004752123
run_35_repetition_14,DONE,npm,npm/@eslint__eslintrc--eslintrc-3.3.5.tgz,0.65,0.08,0.009367719
run_205_repetition_8,DONE,zstd,zstd/babel-helper-get-function-arity--babel-helper-get-function-arity-6.24.1.tar.zst,0.23,0.03,0.003447854
run_285_repetition_20,DONE,brotli,brotli/jiti--jiti-2.7.0.tar.br,0.77,0.09,0.011880724
run_282_repetition_6,DONE,brotli,brotli/html-escaper--html-escaper-3.0.3.tar.br,0.29,0.03,0.004367881
run_18_repetition_18,DONE,npm,npm/fetch-blob--fetch-blob-4.0.0.tgz,0.32,0.04,0.005024019
run_204_repetition_24,DONE,zstd,zstd/aws-sdk--aws-sdk-2.1693.0.tar.zst,15.13,1.79,0.224666662
run_13_repetition_19,DONE,npm,npm/assert-plus--assert-plus-1.0.0.tgz,0.32,0.04,0.004618513
run_106_repetition_9,DONE,xz,xz/protobufjs--protobufjs-8.4.2.tar.xz,1.81,0.21,0.028309975
run_108_repetition_25,DONE,xz,xz/react-error-overlay--react-error-overlay-6.1.0.tar.xz,0.96,0.11,0.0148348
run_215_repetition_14,DONE,zstd,zstd/fetch-blob--fetch-blob-4.0.0.tar.zst,0.26,0.03,0.003770444
run_213_repetition_25,DONE,zstd,zstd/eslint-plugin-import--eslint-plugin-import-2.32.0.tar.zst,0.61,0.07,0.008954829
run_142_repetition_23,DONE,zopfli,zopfli/babel-helper-get-function-arity--babel-helper-get-function-arity-6.24.1.tgz,0.23,0.03,0.003507102
run_81_repetition_18,DONE,xz,xz/babel-plugin-transform-exponentiation-operator--babel-plugin-transform-exponentiation-operator-6.24.1.tar.xz,0.26,0.03,0.003926181
run_9_repetition_5,DONE,npm,npm/remove-trailing-separator--remove-trailing-separator-1.1.0.tgz,0.32,0.04,0.004598191
run_21_repetition_5,DONE,npm,npm/style-loader--style-loader-4.0.0.tgz,0.34,0.04,0.005112202
run_262_repetition_7,DONE,brotli,brotli/@sindresorhus__is--is-8.1.0.tar.br,0.32,0.04,0.004700259
run_99_repetition_23,DONE,xz,xz/lodash-es--lodash-es-4.18.1.tar.xz,1.02,0.12,0.01600694
run_204_repetition_25,DONE,zstd,zstd/aws-sdk--aws-sdk-2.1693.0.tar.zst,14.84,1.77,0.219782704
run_155_repetition_8,DONE,zopfli,zopfli/highlight.js--highlight.js-11.11.1.tgz,3.5,0.44,0.056331448
run_66_repetition_26,DONE,xz,xz/@eslint__eslintrc--eslintrc-3.3.5.tar.xz,0.68,0.08,0.010151222
run_116_repetition_5,DONE,xz,xz/tailwindcss--tailwindcss-4.3.0.tar.xz,0.86,0.1,0.013622873
run_216_repetition_10,DONE,zstd,zstd/got--got-15.0.5.tar.zst,0.32,0.04,0.004726177
run_303_repetition_28,DONE,brotli,brotli/strict-uri-encode--strict-uri-encode-2.0.0.tar.br,0.29,0.03,0.003990516
run_53_repetition_27,DONE,npm,npm/libphonenumber-js--libphonenumber-js-1.13.3.tgz,5.3,0.62,0.081927466
run_224_repetition_18,DONE,zstd,zstd/linkify-it--linkify-it-5.0.1.tar.zst,0.22,0.03,0.003516014
run_292_repetition_25,DONE,brotli,brotli/prettier--prettier-3.8.3.tar.br,2.18,0.26,0.03405924
run_93_repetition_25,DONE,xz,xz/html-escaper--html-escaper-3.0.3.tar.xz,0.29,0.03,0.004330232
run_171_repetition_22,DONE,zopfli,zopfli/react-error-overlay--react-error-overlay-6.1.0.tgz,0.51,0.06,0.007774453
run_291_repetition_10,DONE,brotli,brotli/path-dirname--path-dirname-1.0.2.tar.br,0.25,0.03,0.004024181
run_248_repetition_8,DONE,zstd,zstd/whatwg-mimetype--whatwg-mimetype-5.0.0.tar.zst,0.26,0.03,0.003743865
run_248_repetition_18,DONE,zstd,zstd/whatwg-mimetype--whatwg-mimetype-5.0.0.tar.zst,0.23,0.03,0.003619167
run_215_repetition_5,DONE,zstd,zstd/fetch-blob--fetch-blob-4.0.0.tar.zst,0.26,0.03,0.003563112
run_245_repetition_24,DONE,zstd,zstd/typescript--typescript-6.0.3.tar.zst,3.95,0.46,0.05862754
run_5_repetition_0,DONE,npm,npm/babel-plugin-transform-exponentiation-operator--babel-plugin-transform-exponentiation-operator-6.24.1.tgz,0.32,0.03,0.004684716
run_292_repetition_26,DONE,brotli,brotli/prettier--prettier-3.8.3.tar.br,2.18,0.26,0.033675287
run_174_repetition_8,DONE,zopfli,zopfli/shallowequal--shallowequal-1.1.0.tgz,0.25,0.03,0.003657605
run_94_repetition_7,DONE,xz,xz/iconv-lite--iconv-lite-0.7.2.tar.xz,1.15,0.14,0.017441617
run_63_repetition_28,DONE,xz,xz/@aws-cdk__cloud-assembly-schema--cloud-assembly-schema-53.27.0.tar.xz,1.02,0.12,0.015450877
run_284_repetition_7,DONE,brotli,brotli/immer--immer-11.1.8.tar.br,0.45,0.05,0.006939316
run_296_repetition_4,DONE,brotli,brotli/react-dom--react-dom-19.2.6.tar.br,1.22,0.15,0.019264109
run_160_repetition_29,DONE,zopfli,zopfli/libphonenumber-js--libphonenumber-js-1.13.3.tgz,5.63,0.67,0.089272704
run_126_repetition_26,DONE,zopfli,zopfli/@aws-cdk__cloud-assembly-schema--cloud-assembly-schema-53.27.0.tgz,0.7,0.08,0.010409042
run_102_repetition_13,DONE,xz,xz/path-dirname--path-dirname-1.0.2.tar.xz,0.29,0.04,0.00391541
run_126_repetition_7,DONE,zopfli,zopfli/@aws-cdk__cloud-assembly-schema--cloud-assembly-schema-53.27.0.tgz,0.71,0.09,0.010496063
run_64_repetition_1,DONE,xz,xz/@babel__plugin-transform-regexp-modifiers--plugin-transform-regexp-modifiers-7.28.6.tar.xz,0.26,0.03,0.004023809
run_297_repetition_20,DONE,brotli,brotli/react-error-overlay--react-error-overlay-6.1.0.tar.br,0.45,0.05,0.00677278
run_233_repetition_15,DONE,zstd,zstd/react-dom--react-dom-19.2.6.tar.zst,1.17,0.14,0.018229553
run_105_repetition_13,DONE,xz,xz/prop-types--prop-types-15.8.1.tar.xz,0.39,0.05,0.005507824
run_193_repetition_10,DONE,zstd,zstd/@ethersproject__abstract-signer--abstract-signer-5.8.0.tar.zst,0.26,0.03,0.003844053
run_112_repetition_24,DONE,xz,xz/source-list-map--source-list-map-2.0.1.tar.xz,0.32,0.04,0.004715078
run_226_repetition_13,DONE,zstd,zstd/next--next-16.2.6.tar.zst,20.89,2.53,0.308710537
run_199_repetition_0,DONE,zstd,zstd/@sindresorhus__is--is-8.1.0.tar.zst,0.26,0.03,0.003800281
run_275_repetition_25,DONE,brotli,brotli/eslint-config-react-app--eslint-config-react-app-7.0.1.tar.br,0.26,0.03,0.003926609
run_250_repetition_0,DONE,zstd,zstd/workbox-streams--workbox-streams-7.4.1.tar.zst,0.26,0.03,0.004020451
run_5_repetition_19,DONE,npm,npm/babel-plugin-transform-exponentiation-operator--babel-plugin-transform-exponentiation-operator-6.24.1.tgz,0.3,0.04,0.004640049
run_145_repetition_29,DONE,zopfli,zopfli/client-only--client-only-0.0.1.tgz,0.22,0.02,0.003550964
run_100_repetition_4,DONE,xz,xz/next--next-16.2.6.tar.xz,73.03,8.7,1.145691075
run_29_repetition_17,DONE,npm,npm/@parcel__watcher--watcher-2.5.6.tgz,0.38,0.04,0.006055407
run_176_repetition_17,DONE,zopfli,zopfli/split2--split2-4.2.0.tgz,0.25,0.03,0.003894969
run_269_repetition_25,DONE,brotli,brotli/babel-plugin-check-es2015-constants--babel-plugin-check-es2015-constants-6.22.0.tar.br,0.26,0.03,0.003711961
run_165_repetition_10,DONE,zopfli,zopfli/path-dirname--path-dirname-1.0.2.tgz,0.23,0.03,0.003652758
run_164_repetition_27,DONE,zopfli,zopfli/node-notifier--node-notifier-10.0.1.tgz,3.42,0.41,0.053890857
run_87_repetition_14,DONE,xz,xz/eslint-plugin-import--eslint-plugin-import-2.32.0.tar.xz,1.97,0.23,0.030957513
run_266_repetition_4,DONE,brotli,brotli/assert-plus--assert-plus-1.0.0.tar.br,0.29,0.03,0.004117734
run_242_repetition_8,DONE,zstd,zstd/tailwindcss--tailwindcss-4.3.0.tar.zst,0.39,0.05,0.005840174
run_313_repetition_22,DONE,brotli,brotli/workbox-streams--workbox-streams-7.4.1.tar.br,0.36,0.04,0.005086734
run_307_repetition_13,DONE,brotli,brotli/ts-node--ts-node-10.9.2.tar.br,0.48,0.06,0.007885274
run_6_repetition_11,DONE,npm,npm/babel-plugin-check-es2015-constants--babel-plugin-check-es2015-constants-6.22.0.tgz,0.29,0.03,0.004518793
run_223_repetition_15,DONE,zstd,zstd/libphonenumber-js--libphonenumber-js-1.13.3.tar.zst,1.65,0.19,0.024482949
run_90_repetition_18,DONE,xz,xz/got--got-15.0.5.tar.xz,0.64,0.07,0.010088094
run_83_repetition_11,DONE,xz,xz/date-fns--date-fns-4.3.0.tar.xz,9.66,1.16,0.15144173
run_145_repetition_15,DONE,zopfli,zopfli/client-only--client-only-0.0.1.tgz,0.23,0.03,0.003785104
run_128_repetition_15,DONE,zopfli,zopfli/@esbuild__linux-ia32--linux-ia32-0.28.0.tgz,7.57,0.91,0.118841479
run_213_repetition_9,DONE,zstd,zstd/eslint-plugin-import--eslint-plugin-import-2.32.0.tar.zst,0.58,0.07,0.008894278
run_304_repetition_0,DONE,brotli,brotli/style-loader--style-loader-4.0.0.tar.br,0.23,0.03,0.004151034
run_148_repetition_24,DONE,zopfli,zopfli/encoding-sniffer--encoding-sniffer-1.0.2.tgz,0.32,0.04,0.004931161
run_32_repetition_4,DONE,npm,npm/@vue__reactivity--reactivity-3.5.34.tgz,0.49,0.06,0.007068901
run_244_repetition_15,DONE,zstd,zstd/ts-node--ts-node-10.9.2.tar.zst,0.42,0.05,0.006351474
run_16_repetition_18,DONE,npm,npm/eslint-config-react-app--eslint-config-react-app-7.0.1.tgz,0.35,0.04,0.004981013
run_298_repetition_4,DONE,brotli,brotli/remove-trailing-separator--remove-trailing-separator-1.1.0.tar.br,0.25,0.03,0.003993294
run_191_repetition_26,DONE,zstd,zstd/@esbuild__linux-ia32--linux-ia32-0.28.0.tar.zst,3.11,0.36,0.046259711
run_72_repetition_20,DONE,xz,xz/@radix-ui__primitive--primitive-1.1.3.tar.xz,0.3,0.03,0.004183741
run_271_repetition_19,DONE,brotli,brotli/client-only--client-only-0.0.1.tar.br,0.26,0.03,0.003959028
run_163_repetition_21,DONE,zopfli,zopfli/next--next-16.2.6.tgz,81.31,9.74,1.281575357
run_312_repetition_23,DONE,brotli,brotli/workbox-routing--workbox-routing-7.4.1.tar.br,0.32,0.04,0.005292195
run_123_repetition_13,DONE,xz,xz/workbox-routing--workbox-routing-7.4.1.tar.xz,0.55,0.07,0.008314567
run_144_repetition_9,DONE,zopfli,zopfli/babel-plugin-transform-exponentiation-operator--babel-plugin-transform-exponentiation-operator-6.24.1.tgz,0.26,0.03,0.003653536
run_89_repetition_24,DONE,xz,xz/fetch-blob--fetch-blob-4.0.0.tar.xz,0.32,0.04,0.004557677
run_201_repetition_16,DONE,zstd,zstd/@types__uuid--uuid-11.0.0.tar.zst,0.23,0.03,0.003294866
run_118_repetition_12,DONE,xz,xz/ts-node--ts-node-10.9.2.tar.xz,1.09,0.13,0.017121335
run_66_repetition_10,DONE,xz,xz/@eslint__eslintrc--eslintrc-3.3.5.tar.xz,0.68,0.08,0.010083305
run_266_repetition_23,DONE,brotli,brotli/assert-plus--assert-plus-1.0.0.tar.br,0.29,0.03,0.004461999
run_7_repetition_23,DONE,npm,npm/strict-uri-encode--strict-uri-encode-2.0.0.tgz,0.33,0.03,0.004884936
run_120_repetition_26,DONE,xz,xz/watchpack-chokidar2--watchpack-chokidar2-2.0.1.tar.xz,0.26,0.03,0.003920132
run_218_repetition_15,DONE,zstd,zstd/highlight.js--highlight.js-11.11.1.tar.zst,1.35,0.16,0.01983071
run_267_repetition_18,DONE,brotli,brotli/aws-sdk--aws-sdk-2.1693.0.tar.br,12.99,1.6,0.200207944
run_242_repetition_22,DONE,zstd,zstd/tailwindcss--tailwindcss-4.3.0.tar.zst,0.36,0.05,0.005973166
run_120_repetition_4,DONE,xz,xz/watchpack-chokidar2--watchpack-chokidar2-2.0.1.tar.xz,0.25,0.03,0.003755376
run_262_repetition_6,DONE,brotli,brotli/@sindresorhus__is--is-8.1.0.tar.br,0.32,0.04,0.004787748
run_137_repetition_28,DONE,zopfli,zopfli/@types__glob--glob-9.0.0.tgz,0.23,0.02,0.003516514
run_306_repetition_13,DONE,brotli,brotli/tar--tar-7.5.15.tar.br,0.77,0.09,0.011558788
run_8_repetition_7,DONE,npm,npm/@babel__plugin-transform-regexp-modifiers--plugin-transform-regexp-modifiers-7.28.6.tgz,0.29,0.04,0.004595381
run_191_repetition_11,DONE,zstd,zstd/@esbuild__linux-ia32--linux-ia32-0.28.0.tar.zst,3.06,0.36,0.046378504
run_171_repetition_6,DONE,zopfli,zopfli/react-error-overlay--react-error-overlay-6.1.0.tgz,0.52,0.06,0.007681215
run_245_repetition_21,DONE,zstd,zstd/typescript--typescript-6.0.3.tar.zst,3.95,0.47,0.058538441
run_30_repetition_11,DONE,npm,npm/workbox-routing--workbox-routing-7.4.1.tgz,0.48,0.05,0.007054047
run_22_repetition_16,DONE,npm,npm/@ethersproject__abstract-signer--abstract-signer-5.8.0.tgz,0.32,0.04,0.005373972
run_54_repetition_28,DONE,npm,npm/node-notifier--node-notifier-10.0.1.tgz,3.33,0.4,0.051871407
run_164_repetition_4,DONE,zopfli,zopfli/node-notifier--node-notifier-10.0.1.tgz,3.42,0.4,0.053483696
run_174_repetition_16,DONE,zopfli,zopfli/shallowequal--shallowequal-1.1.0.tgz,0.26,0.03,0.003764681
run_107_repetition_5,DONE,xz,xz/react-dom--react-dom-19.2.6.tar.xz,2.56,0.3,0.039577064
run_64_repetition_19,DONE,xz,xz/@babel__plugin-transform-regexp-modifiers--plugin-transform-regexp-modifiers-7.28.6.tar.xz,0.26,0.03,0.003894497
run_140_repetition_27,DONE,zopfli,zopfli/assert-plus--assert-plus-1.0.0.tgz,0.26,0.03,0.003648988
run_260_repetition_3,DONE,brotli,brotli/@parcel__watcher--watcher-2.5.6.tar.br,0.35,0.04,0.005053912
run_256_repetition_6,DONE,brotli,brotli/@ethersproject__abstract-signer--abstract-signer-5.8.0.tar.br,0.33,0.04,0.004266744
run_43_repetition_9,DONE,npm,npm/jiti--jiti-2.7.0.tgz,1.19,0.14,0.018431347
run_174_repetition_29,DONE,zopfli,zopfli/shallowequal--shallowequal-1.1.0.tgz,0.29,0.03,0.003820548
run_39_repetition_5,DONE,npm,npm/iconv-lite--iconv-lite-0.7.2.tgz,0.55,0.07,0.008690794
run_57_repetition_22,DONE,npm,npm/date-fns--date-fns-4.3.0.tgz,16.27,1.93,0.251513458
run_33_repetition_2,DONE,npm,npm/got--got-15.0.5.tgz,0.49,0.06,0.007512556
run_286_repetition_8,DONE,brotli,brotli/libphonenumber-js--libphonenumber-js-1.13.3.tar.br,1.96,0.23,0.029803352
run_123_repetition_27,DONE,xz,xz/workbox-routing--workbox-routing-7.4.1.tar.xz,0.55,0.06,0.008071128
run_67_repetition_7,DONE,xz,xz/@ethersproject__abstract-signer--abstract-signer-5.8.0.tar.xz,0.32,0.04,0.005127908
run_107_repetition_7,DONE,xz,xz/react-dom--react-dom-19.2.6.tar.xz,2.56,0.31,0.039568851
run_260_repetition_17,DONE,brotli,brotli/@parcel__watcher--watcher-2.5.6.tar.br,0.32,0.04,0.004900582
run_109_repetition_8,DONE,xz,xz/remove-trailing-separator--remove-trailing-separator-1.1.0.tar.xz,0.26,0.03,0.004009945
run_124_repetition_20,DONE,xz,xz/workbox-streams--workbox-streams-7.4.1.tar.xz,0.45,0.05,0.006759061
run_92_repetition_17,DONE,xz,xz/highlight.js--highlight.js-11.11.1.tar.xz,3.88,0.47,0.060382697
run_191_repetition_6,DONE,zstd,zstd/@esbuild__linux-ia32--linux-ia32-0.28.0.tar.zst,3.1,0.37,0.047041883
run_34_repetition_2,DONE,npm,npm/react-error-overlay--react-error-overlay-6.1.0.tgz,0.54,0.07,0.008347064
run_15_repetition_14,DONE,npm,npm/html-escaper--html-escaper-3.0.3.tgz,0.34,0.04,0.005189744
run_71_repetition_25,DONE,xz,xz/@parcel__watcher--watcher-2.5.6.tar.xz,0.44,0.05,0.006865487
run_106_repetition_3,DONE,xz,xz/protobufjs--protobufjs-8.4.2.tar.xz,1.78,0.21,0.028177069
run_4_repetition_4,DONE,npm,npm/@types__glob--glob-9.0.0.tgz,0.37,0.04,0.005337358
run_266_repetition_10,DONE,brotli,brotli/assert-plus--assert-plus-1.0.0.tar.br,0.22,0.03,0.003945782
run_158_repetition_16,DONE,zopfli,zopfli/immer--immer-11.1.8.tgz,0.79,0.09,0.011977836
run_81_repetition_24,DONE,xz,xz/babel-plugin-transform-exponentiation-operator--babel-plugin-transform-exponentiation-operator-6.24.1.tar.xz,0.25,0.03,0.003865167
run_202_repetition_2,DONE,zstd,zstd/@vue__reactivity--reactivity-3.5.34.tar.zst,0.32,0.04,0.004463556
run_32_repetition_9,DONE,npm,npm/@vue__reactivity--reactivity-3.5.34.tgz,0.49,0.06,0.007523672
run_243_repetition_15,DONE,zstd,zstd/tar--tar-7.5.15.tar.zst,0.65,0.08,0.009748647
run_16_repetition_4,DONE,npm,npm/eslint-config-react-app--eslint-config-react-app-7.0.1.tgz,0.33,0.04,0.004722177
run_73_repetition_5,DONE,xz,xz/@sindresorhus__is--is-8.1.0.tar.xz,0.39,0.05,0.006106135
run_199_repetition_27,DONE,zstd,zstd/@sindresorhus__is--is-8.1.0.tar.zst,0.26,0.03,0.003965964
run_54_repetition_22,DONE,npm,npm/node-notifier--node-notifier-10.0.1.tgz,3.33,0.39,0.051790484
run_283_repetition_10,DONE,brotli,brotli/iconv-lite--iconv-lite-0.7.2.tar.br,0.47,0.06,0.007486238
run_25_repetition_15,DONE,npm,npm/encoding-sniffer--encoding-sniffer-1.0.2.tgz,0.39,0.04,0.005779992
run_218_repetition_6,DONE,zstd,zstd/highlight.js--highlight.js-11.11.1.tar.zst,1.28,0.15,0.019353422
run_259_repetition_24,DONE,brotli,brotli/@opentelemetry__semantic-conventions--semantic-conventions-1.41.1.tar.br,1.7,0.21,0.026503165
run_251_repetition_27,DONE,zstd,zstd/xml2js--xml2js-0.6.2.tar.zst,0.99,0.12,0.014873021
run_137_repetition_6,DONE,zopfli,zopfli/@types__glob--glob-9.0.0.tgz,0.26,0.03,0.003924499
run_69_repetition_9,DONE,xz,xz/@next__swc-linux-arm64-musl--swc-linux-arm64-musl-16.2.6.tar.xz,154.29,18.16,2.422141478
run_224_repetition_5,DONE,zstd,zstd/linkify-it--linkify-it-5.0.1.tar.zst,0.26,0.03,0.00385857
run_151_repetition_1,DONE,zopfli,zopfli/ethers--ethers-6.16.0.tgz,7.33,0.86,0.116033062
run_113_repetition_11,DONE,xz,xz/split2--split2-4.2.0.tar.xz,0.28,0.04,0.00426733
run_260_repetition_6,DONE,brotli,brotli/@parcel__watcher--watcher-2.5.6.tar.br,0.32,0.04,0.005010431
run_224_repetition_0,DONE,zstd,zstd/linkify-it--linkify-it-5.0.1.tar.zst,0.23,0.03,0.003523027
run_252_repetition_8,DONE,brotli,brotli/@aws-cdk__cloud-assembly-schema--cloud-assembly-schema-53.27.0.tar.br,0.48,0.06,0.00763377
run_168_repetition_4,DONE,zopfli,zopfli/prop-types--prop-types-15.8.1.tgz,0.29,0.03,0.00439794
run_178_repetition_16,DONE,zopfli,zopfli/style-loader--style-loader-4.0.0.tgz,0.29,0.03,0.004330838
run_192_repetition_0,DONE,zstd,zstd/@eslint__eslintrc--eslintrc-3.3.5.tar.zst,0.36,0.04,0.005396179
run_163_repetition_9,DONE,zopfli,zopfli/next--next-16.2.6.tgz,80.91,9.67,1.281280286
run_222_repetition_16,DONE,zstd,zstd/jiti--jiti-2.7.0.tar.zst,0.65,0.07,0.00966411
run_313_repetition_19,DONE,brotli,brotli/workbox-streams--workbox-streams-7.4.1.tar.br,0.32,0.04,0.005112144
run_312_repetition_21,DONE,brotli,brotli/workbox-routing--workbox-routing-7.4.1.tar.br,0.36,0.05,0.005690382
run_48_repetition_29,DONE,npm,npm/highlight.js--highlight.js-11.11.1.tgz,3.95,0.46,0.06028362
run_121_repetition_21,DONE,xz,xz/webpack--webpack-5.107.1.tar.xz,5.6,0.65,0.087181891
run_85_repetition_13,DONE,xz,xz/encoding-sniffer--encoding-sniffer-1.0.2.tar.xz,0.39,0.05,0.00570613
run_51_repetition_17,DONE,npm,npm/webpack--webpack-5.107.1.tgz,3.53,0.41,0.054450159
run_311_repetition_12,DONE,brotli,brotli/whatwg-mimetype--whatwg-mimetype-5.0.0.tar.br,0.29,0.03,0.004443741
run_167_repetition_9,DONE,zopfli,zopfli/prismjs--prismjs-1.30.0.tgz,1.71,0.2,0.027290062
run_132_repetition_5,DONE,zopfli,zopfli/@next__swc-linux-arm64-musl--swc-linux-arm64-musl-16.2.6.tgz,73.81,8.73,1.165975281
run_74_repetition_13,DONE,xz,xz/@types__glob--glob-9.0.0.tar.xz,0.26,0.03,0.003794927
run_124_repetition_15,DONE,xz,xz/workbox-streams--workbox-streams-7.4.1.tar.xz,0.42,0.05,0.006485638
run_272_repetition_4,DONE,brotli,brotli/date-fns--date-fns-4.3.0.tar.br,3.8,0.47,0.059132688
run_128_repetition_18,DONE,zopfli,zopfli/@esbuild__linux-ia32--linux-ia32-0.28.0.tgz,7.53,0.9,0.118557824
run_104_repetition_11,DONE,xz,xz/prismjs--prismjs-1.30.0.tar.xz,2.8,0.33,0.043648055
run_314_repetition_1,DONE,brotli,brotli/xml2js--xml2js-0.6.2.tar.br,1.26,0.15,0.019713265
run_122_repetition_6,DONE,xz,xz/whatwg-mimetype--whatwg-mimetype-5.0.0.tar.xz,0.29,0.03,0.004718751
run_151_repetition_0,DONE,zopfli,zopfli/ethers--ethers-6.16.0.tgz,7.37,0.87,0.116269826
run_260_repetition_26,DONE,brotli,brotli/@parcel__watcher--watcher-2.5.6.tar.br,0.33,0.04,0.004882327
run_216_repetition_17,DONE,zstd,zstd/got--got-15.0.5.tar.zst,0.32,0.04,0.004816919
run_239_repetition_10,DONE,zstd,zstd/split2--split2-4.2.0.tar.zst,0.23,0.02,0.003295523
run_89_repetition_6,DONE,xz,xz/fetch-blob--fetch-blob-4.0.0.tar.xz,0.29,0.03,0.004535303
run_73_repetition_26,DONE,xz,xz/@sindresorhus__is--is-8.1.0.tar.xz,0.39,0.05,0.005797016
run_60_repetition_7,DONE,npm,npm/aws-sdk--aws-sdk-2.1693.0.tgz,37.48,4.43,0.585610546
run_19_repetition_16,DONE,npm,npm/whatwg-mimetype--whatwg-mimetype-5.0.0.tgz,0.32,0.03,0.004911005
run_106_repetition_7,DONE,xz,xz/protobufjs--protobufjs-8.4.2.tar.xz,1.86,0.22,0.028309278
run_4_repetition_21,DONE,npm,npm/@types__glob--glob-9.0.0.tgz,0.33,0.04,0.005271376
run_153_repetition_16,DONE,zopfli,zopfli/got--got-15.0.5.tgz,0.45,0.05,0.006916213
run_157_repetition_28,DONE,zopfli,zopfli/iconv-lite--iconv-lite-0.7.2.tgz,0.48,0.06,0.007672491
run_138_repetition_8,DONE,zopfli,zopfli/@types__uuid--uuid-11.0.0.tgz,0.26,0.03,0.003828095
run_244_repetition_20,DONE,zstd,zstd/ts-node--ts-node-10.9.2.tar.zst,0.42,0.05,0.006510904
run_184_repetition_29,DONE,zopfli,zopfli/webpack--webpack-5.107.1.tgz,3.66,0.43,0.05761125
run_261_repetition_27,DONE,brotli,brotli/@radix-ui__primitive--primitive-1.1.3.tar.br,0.29,0.04,0.004049126
run_244_repetition_6,DONE,zstd,zstd/ts-node--ts-node-10.9.2.tar.zst,0.39,0.05,0.006437125
run_149_repetition_19,DONE,zopfli,zopfli/eslint-config-react-app--eslint-config-react-app-7.0.1.tgz,0.3,0.03,0.003941766
run_304_repetition_28,DONE,brotli,brotli/style-loader--style-loader-4.0.0.tar.br,0.26,0.03,0.004507087
run_23_repetition_23,DONE,npm,npm/prop-types--prop-types-15.8.1.tgz,0.38,0.04,0.005261748
run_51_repetition_29,DONE,npm,npm/webpack--webpack-5.107.1.tgz,3.53,0.41,0.054473382
run_160_repetition_24,DONE,zopfli,zopfli/libphonenumber-js--libphonenumber-js-1.13.3.tgz,5.65,0.67,0.089227913
run_30_repetition_16,DONE,npm,npm/workbox-routing--workbox-routing-7.4.1.tgz,0.45,0.05,0.00704997
run_218_repetition_19,DONE,zstd,zstd/highlight.js--highlight.js-11.11.1.tar.zst,1.27,0.15,0.019177562
run_2_repetition_6,DONE,npm,npm/babel-helper-get-function-arity--babel-helper-get-function-arity-6.24.1.tgz,0.32,0.04,0.004899059
run_90_repetition_7,DONE,xz,xz/got--got-15.0.5.tar.xz,0.64,0.07,0.009877721
run_263_repetition_21,DONE,brotli,brotli/@types__glob--glob-9.0.0.tar.br,0.26,0.03,0.003890148
run_157_repetition_0,DONE,zopfli,zopfli/iconv-lite--iconv-lite-0.7.2.tgz,0.51,0.06,0.007874615
run_36_repetition_28,DONE,npm,npm/lodash-es--lodash-es-4.18.1.tgz,1.56,0.18,0.023875463
run_42_repetition_17,DONE,npm,npm/eslint-plugin-import--eslint-plugin-import-2.32.0.tgz,1.13,0.14,0.017208111
run_262_repetition_18,DONE,brotli,brotli/@sindresorhus__is--is-8.1.0.tar.br,0.32,0.04,0.004572448
run_140_repetition_18,DONE,zopfli,zopfli/assert-plus--assert-plus-1.0.0.tgz,0.26,0.03,0.003845728
run_277_repetition_29,DONE,brotli,brotli/ethers--ethers-6.16.0.tar.br,2.7,0.32,0.041815392
run_269_repetition_22,DONE,brotli,brotli/babel-plugin-check-es2015-constants--babel-plugin-check-es2015-constants-6.22.0.tar.br,0.26,0.03,0.003987271
run_170_repetition_28,DONE,zopfli,zopfli/react-dom--react-dom-19.2.6.tgz,3.52,0.43,0.05555865
run_150_repetition_24,DONE,zopfli,zopfli/eslint-plugin-import--eslint-plugin-import-2.32.0.tgz,1.15,0.14,0.017739208
run_314_repetition_3,DONE,brotli,brotli/xml2js--xml2js-0.6.2.tar.br,1.29,0.15,0.019869198
run_168_repetition_29,DONE,zopfli,zopfli/prop-types--prop-types-15.8.1.tgz,0.32,0.04,0.004443342
run_277_repetition_6,DONE,brotli,brotli/ethers--ethers-6.16.0.tar.br,2.76,0.33,0.042528102
run_185_repetition_8,DONE,zopfli,zopfli/whatwg-mimetype--whatwg-mimetype-5.0.0.tgz,0.32,0.04,0.004219692
run_186_repetition_17,DONE,zopfli,zopfli/workbox-routing--workbox-routing-7.4.1.tgz,0.42,0.05,0.006262248
run_8_repetition_6,DONE,npm,npm/@babel__plugin-transform-regexp-modifiers--plugin-transform-regexp-modifiers-7.28.6.tgz,0.32,0.04,0.004590612
run_20_repetition_24,DONE,npm,npm/linkify-it--linkify-it-5.0.1.tgz,0.32,0.04,0.005009575
run_200_repetition_21,DONE,zstd,zstd/@types__glob--glob-9.0.0.tar.zst,0.22,0.03,0.003404522
run_52_repetition_16,DONE,npm,npm/@opentelemetry__semantic-conventions--semantic-conventions-1.41.1.tgz,4.97,0.6,0.077995182
run_262_repetition_21,DONE,brotli,brotli/@sindresorhus__is--is-8.1.0.tar.br,0.32,0.04,0.004542186
run_47_repetition_15,DONE,npm,npm/protobufjs--protobufjs-8.4.2.tgz,1.86,0.22,0.029376981
run_261_repetition_16,DONE,brotli,brotli/@radix-ui__primitive--primitive-1.1.3.tar.br,0.26,0.03,0.004291888
run_269_repetition_20,DONE,brotli,brotli/babel-plugin-check-es2015-constants--babel-plugin-check-es2015-constants-6.22.0.tar.br,0.26,0.03,0.00380077
run_122_repetition_23,DONE,xz,xz/whatwg-mimetype--whatwg-mimetype-5.0.0.tar.xz,0.32,0.04,0.004600482
run_257_repetition_2,DONE,brotli,brotli/@modelcontextprotocol__sdk--sdk-1.29.0.tar.br,1.1,0.13,0.016675049
run_49_repetition_28,DONE,npm,npm/xml2js--xml2js-0.6.2.tgz,2.07,0.24,0.032521849
run_165_repetition_22,DONE,zopfli,zopfli/path-dirname--path-dirname-1.0.2.tgz,0.22,0.03,0.003455028
run_177_repetition_18,DONE,zopfli,zopfli/strict-uri-encode--strict-uri-encode-2.0.0.tgz,0.23,0.03,0.003525115
run_269_repetition_7,DONE,brotli,brotli/babel-plugin-check-es2015-constants--babel-plugin-check-es2015-constants-6.22.0.tar.br,0.3,0.03,0.004289312
run_1_repetition_15,DONE,npm,npm/client-only--client-only-0.0.1.tgz,0.29,0.04,0.004425032
run_134_repetition_22,DONE,zopfli,zopfli/@parcel__watcher--watcher-2.5.6.tgz,0.28,0.04,0.005497142
run_260_repetition_29,DONE,brotli,brotli/@parcel__watcher--watcher-2.5.6.tar.br,0.29,0.03,0.004780879
run_289_repetition_29,DONE,brotli,brotli/next--next-16.2.6.tar.br,22.67,2.79,0.352568247
run_147_repetition_9,DONE,zopfli,zopfli/dom-accessibility-api--dom-accessibility-api-0.7.1.tgz,0.42,0.05,0.006304769
run_87_repetition_3,DONE,xz,xz/eslint-plugin-import--eslint-plugin-import-2.32.0.tar.xz,1.98,0.23,0.031052994
run_127_repetition_12,DONE,zopfli,zopfli/@babel__plugin-transform-regexp-modifiers--plugin-transform-regexp-modifiers-7.28.6.tgz,0.29,0.04,0.003852738
run_56_repetition_12,DONE,npm,npm/ethers--ethers-6.16.0.tgz,6.92,0.82,0.107061086
run_126_repetition_28,DONE,zopfli,zopfli/@aws-cdk__cloud-assembly-schema--cloud-assembly-schema-53.27.0.tgz,0.7,0.09,0.010466649
run_47_repetition_20,DONE,npm,npm/protobufjs--protobufjs-8.4.2.tgz,1.86,0.22,0.029183938
run_247_repetition_19,DONE,zstd,zstd/webpack--webpack-5.107.1.tar.zst,1.52,0.18,0.023085135
run_198_repetition_28,DONE,zstd,zstd/@radix-ui__primitive--primitive-1.1.3.tar.zst,0.23,0.03,0.003334772
run_61_repetition_21,DONE,npm,npm/next--next-16.2.6.tgz,79.48,9.46,1.23696539
run_310_repetition_24,DONE,brotli,brotli/webpack--webpack-5.107.1.tar.br,1.87,0.23,0.028995698
run_175_repetition_14,DONE,zopfli,zopfli/source-list-map--source-list-map-2.0.1.tgz,0.29,0.04,0.003932901
run_209_repetition_6,DONE,zstd,zstd/date-fns--date-fns-4.3.0.tar.zst,3.89,0.46,0.057284444
run_110_repetition_0,DONE,xz,xz/resize-observer-polyfill--resize-observer-polyfill-1.5.1.tar.xz,0.38,0.05,0.005765338
run_286_repetition_18,DONE,brotli,brotli/libphonenumber-js--libphonenumber-js-1.13.3.tar.br,1.93,0.23,0.029714306
run_185_repetition_0,DONE,zopfli,zopfli/whatwg-mimetype--whatwg-mimetype-5.0.0.tgz,0.25,0.03,0.004022017
run_219_repetition_11,DONE,zstd,zstd/html-escaper--html-escaper-3.0.3.tar.zst,0.23,0.03,0.003384039
run_285_repetition_10,DONE,brotli,brotli/jiti--jiti-2.7.0.tar.br,0.77,0.09,0.011855719
run_185_repetition_25,DONE,zopfli,zopfli/whatwg-mimetype--whatwg-mimetype-5.0.0.tgz,0.25,0.03,0.003920368
run_167_repetition_12,DONE,zopfli,zopfli/prismjs--prismjs-1.30.0.tgz,1.72,0.21,0.027348771
run_274_repetition_4,DONE,brotli,brotli/encoding-sniffer--encoding-sniffer-1.0.2.tar.br,0.32,0.04,0.004773231
run_289_repetition_3,DONE,brotli,brotli/next--next-16.2.6.tar.br,22.53,2.73,0.349417486
run_128_repetition_2,DONE,zopfli,zopfli/@esbuild__linux-ia32--linux-ia32-0.28.0.tgz,7.53,0.89,0.118768788
run_192_repetition_7,DONE,zstd,zstd/@eslint__eslintrc--eslintrc-3.3.5.tar.zst,0.35,0.04,0.00527153
run_199_repetition_28,DONE,zstd,zstd/@sindresorhus__is--is-8.1.0.tar.zst,0.23,0.03,0.003739517
run_260_repetition_8,DONE,brotli,brotli/@parcel__watcher--watcher-2.5.6.tar.br,0.32,0.04,0.004870433
run_140_repetition_29,DONE,zopfli,zopfli/assert-plus--assert-plus-1.0.0.tgz,0.22,0.03,0.003706031
run_261_repetition_0,DONE,brotli,brotli/@radix-ui__primitive--primitive-1.1.3.tar.br,0.26,0.03,0.004125762
run_92_repetition_22,DONE,xz,xz/highlight.js--highlight.js-11.11.1.tar.xz,3.88,0.46,0.060853303
run_92_repetition_27,DONE,xz,xz/highlight.js--highlight.js-11.11.1.tar.xz,3.9,0.46,0.0611828
run_58_repetition_27,DONE,npm,npm/@esbuild__linux-ia32--linux-ia32-0.28.0.tgz,7.34,0.86,0.115023592
run_183_repetition_10,DONE,zopfli,zopfli/watchpack-chokidar2--watchpack-chokidar2-2.0.1.tgz,0.23,0.03,0.003558773
run_68_repetition_11,DONE,xz,xz/@modelcontextprotocol__sdk--sdk-1.29.0.tar.xz,2.37,0.29,0.035884271
run_20_repetition_4,DONE,npm,npm/linkify-it--linkify-it-5.0.1.tgz,0.32,0.04,0.005223985
run_55_repetition_6,DONE,npm,npm/prettier--prettier-3.8.3.tgz,4.79,0.57,0.074921904
run_203_repetition_13,DONE,zstd,zstd/assert-plus--assert-plus-1.0.0.tar.zst,0.23,0.03,0.003364444
run_211_repetition_10,DONE,zstd,zstd/encoding-sniffer--encoding-sniffer-1.0.2.tar.zst,0.26,0.03,0.003976236
run_280_repetition_16,DONE,brotli,brotli/has-to-string-tag-x--has-to-string-tag-x-2.1.2.tar.br,0.36,0.04,0.005126524
run_196_repetition_3,DONE,zstd,zstd/@opentelemetry__semantic-conventions--semantic-conventions-1.41.1.tar.zst,1.56,0.19,0.024473453
run_13_repetition_26,DONE,npm,npm/assert-plus--assert-plus-1.0.0.tgz,0.38,0.04,0.005053915
run_127_repetition_4,DONE,zopfli,zopfli/@babel__plugin-transform-regexp-modifiers--plugin-transform-regexp-modifiers-7.28.6.tgz,0.23,0.03,0.00381784
run_178_repetition_8,DONE,zopfli,zopfli/style-loader--style-loader-4.0.0.tgz,0.26,0.03,0.004335153
run_249_repetition_29,DONE,zstd,zstd/workbox-routing--workbox-routing-7.4.1.tar.zst,0.32,0.04,0.004697893
run_250_repetition_16,DONE,zstd,zstd/workbox-streams--workbox-streams-7.4.1.tar.zst,0.29,0.03,0.004083
run_13_repetition_16,DONE,npm,npm/assert-plus--assert-plus-1.0.0.tgz,0.32,0.04,0.004715909
run_188_repetition_22,DONE,zopfli,zopfli/xml2js--xml2js-0.6.2.tgz,2.04,0.24,0.031924793
run_111_repetition_13,DONE,xz,xz/shallowequal--shallowequal-1.1.0.tar.xz,0.29,0.04,0.003966383
run_180_repetition_9,DONE,zopfli,zopfli/tar--tar-7.5.15.tgz,1.49,0.18,0.023844547
run_236_repetition_14,DONE,zstd,zstd/resize-observer-polyfill--resize-observer-polyfill-1.5.1.tar.zst,0.26,0.03,0.004036134
run_292_repetition_23,DONE,brotli,brotli/prettier--prettier-3.8.3.tar.br,2.15,0.26,0.033476755
run_249_repetition_12,DONE,zstd,zstd/workbox-routing--workbox-routing-7.4.1.tar.zst,0.3,0.03,0.004434313
run_131_repetition_27,DONE,zopfli,zopfli/@modelcontextprotocol__sdk--sdk-1.29.0.tgz,2.53,0.3,0.039616368
run_131_repetition_15,DONE,zopfli,zopfli/@modelcontextprotocol__sdk--sdk-1.29.0.tgz,2.53,0.3,0.039410909
run_35_repetition_2,DONE,npm,npm/@eslint__eslintrc--eslintrc-3.3.5.tgz,0.61,0.07,0.009432337
run_39_repetition_1,DONE,npm,npm/iconv-lite--iconv-lite-0.7.2.tgz,0.56,0.06,0.007935977
run_285_repetition_17,DONE,brotli,brotli/jiti--jiti-2.7.0.tar.br,0.81,0.1,0.012029132
run_184_repetition_23,DONE,zopfli,zopfli/webpack--webpack-5.107.1.tgz,3.66,0.44,0.057560739
run_12_repetition_25,DONE,npm,npm/@radix-ui__primitive--primitive-1.1.3.tgz,0.32,0.04,0.004679941
run_98_repetition_13,DONE,xz,xz/linkify-it--linkify-it-5.0.1.tar.xz,0.36,0.04,0.004723285
run_67_repetition_5,DONE,xz,xz/@ethersproject__abstract-signer--abstract-signer-5.8.0.tar.xz,0.32,0.04,0.005250437
run_165_repetition_5,DONE,zopfli,zopfli/path-dirname--path-dirname-1.0.2.tgz,0.23,0.03,0.003638236
run_157_repetition_22,DONE,zopfli,zopfli/iconv-lite--iconv-lite-0.7.2.tgz,0.45,0.05,0.007404709
run_257_repetition_4,DONE,brotli,brotli/@modelcontextprotocol__sdk--sdk-1.29.0.tar.br,1.05,0.13,0.016689807
run_217_repetition_23,DONE,zstd,zstd/has-to-string-tag-x--has-to-string-tag-x-2.1.2.tar.zst,0.25,0.03,0.003868272
run_258_repetition_17,DONE,brotli,brotli/@next__swc-linux-arm64-musl--swc-linux-arm64-musl-16.2.6.tar.br,40.24,4.82,0.630483503
run_97_repetition_13,DONE,xz,xz/libphonenumber-js--libphonenumber-js-1.13.3.tar.xz,4.27,0.51,0.066860852
run_139_repetition_19,DONE,zopfli,zopfli/@vue__reactivity--reactivity-3.5.34.tgz,0.45,0.05,0.006651893
run_157_repetition_14,DONE,zopfli,zopfli/iconv-lite--iconv-lite-0.7.2.tgz,0.48,0.06,0.00730135
run_241_repetition_27,DONE,zstd,zstd/style-loader--style-loader-4.0.0.tar.zst,0.26,0.03,0.003585837
run_147_repetition_1,DONE,zopfli,zopfli/dom-accessibility-api--dom-accessibility-api-0.7.1.tgz,0.39,0.04,0.00619894
run_186_repetition_29,DONE,zopfli,zopfli/workbox-routing--workbox-routing-7.4.1.tgz,0.45,0.05,0.0065427
run_287_repetition_16,DONE,brotli,brotli/linkify-it--linkify-it-5.0.1.tar.br,0.26,0.03,0.004172104
run_217_repetition_26,DONE,zstd,zstd/has-to-string-tag-x--has-to-string-tag-x-2.1.2.tar.zst,0.26,0.03,0.003916226
run_288_repetition_20,DONE,brotli,brotli/lodash-es--lodash-es-4.18.1.tar.br,0.55,0.07,0.008631716
run_176_repetition_16,DONE,zopfli,zopfli/split2--split2-4.2.0.tgz,0.25,0.03,0.003758049
run_67_repetition_27,DONE,xz,xz/@ethersproject__abstract-signer--abstract-signer-5.8.0.tar.xz,0.35,0.04,0.005226854
run_103_repetition_15,DONE,xz,xz/prettier--prettier-3.8.3.tar.xz,6.62,0.79,0.103209656
run_225_repetition_0,DONE,zstd,zstd/lodash-es--lodash-es-4.18.1.tar.zst,0.49,0.05,0.007325583
run_168_repetition_11,DONE,zopfli,zopfli/prop-types--prop-types-15.8.1.tgz,0.3,0.03,0.004489797
run_111_repetition_16,DONE,xz,xz/shallowequal--shallowequal-1.1.0.tar.xz,0.29,0.03,0.004114643
run_141_repetition_11,DONE,zopfli,zopfli/aws-sdk--aws-sdk-2.1693.0.tgz,38.3,4.58,0.605804253
run_159_repetition_1,DONE,zopfli,zopfli/jiti--jiti-2.7.0.tgz,1.21,0.14,0.018558293
run_237_repetition_23,DONE,zstd,zstd/shallowequal--shallowequal-1.1.0.tar.zst,0.23,0.03,0.003475599
run_291_repetition_1,DONE,brotli,brotli/path-dirname--path-dirname-1.0.2.tar.br,0.29,0.04,0.004159351
run_90_repetition_21,DONE,xz,xz/got--got-15.0.5.tar.xz,0.64,0.08,0.009778997
run_281_repetition_18,DONE,brotli,brotli/highlight.js--highlight.js-11.11.1.tar.br,1.6,0.19,0.024914747
run_203_repetition_7,DONE,zstd,zstd/assert-plus--assert-plus-1.0.0.tar.zst,0.22,0.03,0.003308352
run_77_repetition_6,DONE,xz,xz/assert-plus--assert-plus-1.0.0.tar.xz,0.29,0.03,0.004227583
run_208_repetition_18,DONE,zstd,zstd/client-only--client-only-0.0.1.tar.zst,0.19,0.03,0.003268246
run_78_repetition_26,DONE,xz,xz/aws-sdk--aws-sdk-2.1693.0.tar.xz,46.0,5.43,0.721653731
run_230_repetition_1,DONE,zstd,zstd/prismjs--prismjs-1.30.0.tar.zst,0.8,0.1,0.011852634
run_69_repetition_23,DONE,xz,xz/@next__swc-linux-arm64-musl--swc-linux-arm64-musl-16.2.6.tar.xz,154.44,18.31,2.423964825
run_122_repetition_12,DONE,xz,xz/whatwg-mimetype--whatwg-mimetype-5.0.0.tar.xz,0.32,0.04,0.004783462
run_45_repetition_5,DONE,npm,npm/prismjs--prismjs-1.30.0.tgz,1.89,0.22,0.029171963
run_42_repetition_0,DONE,npm,npm/eslint-plugin-import--eslint-plugin-import-2.32.0.tgz,1.15,0.14,0.018031829
run_94_repetition_3,DONE,xz,xz/iconv-lite--iconv-lite-0.7.2.tar.xz,1.12,0.13,0.017599719
run_132_repetition_24,DONE,zopfli,zopfli/@next__swc-linux-arm64-musl--swc-linux-arm64-musl-16.2.6.tgz,73.85,8.83,1.166050316
run_141_repetition_14,DONE,zopfli,zopfli/aws-sdk--aws-sdk-2.1693.0.tgz,38.12,4.57,0.605127141
run_157_repetition_4,DONE,zopfli,zopfli/iconv-lite--iconv-lite-0.7.2.tgz,0.51,0.06,0.007811063
run_192_repetition_5,DONE,zstd,zstd/@eslint__eslintrc--eslintrc-3.3.5.tar.zst,0.32,0.04,0.0053113
run_258_repetition_12,DONE,brotli,brotli/@next__swc-linux-arm64-musl--swc-linux-arm64-musl-16.2.6.tar.br,40.62,4.9,0.634346479
run_7_repetition_6,DONE,npm,npm/strict-uri-encode--strict-uri-encode-2.0.0.tgz,0.36,0.04,0.005002187
run_308_repetition_19,DONE,brotli,brotli/typescript--typescript-6.0.3.tar.br,4.27,0.51,0.065894903
run_95_repetition_11,DONE,xz,xz/immer--immer-11.1.8.tar.xz,0.76,0.09,0.011835836
run_146_repetition_26,DONE,zopfli,zopfli/date-fns--date-fns-4.3.0.tgz,12.17,1.48,0.193033746
run_52_repetition_23,DONE,npm,npm/@opentelemetry__semantic-conventions--semantic-conventions-1.41.1.tgz,4.8,0.57,0.075055852
run_17_repetition_24,DONE,npm,npm/source-list-map--source-list-map-2.0.1.tgz,0.35,0.04,0.005065956
run_188_repetition_15,DONE,zopfli,zopfli/xml2js--xml2js-0.6.2.tgz,2.03,0.24,0.03178301
run_100_repetition_19,DONE,xz,xz/next--next-16.2.6.tar.xz,73.24,8.71,1.148301139
run_137_repetition_15,DONE,zopfli,zopfli/@types__glob--glob-9.0.0.tgz,0.26,0.03,0.003486375
run_311_repetition_5,DONE,brotli,brotli/whatwg-mimetype--whatwg-mimetype-5.0.0.tar.br,0.31,0.04,0.004531828
run_135_repetition_27,DONE,zopfli,zopfli/@radix-ui__primitive--primitive-1.1.3.tgz,0.26,0.03,0.003701718
run_256_repetition_12,DONE,brotli,brotli/@ethersproject__abstract-signer--abstract-signer-5.8.0.tar.br,0.32,0.04,0.004496826
run_251_repetition_6,DONE,zstd,zstd/xml2js--xml2js-0.6.2.tar.zst,0.99,0.11,0.014634762
run_183_repetition_5,DONE,zopfli,zopfli/watchpack-chokidar2--watchpack-chokidar2-2.0.1.tgz,0.26,0.03,0.004113745
run_286_repetition_15,DONE,brotli,brotli/libphonenumber-js--libphonenumber-js-1.13.3.tar.br,1.86,0.23,0.02943233
run_310_repetition_6,DONE,brotli,brotli/webpack--webpack-5.107.1.tar.br,1.86,0.22,0.028655294
run_207_repetition_14,DONE,zstd,zstd/babel-plugin-transform-exponentiation-operator--babel-plugin-transform-exponentiation-operator-6.24.1.tar.zst,0.19,0.02,0.003377683
run_41_repetition_24,DONE,npm,npm/immer--immer-11.1.8.tgz,0.81,0.1,0.012421462
run_273_repetition_4,DONE,brotli,brotli/dom-accessibility-api--dom-accessibility-api-0.7.1.tar.br,0.35,0.04,0.005348713
run_28_repetition_21,DONE,npm,npm/resize-observer-polyfill--resize-observer-polyfill-1.5.1.tgz,0.41,0.05,0.006380099
run_173_repetition_18,DONE,zopfli,zopfli/resize-observer-polyfill--resize-observer-polyfill-1.5.1.tgz,0.35,0.04,0.005446795
run_222_repetition_3,DONE,zstd,zstd/jiti--jiti-2.7.0.tar.zst,0.61,0.07,0.009606054
run_17_repetition_5,DONE,npm,npm/source-list-map--source-list-map-2.0.1.tgz,0.33,0.04,0.005058576
run_209_repetition_11,DONE,zstd,zstd/date-fns--date-fns-4.3.0.tar.zst,3.89,0.46,0.057233716
run_36_repetition_26,DONE,npm,npm/lodash-es--lodash-es-4.18.1.tgz,1.55,0.18,0.024059616
run_194_repetition_10,DONE,zstd,zstd/@modelcontextprotocol__sdk--sdk-1.29.0.tar.zst,0.93,0.11,0.014706722
run_263_repetition_28,DONE,brotli,brotli/@types__glob--glob-9.0.0.tar.br,0.26,0.03,0.003636938
run_275_repetition_21,DONE,brotli,brotli/eslint-config-react-app--eslint-config-react-app-7.0.1.tar.br,0.26,0.03,0.004039562
run_94_repetition_29,DONE,xz,xz/iconv-lite--iconv-lite-0.7.2.tar.xz,1.12,0.14,0.017246034
run_172_repetition_7,DONE,zopfli,zopfli/remove-trailing-separator--remove-trailing-separator-1.1.0.tgz,0.22,0.03,0.003609111
run_118_repetition_17,DONE,xz,xz/ts-node--ts-node-10.9.2.tar.xz,1.08,0.13,0.01728303
run_292_repetition_6,DONE,brotli,brotli/prettier--prettier-3.8.3.tar.br,2.17,0.26,0.034166538
run_183_repetition_27,DONE,zopfli,zopfli/watchpack-chokidar2--watchpack-chokidar2-2.0.1.tgz,0.21,0.03,0.003489578
run_173_repetition_3,DONE,zopfli,zopfli/resize-observer-polyfill--resize-observer-polyfill-1.5.1.tgz,0.32,0.04,0.005061713
run_195_repetition_28,DONE,zstd,zstd/@next__swc-linux-arm64-musl--swc-linux-arm64-musl-16.2.6.tar.zst,30.16,3.58,0.456428252
run_205_repetition_7,DONE,zstd,zstd/babel-helper-get-function-arity--babel-helper-get-function-arity-6.24.1.tar.zst,0.22,0.03,0.003562243
run_246_repetition_1,DONE,zstd,zstd/watchpack-chokidar2--watchpack-chokidar2-2.0.1.tar.zst,0.23,0.03,0.003301069
run_113_repetition_22,DONE,xz,xz/split2--split2-4.2.0.tar.xz,0.26,0.03,0.004092703
run_176_repetition_28,DONE,zopfli,zopfli/split2--split2-4.2.0.tgz,0.29,0.04,0.003942096
run_241_repetition_18,DONE,zstd,zstd/style-loader--style-loader-4.0.0.tar.zst,0.25,0.03,0.00369077
run_158_repetition_6,DONE,zopfli,zopfli/immer--immer-11.1.8.tgz,0.76,0.09,0.011917968
run_216_repetition_22,DONE,zstd,zstd/got--got-15.0.5.tar.zst,0.32,0.04,0.00483473
run_242_repetition_0,DONE,zstd,zstd/tailwindcss--tailwindcss-4.3.0.tar.zst,0.39,0.05,0.005819552
run_209_repetition_22,DONE,zstd,zstd/date-fns--date-fns-4.3.0.tar.zst,3.91,0.45,0.057447793
run_263_repetition_11,DONE,brotli,brotli/@types__glob--glob-9.0.0.tar.br,0.26,0.03,0.004008792
run_199_repetition_23,DONE,zstd,zstd/@sindresorhus__is--is-8.1.0.tar.zst,0.29,0.03,0.003907356
run_195_repetition_20,DONE,zstd,zstd/@next__swc-linux-arm64-musl--swc-linux-arm64-musl-16.2.6.tar.zst,30.2,3.56,0.456553974
run_187_repetition_23,DONE,zopfli,zopfli/workbox-streams--workbox-streams-7.4.1.tgz,0.32,0.04,0.00496777
run_48_repetition_8,DONE,npm,npm/highlight.js--highlight.js-11.11.1.tgz,3.96,0.46,0.060565292
run_262_repetition_16,DONE,brotli,brotli/@sindresorhus__is--is-8.1.0.tar.br,0.32,0.04,0.004779175
run_58_repetition_11,DONE,npm,npm/@esbuild__linux-ia32--linux-ia32-0.28.0.tgz,7.33,0.87,0.114949769
run_31_repetition_16,DONE,npm,npm/dom-accessibility-api--dom-accessibility-api-0.7.1.tgz,0.45,0.05,0.007146085
run_296_repetition_3,DONE,brotli,brotli/react-dom--react-dom-19.2.6.tar.br,1.18,0.14,0.018654275
run_1_repetition_24,DONE,npm,npm/client-only--client-only-0.0.1.tgz,0.29,0.03,0.004451717
run_222_repetition_5,DONE,zstd,zstd/jiti--jiti-2.7.0.tar.zst,0.64,0.08,0.009679189
run_205_repetition_27,DONE,zstd,zstd/babel-helper-get-function-arity--babel-helper-get-function-arity-6.24.1.tar.zst,0.2,0.02,0.003322923
run_127_repetition_25,DONE,zopfli,zopfli/@babel__plugin-transform-regexp-modifiers--plugin-transform-regexp-modifiers-7.28.6.tgz,0.26,0.03,0.003561872
run_188_repetition_0,DONE,zopfli,zopfli/xml2js--xml2js-0.6.2.tgz,2.03,0.24,0.031824356
run_129_repetition_7,DONE,zopfli,zopfli/@eslint__eslintrc--eslintrc-3.3.5.tgz,0.57,0.07,0.009079397
run_18_repetition_25,DONE,npm,npm/fetch-blob--fetch-blob-4.0.0.tgz,0.32,0.04,0.005482855
run_78_repetition_15,DONE,xz,xz/aws-sdk--aws-sdk-2.1693.0.tar.xz,45.94,5.41,0.720780191
run_96_repetition_19,DONE,xz,xz/jiti--jiti-2.7.0.tar.xz,2.1,0.25,0.033093892
run_313_repetition_14,DONE,brotli,brotli/workbox-streams--workbox-streams-7.4.1.tar.br,0.32,0.04,0.004639659
run_18_repetition_19,DONE,npm,npm/fetch-blob--fetch-blob-4.0.0.tgz,0.33,0.04,0.004814409
run_86_repetition_27,DONE,xz,xz/eslint-config-react-app--eslint-config-react-app-7.0.1.tar.xz,0.3,0.03,0.004317186
run_167_repetition_24,DONE,zopfli,zopfli/prismjs--prismjs-1.30.0.tgz,1.81,0.22,0.027711022
run_52_repetition_3,DONE,npm,npm/@opentelemetry__semantic-conventions--semantic-conventions-1.41.1.tgz,4.83,0.57,0.075480661
run_8_repetition_2,DONE,npm,npm/@babel__plugin-transform-regexp-modifiers--plugin-transform-regexp-modifiers-7.28.6.tgz,0.32,0.04,0.004543871
run_148_repetition_10,DONE,zopfli,zopfli/encoding-sniffer--encoding-sniffer-1.0.2.tgz,0.31,0.04,0.004997168
run_165_repetition_21,DONE,zopfli,zopfli/path-dirname--path-dirname-1.0.2.tgz,0.23,0.03,0.003483862
run_31_repetition_26,DONE,npm,npm/dom-accessibility-api--dom-accessibility-api-0.7.1.tgz,0.48,0.06,0.007042125
run_252_repetition_26,DONE,brotli,brotli/@aws-cdk__cloud-assembly-schema--cloud-assembly-schema-53.27.0.tar.br,0.51,0.06,0.007697907
run_125_repetition_18,DONE,xz,xz/xml2js--xml2js-0.6.2.tar.xz,4.08,0.48,0.06402382
run_126_repetition_20,DONE,zopfli,zopfli/@aws-cdk__cloud-assembly-schema--cloud-assembly-schema-53.27.0.tgz,0.7,0.08,0.010836199
run_74_repetition_2,DONE,xz,xz/@types__glob--glob-9.0.0.tar.xz,0.26,0.03,0.003940838
run_53_repetition_14,DONE,npm,npm/libphonenumber-js--libphonenumber-js-1.13.3.tgz,5.33,0.62,0.082261967
run_154_repetition_26,DONE,zopfli,zopfli/has-to-string-tag-x--has-to-string-tag-x-2.1.2.tgz,0.26,0.03,0.004639106
run_96_repetition_14,DONE,xz,xz/jiti--jiti-2.7.0.tar.xz,2.13,0.25,0.033050567
run_227_repetition_13,DONE,zstd,zstd/node-notifier--node-notifier-10.0.1.tar.zst,1.38,0.16,0.020914667
run_198_repetition_2,DONE,zstd,zstd/@radix-ui__primitive--primitive-1.1.3.tar.zst,0.23,0.03,0.003373538
run_19_repetition_21,DONE,npm,npm/whatwg-mimetype--whatwg-mimetype-5.0.0.tgz,0.31,0.04,0.00491259
run_118_repetition_20,DONE,xz,xz/ts-node--ts-node-10.9.2.tar.xz,1.09,0.13,0.016822953
run_192_repetition_14,DONE,zstd,zstd/@eslint__eslintrc--eslintrc-3.3.5.tar.zst,0.36,0.04,0.005255525
run_301_repetition_15,DONE,brotli,brotli/source-list-map--source-list-map-2.0.1.tar.br,0.26,0.03,0.003968106
run_233_repetition_18,DONE,zstd,zstd/react-dom--react-dom-19.2.6.tar.zst,1.13,0.14,0.017721684
run_267_repetition_12,DONE,brotli,brotli/aws-sdk--aws-sdk-2.1693.0.tar.br,12.93,1.57,0.200172348
run_95_repetition_28,DONE,xz,xz/immer--immer-11.1.8.tar.xz,0.76,0.09,0.011611829
run_18_repetition_21,DONE,npm,npm/fetch-blob--fetch-blob-4.0.0.tgz,0.32,0.04,0.004851556
run_41_repetition_16,DONE,npm,npm/immer--immer-11.1.8.tgz,0.8,0.09,0.012153659
run_70_repetition_24,DONE,xz,xz/@opentelemetry__semantic-conventions--semantic-conventions-1.41.1.tar.xz,3.03,0.36,0.047210883
run_131_repetition_17,DONE,zopfli,zopfli/@modelcontextprotocol__sdk--sdk-1.29.0.tgz,2.51,0.3,0.039513526
run_245_repetition_25,DONE,zstd,zstd/typescript--typescript-6.0.3.tar.zst,3.92,0.46,0.05809301
run_314_repetition_14,DONE,brotli,brotli/xml2js--xml2js-0.6.2.tar.br,1.28,0.15,0.019978552
run_49_repetition_3,DONE,npm,npm/xml2js--xml2js-0.6.2.tgz,2.07,0.25,0.032454029
run_302_repetition_28,DONE,brotli,brotli/split2--split2-4.2.0.tar.br,0.3,0.03,0.004184927
run_180_repetition_16,DONE,zopfli,zopfli/tar--tar-7.5.15.tgz,1.56,0.18,0.024222
run_173_repetition_12,DONE,zopfli,zopfli/resize-observer-polyfill--resize-observer-polyfill-1.5.1.tgz,0.31,0.04,0.004936135
run_198_repetition_9,DONE,zstd,zstd/@radix-ui__primitive--primitive-1.1.3.tar.zst,0.25,0.03,0.003185165
run_47_repetition_5,DONE,npm,npm/protobufjs--protobufjs-8.4.2.tgz,1.88,0.22,0.029344409
run_114_repetition_25,DONE,xz,xz/strict-uri-encode--strict-uri-encode-2.0.0.tar.xz,0.28,0.03,0.00390057
run_10_repetition_23,DONE,npm,npm/path-dirname--path-dirname-1.0.2.tgz,0.32,0.04,0.004918186
run_152_repetition_20,DONE,zopfli,zopfli/fetch-blob--fetch-blob-4.0.0.tgz,0.31,0.04,0.003806416
run_226_repetition_28,DONE,zstd,zstd/next--next-16.2.6.tar.zst,21.16,2.5,0.313194798
run_126_repetition_16,DONE,zopfli,zopfli/@aws-cdk__cloud-assembly-schema--cloud-assembly-schema-53.27.0.tgz,0.7,0.08,0.010595372
run_88_repetition_2,DONE,xz,xz/ethers--ethers-6.16.0.tar.xz,6.7,0.79,0.104600712
run_210_repetition_28,DONE,zstd,zstd/dom-accessibility-api--dom-accessibility-api-0.7.1.tar.zst,0.36,0.03,0.004667094
run_283_repetition_18,DONE,brotli,brotli/iconv-lite--iconv-lite-0.7.2.tar.br,0.48,0.05,0.007380281
run_128_repetition_14,DONE,zopfli,zopfli/@esbuild__linux-ia32--linux-ia32-0.28.0.tgz,7.53,0.89,0.118877043
run_288_repetition_24,DONE,brotli,brotli/lodash-es--lodash-es-4.18.1.tar.br,0.58,0.07,0.008548318
run_275_repetition_6,DONE,brotli,brotli/eslint-config-react-app--eslint-config-react-app-7.0.1.tar.br,0.26,0.03,0.00415038
run_274_repetition_22,DONE,brotli,brotli/encoding-sniffer--encoding-sniffer-1.0.2.tar.br,0.32,0.04,0.004487784
run_293_repetition_1,DONE,brotli,brotli/prismjs--prismjs-1.30.0.tar.br,0.99,0.12,0.015888416
run_158_repetition_5,DONE,zopfli,zopfli/immer--immer-11.1.8.tgz,0.79,0.1,0.012114724
run_231_repetition_19,DONE,zstd,zstd/prop-types--prop-types-15.8.1.tar.zst,0.26,0.03,0.003798273
run_122_repetition_5,DONE,xz,xz/whatwg-mimetype--whatwg-mimetype-5.0.0.tar.xz,0.32,0.04,0.005012159
run_309_repetition_23,DONE,brotli,brotli/watchpack-chokidar2--watchpack-chokidar2-2.0.1.tar.br,0.26,0.03,0.003855599
run_120_repetition_6,DONE,xz,xz/watchpack-chokidar2--watchpack-chokidar2-2.0.1.tar.xz,0.29,0.03,0.00408461
run_246_repetition_2,DONE,zstd,zstd/watchpack-chokidar2--watchpack-chokidar2-2.0.1.tar.zst,0.22,0.03,0.003389727
run_263_repetition_27,DONE,brotli,brotli/@types__glob--glob-9.0.0.tar.br,0.26,0.03,0.003928917
run_234_repetition_10,DONE,zstd,zstd/react-error-overlay--react-error-overlay-6.1.0.tar.zst,0.36,0.04,0.005425891
run_60_repetition_3,DONE,npm,npm/aws-sdk--aws-sdk-2.1693.0.tgz,37.36,4.49,0.584810137
run_247_repetition_15,DONE,zstd,zstd/webpack--webpack-5.107.1.tar.zst,1.52,0.18,0.022573117
run_115_repetition_9,DONE,xz,xz/style-loader--style-loader-4.0.0.tar.xz,0.32,0.04,0.005012361
run_284_repetition_6,DONE,brotli,brotli/immer--immer-11.1.8.tar.br,0.45,0.05,0.006907761
run_147_repetition_29,DONE,zopfli,zopfli/dom-accessibility-api--dom-accessibility-api-0.7.1.tgz,0.38,0.05,0.006218088
run_188_repetition_2,DONE,zopfli,zopfli/xml2js--xml2js-0.6.2.tgz,2.07,0.24,0.032043947
run_147_repetition_16,DONE,zopfli,zopfli/dom-accessibility-api--dom-accessibility-api-0.7.1.tgz,0.38,0.05,0.006230891
run_35_repetition_12,DONE,npm,npm/@eslint__eslintrc--eslintrc-3.3.5.tgz,0.61,0.07,0.009676455
run_278_repetition_15,DONE,brotli,brotli/fetch-blob--fetch-blob-4.0.0.tar.br,0.28,0.03,0.004355776
run_157_repetition_25,DONE,zopfli,zopfli/iconv-lite--iconv-lite-0.7.2.tgz,0.51,0.06,0.007582392
run_71_repetition_15,DONE,xz,xz/@parcel__watcher--watcher-2.5.6.tar.xz,0.42,0.05,0.006686081
run_179_repetition_15,DONE,zopfli,zopfli/tailwindcss--tailwindcss-4.3.0.tgz,0.7,0.08,0.010565912
run_126_repetition_10,DONE,zopfli,zopfli/@aws-cdk__cloud-assembly-schema--cloud-assembly-schema-53.27.0.tgz,0.67,0.08,0.010668742
run_297_repetition_16,DONE,brotli,brotli/react-error-overlay--react-error-overlay-6.1.0.tar.br,0.45,0.05,0.006588861
run_21_repetition_25,DONE,npm,npm/style-loader--style-loader-4.0.0.tgz,0.36,0.04,0.005157817
run_302_repetition_2,DONE,brotli,brotli/split2--split2-4.2.0.tar.br,0.26,0.03,0.00376515
run_20_repetition_28,DONE,npm,npm/linkify-it--linkify-it-5.0.1.tgz,0.32,0.04,0.005065484
run_265_repetition_3,DONE,brotli,brotli/@vue__reactivity--reactivity-3.5.34.tar.br,0.39,0.05,0.005588948
run_94_repetition_28,DONE,xz,xz/iconv-lite--iconv-lite-0.7.2.tar.xz,1.12,0.14,0.01727707
run_259_repetition_9,DONE,brotli,brotli/@opentelemetry__semantic-conventions--semantic-conventions-1.41.1.tar.br,1.67,0.2,0.025723932
run_228_repetition_17,DONE,zstd,zstd/path-dirname--path-dirname-1.0.2.tar.zst,0.19,0.02,0.003356431
run_197_repetition_21,DONE,zstd,zstd/@parcel__watcher--watcher-2.5.6.tar.zst,0.26,0.03,0.004140445
run_222_repetition_13,DONE,zstd,zstd/jiti--jiti-2.7.0.tar.zst,0.62,0.08,0.009457264
run_28_repetition_18,DONE,npm,npm/resize-observer-polyfill--resize-observer-polyfill-1.5.1.tgz,0.44,0.05,0.005973977
run_22_repetition_17,DONE,npm,npm/@ethersproject__abstract-signer--abstract-signer-5.8.0.tgz,0.39,0.05,0.005220345
run_207_repetition_7,DONE,zstd,zstd/babel-plugin-transform-exponentiation-operator--babel-plugin-transform-exponentiation-operator-6.24.1.tar.zst,0.23,0.03,0.003445159
run_254_repetition_18,DONE,brotli,brotli/@esbuild__linux-ia32--linux-ia32-0.28.0.tar.br,5.69,0.67,0.088968551
run_134_repetition_0,DONE,zopfli,zopfli/@parcel__watcher--watcher-2.5.6.tgz,0.32,0.04,0.005048366
run_103_repetition_24,DONE,xz,xz/prettier--prettier-3.8.3.tar.xz,6.57,0.78,0.103208381
run_287_repetition_28,DONE,brotli,brotli/linkify-it--linkify-it-5.0.1.tar.br,0.33,0.04,0.004252586
run_225_repetition_24,DONE,zstd,zstd/lodash-es--lodash-es-4.18.1.tar.zst,0.44,0.05,0.007179901
run_127_repetition_13,DONE,zopfli,zopfli/@babel__plugin-transform-regexp-modifiers--plugin-transform-regexp-modifiers-7.28.6.tgz,0.24,0.03,0.003536383
run_77_repetition_14,DONE,xz,xz/assert-plus--assert-plus-1.0.0.tar.xz,0.26,0.03,0.003996556
run_253_repetition_3,DONE,brotli,brotli/@babel__plugin-transform-regexp-modifiers--plugin-transform-regexp-modifiers-7.28.6.tar.br,0.26,0.03,0.003941686
run_193_repetition_27,DONE,zstd,zstd/@ethersproject__abstract-signer--abstract-signer-5.8.0.tar.zst,0.28,0.03,0.003852844
run_78_repetition_19,DONE,xz,xz/aws-sdk--aws-sdk-2.1693.0.tar.xz,45.89,5.44,0.722458718
run_271_repetition_6,DONE,brotli,brotli/client-only--client-only-0.0.1.tar.br,0.25,0.03,0.003900195
run_156_repetition_6,DONE,zopfli,zopfli/html-escaper--html-escaper-3.0.3.tgz,0.26,0.03,0.003958717
run_223_repetition_19,DONE,zstd,zstd/libphonenumber-js--libphonenumber-js-1.13.3.tar.zst,1.66,0.2,0.024167745
run_125_repetition_25,DONE,xz,xz/xml2js--xml2js-0.6.2.tar.xz,4.08,0.47,0.064182169
run_86_repetition_1,DONE,xz,xz/eslint-config-react-app--eslint-config-react-app-7.0.1.tar.xz,0.28,0.03,0.004480622
run_22_repetition_14,DONE,npm,npm/@ethersproject__abstract-signer--abstract-signer-5.8.0.tgz,0.35,0.04,0.005257489
run_233_repetition_12,DONE,zstd,zstd/react-dom--react-dom-19.2.6.tar.zst,1.15,0.14,0.017703023
run_209_repetition_16,DONE,zstd,zstd/date-fns--date-fns-4.3.0.tar.zst,3.87,0.46,0.057629599
run_5_repetition_20,DONE,npm,npm/babel-plugin-transform-exponentiation-operator--babel-plugin-transform-exponentiation-operator-6.24.1.tgz,0.31,0.04,0.004659664
run_300_repetition_24,DONE,brotli,brotli/shallowequal--shallowequal-1.1.0.tar.br,0.29,0.04,0.004063958
run_155_repetition_29,DONE,zopfli,zopfli/highlight.js--highlight.js-11.11.1.tgz,3.6,0.43,0.056919874
run_30_repetition_13,DONE,npm,npm/workbox-routing--workbox-routing-7.4.1.tgz,0.46,0.05,0.00676504
run_128_repetition_29,DONE,zopfli,zopfli/@esbuild__linux-ia32--linux-ia32-0.28.0.tgz,7.55,0.89,0.119172598
run_292_repetition_8,DONE,brotli,brotli/prettier--prettier-3.8.3.tar.br,2.17,0.26,0.033937847
run_298_repetition_20,DONE,brotli,brotli/remove-trailing-separator--remove-trailing-separator-1.1.0.tar.br,0.23,0.03,0.003874
run_7_repetition_2,DONE,npm,npm/strict-uri-encode--strict-uri-encode-2.0.0.tgz,0.28,0.03,0.004637737
run_289_repetition_23,DONE,brotli,brotli/next--next-16.2.6.tar.br,22.59,2.72,0.350882788
run_180_repetition_27,DONE,zopfli,zopfli/tar--tar-7.5.15.tgz,1.55,0.18,0.023983781
run_254_repetition_29,DONE,brotli,brotli/@esbuild__linux-ia32--linux-ia32-0.28.0.tar.br,5.69,0.66,0.088483591
run_221_repetition_23,DONE,zstd,zstd/immer--immer-11.1.8.tar.zst,0.36,0.04,0.005656839
run_152_repetition_2,DONE,zopfli,zopfli/fetch-blob--fetch-blob-4.0.0.tgz,0.26,0.03,0.004036495
run_39_repetition_13,DONE,npm,npm/iconv-lite--iconv-lite-0.7.2.tgz,0.51,0.06,0.008128199
run_27_repetition_21,DONE,npm,npm/has-to-string-tag-x--has-to-string-tag-x-2.1.2.tgz,0.35,0.04,0.005479735
run_290_repetition_10,DONE,brotli,brotli/node-notifier--node-notifier-10.0.1.tar.br,2.56,0.3,0.039595162
run_154_repetition_25,DONE,zopfli,zopfli/has-to-string-tag-x--has-to-string-tag-x-2.1.2.tgz,0.32,0.04,0.004866901
run_63_repetition_2,DONE,xz,xz/@aws-cdk__cloud-assembly-schema--cloud-assembly-schema-53.27.0.tar.xz,1.0,0.11,0.015459492
run_38_repetition_23,DONE,npm,npm/tailwindcss--tailwindcss-4.3.0.tgz,0.68,0.08,0.010613298
run_14_repetition_28,DONE,npm,npm/split2--split2-4.2.0.tgz,0.32,0.04,0.004790297
run_158_repetition_23,DONE,zopfli,zopfli/immer--immer-11.1.8.tgz,0.73,0.08,0.011944227
run_179_repetition_22,DONE,zopfli,zopfli/tailwindcss--tailwindcss-4.3.0.tgz,0.63,0.08,0.010041899
run_195_repetition_15,DONE,zstd,zstd/@next__swc-linux-arm64-musl--swc-linux-arm64-musl-16.2.6.tar.zst,29.51,3.46,0.447327647
run_120_repetition_21,DONE,xz,xz/watchpack-chokidar2--watchpack-chokidar2-2.0.1.tar.xz,0.26,0.03,0.004049612
run_92_repetition_1,DONE,xz,xz/highlight.js--highlight.js-11.11.1.tar.xz,3.86,0.46,0.060149088
run_229_repetition_4,DONE,zstd,zstd/prettier--prettier-3.8.3.tar.zst,1.66,0.2,0.024719957
run_47_repetition_7,DONE,npm,npm/protobufjs--protobufjs-8.4.2.tgz,1.89,0.22,0.029641666
run_125_repetition_15,DONE,xz,xz/xml2js--xml2js-0.6.2.tar.xz,4.08,0.49,0.064233699
run_46_repetition_19,DONE,npm,npm/@modelcontextprotocol__sdk--sdk-1.29.0.tgz,2.26,0.27,0.034260763
run_3_repetition_0,DONE,npm,npm/@types__uuid--uuid-11.0.0.tgz,0.36,0.04,0.005517248
run_287_repetition_13,DONE,brotli,brotli/linkify-it--linkify-it-5.0.1.tar.br,0.29,0.03,0.00438924
run_157_repetition_19,DONE,zopfli,zopfli/iconv-lite--iconv-lite-0.7.2.tgz,0.52,0.06,0.007616259
run_91_repetition_1,DONE,xz,xz/has-to-string-tag-x--has-to-string-tag-x-2.1.2.tar.xz,0.35,0.04,0.005820184
run_63_repetition_9,DONE,xz,xz/@aws-cdk__cloud-assembly-schema--cloud-assembly-schema-53.27.0.tar.xz,0.99,0.12,0.015444578
run_213_repetition_1,DONE,zstd,zstd/eslint-plugin-import--eslint-plugin-import-2.32.0.tar.zst,0.54,0.06,0.008833066
run_13_repetition_23,DONE,npm,npm/assert-plus--assert-plus-1.0.0.tgz,0.29,0.03,0.004822678
run_154_repetition_4,DONE,zopfli,zopfli/has-to-string-tag-x--has-to-string-tag-x-2.1.2.tgz,0.32,0.04,0.004684032
run_257_repetition_28,DONE,brotli,brotli/@modelcontextprotocol__sdk--sdk-1.29.0.tar.br,1.02,0.12,0.016266906
run_175_repetition_5,DONE,zopfli,zopfli/source-list-map--source-list-map-2.0.1.tgz,0.26,0.03,0.003933893
run_69_repetition_22,DONE,xz,xz/@next__swc-linux-arm64-musl--swc-linux-arm64-musl-16.2.6.tar.xz,154.32,18.17,2.424088711
run_146_repetition_28,DONE,zopfli,zopfli/date-fns--date-fns-4.3.0.tgz,12.25,1.46,0.193249907
run_169_repetition_11,DONE,zopfli,zopfli/protobufjs--protobufjs-8.4.2.tgz,1.91,0.22,0.029807871
run_43_repetition_2,DONE,npm,npm/jiti--jiti-2.7.0.tgz,1.21,0.14,0.018756027
run_48_repetition_27,DONE,npm,npm/highlight.js--highlight.js-11.11.1.tgz,3.94,0.45,0.060366298
run_273_repetition_8,DONE,brotli,brotli/dom-accessibility-api--dom-accessibility-api-0.7.1.tar.br,0.39,0.04,0.005733844
run_36_repetition_27,DONE,npm,npm/lodash-es--lodash-es-4.18.1.tgz,1.59,0.18,0.024230184
run_22_repetition_1,DONE,npm,npm/@ethersproject__abstract-signer--abstract-signer-5.8.0.tgz,0.38,0.05,0.005702298
run_29_repetition_9,DONE,npm,npm/@parcel__watcher--watcher-2.5.6.tgz,0.42,0.05,0.006292774
run_201_repetition_27,DONE,zstd,zstd/@types__uuid--uuid-11.0.0.tar.zst,0.19,0.02,0.003230698
run_243_repetition_14,DONE,zstd,zstd/tar--tar-7.5.15.tar.zst,0.61,0.07,0.009715627
run_190_repetition_15,DONE,zstd,zstd/@babel__plugin-transform-regexp-modifiers--plugin-transform-regexp-modifiers-7.28.6.tar.zst,0.27,0.03,0.003329076
run_31_repetition_24,DONE,npm,npm/dom-accessibility-api--dom-accessibility-api-0.7.1.tgz,0.49,0.06,0.007074456
run_260_repetition_2,DONE,brotli,brotli/@parcel__watcher--watcher-2.5.6.tar.br,0.33,0.04,0.004880554
run_107_repetition_11,DONE,xz,xz/react-dom--react-dom-19.2.6.tar.xz,2.49,0.29,0.039115857
run_5_repetition_16,DONE,npm,npm/babel-plugin-transform-exponentiation-operator--babel-plugin-transform-exponentiation-operator-6.24.1.tgz,0.33,0.04,0.004880927
run_117_repetition_9,DONE,xz,xz/tar--tar-7.5.15.tar.xz,1.63,0.19,0.025428505
run_162_repetition_19,DONE,zopfli,zopfli/lodash-es--lodash-es-4.18.1.tgz,0.89,0.11,0.013942434
run_302_repetition_19,DONE,brotli,brotli/split2--split2-4.2.0.tar.br,0.26,0.03,0.003945152
run_66_repetition_17,DONE,xz,xz/@eslint__eslintrc--eslintrc-3.3.5.tar.xz,0.64,0.08,0.010283269
run_207_repetition_26,DONE,zstd,zstd/babel-plugin-transform-exponentiation-operator--babel-plugin-transform-exponentiation-operator-6.24.1.tar.zst,0.19,0.02,0.003273788
run_55_repetition_13,DONE,npm,npm/prettier--prettier-3.8.3.tgz,4.81,0.57,0.075115163
run_206_repetition_21,DONE,zstd,zstd/babel-plugin-check-es2015-constants--babel-plugin-check-es2015-constants-6.22.0.tar.zst,0.23,0.03,0.003326323
run_156_repetition_17,DONE,zopfli,zopfli/html-escaper--html-escaper-3.0.3.tgz,0.25,0.03,0.003653152
run_38_repetition_5,DONE,npm,npm/tailwindcss--tailwindcss-4.3.0.tgz,0.75,0.09,0.010893182
run_23_repetition_7,DONE,npm,npm/prop-types--prop-types-15.8.1.tgz,0.35,0.04,0.005295205
run_128_repetition_16,DONE,zopfli,zopfli/@esbuild__linux-ia32--linux-ia32-0.28.0.tgz,7.55,0.89,0.119214049
run_145_repetition_14,DONE,zopfli,zopfli/client-only--client-only-0.0.1.tgz,0.26,0.03,0.003607199
run_308_repetition_13,DONE,brotli,brotli/typescript--typescript-6.0.3.tar.br,4.13,0.49,0.064367032
run_167_repetition_28,DONE,zopfli,zopfli/prismjs--prismjs-1.30.0.tgz,1.77,0.22,0.027425288
run_222_repetition_4,DONE,zstd,zstd/jiti--jiti-2.7.0.tar.zst,0.63,0.08,0.009493002
run_249_repetition_27,DONE,zstd,zstd/workbox-routing--workbox-routing-7.4.1.tar.zst,0.29,0.03,0.004513908
run_242_repetition_23,DONE,zstd,zstd/tailwindcss--tailwindcss-4.3.0.tar.zst,0.39,0.05,0.005833711
run_61_repetition_16,DONE,npm,npm/next--next-16.2.6.tgz,79.5,9.36,1.239876122
run_147_repetition_23,DONE,zopfli,zopfli/dom-accessibility-api--dom-accessibility-api-0.7.1.tgz,0.45,0.05,0.006453568
run_188_repetition_27,DONE,zopfli,zopfli/xml2js--xml2js-0.6.2.tgz,2.0,0.24,0.031643363
run_78_repetition_25,DONE,xz,xz/aws-sdk--aws-sdk-2.1693.0.tar.xz,45.97,5.46,0.720014469
run_235_repetition_10,DONE,zstd,zstd/remove-trailing-separator--remove-trailing-separator-1.1.0.tar.zst,0.23,0.03,0.003382291
run_150_repetition_6,DONE,zopfli,zopfli/eslint-plugin-import--eslint-plugin-import-2.32.0.tgz,1.17,0.14,0.018105374
run_291_repetition_0,DONE,brotli,brotli/path-dirname--path-dirname-1.0.2.tar.br,0.3,0.03,0.004166164
run_83_repetition_16,DONE,xz,xz/date-fns--date-fns-4.3.0.tar.xz,9.68,1.14,0.151975137
run_31_repetition_28,DONE,npm,npm/dom-accessibility-api--dom-accessibility-api-0.7.1.tgz,0.52,0.06,0.007286111
run_130_repetition_13,DONE,zopfli,zopfli/@ethersproject__abstract-signer--abstract-signer-5.8.0.tgz,0.32,0.04,0.004778309
run_43_repetition_14,DONE,npm,npm/jiti--jiti-2.7.0.tgz,1.33,0.15,0.018748478
run_164_repetition_2,DONE,zopfli,zopfli/node-notifier--node-notifier-10.0.1.tgz,3.4,0.4,0.053648272
run_182_repetition_8,DONE,zopfli,zopfli/typescript--typescript-6.0.3.tgz,11.27,1.32,0.177359358
run_25_repetition_27,DONE,npm,npm/encoding-sniffer--encoding-sniffer-1.0.2.tgz,0.38,0.05,0.0057262
run_215_repetition_16,DONE,zstd,zstd/fetch-blob--fetch-blob-4.0.0.tar.zst,0.26,0.03,0.003411527
run_281_repetition_22,DONE,brotli,brotli/highlight.js--highlight.js-11.11.1.tar.br,1.61,0.19,0.025074588
run_270_repetition_6,DONE,brotli,brotli/babel-plugin-transform-exponentiation-operator--babel-plugin-transform-exponentiation-operator-6.24.1.tar.br,0.29,0.03,0.004039391
run_154_repetition_22,DONE,zopfli,zopfli/has-to-string-tag-x--has-to-string-tag-x-2.1.2.tgz,0.36,0.04,0.004991991
run_313_repetition_2,DONE,brotli,brotli/workbox-streams--workbox-streams-7.4.1.tar.br,0.36,0.04,0.005021563
run_36_repetition_15,DONE,npm,npm/lodash-es--lodash-es-4.18.1.tgz,1.55,0.18,0.02391292
run_211_repetition_22,DONE,zstd,zstd/encoding-sniffer--encoding-sniffer-1.0.2.tar.zst,0.26,0.03,0.004002767
run_84_repetition_8,DONE,xz,xz/dom-accessibility-api--dom-accessibility-api-0.7.1.tar.xz,0.51,0.06,0.007982199
run_55_repetition_5,DONE,npm,npm/prettier--prettier-3.8.3.tgz,4.75,0.56,0.074651792
run_216_repetition_13,DONE,zstd,zstd/got--got-15.0.5.tar.zst,0.32,0.04,0.004616873
run_159_repetition_23,DONE,zopfli,zopfli/jiti--jiti-2.7.0.tgz,1.21,0.14,0.018274189
run_44_repetition_9,DONE,npm,npm/tar--tar-7.5.15.tgz,1.49,0.17,0.022969287
run_75_repetition_24,DONE,xz,xz/@types__uuid--uuid-11.0.0.tar.xz,0.23,0.02,0.003424968
run_308_repetition_25,DONE,brotli,brotli/typescript--typescript-6.0.3.tar.br,4.22,0.5,0.065541045
run_34_repetition_8,DONE,npm,npm/react-error-overlay--react-error-overlay-6.1.0.tgz,0.54,0.06,0.008153436
run_197_repetition_20,DONE,zstd,zstd/@parcel__watcher--watcher-2.5.6.tar.zst,0.26,0.03,0.004117823
run_3_repetition_4,DONE,npm,npm/@types__uuid--uuid-11.0.0.tgz,0.35,0.04,0.005375159
run_198_repetition_13,DONE,zstd,zstd/@radix-ui__primitive--primitive-1.1.3.tar.zst,0.22,0.03,0.003346974
run_276_repetition_13,DONE,brotli,brotli/eslint-plugin-import--eslint-plugin-import-2.32.0.tar.br,0.74,0.09,0.011448848
run_108_repetition_2,DONE,xz,xz/react-error-overlay--react-error-overlay-6.1.0.tar.xz,0.95,0.11,0.014636613
run_139_repetition_5,DONE,zopfli,zopfli/@vue__reactivity--reactivity-3.5.34.tgz,0.45,0.05,0.006695007
run_6_repetition_14,DONE,npm,npm/babel-plugin-check-es2015-constants--babel-plugin-check-es2015-constants-6.22.0.tgz,0.32,0.04,0.0047084
run_116_repetition_1,DONE,xz,xz/tailwindcss--tailwindcss-4.3.0.tar.xz,0.87,0.1,0.013822645
run_68_repetition_8,DONE,xz,xz/@modelcontextprotocol__sdk--sdk-1.29.0.tar.xz,2.3,0.27,0.03607352
run_225_repetition_10,DONE,zstd,zstd/lodash-es--lodash-es-4.18.1.tar.zst,0.52,0.06,0.007421224
run_238_repetition_25,DONE,zstd,zstd/source-list-map--source-list-map-2.0.1.tar.zst,0.26,0.03,0.003514814
run_82_repetition_28,DONE,xz,xz/client-only--client-only-0.0.1.tar.xz,0.26,0.03,0.003929829
run_263_repetition_20,DONE,brotli,brotli/@types__glob--glob-9.0.0.tar.br,0.26,0.03,0.004030335
run_154_repetition_2,DONE,zopfli,zopfli/has-to-string-tag-x--has-to-string-tag-x-2.1.2.tgz,0.36,0.04,0.00479727
run_204_repetition_26,DONE,zstd,zstd/aws-sdk--aws-sdk-2.1693.0.tar.zst,14.72,1.72,0.219369495
run_158_repetition_28,DONE,zopfli,zopfli/immer--immer-11.1.8.tgz,0.76,0.09,0.01195282
run_305_repetition_20,DONE,brotli,brotli/tailwindcss--tailwindcss-4.3.0.tar.br,0.45,0.05,0.007500802
run_142_repetition_25,DONE,zopfli,zopfli/babel-helper-get-function-arity--babel-helper-get-function-arity-6.24.1.tgz,0.23,0.03,0.003480233
run_264_repetition_29,DONE,brotli,brotli/@types__uuid--uuid-11.0.0.tar.br,0.26,0.03,0.003990555
run_222_repetition_18,DONE,zstd,zstd/jiti--jiti-2.7.0.tar.zst,0.67,0.08,0.009648421
run_86_repetition_8,DONE,xz,xz/eslint-config-react-app--eslint-config-react-app-7.0.1.tar.xz,0.28,0.03,0.004492116
run_176_repetition_10,DONE,zopfli,zopfli/split2--split2-4.2.0.tgz,0.29,0.03,0.003885698
run_212_repetition_18,DONE,zstd,zstd/eslint-config-react-app--eslint-config-react-app-7.0.1.tar.zst,0.27,0.03,0.003442796
run_251_repetition_14,DONE,zstd,zstd/xml2js--xml2js-0.6.2.tar.zst,0.99,0.12,0.014321681
run_81_repetition_16,DONE,xz,xz/babel-plugin-transform-exponentiation-operator--babel-plugin-transform-exponentiation-operator-6.24.1.tar.xz,0.29,0.03,0.004017295
run_203_repetition_12,DONE,zstd,zstd/assert-plus--assert-plus-1.0.0.tar.zst,0.26,0.03,0.003414704
run_13_repetition_29,DONE,npm,npm/assert-plus--assert-plus-1.0.0.tgz,0.29,0.03,0.004707713
run_111_repetition_11,DONE,xz,xz/shallowequal--shallowequal-1.1.0.tar.xz,0.26,0.03,0.004044877
run_6_repetition_8,DONE,npm,npm/babel-plugin-check-es2015-constants--babel-plugin-check-es2015-constants-6.22.0.tgz,0.32,0.04,0.0047632
run_21_repetition_21,DONE,npm,npm/style-loader--style-loader-4.0.0.tgz,0.39,0.04,0.005156893
run_216_repetition_0,DONE,zstd,zstd/got--got-15.0.5.tar.zst,0.33,0.04,0.004861481
run_244_repetition_23,DONE,zstd,zstd/ts-node--ts-node-10.9.2.tar.zst,0.45,0.05,0.006317854
run_226_repetition_19,DONE,zstd,zstd/next--next-16.2.6.tar.zst,21.21,2.52,0.313305454
run_101_repetition_18,DONE,xz,xz/node-notifier--node-notifier-10.0.1.tar.xz,8.38,0.97,0.131354893
run_59_repetition_4,DONE,npm,npm/typescript--typescript-6.0.3.tgz,11.12,1.31,0.174094747
run_35_repetition_9,DONE,npm,npm/@eslint__eslintrc--eslintrc-3.3.5.tgz,0.62,0.07,0.009574182
run_4_repetition_14,DONE,npm,npm/@types__glob--glob-9.0.0.tgz,0.39,0.05,0.005668675
run_197_repetition_3,DONE,zstd,zstd/@parcel__watcher--watcher-2.5.6.tar.zst,0.29,0.03,0.004174087
run_171_repetition_21,DONE,zopfli,zopfli/react-error-overlay--react-error-overlay-6.1.0.tgz,0.48,0.06,0.007701264
run_141_repetition_16,DONE,zopfli,zopfli/aws-sdk--aws-sdk-2.1693.0.tgz,38.18,4.56,0.604805806
run_306_repetition_4,DONE,brotli,brotli/tar--tar-7.5.15.tar.br,0.74,0.09,0.011281613
run_115_repetition_17,DONE,xz,xz/style-loader--style-loader-4.0.0.tar.xz,0.32,0.04,0.005093522
run_71_repetition_3,DONE,xz,xz/@parcel__watcher--watcher-2.5.6.tar.xz,0.42,0.05,0.006686298
run_226_repetition_17,DONE,zstd,zstd/next--next-16.2.6.tar.zst,20.82,2.49,0.30883295
run_180_repetition_13,DONE,zopfli,zopfli/tar--tar-7.5.15.tgz,1.5,0.18,0.023789275
run_271_repetition_17,DONE,brotli,brotli/client-only--client-only-0.0.1.tar.br,0.23,0.03,0.00357799
run_215_repetition_18,DONE,zstd,zstd/fetch-blob--fetch-blob-4.0.0.tar.zst,0.22,0.03,0.003407964
run_307_repetition_15,DONE,brotli,brotli/ts-node--ts-node-10.9.2.tar.br,0.52,0.06,0.008108148
run_84_repetition_12,DONE,xz,xz/dom-accessibility-api--dom-accessibility-api-0.7.1.tar.xz,0.52,0.06,0.007820926
run_272_repetition_21,DONE,brotli,brotli/date-fns--date-fns-4.3.0.tar.br,3.78,0.46,0.058682045
run_7_repetition_11,DONE,npm,npm/strict-uri-encode--strict-uri-encode-2.0.0.tgz,0.29,0.03,0.004626916
run_53_repetition_8,DONE,npm,npm/libphonenumber-js--libphonenumber-js-1.13.3.tgz,5.27,0.61,0.081504857
run_81_repetition_23,DONE,xz,xz/babel-plugin-transform-exponentiation-operator--babel-plugin-transform-exponentiation-operator-6.24.1.tar.xz,0.23,0.03,0.003702524
run_28_repetition_6,DONE,npm,npm/resize-observer-polyfill--resize-observer-polyfill-1.5.1.tgz,0.38,0.04,0.005850358
run_140_repetition_14,DONE,zopfli,zopfli/assert-plus--assert-plus-1.0.0.tgz,0.29,0.03,0.003975891
run_41_repetition_1,DONE,npm,npm/immer--immer-11.1.8.tgz,0.81,0.09,0.012123209
run_103_repetition_14,DONE,xz,xz/prettier--prettier-3.8.3.tar.xz,6.61,0.77,0.103052385
run_59_repetition_23,DONE,npm,npm/typescript--typescript-6.0.3.tgz,11.14,1.3,0.174514761
run_63_repetition_20,DONE,xz,xz/@aws-cdk__cloud-assembly-schema--cloud-assembly-schema-53.27.0.tar.xz,1.02,0.12,0.015459825
run_129_repetition_3,DONE,zopfli,zopfli/@eslint__eslintrc--eslintrc-3.3.5.tgz,0.58,0.07,0.009276378
run_37_repetition_15,DONE,npm,npm/@aws-cdk__cloud-assembly-schema--cloud-assembly-schema-53.27.0.tgz,0.71,0.08,0.010723249
run_113_repetition_29,DONE,xz,xz/split2--split2-4.2.0.tar.xz,0.26,0.03,0.004202921
run_132_repetition_27,DONE,zopfli,zopfli/@next__swc-linux-arm64-musl--swc-linux-arm64-musl-16.2.6.tgz,73.9,8.66,1.165691179
run_290_repetition_0,DONE,brotli,brotli/node-notifier--node-notifier-10.0.1.tar.br,2.56,0.31,0.039451046
run_80_repetition_14,DONE,xz,xz/babel-plugin-check-es2015-constants--babel-plugin-check-es2015-constants-6.22.0.tar.xz,0.23,0.03,0.003546641
run_50_repetition_13,DONE,npm,npm/react-dom--react-dom-19.2.6.tgz,3.45,0.4,0.054630945
run_217_repetition_28,DONE,zstd,zstd/has-to-string-tag-x--has-to-string-tag-x-2.1.2.tar.zst,0.29,0.03,0.004075627
run_125_repetition_13,DONE,xz,xz/xml2js--xml2js-0.6.2.tar.xz,4.11,0.48,0.064005949
run_297_repetition_5,DONE,brotli,brotli/react-error-overlay--react-error-overlay-6.1.0.tar.br,0.45,0.05,0.006699533
run_19_repetition_17,DONE,npm,npm/whatwg-mimetype--whatwg-mimetype-5.0.0.tgz,0.32,0.04,0.005096203
run_142_repetition_14,DONE,zopfli,zopfli/babel-helper-get-function-arity--babel-helper-get-function-arity-6.24.1.tgz,0.25,0.03,0.003553396
run_74_repetition_20,DONE,xz,xz/@types__glob--glob-9.0.0.tar.xz,0.29,0.04,0.003948324
run_150_repetition_11,DONE,zopfli,zopfli/eslint-plugin-import--eslint-plugin-import-2.32.0.tgz,1.11,0.13,0.017595296
run_88_repetition_26,DONE,xz,xz/ethers--ethers-6.16.0.tar.xz,6.69,0.79,0.104878551
run_99_repetition_16,DONE,xz,xz/lodash-es--lodash-es-4.18.1.tar.xz,1.02,0.12,0.015826601
run_155_repetition_22,DONE,zopfli,zopfli/highlight.js--highlight.js-11.11.1.tgz,3.55,0.42,0.056059683
run_21_repetition_20,DONE,npm,npm/style-loader--style-loader-4.0.0.tgz,0.32,0.04,0.00511739
run_232_repetition_28,DONE,zstd,zstd/protobufjs--protobufjs-8.4.2.tar.zst,0.71,0.08,0.011054912
run_128_repetition_8,DONE,zopfli,zopfli/@esbuild__linux-ia32--linux-ia32-0.28.0.tgz,7.59,0.89,0.119209758
run_275_repetition_8,DONE,brotli,brotli/eslint-config-react-app--eslint-config-react-app-7.0.1.tar.br,0.26,0.03,0.003993969
run_82_repetition_1,DONE,xz,xz/client-only--client-only-0.0.1.tar.xz,0.26,0.03,0.003494607
run_220_repetition_14,DONE,zstd,zstd/iconv-lite--iconv-lite-0.7.2.tar.zst,0.35,0.04,0.005242438
run_244_repetition_1,DONE,zstd,zstd/ts-node--ts-node-10.9.2.tar.zst,0.42,0.05,0.006334614
run_184_repetition_2,DONE,zopfli,zopfli/webpack--webpack-5.107.1.tgz,3.68,0.44,0.057570324
run_70_repetition_12,DONE,xz,xz/@opentelemetry__semantic-conventions--semantic-conventions-1.41.1.tar.xz,3.08,0.36,0.047631461
run_302_repetition_7,DONE,brotli,brotli/split2--split2-4.2.0.tar.br,0.26,0.03,0.003819772
run_140_repetition_22,DONE,zopfli,zopfli/assert-plus--assert-plus-1.0.0.tgz,0.23,0.03,0.00382235
run_272_repetition_19,DONE,brotli,brotli/date-fns--date-fns-4.3.0.tar.br,3.79,0.46,0.058350804
run_61_repetition_5,DONE,npm,npm/next--next-16.2.6.tgz,79.46,9.33,1.239102649
run_38_repetition_12,DONE,npm,npm/tailwindcss--tailwindcss-4.3.0.tgz,0.68,0.08,0.010589314
run_296_repetition_21,DONE,brotli,brotli/react-dom--react-dom-19.2.6.tar.br,1.22,0.14,0.018374788
run_10_repetition_2,DONE,npm,npm/path-dirname--path-dirname-1.0.2.tgz,0.35,0.04,0.004727671
run_40_repetition_17,DONE,npm,npm/ts-node--ts-node-10.9.2.tgz,0.75,0.09,0.011486322
run_4_repetition_26,DONE,npm,npm/@types__glob--glob-9.0.0.tgz,0.39,0.05,0.005886908
run_144_repetition_28,DONE,zopfli,zopfli/babel-plugin-transform-exponentiation-operator--babel-plugin-transform-exponentiation-operator-6.24.1.tgz,0.25,0.03,0.003718205
run_296_repetition_8,DONE,brotli,brotli/react-dom--react-dom-19.2.6.tar.br,1.25,0.15,0.019052423
run_166_repetition_0,DONE,zopfli,zopfli/prettier--prettier-3.8.3.tgz,4.87,0.58,0.076991596
run_47_repetition_14,DONE,npm,npm/protobufjs--protobufjs-8.4.2.tgz,1.86,0.22,0.029402334
run_14_repetition_9,DONE,npm,npm/split2--split2-4.2.0.tgz,0.29,0.03,0.004773203
run_79_repetition_5,DONE,xz,xz/babel-helper-get-function-arity--babel-helper-get-function-arity-6.24.1.tar.xz,0.26,0.03,0.003833032
run_5_repetition_17,DONE,npm,npm/babel-plugin-transform-exponentiation-operator--babel-plugin-transform-exponentiation-operator-6.24.1.tgz,0.3,0.04,0.004561736
run_3_repetition_1,DONE,npm,npm/@types__uuid--uuid-11.0.0.tgz,0.35,0.04,0.005364128
run_120_repetition_9,DONE,xz,xz/watchpack-chokidar2--watchpack-chokidar2-2.0.1.tar.xz,0.26,0.03,0.003732744
run_39_repetition_9,DONE,npm,npm/iconv-lite--iconv-lite-0.7.2.tgz,0.54,0.06,0.00815174
run_11_repetition_22,DONE,npm,npm/shallowequal--shallowequal-1.1.0.tgz,0.3,0.03,0.004396081
run_49_repetition_21,DONE,npm,npm/xml2js--xml2js-0.6.2.tgz,2.07,0.25,0.032363015
run_184_repetition_22,DONE,zopfli,zopfli/webpack--webpack-5.107.1.tgz,3.64,0.43,0.0577201
run_260_repetition_21,DONE,brotli,brotli/@parcel__watcher--watcher-2.5.6.tar.br,0.32,0.04,0.005114148
run_262_repetition_9,DONE,brotli,brotli/@sindresorhus__is--is-8.1.0.tar.br,0.32,0.04,0.004688756
run_47_repetition_28,DONE,npm,npm/protobufjs--protobufjs-8.4.2.tgz,1.92,0.22,0.029752057
run_23_repetition_19,DONE,npm,npm/prop-types--prop-types-15.8.1.tgz,0.33,0.04,0.005079933
run_262_repetition_19,DONE,brotli,brotli/@sindresorhus__is--is-8.1.0.tar.br,0.32,0.04,0.004738286
run_299_repetition_17,DONE,brotli,brotli/resize-observer-polyfill--resize-observer-polyfill-1.5.1.tar.br,0.32,0.03,0.004810088
run_110_repetition_7,DONE,xz,xz/resize-observer-polyfill--resize-observer-polyfill-1.5.1.tar.xz,0.36,0.04,0.005671014
run_252_repetition_21,DONE,brotli,brotli/@aws-cdk__cloud-assembly-schema--cloud-assembly-schema-53.27.0.tar.br,0.55,0.06,0.007893498
run_265_repetition_24,DONE,brotli,brotli/@vue__reactivity--reactivity-3.5.34.tar.br,0.35,0.04,0.005270302
run_27_repetition_7,DONE,npm,npm/has-to-string-tag-x--has-to-string-tag-x-2.1.2.tgz,0.35,0.04,0.005218542
run_242_repetition_13,DONE,zstd,zstd/tailwindcss--tailwindcss-4.3.0.tar.zst,0.41,0.05,0.006093045
run_170_repetition_2,DONE,zopfli,zopfli/react-dom--react-dom-19.2.6.tgz,3.52,0.41,0.05495319
run_180_repetition_17,DONE,zopfli,zopfli/tar--tar-7.5.15.tgz,1.53,0.18,0.023777531
run_185_repetition_22,DONE,zopfli,zopfli/whatwg-mimetype--whatwg-mimetype-5.0.0.tgz,0.25,0.03,0.003998575
run_228_repetition_2,DONE,zstd,zstd/path-dirname--path-dirname-1.0.2.tar.zst,0.19,0.02,0.003412018
run_188_repetition_5,DONE,zopfli,zopfli/xml2js--xml2js-0.6.2.tgz,2.01,0.23,0.031692212
run_2_repetition_23,DONE,npm,npm/babel-helper-get-function-arity--babel-helper-get-function-arity-6.24.1.tgz,0.29,0.03,0.004881874
run_293_repetition_25,DONE,brotli,brotli/prismjs--prismjs-1.30.0.tar.br,1.1,0.13,0.016373287
run_133_repetition_9,DONE,zopfli,zopfli/@opentelemetry__semantic-conventions--semantic-conventions-1.41.1.tgz,4.92,0.58,0.077596079
run_159_repetition_13,DONE,zopfli,zopfli/jiti--jiti-2.7.0.tgz,1.17,0.14,0.01856266
run_27_repetition_25,DONE,npm,npm/has-to-string-tag-x--has-to-string-tag-x-2.1.2.tgz,0.33,0.04,0.005515876
run_198_repetition_25,DONE,zstd,zstd/@radix-ui__primitive--primitive-1.1.3.tar.zst,0.26,0.03,0.003376304
run_166_repetition_5,DONE,zopfli,zopfli/prettier--prettier-3.8.3.tgz,4.93,0.58,0.077335727
run_191_repetition_10,DONE,zstd,zstd/@esbuild__linux-ia32--linux-ia32-0.28.0.tar.zst,3.07,0.36,0.046597509
run_186_repetition_13,DONE,zopfli,zopfli/workbox-routing--workbox-routing-7.4.1.tgz,0.45,0.05,0.006342142
run_107_repetition_13,DONE,xz,xz/react-dom--react-dom-19.2.6.tar.xz,2.56,0.3,0.039581134
run_135_repetition_10,DONE,zopfli,zopfli/@radix-ui__primitive--primitive-1.1.3.tgz,0.3,0.04,0.00401319
run_27_repetition_27,DONE,npm,npm/has-to-string-tag-x--has-to-string-tag-x-2.1.2.tgz,0.39,0.04,0.005557331
run_108_repetition_23,DONE,xz,xz/react-error-overlay--react-error-overlay-6.1.0.tar.xz,0.96,0.11,0.014498233
run_86_repetition_24,DONE,xz,xz/eslint-config-react-app--eslint-config-react-app-7.0.1.tar.xz,0.32,0.04,0.004586756
run_166_repetition_27,DONE,zopfli,zopfli/prettier--prettier-3.8.3.tgz,4.92,0.58,0.077491421
run_177_repetition_23,DONE,zopfli,zopfli/strict-uri-encode--strict-uri-encode-2.0.0.tgz,0.25,0.03,0.003780894
run_114_repetition_20,DONE,xz,xz/strict-uri-encode--strict-uri-encode-2.0.0.tar.xz,0.33,0.03,0.004268111
run_167_repetition_15,DONE,zopfli,zopfli/prismjs--prismjs-1.30.0.tgz,1.81,0.21,0.027860571
run_255_repetition_0,DONE,brotli,brotli/@eslint__eslintrc--eslintrc-3.3.5.tar.br,0.43,0.05,0.006473618
run_240_repetition_4,DONE,zstd,zstd/strict-uri-encode--strict-uri-encode-2.0.0.tar.zst,0.26,0.03,0.003355624
run_38_repetition_14,DONE,npm,npm/tailwindcss--tailwindcss-4.3.0.tgz,0.71,0.08,0.010899513
run_69_repetition_0,DONE,xz,xz/@next__swc-linux-arm64-musl--swc-linux-arm64-musl-16.2.6.tar.xz,153.94,18.31,2.421352957
run_179_repetition_14,DONE,zopfli,zopfli/tailwindcss--tailwindcss-4.3.0.tgz,0.67,0.08,0.009932992
run_59_repetition_27,DONE,npm,npm/typescript--typescript-6.0.3.tgz,11.14,1.33,0.174282942
run_277_repetition_0,DONE,brotli,brotli/ethers--ethers-6.16.0.tar.br,2.7,0.33,0.04177585
run_154_repetition_12,DONE,zopfli,zopfli/has-to-string-tag-x--has-to-string-tag-x-2.1.2.tgz,0.32,0.04,0.004894218
run_18_repetition_29,DONE,npm,npm/fetch-blob--fetch-blob-4.0.0.tgz,0.34,0.04,0.005237319
run_55_repetition_25,DONE,npm,npm/prettier--prettier-3.8.3.tgz,4.79,0.56,0.075066937
run_197_repetition_18,DONE,zstd,zstd/@parcel__watcher--watcher-2.5.6.tar.zst,0.29,0.04,0.004121529
run_75_repetition_7,DONE,xz,xz/@types__uuid--uuid-11.0.0.tar.xz,0.26,0.03,0.003528453
run_202_repetition_28,DONE,zstd,zstd/@vue__reactivity--reactivity-3.5.34.tar.zst,0.29,0.03,0.004337493
run_21_repetition_29,DONE,npm,npm/style-loader--style-loader-4.0.0.tgz,0.35,0.04,0.005232844
run_211_repetition_25,DONE,zstd,zstd/encoding-sniffer--encoding-sniffer-1.0.2.tar.zst,0.29,0.03,0.004112803
run_122_repetition_9,DONE,xz,xz/whatwg-mimetype--whatwg-mimetype-5.0.0.tar.xz,0.36,0.04,0.005484461
run_135_repetition_1,DONE,zopfli,zopfli/@radix-ui__primitive--primitive-1.1.3.tgz,0.26,0.03,0.003625748
run_269_repetition_17,DONE,brotli,brotli/babel-plugin-check-es2015-constants--babel-plugin-check-es2015-constants-6.22.0.tar.br,0.32,0.04,0.004443755
run_39_repetition_20,DONE,npm,npm/iconv-lite--iconv-lite-0.7.2.tgz,0.51,0.06,0.008279957
run_92_repetition_15,DONE,xz,xz/highlight.js--highlight.js-11.11.1.tar.xz,3.86,0.45,0.060598002
run_60_repetition_0,DONE,npm,npm/aws-sdk--aws-sdk-2.1693.0.tgz,37.42,4.41,0.585304507
run_192_repetition_28,DONE,zstd,zstd/@eslint__eslintrc--eslintrc-3.3.5.tar.zst,0.32,0.04,0.005333791
run_68_repetition_5,DONE,xz,xz/@modelcontextprotocol__sdk--sdk-1.29.0.tar.xz,2.29,0.27,0.03600029
run_300_repetition_25,DONE,brotli,brotli/shallowequal--shallowequal-1.1.0.tar.br,0.22,0.03,0.003917526
run_283_repetition_28,DONE,brotli,brotli/iconv-lite--iconv-lite-0.7.2.tar.br,0.51,0.06,0.007270768
run_304_repetition_21,DONE,brotli,brotli/style-loader--style-loader-4.0.0.tar.br,0.26,0.03,0.004195034
run_44_repetition_0,DONE,npm,npm/tar--tar-7.5.15.tgz,1.5,0.17,0.022925324
run_110_repetition_23,DONE,xz,xz/resize-observer-polyfill--resize-observer-polyfill-1.5.1.tar.xz,0.38,0.05,0.005702305
run_289_repetition_0,DONE,brotli,brotli/next--next-16.2.6.tar.br,22.71,2.78,0.350899479
run_81_repetition_9,DONE,xz,xz/babel-plugin-transform-exponentiation-operator--babel-plugin-transform-exponentiation-operator-6.24.1.tar.xz,0.26,0.03,0.003858872
run_239_repetition_26,DONE,zstd,zstd/split2--split2-4.2.0.tar.zst,0.21,0.02,0.003356796
run_180_repetition_2,DONE,zopfli,zopfli/tar--tar-7.5.15.tgz,1.56,0.19,0.024355035
run_71_repetition_24,DONE,xz,xz/@parcel__watcher--watcher-2.5.6.tar.xz,0.45,0.05,0.006975638
run_210_repetition_7,DONE,zstd,zstd/dom-accessibility-api--dom-accessibility-api-0.7.1.tar.zst,0.33,0.03,0.00460271
run_203_repetition_14,DONE,zstd,zstd/assert-plus--assert-plus-1.0.0.tar.zst,0.23,0.03,0.003445079
run_185_repetition_3,DONE,zopfli,zopfli/whatwg-mimetype--whatwg-mimetype-5.0.0.tgz,0.29,0.03,0.004567772
run_87_repetition_6,DONE,xz,xz/eslint-plugin-import--eslint-plugin-import-2.32.0.tar.xz,2.06,0.24,0.031188075
run_243_repetition_10,DONE,zstd,zstd/tar--tar-7.5.15.tar.zst,0.65,0.08,0.009722425
run_246_repetition_21,DONE,zstd,zstd/watchpack-chokidar2--watchpack-chokidar2-2.0.1.tar.zst,0.19,0.02,0.003213213
run_167_repetition_14,DONE,zopfli,zopfli/prismjs--prismjs-1.30.0.tgz,1.77,0.2,0.027467154
run_246_repetition_5,DONE,zstd,zstd/watchpack-chokidar2--watchpack-chokidar2-2.0.1.tar.zst,0.26,0.03,0.003316148
run_243_repetition_21,DONE,zstd,zstd/tar--tar-7.5.15.tar.zst,0.64,0.07,0.009787049
run_264_repetition_0,DONE,brotli,brotli/@types__uuid--uuid-11.0.0.tar.br,0.26,0.03,0.004125166
run_273_repetition_20,DONE,brotli,brotli/dom-accessibility-api--dom-accessibility-api-0.7.1.tar.br,0.36,0.04,0.005229048
run_31_repetition_23,DONE,npm,npm/dom-accessibility-api--dom-accessibility-api-0.7.1.tgz,0.46,0.05,0.007092854
run_223_repetition_25,DONE,zstd,zstd/libphonenumber-js--libphonenumber-js-1.13.3.tar.zst,1.63,0.19,0.024657066
run_9_repetition_17,DONE,npm,npm/remove-trailing-separator--remove-trailing-separator-1.1.0.tgz,0.32,0.04,0.004556714
run_78_repetition_20,DONE,xz,xz/aws-sdk--aws-sdk-2.1693.0.tar.xz,45.93,5.45,0.72005431
run_108_repetition_1,DONE,xz,xz/react-error-overlay--react-error-overlay-6.1.0.tar.xz,0.9,0.11,0.014177311
run_106_repetition_15,DONE,xz,xz/protobufjs--protobufjs-8.4.2.tar.xz,1.86,0.22,0.028476947
run_86_repetition_4,DONE,xz,xz/eslint-config-react-app--eslint-config-react-app-7.0.1.tar.xz,0.29,0.03,0.004530336
run_308_repetition_21,DONE,brotli,brotli/typescript--typescript-6.0.3.tar.br,4.24,0.51,0.065505033
run_41_repetition_3,DONE,npm,npm/immer--immer-11.1.8.tgz,0.8,0.09,0.012325702
run_50_repetition_27,DONE,npm,npm/react-dom--react-dom-19.2.6.tgz,3.52,0.42,0.054541708
run_30_repetition_29,DONE,npm,npm/workbox-routing--workbox-routing-7.4.1.tgz,0.44,0.06,0.006860674
run_227_repetition_15,DONE,zstd,zstd/node-notifier--node-notifier-10.0.1.tar.zst,1.41,0.16,0.021128683
run_23_repetition_16,DONE,npm,npm/prop-types--prop-types-15.8.1.tgz,0.35,0.04,0.005211418
run_149_repetition_7,DONE,zopfli,zopfli/eslint-config-react-app--eslint-config-react-app-7.0.1.tgz,0.26,0.03,0.00368465
run_139_repetition_4,DONE,zopfli,zopfli/@vue__reactivity--reactivity-3.5.34.tgz,0.41,0.05,0.006498379
run_100_repetition_18,DONE,xz,xz/next--next-16.2.6.tar.xz,73.24,8.63,1.146240439
run_104_repetition_18,DONE,xz,xz/prismjs--prismjs-1.30.0.tar.xz,2.74,0.32,0.042878446
run_136_repetition_28,DONE,zopfli,zopfli/@sindresorhus__is--is-8.1.0.tgz,0.32,0.04,0.004758178
run_8_repetition_24,DONE,npm,npm/@babel__plugin-transform-regexp-modifiers--plugin-transform-regexp-modifiers-7.28.6.tgz,0.29,0.03,0.004665983
run_2_repetition_27,DONE,npm,npm/babel-helper-get-function-arity--babel-helper-get-function-arity-6.24.1.tgz,0.33,0.04,0.004691032
run_153_repetition_22,DONE,zopfli,zopfli/got--got-15.0.5.tgz,0.45,0.05,0.007050614
run_139_repetition_27,DONE,zopfli,zopfli/@vue__reactivity--reactivity-3.5.34.tgz,0.45,0.05,0.006597862
run_37_repetition_26,DONE,npm,npm/@aws-cdk__cloud-assembly-schema--cloud-assembly-schema-53.27.0.tgz,0.67,0.08,0.010575295
run_305_repetition_12,DONE,brotli,brotli/tailwindcss--tailwindcss-4.3.0.tar.br,0.49,0.06,0.007393971
run_59_repetition_10,DONE,npm,npm/typescript--typescript-6.0.3.tgz,11.2,1.32,0.174848451
run_148_repetition_17,DONE,zopfli,zopfli/encoding-sniffer--encoding-sniffer-1.0.2.tgz,0.32,0.04,0.004927275
run_234_repetition_2,DONE,zstd,zstd/react-error-overlay--react-error-overlay-6.1.0.tar.zst,0.33,0.04,0.005176288
run_299_repetition_1,DONE,brotli,brotli/resize-observer-polyfill--resize-observer-polyfill-1.5.1.tar.br,0.32,0.04,0.004557625
run_180_repetition_7,DONE,zopfli,zopfli/tar--tar-7.5.15.tgz,1.56,0.19,0.023919812
run_234_repetition_17,DONE,zstd,zstd/react-error-overlay--react-error-overlay-6.1.0.tar.zst,0.38,0.04,0.005376927
run_254_repetition_17,DONE,brotli,brotli/@esbuild__linux-ia32--linux-ia32-0.28.0.tar.br,5.61,0.66,0.088167119
run_171_repetition_15,DONE,zopfli,zopfli/react-error-overlay--react-error-overlay-6.1.0.tgz,0.51,0.06,0.007515967
run_26_repetition_21,DONE,npm,npm/workbox-streams--workbox-streams-7.4.1.tgz,0.42,0.05,0.005965427
run_203_repetition_11,DONE,zstd,zstd/assert-plus--assert-plus-1.0.0.tar.zst,0.25,0.03,0.003396489
run_165_repetition_20,DONE,zopfli,zopfli/path-dirname--path-dirname-1.0.2.tgz,0.23,0.03,0.003659726
run_56_repetition_8,DONE,npm,npm/ethers--ethers-6.16.0.tgz,6.9,0.8,0.10709883
run_216_repetition_19,DONE,zstd,zstd/got--got-15.0.5.tar.zst,0.32,0.04,0.004746834
run_69_repetition_15,DONE,xz,xz/@next__swc-linux-arm64-musl--swc-linux-arm64-musl-16.2.6.tar.xz,154.44,18.34,2.421662256
run_17_repetition_3,DONE,npm,npm/source-list-map--source-list-map-2.0.1.tgz,0.32,0.04,0.004873301
run_43_repetition_26,DONE,npm,npm/jiti--jiti-2.7.0.tgz,1.21,0.14,0.018814254
run_44_repetition_21,DONE,npm,npm/tar--tar-7.5.15.tgz,1.52,0.18,0.022836584
run_177_repetition_12,DONE,zopfli,zopfli/strict-uri-encode--strict-uri-encode-2.0.0.tgz,0.25,0.03,0.003720568
run_269_repetition_1,DONE,brotli,brotli/babel-plugin-check-es2015-constants--babel-plugin-check-es2015-constants-6.22.0.tar.br,0.26,0.03,0.003993336
run_73_repetition_19,DONE,xz,xz/@sindresorhus__is--is-8.1.0.tar.xz,0.39,0.05,0.00583827
run_281_repetition_16,DONE,brotli,brotli/highlight.js--highlight.js-11.11.1.tar.br,1.54,0.18,0.024446838
run_100_repetition_25,DONE,xz,xz/next--next-16.2.6.tar.xz,73.09,8.63,1.144632728
run_303_repetition_20,DONE,brotli,brotli/strict-uri-encode--strict-uri-encode-2.0.0.tar.br,0.26,0.03,0.00390118
run_0_repetition_7,DONE,npm,npm/watchpack-chokidar2--watchpack-chokidar2-2.0.1.tgz,0.32,0.04,0.004648
run_159_repetition_8,DONE,zopfli,zopfli/jiti--jiti-2.7.0.tgz,1.14,0.14,0.018448712
run_295_repetition_9,DONE,brotli,brotli/protobufjs--protobufjs-8.4.2.tar.br,0.83,0.1,0.012849687
run_107_repetition_16,DONE,xz,xz/react-dom--react-dom-19.2.6.tar.xz,2.49,0.3,0.039101741
run_223_repetition_3,DONE,zstd,zstd/libphonenumber-js--libphonenumber-js-1.13.3.tar.zst,1.67,0.2,0.024551377
run_230_repetition_29,DONE,zstd,zstd/prismjs--prismjs-1.30.0.tar.zst,0.82,0.1,0.011920637
run_13_repetition_25,DONE,npm,npm/assert-plus--assert-plus-1.0.0.tgz,0.32,0.04,0.004718186
run_284_repetition_11,DONE,brotli,brotli/immer--immer-11.1.8.tar.br,0.49,0.05,0.006782537
run_136_repetition_8,DONE,zopfli,zopfli/@sindresorhus__is--is-8.1.0.tgz,0.29,0.03,0.004676139
run_45_repetition_6,DONE,npm,npm/prismjs--prismjs-1.30.0.tgz,1.9,0.22,0.028559379
run_47_repetition_24,DONE,npm,npm/protobufjs--protobufjs-8.4.2.tgz,1.92,0.23,0.029451597
run_194_repetition_28,DONE,zstd,zstd/@modelcontextprotocol__sdk--sdk-1.29.0.tar.zst,0.9,0.11,0.014609448
run_185_repetition_9,DONE,zopfli,zopfli/whatwg-mimetype--whatwg-mimetype-5.0.0.tgz,0.26,0.03,0.003934889
run_97_repetition_22,DONE,xz,xz/libphonenumber-js--libphonenumber-js-1.13.3.tar.xz,4.35,0.52,0.067483212
run_307_repetition_27,DONE,brotli,brotli/ts-node--ts-node-10.9.2.tar.br,0.51,0.06,0.007901459
run_45_repetition_15,DONE,npm,npm/prismjs--prismjs-1.30.0.tgz,1.9,0.22,0.02889241
run_310_repetition_28,DONE,brotli,brotli/webpack--webpack-5.107.1.tar.br,1.83,0.22,0.028836924
run_49_repetition_18,DONE,npm,npm/xml2js--xml2js-0.6.2.tgz,2.04,0.24,0.032222222
run_274_repetition_12,DONE,brotli,brotli/encoding-sniffer--encoding-sniffer-1.0.2.tar.br,0.32,0.04,0.004598159
run_239_repetition_6,DONE,zstd,zstd/split2--split2-4.2.0.tar.zst,0.25,0.03,0.003379438
run_165_repetition_29,DONE,zopfli,zopfli/path-dirname--path-dirname-1.0.2.tgz,0.26,0.03,0.003509197
run_68_repetition_27,DONE,xz,xz/@modelcontextprotocol__sdk--sdk-1.29.0.tar.xz,2.28,0.27,0.035717557
run_56_repetition_0,DONE,npm,npm/ethers--ethers-6.16.0.tgz,6.96,0.81,0.107579008
run_109_repetition_28,DONE,xz,xz/remove-trailing-separator--remove-trailing-separator-1.1.0.tar.xz,0.27,0.03,0.004089989
run_7_repetition_21,DONE,npm,npm/strict-uri-encode--strict-uri-encode-2.0.0.tgz,0.28,0.03,0.004517347
run_185_repetition_26,DONE,zopfli,zopfli/whatwg-mimetype--whatwg-mimetype-5.0.0.tgz,0.25,0.04,0.004147702
run_150_repetition_13,DONE,zopfli,zopfli/eslint-plugin-import--eslint-plugin-import-2.32.0.tgz,1.11,0.13,0.017552846
run_117_repetition_29,DONE,xz,xz/tar--tar-7.5.15.tar.xz,1.62,0.19,0.025600191
run_116_repetition_26,DONE,xz,xz/tailwindcss--tailwindcss-4.3.0.tar.xz,0.9,0.1,0.013681743
run_102_repetition_14,DONE,xz,xz/path-dirname--path-dirname-1.0.2.tar.xz,0.26,0.03,0.003773323
run_116_repetition_11,DONE,xz,xz/tailwindcss--tailwindcss-4.3.0.tar.xz,0.86,0.1,0.013578989
run_311_repetition_3,DONE,brotli,brotli/whatwg-mimetype--whatwg-mimetype-5.0.0.tar.br,0.29,0.03,0.004378888
run_19_repetition_13,DONE,npm,npm/whatwg-mimetype--whatwg-mimetype-5.0.0.tgz,0.32,0.04,0.004773506
run_121_repetition_14,DONE,xz,xz/webpack--webpack-5.107.1.tar.xz,5.59,0.65,0.087218597
run_226_repetition_22,DONE,zstd,zstd/next--next-16.2.6.tar.zst,21.22,2.54,0.313450117
run_237_repetition_15,DONE,zstd,zstd/shallowequal--shallowequal-1.1.0.tar.zst,0.23,0.03,0.003336543
run_238_repetition_16,DONE,zstd,zstd/source-list-map--source-list-map-2.0.1.tar.zst,0.23,0.03,0.003550375
run_244_repetition_17,DONE,zstd,zstd/ts-node--ts-node-10.9.2.tar.zst,0.45,0.05,0.006385228
run_222_repetition_28,DONE,zstd,zstd/jiti--jiti-2.7.0.tar.zst,0.64,0.08,0.009440151
run_116_repetition_22,DONE,xz,xz/tailwindcss--tailwindcss-4.3.0.tar.xz,0.9,0.11,0.013547798
run_71_repetition_0,DONE,xz,xz/@parcel__watcher--watcher-2.5.6.tar.xz,0.42,0.05,0.006751561
run_263_repetition_3,DONE,brotli,brotli/@types__glob--glob-9.0.0.tar.br,0.26,0.03,0.003583066
run_19_repetition_9,DONE,npm,npm/whatwg-mimetype--whatwg-mimetype-5.0.0.tgz,0.32,0.04,0.004939871
run_24_repetition_3,DONE,npm,npm/@sindresorhus__is--is-8.1.0.tgz,0.32,0.04,0.005161294
run_69_repetition_12,DONE,xz,xz/@next__swc-linux-arm64-musl--swc-linux-arm64-musl-16.2.6.tar.xz,154.9,18.23,2.42635164
run_125_repetition_6,DONE,xz,xz/xml2js--xml2js-0.6.2.tar.xz,4.12,0.49,0.06416185
run_63_repetition_4,DONE,xz,xz/@aws-cdk__cloud-assembly-schema--cloud-assembly-schema-53.27.0.tar.xz,0.98,0.12,0.015427755
run_6_repetition_29,DONE,npm,npm/babel-plugin-check-es2015-constants--babel-plugin-check-es2015-constants-6.22.0.tgz,0.36,0.04,0.005121854
run_264_repetition_7,DONE,brotli,brotli/@types__uuid--uuid-11.0.0.tar.br,0.26,0.03,0.00389863
run_190_repetition_9,DONE,zstd,zstd/@babel__plugin-transform-regexp-modifiers--plugin-transform-regexp-modifiers-7.28.6.tar.zst,0.22,0.03,0.003305855
run_301_repetition_3,DONE,brotli,brotli/source-list-map--source-list-map-2.0.1.tar.br,0.28,0.03,0.004353274
run_85_repetition_25,DONE,xz,xz/encoding-sniffer--encoding-sniffer-1.0.2.tar.xz,0.38,0.05,0.005896398
run_85_repetition_10,DONE,xz,xz/encoding-sniffer--encoding-sniffer-1.0.2.tar.xz,0.38,0.04,0.00569306
run_89_repetition_19,DONE,xz,xz/fetch-blob--fetch-blob-4.0.0.tar.xz,0.29,0.03,0.004621979
run_103_repetition_27,DONE,xz,xz/prettier--prettier-3.8.3.tar.xz,6.59,0.77,0.103189015
run_178_repetition_4,DONE,zopfli,zopfli/style-loader--style-loader-4.0.0.tgz,0.26,0.03,0.004062773
run_252_repetition_27,DONE,brotli,brotli/@aws-cdk__cloud-assembly-schema--cloud-assembly-schema-53.27.0.tar.br,0.55,0.06,0.008071959
run_64_repetition_8,DONE,xz,xz/@babel__plugin-transform-regexp-modifiers--plugin-transform-regexp-modifiers-7.28.6.tar.xz,0.3,0.04,0.003974845
run_81_repetition_4,DONE,xz,xz/babel-plugin-transform-exponentiation-operator--babel-plugin-transform-exponentiation-operator-6.24.1.tar.xz,0.29,0.03,0.004259208
run_192_repetition_24,DONE,zstd,zstd/@eslint__eslintrc--eslintrc-3.3.5.tar.zst,0.36,0.04,0.005327729
run_263_repetition_24,DONE,brotli,brotli/@types__glob--glob-9.0.0.tar.br,0.29,0.03,0.00404482
run_283_repetition_16,DONE,brotli,brotli/iconv-lite--iconv-lite-0.7.2.tar.br,0.46,0.05,0.007203461
run_150_repetition_29,DONE,zopfli,zopfli/eslint-plugin-import--eslint-plugin-import-2.32.0.tgz,1.12,0.13,0.017820645
run_253_repetition_1,DONE,brotli,brotli/@babel__plugin-transform-regexp-modifiers--plugin-transform-regexp-modifiers-7.28.6.tar.br,0.23,0.03,0.00395183
run_87_repetition_28,DONE,xz,xz/eslint-plugin-import--eslint-plugin-import-2.32.0.tar.xz,1.98,0.23,0.030874376
run_160_repetition_28,DONE,zopfli,zopfli/libphonenumber-js--libphonenumber-js-1.13.3.tgz,5.65,0.67,0.089031685
run_8_repetition_22,DONE,npm,npm/@babel__plugin-transform-regexp-modifiers--plugin-transform-regexp-modifiers-7.28.6.tgz,0.29,0.03,0.00466266
run_256_repetition_3,DONE,brotli,brotli/@ethersproject__abstract-signer--abstract-signer-5.8.0.tar.br,0.25,0.03,0.004190415
run_247_repetition_13,DONE,zstd,zstd/webpack--webpack-5.107.1.tar.zst,1.51,0.18,0.022580911
run_162_repetition_11,DONE,zopfli,zopfli/lodash-es--lodash-es-4.18.1.tgz,0.86,0.1,0.013492338
run_52_repetition_11,DONE,npm,npm/@opentelemetry__semantic-conventions--semantic-conventions-1.41.1.tgz,4.79,0.57,0.074938183
run_35_repetition_7,DONE,npm,npm/@eslint__eslintrc--eslintrc-3.3.5.tgz,0.64,0.08,0.009595118
run_180_repetition_8,DONE,zopfli,zopfli/tar--tar-7.5.15.tgz,1.5,0.18,0.023656533
run_92_repetition_13,DONE,xz,xz/highlight.js--highlight.js-11.11.1.tar.xz,3.87,0.45,0.060302489
run_236_repetition_9,DONE,zstd,zstd/resize-observer-polyfill--resize-observer-polyfill-1.5.1.tar.zst,0.26,0.03,0.003915466
run_148_repetition_8,DONE,zopfli,zopfli/encoding-sniffer--encoding-sniffer-1.0.2.tgz,0.32,0.03,0.004741312
run_223_repetition_12,DONE,zstd,zstd/libphonenumber-js--libphonenumber-js-1.13.3.tar.zst,1.62,0.19,0.024429433
run_51_repetition_6,DONE,npm,npm/webpack--webpack-5.107.1.tgz,3.59,0.42,0.054517927
run_169_repetition_1,DONE,zopfli,zopfli/protobufjs--protobufjs-8.4.2.tgz,1.95,0.23,0.029880874
run_25_repetition_19,DONE,npm,npm/encoding-sniffer--encoding-sniffer-1.0.2.tgz,0.42,0.05,0.006085862
run_109_repetition_9,DONE,xz,xz/remove-trailing-separator--remove-trailing-separator-1.1.0.tar.xz,0.33,0.04,0.004226785
run_235_repetition_28,DONE,zstd,zstd/remove-trailing-separator--remove-trailing-separator-1.1.0.tar.zst,0.23,0.03,0.003406636
run_48_repetition_22,DONE,npm,npm/highlight.js--highlight.js-11.11.1.tgz,3.95,0.45,0.06048358
run_0_repetition_2,DONE,npm,npm/watchpack-chokidar2--watchpack-chokidar2-2.0.1.tgz,0.29,0.03,0.004700208
run_89_repetition_1,DONE,xz,xz/fetch-blob--fetch-blob-4.0.0.tar.xz,0.29,0.04,0.004474645
run_244_repetition_22,DONE,zstd,zstd/ts-node--ts-node-10.9.2.tar.zst,0.38,0.05,0.006246648
run_162_repetition_13,DONE,zopfli,zopfli/lodash-es--lodash-es-4.18.1.tgz,0.86,0.1,0.013532797
run_113_repetition_0,DONE,xz,xz/split2--split2-4.2.0.tar.xz,0.29,0.04,0.004236154
run_8_repetition_26,DONE,npm,npm/@babel__plugin-transform-regexp-modifiers--plugin-transform-regexp-modifiers-7.28.6.tgz,0.29,0.04,0.004456281
run_210_repetition_22,DONE,zstd,zstd/dom-accessibility-api--dom-accessibility-api-0.7.1.tar.zst,0.32,0.04,0.004512195
run_119_repetition_3,DONE,xz,xz/typescript--typescript-6.0.3.tar.xz,13.47,1.57,0.211043916
run_200_repetition_6,DONE,zstd,zstd/@types__glob--glob-9.0.0.tar.zst,0.19,0.02,0.003349424
run_86_repetition_29,DONE,xz,xz/eslint-config-react-app--eslint-config-react-app-7.0.1.tar.xz,0.3,0.04,0.004359734
run_200_repetition_15,DONE,zstd,zstd/@types__glob--glob-9.0.0.tar.zst,0.19,0.02,0.003388704
run_127_repetition_28,DONE,zopfli,zopfli/@babel__plugin-transform-regexp-modifiers--plugin-transform-regexp-modifiers-7.28.6.tgz,0.26,0.03,0.003409344
run_182_repetition_2,DONE,zopfli,zopfli/typescript--typescript-6.0.3.tgz,11.25,1.33,0.177530255
run_314_repetition_9,DONE,brotli,brotli/xml2js--xml2js-0.6.2.tar.br,1.29,0.15,0.019811537
run_47_repetition_11,DONE,npm,npm/protobufjs--protobufjs-8.4.2.tgz,1.89,0.22,0.029411853
run_306_repetition_2,DONE,brotli,brotli/tar--tar-7.5.15.tar.br,0.77,0.09,0.0118554
run_8_repetition_25,DONE,npm,npm/@babel__plugin-transform-regexp-modifiers--plugin-transform-regexp-modifiers-7.28.6.tgz,0.28,0.03,0.004727969
run_201_repetition_23,DONE,zstd,zstd/@types__uuid--uuid-11.0.0.tar.zst,0.26,0.03,0.003372643
run_268_repetition_24,DONE,brotli,brotli/babel-helper-get-function-arity--babel-helper-get-function-arity-6.24.1.tar.br,0.26,0.03,0.003866175
run_229_repetition_23,DONE,zstd,zstd/prettier--prettier-3.8.3.tar.zst,1.66,0.19,0.024789721
run_127_repetition_1,DONE,zopfli,zopfli/@babel__plugin-transform-regexp-modifiers--plugin-transform-regexp-modifiers-7.28.6.tgz,0.25,0.03,0.003669457
run_244_repetition_29,DONE,zstd,zstd/ts-node--ts-node-10.9.2.tar.zst,0.45,0.05,0.00638538
run_212_repetition_25,DONE,zstd,zstd/eslint-config-react-app--eslint-config-react-app-7.0.1.tar.zst,0.23,0.03,0.003488965
run_57_repetition_10,DONE,npm,npm/date-fns--date-fns-4.3.0.tgz,16.11,1.86,0.249683534
run_17_repetition_15,DONE,npm,npm/source-list-map--source-list-map-2.0.1.tgz,0.33,0.04,0.004952922
run_287_repetition_12,DONE,brotli,brotli/linkify-it--linkify-it-5.0.1.tar.br,0.29,0.03,0.004329444
run_15_repetition_12,DONE,npm,npm/html-escaper--html-escaper-3.0.3.tgz,0.35,0.04,0.005116959
run_154_repetition_13,DONE,zopfli,zopfli/has-to-string-tag-x--has-to-string-tag-x-2.1.2.tgz,0.29,0.03,0.004510345
run_216_repetition_12,DONE,zstd,zstd/got--got-15.0.5.tar.zst,0.33,0.04,0.004811738
run_312_repetition_13,DONE,brotli,brotli/workbox-routing--workbox-routing-7.4.1.tar.br,0.39,0.05,0.005572164
run_2_repetition_13,DONE,npm,npm/babel-helper-get-function-arity--babel-helper-get-function-arity-6.24.1.tgz,0.33,0.04,0.004531473
run_4_repetition_13,DONE,npm,npm/@types__glob--glob-9.0.0.tgz,0.36,0.04,0.005148243
run_213_repetition_17,DONE,zstd,zstd/eslint-plugin-import--eslint-plugin-import-2.32.0.tar.zst,0.58,0.07,0.008866164
run_107_repetition_6,DONE,xz,xz/react-dom--react-dom-19.2.6.tar.xz,2.51,0.29,0.038930828
run_178_repetition_25,DONE,zopfli,zopfli/style-loader--style-loader-4.0.0.tgz,0.32,0.03,0.004350965
run_201_repetition_28,DONE,zstd,zstd/@types__uuid--uuid-11.0.0.tar.zst,0.23,0.02,0.003431422
run_140_repetition_15,DONE,zopfli,zopfli/assert-plus--assert-plus-1.0.0.tgz,0.26,0.03,0.003783746
run_122_repetition_13,DONE,xz,xz/whatwg-mimetype--whatwg-mimetype-5.0.0.tar.xz,0.36,0.04,0.004862754
run_83_repetition_9,DONE,xz,xz/date-fns--date-fns-4.3.0.tar.xz,9.72,1.14,0.151593486
run_277_repetition_13,DONE,brotli,brotli/ethers--ethers-6.16.0.tar.br,2.7,0.32,0.04153433
run_64_repetition_0,DONE,xz,xz/@babel__plugin-transform-regexp-modifiers--plugin-transform-regexp-modifiers-7.28.6.tar.xz,0.26,0.03,0.003900556
run_183_repetition_11,DONE,zopfli,zopfli/watchpack-chokidar2--watchpack-chokidar2-2.0.1.tgz,0.22,0.03,0.00341042
run_227_repetition_3,DONE,zstd,zstd/node-notifier--node-notifier-10.0.1.tar.zst,1.45,0.16,0.021306382
run_71_repetition_11,DONE,xz,xz/@parcel__watcher--watcher-2.5.6.tar.xz,0.42,0.05,0.00672058
run_9_repetition_20,DONE,npm,npm/remove-trailing-separator--remove-trailing-separator-1.1.0.tgz,0.32,0.04,0.004653112
run_146_repetition_10,DONE,zopfli,zopfli/date-fns--date-fns-4.3.0.tgz,12.26,1.45,0.193349425
run_77_repetition_8,DONE,xz,xz/assert-plus--assert-plus-1.0.0.tar.xz,0.26,0.03,0.004242809
run_226_repetition_0,DONE,zstd,zstd/next--next-16.2.6.tar.zst,21.3,2.51,0.314463881
run_55_repetition_11,DONE,npm,npm/prettier--prettier-3.8.3.tgz,4.84,0.57,0.075429344
run_64_repetition_29,DONE,xz,xz/@babel__plugin-transform-regexp-modifiers--plugin-transform-regexp-modifiers-7.28.6.tar.xz,0.29,0.03,0.004293649
run_50_repetition_8,DONE,npm,npm/react-dom--react-dom-19.2.6.tgz,3.53,0.41,0.05485584
run_243_repetition_28,DONE,zstd,zstd/tar--tar-7.5.15.tar.zst,0.64,0.08,0.009731386
run_239_repetition_9,DONE,zstd,zstd/split2--split2-4.2.0.tar.zst,0.19,0.02,0.003393454
run_72_repetition_18,DONE,xz,xz/@radix-ui__primitive--primitive-1.1.3.tar.xz,0.25,0.03,0.00402748
run_188_repetition_12,DONE,zopfli,zopfli/xml2js--xml2js-0.6.2.tgz,2.04,0.24,0.031733018
run_239_repetition_2,DONE,zstd,zstd/split2--split2-4.2.0.tar.zst,0.2,0.02,0.003542894
run_222_repetition_27,DONE,zstd,zstd/jiti--jiti-2.7.0.tar.zst,0.61,0.07,0.009544055
run_4_repetition_18,DONE,npm,npm/@types__glob--glob-9.0.0.tgz,0.35,0.04,0.005315999
run_146_repetition_22,DONE,zopfli,zopfli/date-fns--date-fns-4.3.0.tgz,12.27,1.44,0.193791852
run_236_repetition_4,DONE,zstd,zstd/resize-observer-polyfill--resize-observer-polyfill-1.5.1.tar.zst,0.26,0.03,0.003907858
run_273_repetition_29,DONE,brotli,brotli/dom-accessibility-api--dom-accessibility-api-0.7.1.tar.br,0.32,0.04,0.005413811
run_154_repetition_10,DONE,zopfli,zopfli/has-to-string-tag-x--has-to-string-tag-x-2.1.2.tgz,0.3,0.03,0.004796045
run_223_repetition_26,DONE,zstd,zstd/libphonenumber-js--libphonenumber-js-1.13.3.tar.zst,1.72,0.2,0.02482301
run_70_repetition_19,DONE,xz,xz/@opentelemetry__semantic-conventions--semantic-conventions-1.41.1.tar.xz,3.07,0.36,0.047624094
run_33_repetition_23,DONE,npm,npm/got--got-15.0.5.tgz,0.52,0.06,0.007757309
run_62_repetition_18,DONE,npm,npm/@next__swc-linux-arm64-musl--swc-linux-arm64-musl-16.2.6.tgz,70.07,8.21,1.097513413
run_255_repetition_15,DONE,brotli,brotli/@eslint__eslintrc--eslintrc-3.3.5.tar.br,0.45,0.05,0.006426564
run_6_repetition_24,DONE,npm,npm/babel-plugin-check-es2015-constants--babel-plugin-check-es2015-constants-6.22.0.tgz,0.33,0.04,0.004643238
run_105_repetition_9,DONE,xz,xz/prop-types--prop-types-15.8.1.tar.xz,0.38,0.04,0.005365889
run_153_repetition_24,DONE,zopfli,zopfli/got--got-15.0.5.tgz,0.44,0.05,0.00704811
run_148_repetition_12,DONE,zopfli,zopfli/encoding-sniffer--encoding-sniffer-1.0.2.tgz,0.32,0.04,0.00502685
run_151_repetition_2,DONE,zopfli,zopfli/ethers--ethers-6.16.0.tgz,7.4,0.88,0.116352152
run_311_repetition_20,DONE,brotli,brotli/whatwg-mimetype--whatwg-mimetype-5.0.0.tar.br,0.27,0.03,0.003941162
run_230_repetition_19,DONE,zstd,zstd/prismjs--prismjs-1.30.0.tar.zst,0.86,0.1,0.012521631
run_244_repetition_10,DONE,zstd,zstd/ts-node--ts-node-10.9.2.tar.zst,0.42,0.05,0.006398
run_240_repetition_9,DONE,zstd,zstd/strict-uri-encode--strict-uri-encode-2.0.0.tar.zst,0.26,0.03,0.003346831
run_100_repetition_2,DONE,xz,xz/next--next-16.2.6.tar.xz,73.11,8.59,1.146323613
run_70_repetition_6,DONE,xz,xz/@opentelemetry__semantic-conventions--semantic-conventions-1.41.1.tar.xz,3.0,0.36,0.046958829
run_271_repetition_29,DONE,brotli,brotli/client-only--client-only-0.0.1.tar.br,0.25,0.03,0.003677918
run_148_repetition_9,DONE,zopfli,zopfli/encoding-sniffer--encoding-sniffer-1.0.2.tgz,0.32,0.04,0.00460826
run_296_repetition_9,DONE,brotli,brotli/react-dom--react-dom-19.2.6.tar.br,1.21,0.15,0.018697065
run_81_repetition_22,DONE,xz,xz/babel-plugin-transform-exponentiation-operator--babel-plugin-transform-exponentiation-operator-6.24.1.tar.xz,0.29,0.03,0.00430984
run_247_repetition_11,DONE,zstd,zstd/webpack--webpack-5.107.1.tar.zst,1.54,0.18,0.022519331
run_103_repetition_11,DONE,xz,xz/prettier--prettier-3.8.3.tar.xz,6.56,0.75,0.103299305
run_99_repetition_3,DONE,xz,xz/lodash-es--lodash-es-4.18.1.tar.xz,0.96,0.11,0.015481809
run_144_repetition_4,DONE,zopfli,zopfli/babel-plugin-transform-exponentiation-operator--babel-plugin-transform-exponentiation-operator-6.24.1.tgz,0.23,0.03,0.003724594
run_142_repetition_12,DONE,zopfli,zopfli/babel-helper-get-function-arity--babel-helper-get-function-arity-6.24.1.tgz,0.26,0.03,0.003649586
run_112_repetition_2,DONE,xz,xz/source-list-map--source-list-map-2.0.1.tar.xz,0.29,0.03,0.004198546
run_192_repetition_18,DONE,zstd,zstd/@eslint__eslintrc--eslintrc-3.3.5.tar.zst,0.32,0.04,0.005382387
run_43_repetition_0,DONE,npm,npm/jiti--jiti-2.7.0.tgz,1.21,0.14,0.018691598
run_111_repetition_22,DONE,xz,xz/shallowequal--shallowequal-1.1.0.tar.xz,0.29,0.03,0.00401134
run_130_repetition_27,DONE,zopfli,zopfli/@ethersproject__abstract-signer--abstract-signer-5.8.0.tgz,0.26,0.03,0.004520709
run_184_repetition_28,DONE,zopfli,zopfli/webpack--webpack-5.107.1.tgz,3.63,0.43,0.057554044
run_41_repetition_14,DONE,npm,npm/immer--immer-11.1.8.tgz,0.76,0.09,0.012336614
run_248_repetition_6,DONE,zstd,zstd/whatwg-mimetype--whatwg-mimetype-5.0.0.tar.zst,0.23,0.03,0.003563065
run_161_repetition_2,DONE,zopfli,zopfli/linkify-it--linkify-it-5.0.1.tgz,0.26,0.03,0.004113549
run_7_repetition_10,DONE,npm,npm/strict-uri-encode--strict-uri-encode-2.0.0.tgz,0.28,0.04,0.00468106
run_146_repetition_7,DONE,zopfli,zopfli/date-fns--date-fns-4.3.0.tgz,12.26,1.44,0.193534456
run_64_repetition_16,DONE,xz,xz/@babel__plugin-transform-regexp-modifiers--plugin-transform-regexp-modifiers-7.28.6.tar.xz,0.26,0.03,0.003875626
run_100_repetition_14,DONE,xz,xz/next--next-16.2.6.tar.xz,73.11,8.56,1.143202976
run_49_repetition_14,DONE,npm,npm/xml2js--xml2js-0.6.2.tgz,2.11,0.24,0.032476216
run_262_repetition_27,DONE,brotli,brotli/@sindresorhus__is--is-8.1.0.tar.br,0.25,0.03,0.004164535
run_32_repetition_16,DONE,npm,npm/@vue__reactivity--reactivity-3.5.34.tgz,0.49,0.06,0.007058717
run_86_repetition_7,DONE,xz,xz/eslint-config-react-app--eslint-config-react-app-7.0.1.tar.xz,0.32,0.04,0.004387964
run_253_repetition_8,DONE,brotli,brotli/@babel__plugin-transform-regexp-modifiers--plugin-transform-regexp-modifiers-7.28.6.tar.br,0.29,0.04,0.004061893
run_160_repetition_12,DONE,zopfli,zopfli/libphonenumber-js--libphonenumber-js-1.13.3.tgz,5.66,0.67,0.089284324
run_181_repetition_4,DONE,zopfli,zopfli/ts-node--ts-node-10.9.2.tgz,0.7,0.08,0.010700551
run_294_repetition_13,DONE,brotli,brotli/prop-types--prop-types-15.8.1.tar.br,0.28,0.03,0.004569475
run_131_repetition_11,DONE,zopfli,zopfli/@modelcontextprotocol__sdk--sdk-1.29.0.tgz,2.54,0.3,0.039573865
run_225_repetition_9,DONE,zstd,zstd/lodash-es--lodash-es-4.18.1.tar.zst,0.49,0.06,0.007343281
run_73_repetition_28,DONE,xz,xz/@sindresorhus__is--is-8.1.0.tar.xz,0.38,0.05,0.005783842
run_294_repetition_11,DONE,brotli,brotli/prop-types--prop-types-15.8.1.tar.br,0.32,0.03,0.004285125
run_88_repetition_6,DONE,xz,xz/ethers--ethers-6.16.0.tar.xz,6.64,0.78,0.104246967
run_175_repetition_1,DONE,zopfli,zopfli/source-list-map--source-list-map-2.0.1.tgz,0.25,0.03,0.003854779
run_181_repetition_9,DONE,zopfli,zopfli/ts-node--ts-node-10.9.2.tgz,0.7,0.08,0.010983061
run_228_repetition_18,DONE,zstd,zstd/path-dirname--path-dirname-1.0.2.tar.zst,0.26,0.03,0.003350283
run_8_repetition_20,DONE,npm,npm/@babel__plugin-transform-regexp-modifiers--plugin-transform-regexp-modifiers-7.28.6.tgz,0.29,0.03,0.004650419
run_99_repetition_15,DONE,xz,xz/lodash-es--lodash-es-4.18.1.tar.xz,1.05,0.12,0.015838015
run_36_repetition_19,DONE,npm,npm/lodash-es--lodash-es-4.18.1.tgz,1.51,0.18,0.023780736
run_271_repetition_25,DONE,brotli,brotli/client-only--client-only-0.0.1.tar.br,0.26,0.03,0.003952166
run_296_repetition_29,DONE,brotli,brotli/react-dom--react-dom-19.2.6.tar.br,1.19,0.14,0.018342526
run_282_repetition_23,DONE,brotli,brotli/html-escaper--html-escaper-3.0.3.tar.br,0.25,0.03,0.00394323
run_34_repetition_20,DONE,npm,npm/react-error-overlay--react-error-overlay-6.1.0.tgz,0.55,0.07,0.008171303
run_104_repetition_9,DONE,xz,xz/prismjs--prismjs-1.30.0.tar.xz,2.75,0.32,0.043021731
run_293_repetition_7,DONE,brotli,brotli/prismjs--prismjs-1.30.0.tar.br,1.02,0.12,0.015817983
run_19_repetition_5,DONE,npm,npm/whatwg-mimetype--whatwg-mimetype-5.0.0.tgz,0.31,0.04,0.004876572
run_240_repetition_20,DONE,zstd,zstd/strict-uri-encode--strict-uri-encode-2.0.0.tar.zst,0.25,0.03,0.003580768
run_20_repetition_10,DONE,npm,npm/linkify-it--linkify-it-5.0.1.tgz,0.32,0.04,0.005009188
run_167_repetition_26,DONE,zopfli,zopfli/prismjs--prismjs-1.30.0.tgz,1.75,0.21,0.027453938
run_64_repetition_25,DONE,xz,xz/@babel__plugin-transform-regexp-modifiers--plugin-transform-regexp-modifiers-7.28.6.tar.xz,0.25,0.03,0.003853749
run_6_repetition_4,DONE,npm,npm/babel-plugin-check-es2015-constants--babel-plugin-check-es2015-constants-6.22.0.tgz,0.29,0.03,0.00465193
run_286_repetition_22,DONE,brotli,brotli/libphonenumber-js--libphonenumber-js-1.13.3.tar.br,1.9,0.22,0.029673645
run_186_repetition_4,DONE,zopfli,zopfli/workbox-routing--workbox-routing-7.4.1.tgz,0.41,0.05,0.006293028
run_213_repetition_24,DONE,zstd,zstd/eslint-plugin-import--eslint-plugin-import-2.32.0.tar.zst,0.58,0.07,0.008788792
run_9_repetition_0,DONE,npm,npm/remove-trailing-separator--remove-trailing-separator-1.1.0.tgz,0.32,0.04,0.004551918
run_170_repetition_19,DONE,zopfli,zopfli/react-dom--react-dom-19.2.6.tgz,3.5,0.41,0.055187337
run_138_repetition_24,DONE,zopfli,zopfli/@types__uuid--uuid-11.0.0.tgz,0.23,0.03,0.003395298
run_139_repetition_7,DONE,zopfli,zopfli/@vue__reactivity--reactivity-3.5.34.tgz,0.42,0.05,0.006334279
run_119_repetition_10,DONE,xz,xz/typescript--typescript-6.0.3.tar.xz,13.55,1.57,0.212578152
run_143_repetition_4,DONE,zopfli,zopfli/babel-plugin-check-es2015-constants--babel-plugin-check-es2015-constants-6.22.0.tgz,0.25,0.03,0.003647878
run_226_repetition_3,DONE,zstd,zstd/next--next-16.2.6.tar.zst,20.92,2.48,0.309724315
run_41_repetition_28,DONE,npm,npm/immer--immer-11.1.8.tgz,0.81,0.09,0.012142103
run_123_repetition_6,DONE,xz,xz/workbox-routing--workbox-routing-7.4.1.tar.xz,0.52,0.06,0.008060319
run_176_repetition_27,DONE,zopfli,zopfli/split2--split2-4.2.0.tgz,0.25,0.03,0.003648324
run_232_repetition_6,DONE,zstd,zstd/protobufjs--protobufjs-8.4.2.tar.zst,0.78,0.09,0.011218824
run_271_repetition_1,DONE,brotli,brotli/client-only--client-only-0.0.1.tar.br,0.26,0.03,0.004113813
run_112_repetition_20,DONE,xz,xz/source-list-map--source-list-map-2.0.1.tar.xz,0.32,0.04,0.004420873
run_254_repetition_6,DONE,brotli,brotli/@esbuild__linux-ia32--linux-ia32-0.28.0.tar.br,5.63,0.66,0.088094729
run_18_repetition_17,DONE,npm,npm/fetch-blob--fetch-blob-4.0.0.tgz,0.32,0.04,0.004930162
run_160_repetition_26,DONE,zopfli,zopfli/libphonenumber-js--libphonenumber-js-1.13.3.tgz,5.64,0.67,0.089391722
run_216_repetition_18,DONE,zstd,zstd/got--got-15.0.5.tar.zst,0.36,0.04,0.004897605
run_206_repetition_7,DONE,zstd,zstd/babel-plugin-check-es2015-constants--babel-plugin-check-es2015-constants-6.22.0.tar.zst,0.22,0.03,0.003474403
run_67_repetition_9,DONE,xz,xz/@ethersproject__abstract-signer--abstract-signer-5.8.0.tar.xz,0.32,0.04,0.00509294
run_63_repetition_5,DONE,xz,xz/@aws-cdk__cloud-assembly-schema--cloud-assembly-schema-53.27.0.tar.xz,0.96,0.11,0.015313216
run_296_repetition_20,DONE,brotli,brotli/react-dom--react-dom-19.2.6.tar.br,1.18,0.14,0.018891126
run_271_repetition_16,DONE,brotli,brotli/client-only--client-only-0.0.1.tar.br,0.27,0.04,0.003939473
run_177_repetition_29,DONE,zopfli,zopfli/strict-uri-encode--strict-uri-encode-2.0.0.tgz,0.29,0.03,0.003822742
run_46_repetition_2,DONE,npm,npm/@modelcontextprotocol__sdk--sdk-1.29.0.tgz,2.24,0.26,0.0342762
run_134_repetition_23,DONE,zopfli,zopfli/@parcel__watcher--watcher-2.5.6.tgz,0.38,0.05,0.005461423
run_61_repetition_12,DONE,npm,npm/next--next-16.2.6.tgz,79.67,9.32,1.239761029
run_296_repetition_0,DONE,brotli,brotli/react-dom--react-dom-19.2.6.tar.br,1.22,0.14,0.01866651
run_1_repetition_27,DONE,npm,npm/client-only--client-only-0.0.1.tgz,0.29,0.04,0.004556559
run_260_repetition_27,DONE,brotli,brotli/@parcel__watcher--watcher-2.5.6.tar.br,0.32,0.04,0.004868965
run_156_repetition_23,DONE,zopfli,zopfli/html-escaper--html-escaper-3.0.3.tgz,0.25,0.03,0.004187
run_237_repetition_20,DONE,zstd,zstd/shallowequal--shallowequal-1.1.0.tar.zst,0.26,0.03,0.003358041
run_290_repetition_28,DONE,brotli,brotli/node-notifier--node-notifier-10.0.1.tar.br,2.53,0.29,0.039342956
run_12_repetition_16,DONE,npm,npm/@radix-ui__primitive--primitive-1.1.3.tgz,0.32,0.04,0.004905904
run_248_repetition_1,DONE,zstd,zstd/whatwg-mimetype--whatwg-mimetype-5.0.0.tar.zst,0.25,0.03,0.003582804
run_119_repetition_22,DONE,xz,xz/typescript--typescript-6.0.3.tar.xz,13.63,1.58,0.213013377
run_175_repetition_23,DONE,zopfli,zopfli/source-list-map--source-list-map-2.0.1.tgz,0.29,0.03,0.004003541
run_72_repetition_1,DONE,xz,xz/@radix-ui__primitive--primitive-1.1.3.tar.xz,0.25,0.03,0.00391749
run_303_repetition_27,DONE,brotli,brotli/strict-uri-encode--strict-uri-encode-2.0.0.tar.br,0.26,0.03,0.003842284
run_283_repetition_19,DONE,brotli,brotli/iconv-lite--iconv-lite-0.7.2.tar.br,0.52,0.06,0.00811828
run_99_repetition_11,DONE,xz,xz/lodash-es--lodash-es-4.18.1.tar.xz,1.02,0.12,0.015856975
run_193_repetition_7,DONE,zstd,zstd/@ethersproject__abstract-signer--abstract-signer-5.8.0.tar.zst,0.26,0.03,0.003847787
run_176_repetition_14,DONE,zopfli,zopfli/split2--split2-4.2.0.tgz,0.26,0.03,0.003753203
run_290_repetition_5,DONE,brotli,brotli/node-notifier--node-notifier-10.0.1.tar.br,2.53,0.3,0.039516771
run_54_repetition_6,DONE,npm,npm/node-notifier--node-notifier-10.0.1.tgz,3.32,0.39,0.051689412
run_36_repetition_5,DONE,npm,npm/lodash-es--lodash-es-4.18.1.tgz,1.56,0.18,0.023844516
run_209_repetition_4,DONE,zstd,zstd/date-fns--date-fns-4.3.0.tar.zst,3.89,0.45,0.057514853
run_39_repetition_16,DONE,npm,npm/iconv-lite--iconv-lite-0.7.2.tgz,0.55,0.07,0.008456971
run_281_repetition_13,DONE,brotli,brotli/highlight.js--highlight.js-11.11.1.tar.br,1.58,0.19,0.024552561
run_298_repetition_1,DONE,brotli,brotli/remove-trailing-separator--remove-trailing-separator-1.1.0.tar.br,0.26,0.03,0.00402507
run_162_repetition_22,DONE,zopfli,zopfli/lodash-es--lodash-es-4.18.1.tgz,0.89,0.11,0.01356843
run_190_repetition_20,DONE,zstd,zstd/@babel__plugin-transform-regexp-modifiers--plugin-transform-regexp-modifiers-7.28.6.tar.zst,0.2,0.02,0.00337497
run_171_repetition_23,DONE,zopfli,zopfli/react-error-overlay--react-error-overlay-6.1.0.tgz,0.51,0.05,0.007663429
run_4_repetition_11,DONE,npm,npm/@types__glob--glob-9.0.0.tgz,0.38,0.05,0.005583871
run_218_repetition_24,DONE,zstd,zstd/highlight.js--highlight.js-11.11.1.tar.zst,1.31,0.15,0.019178634
run_214_repetition_23,DONE,zstd,zstd/ethers--ethers-6.16.0.tar.zst,2.28,0.27,0.033395142
run_200_repetition_1,DONE,zstd,zstd/@types__glob--glob-9.0.0.tar.zst,0.26,0.03,0.003427004
run_158_repetition_27,DONE,zopfli,zopfli/immer--immer-11.1.8.tgz,0.77,0.09,0.011678704
run_129_repetition_8,DONE,zopfli,zopfli/@eslint__eslintrc--eslintrc-3.3.5.tgz,0.58,0.07,0.009117222
run_95_repetition_15,DONE,xz,xz/immer--immer-11.1.8.tar.xz,0.74,0.09,0.011687171
run_169_repetition_20,DONE,zopfli,zopfli/protobufjs--protobufjs-8.4.2.tgz,1.91,0.23,0.030010651
run_162_repetition_7,DONE,zopfli,zopfli/lodash-es--lodash-es-4.18.1.tgz,0.89,0.1,0.013686875
run_264_repetition_5,DONE,brotli,brotli/@types__uuid--uuid-11.0.0.tar.br,0.25,0.03,0.003767759
run_31_repetition_25,DONE,npm,npm/dom-accessibility-api--dom-accessibility-api-0.7.1.tgz,0.49,0.06,0.007352043
run_123_repetition_19,DONE,xz,xz/workbox-routing--workbox-routing-7.4.1.tar.xz,0.54,0.06,0.008213913
run_250_repetition_22,DONE,zstd,zstd/workbox-streams--workbox-streams-7.4.1.tar.zst,0.26,0.03,0.004404249
run_208_repetition_8,DONE,zstd,zstd/client-only--client-only-0.0.1.tar.zst,0.2,0.02,0.003432236
run_249_repetition_5,DONE,zstd,zstd/workbox-routing--workbox-routing-7.4.1.tar.zst,0.32,0.04,0.004737477
run_65_repetition_0,DONE,xz,xz/@esbuild__linux-ia32--linux-ia32-0.28.0.tar.xz,21.51,2.53,0.337569506
run_241_repetition_25,DONE,zstd,zstd/style-loader--style-loader-4.0.0.tar.zst,0.23,0.03,0.003506026
run_85_repetition_17,DONE,xz,xz/encoding-sniffer--encoding-sniffer-1.0.2.tar.xz,0.36,0.04,0.005621192
run_214_repetition_5,DONE,zstd,zstd/ethers--ethers-6.16.0.tar.zst,2.24,0.27,0.033182008
run_68_repetition_29,DONE,xz,xz/@modelcontextprotocol__sdk--sdk-1.29.0.tar.xz,2.3,0.27,0.035978251
run_44_repetition_23,DONE,npm,npm/tar--tar-7.5.15.tgz,1.52,0.18,0.02297915
run_119_repetition_19,DONE,xz,xz/typescript--typescript-6.0.3.tar.xz,13.56,1.6,0.212179436
run_87_repetition_9,DONE,xz,xz/eslint-plugin-import--eslint-plugin-import-2.32.0.tar.xz,1.98,0.23,0.031079691
run_193_repetition_24,DONE,zstd,zstd/@ethersproject__abstract-signer--abstract-signer-5.8.0.tar.zst,0.27,0.03,0.003768784
run_56_repetition_4,DONE,npm,npm/ethers--ethers-6.16.0.tgz,6.94,0.81,0.107588563
run_172_repetition_28,DONE,zopfli,zopfli/remove-trailing-separator--remove-trailing-separator-1.1.0.tgz,0.26,0.03,0.003701371
run_297_repetition_23,DONE,brotli,brotli/react-error-overlay--react-error-overlay-6.1.0.tar.br,0.45,0.05,0.006986911
run_292_repetition_20,DONE,brotli,brotli/prettier--prettier-3.8.3.tar.br,2.18,0.26,0.033769405
run_141_repetition_6,DONE,zopfli,zopfli/aws-sdk--aws-sdk-2.1693.0.tgz,38.21,4.57,0.605216223
run_78_repetition_9,DONE,xz,xz/aws-sdk--aws-sdk-2.1693.0.tar.xz,45.96,5.45,0.720550855
run_72_repetition_3,DONE,xz,xz/@radix-ui__primitive--primitive-1.1.3.tar.xz,0.32,0.04,0.00460258
run_152_repetition_24,DONE,zopfli,zopfli/fetch-blob--fetch-blob-4.0.0.tgz,0.25,0.03,0.004029823
run_234_repetition_19,DONE,zstd,zstd/react-error-overlay--react-error-overlay-6.1.0.tar.zst,0.38,0.05,0.005319657
run_85_repetition_0,DONE,xz,xz/encoding-sniffer--encoding-sniffer-1.0.2.tar.xz,0.36,0.04,0.005728836
run_132_repetition_22,DONE,zopfli,zopfli/@next__swc-linux-arm64-musl--swc-linux-arm64-musl-16.2.6.tgz,73.57,8.76,1.168307573
run_1_repetition_1,DONE,npm,npm/client-only--client-only-0.0.1.tgz,0.26,0.03,0.004234155
run_264_repetition_8,DONE,brotli,brotli/@types__uuid--uuid-11.0.0.tar.br,0.26,0.03,0.003788669
run_242_repetition_12,DONE,zstd,zstd/tailwindcss--tailwindcss-4.3.0.tar.zst,0.39,0.05,0.005843406
run_57_repetition_29,DONE,npm,npm/date-fns--date-fns-4.3.0.tgz,16.13,1.88,0.251337411
run_7_repetition_27,DONE,npm,npm/strict-uri-encode--strict-uri-encode-2.0.0.tgz,0.32,0.04,0.004731252
run_110_repetition_11,DONE,xz,xz/resize-observer-polyfill--resize-observer-polyfill-1.5.1.tar.xz,0.39,0.04,0.005536956
run_124_repetition_12,DONE,xz,xz/workbox-streams--workbox-streams-7.4.1.tar.xz,0.44,0.05,0.006661972
run_100_repetition_26,DONE,xz,xz/next--next-16.2.6.tar.xz,73.09,8.62,1.145908558
run_27_repetition_5,DONE,npm,npm/has-to-string-tag-x--has-to-string-tag-x-2.1.2.tgz,0.36,0.04,0.005382031
run_208_repetition_6,DONE,zstd,zstd/client-only--client-only-0.0.1.tar.zst,0.26,0.03,0.003325215
run_169_repetition_25,DONE,zopfli,zopfli/protobufjs--protobufjs-8.4.2.tgz,1.91,0.23,0.029966432
run_9_repetition_12,DONE,npm,npm/remove-trailing-separator--remove-trailing-separator-1.1.0.tgz,0.32,0.04,0.004749446
run_291_repetition_19,DONE,brotli,brotli/path-dirname--path-dirname-1.0.2.tar.br,0.26,0.03,0.003704089
run_86_repetition_15,DONE,xz,xz/eslint-config-react-app--eslint-config-react-app-7.0.1.tar.xz,0.26,0.03,0.004641039
run_229_repetition_9,DONE,zstd,zstd/prettier--prettier-3.8.3.tar.zst,1.69,0.2,0.024827581
run_234_repetition_15,DONE,zstd,zstd/react-error-overlay--react-error-overlay-6.1.0.tar.zst,0.35,0.04,0.005382087
run_139_repetition_6,DONE,zopfli,zopfli/@vue__reactivity--reactivity-3.5.34.tgz,0.42,0.05,0.006699786
run_273_repetition_13,DONE,brotli,brotli/dom-accessibility-api--dom-accessibility-api-0.7.1.tar.br,0.39,0.04,0.005466457
run_248_repetition_15,DONE,zstd,zstd/whatwg-mimetype--whatwg-mimetype-5.0.0.tar.zst,0.22,0.03,0.003496581
run_271_repetition_13,DONE,brotli,brotli/client-only--client-only-0.0.1.tar.br,0.26,0.03,0.003720593
run_35_repetition_23,DONE,npm,npm/@eslint__eslintrc--eslintrc-3.3.5.tgz,0.61,0.07,0.009919119
run_274_repetition_5,DONE,brotli,brotli/encoding-sniffer--encoding-sniffer-1.0.2.tar.br,0.36,0.04,0.005087833
run_3_repetition_20,DONE,npm,npm/@types__uuid--uuid-11.0.0.tgz,0.38,0.04,0.005542949
run_250_repetition_5,DONE,zstd,zstd/workbox-streams--workbox-streams-7.4.1.tar.zst,0.29,0.03,0.004057122
run_222_repetition_17,DONE,zstd,zstd/jiti--jiti-2.7.0.tar.zst,0.64,0.08,0.0095956
run_238_repetition_12,DONE,zstd,zstd/source-list-map--source-list-map-2.0.1.tar.zst,0.26,0.03,0.003479516
run_32_repetition_27,DONE,npm,npm/@vue__reactivity--reactivity-3.5.34.tgz,0.52,0.06,0.007706872
run_204_repetition_11,DONE,zstd,zstd/aws-sdk--aws-sdk-2.1693.0.tar.zst,15.19,1.8,0.225826805
run_84_repetition_25,DONE,xz,xz/dom-accessibility-api--dom-accessibility-api-0.7.1.tar.xz,0.51,0.06,0.007890494
run_210_repetition_23,DONE,zstd,zstd/dom-accessibility-api--dom-accessibility-api-0.7.1.tar.zst,0.29,0.03,0.004498979
run_184_repetition_24,DONE,zopfli,zopfli/webpack--webpack-5.107.1.tgz,3.68,0.44,0.057721984
run_259_repetition_26,DONE,brotli,brotli/@opentelemetry__semantic-conventions--semantic-conventions-1.41.1.tar.br,1.61,0.2,0.02501279
run_62_repetition_8,DONE,npm,npm/@next__swc-linux-arm64-musl--swc-linux-arm64-musl-16.2.6.tgz,70.02,8.23,1.097417366
run_54_repetition_26,DONE,npm,npm/node-notifier--node-notifier-10.0.1.tgz,3.29,0.39,0.051454104
run_13_repetition_6,DONE,npm,npm/assert-plus--assert-plus-1.0.0.tgz,0.36,0.04,0.004806658
run_224_repetition_21,DONE,zstd,zstd/linkify-it--linkify-it-5.0.1.tar.zst,0.23,0.03,0.003554901
run_45_repetition_0,DONE,npm,npm/prismjs--prismjs-1.30.0.tgz,1.89,0.21,0.029078659
run_128_repetition_21,DONE,zopfli,zopfli/@esbuild__linux-ia32--linux-ia32-0.28.0.tgz,7.57,0.9,0.119247121
run_267_repetition_2,DONE,brotli,brotli/aws-sdk--aws-sdk-2.1693.0.tar.br,12.9,1.57,0.201169564
run_117_repetition_0,DONE,xz,xz/tar--tar-7.5.15.tar.xz,1.65,0.2,0.025853849
run_35_repetition_26,DONE,npm,npm/@eslint__eslintrc--eslintrc-3.3.5.tgz,0.57,0.07,0.009425774
run_29_repetition_3,DONE,npm,npm/@parcel__watcher--watcher-2.5.6.tgz,0.39,0.05,0.005900875
run_186_repetition_2,DONE,zopfli,zopfli/workbox-routing--workbox-routing-7.4.1.tgz,0.42,0.05,0.00667929
run_220_repetition_23,DONE,zstd,zstd/iconv-lite--iconv-lite-0.7.2.tar.zst,0.39,0.05,0.005446856
run_205_repetition_9,DONE,zstd,zstd/babel-helper-get-function-arity--babel-helper-get-function-arity-6.24.1.tar.zst,0.19,0.02,0.003359059
run_129_repetition_0,DONE,zopfli,zopfli/@eslint__eslintrc--eslintrc-3.3.5.tgz,0.61,0.07,0.009035884
run_140_repetition_24,DONE,zopfli,zopfli/assert-plus--assert-plus-1.0.0.tgz,0.26,0.03,0.003727861
run_93_repetition_9,DONE,xz,xz/html-escaper--html-escaper-3.0.3.tar.xz,0.3,0.03,0.004289966
run_305_repetition_5,DONE,brotli,brotli/tailwindcss--tailwindcss-4.3.0.tar.br,0.48,0.06,0.007343865
run_280_repetition_2,DONE,brotli,brotli/has-to-string-tag-x--has-to-string-tag-x-2.1.2.tar.br,0.32,0.04,0.005173196
run_121_repetition_13,DONE,xz,xz/webpack--webpack-5.107.1.tar.xz,5.55,0.65,0.086912304
run_314_repetition_19,DONE,brotli,brotli/xml2js--xml2js-0.6.2.tar.br,1.28,0.15,0.019985606
run_215_repetition_29,DONE,zstd,zstd/fetch-blob--fetch-blob-4.0.0.tar.zst,0.22,0.02,0.003391649
run_268_repetition_15,DONE,brotli,brotli/babel-helper-get-function-arity--babel-helper-get-function-arity-6.24.1.tar.br,0.26,0.03,0.003731486
run_82_repetition_26,DONE,xz,xz/client-only--client-only-0.0.1.tar.xz,0.23,0.03,0.003719359
run_109_repetition_18,DONE,xz,xz/remove-trailing-separator--remove-trailing-separator-1.1.0.tar.xz,0.26,0.03,0.003975908
run_62_repetition_26,DONE,npm,npm/@next__swc-linux-arm64-musl--swc-linux-arm64-musl-16.2.6.tgz,70.36,8.26,1.099323704
run_292_repetition_0,DONE,brotli,brotli/prettier--prettier-3.8.3.tar.br,2.18,0.26,0.034181793
run_52_repetition_2,DONE,npm,npm/@opentelemetry__semantic-conventions--semantic-conventions-1.41.1.tgz,4.87,0.58,0.075143264
run_102_repetition_5,DONE,xz,xz/path-dirname--path-dirname-1.0.2.tar.xz,0.26,0.03,0.004191859
run_74_repetition_9,DONE,xz,xz/@types__glob--glob-9.0.0.tar.xz,0.26,0.03,0.003728009
run_76_repetition_28,DONE,xz,xz/@vue__reactivity--reactivity-3.5.34.tar.xz,0.45,0.05,0.007402278
run_33_repetition_26,DONE,npm,npm/got--got-15.0.5.tgz,0.49,0.06,0.007555599
run_93_repetition_10,DONE,xz,xz/html-escaper--html-escaper-3.0.3.tar.xz,0.3,0.03,0.004562712
run_280_repetition_22,DONE,brotli,brotli/has-to-string-tag-x--has-to-string-tag-x-2.1.2.tar.br,0.29,0.03,0.004543206
run_216_repetition_9,DONE,zstd,zstd/got--got-15.0.5.tar.zst,0.32,0.04,0.004772174
run_4_repetition_1,DONE,npm,npm/@types__glob--glob-9.0.0.tgz,0.35,0.04,0.005300722
run_208_repetition_29,DONE,zstd,zstd/client-only--client-only-0.0.1.tar.zst,0.26,0.03,0.003397226
run_137_repetition_29,DONE,zopfli,zopfli/@types__glob--glob-9.0.0.tgz,0.26,0.03,0.003795469
run_199_repetition_20,DONE,zstd,zstd/@sindresorhus__is--is-8.1.0.tar.zst,0.26,0.03,0.003988847
run_134_repetition_11,DONE,zopfli,zopfli/@parcel__watcher--watcher-2.5.6.tgz,0.36,0.04,0.005332003
run_89_repetition_26,DONE,xz,xz/fetch-blob--fetch-blob-4.0.0.tar.xz,0.29,0.03,0.004246997
run_294_repetition_22,DONE,brotli,brotli/prop-types--prop-types-15.8.1.tar.br,0.26,0.03,0.004142841
run_47_repetition_18,DONE,npm,npm/protobufjs--protobufjs-8.4.2.tgz,1.9,0.23,0.029413117
run_52_repetition_14,DONE,npm,npm/@opentelemetry__semantic-conventions--semantic-conventions-1.41.1.tgz,4.78,0.56,0.075004086
run_219_repetition_2,DONE,zstd,zstd/html-escaper--html-escaper-3.0.3.tar.zst,0.23,0.03,0.003490165
run_263_repetition_14,DONE,brotli,brotli/@types__glob--glob-9.0.0.tar.br,0.26,0.03,0.003679314
run_306_repetition_1,DONE,brotli,brotli/tar--tar-7.5.15.tar.br,0.74,0.09,0.011802498
run_266_repetition_7,DONE,brotli,brotli/assert-plus--assert-plus-1.0.0.tar.br,0.29,0.03,0.004103005
run_245_repetition_13,DONE,zstd,zstd/typescript--typescript-6.0.3.tar.zst,3.99,0.47,0.058971055
run_14_repetition_13,DONE,npm,npm/split2--split2-4.2.0.tgz,0.32,0.03,0.004727338
run_195_repetition_26,DONE,zstd,zstd/@next__swc-linux-arm64-musl--swc-linux-arm64-musl-16.2.6.tar.zst,29.58,3.49,0.447776542
run_63_repetition_8,DONE,xz,xz/@aws-cdk__cloud-assembly-schema--cloud-assembly-schema-53.27.0.tar.xz,0.99,0.12,0.015170224
run_275_repetition_17,DONE,brotli,brotli/eslint-config-react-app--eslint-config-react-app-7.0.1.tar.br,0.29,0.03,0.004078435
run_201_repetition_10,DONE,zstd,zstd/@types__uuid--uuid-11.0.0.tar.zst,0.22,0.03,0.003465638
run_33_repetition_24,DONE,npm,npm/got--got-15.0.5.tgz,0.55,0.06,0.007764803
run_148_repetition_29,DONE,zopfli,zopfli/encoding-sniffer--encoding-sniffer-1.0.2.tgz,0.32,0.04,0.004810216
run_145_repetition_26,DONE,zopfli,zopfli/client-only--client-only-0.0.1.tgz,0.26,0.03,0.003820469
run_47_repetition_16,DONE,npm,npm/protobufjs--protobufjs-8.4.2.tgz,1.89,0.22,0.029279784
run_290_repetition_6,DONE,brotli,brotli/node-notifier--node-notifier-10.0.1.tar.br,2.53,0.3,0.039510332
run_201_repetition_1,DONE,zstd,zstd/@types__uuid--uuid-11.0.0.tar.zst,0.23,0.03,0.003348647
run_152_repetition_10,DONE,zopfli,zopfli/fetch-blob--fetch-blob-4.0.0.tgz,0.26,0.03,0.004085337
run_229_repetition_6,DONE,zstd,zstd/prettier--prettier-3.8.3.tar.zst,1.67,0.2,0.025166609
run_252_repetition_19,DONE,brotli,brotli/@aws-cdk__cloud-assembly-schema--cloud-assembly-schema-53.27.0.tar.br,0.49,0.06,0.007750993
run_83_repetition_8,DONE,xz,xz/date-fns--date-fns-4.3.0.tar.xz,9.74,1.15,0.151851895
run_26_repetition_11,DONE,npm,npm/workbox-streams--workbox-streams-7.4.1.tgz,0.39,0.05,0.005670456
run_46_repetition_6,DONE,npm,npm/@modelcontextprotocol__sdk--sdk-1.29.0.tgz,2.22,0.26,0.034147604
run_66_repetition_28,DONE,xz,xz/@eslint__eslintrc--eslintrc-3.3.5.tar.xz,0.64,0.07,0.009830526
run_47_repetition_21,DONE,npm,npm/protobufjs--protobufjs-8.4.2.tgz,1.9,0.23,0.029382676
run_230_repetition_21,DONE,zstd,zstd/prismjs--prismjs-1.30.0.tar.zst,0.8,0.09,0.01193425
run_82_repetition_27,DONE,xz,xz/client-only--client-only-0.0.1.tar.xz,0.26,0.03,0.003527968
run_150_repetition_15,DONE,zopfli,zopfli/eslint-plugin-import--eslint-plugin-import-2.32.0.tgz,1.15,0.14,0.017962259
run_181_repetition_0,DONE,zopfli,zopfli/ts-node--ts-node-10.9.2.tgz,0.7,0.08,0.010777467
run_17_repetition_10,DONE,npm,npm/source-list-map--source-list-map-2.0.1.tgz,0.32,0.04,0.004799198
run_187_repetition_29,DONE,zopfli,zopfli/workbox-streams--workbox-streams-7.4.1.tgz,0.32,0.04,0.004872776
run_30_repetition_27,DONE,npm,npm/workbox-routing--workbox-routing-7.4.1.tgz,0.46,0.05,0.006934348
run_54_repetition_19,DONE,npm,npm/node-notifier--node-notifier-10.0.1.tgz,3.36,0.38,0.052000526
run_248_repetition_2,DONE,zstd,zstd/whatwg-mimetype--whatwg-mimetype-5.0.0.tar.zst,0.25,0.03,0.003642298
run_240_repetition_8,DONE,zstd,zstd/strict-uri-encode--strict-uri-encode-2.0.0.tar.zst,0.19,0.02,0.003337659
run_1_repetition_9,DONE,npm,npm/client-only--client-only-0.0.1.tgz,0.35,0.04,0.004929008
run_14_repetition_22,DONE,npm,npm/split2--split2-4.2.0.tgz,0.3,0.03,0.004717923
run_183_repetition_18,DONE,zopfli,zopfli/watchpack-chokidar2--watchpack-chokidar2-2.0.1.tgz,0.29,0.03,0.004156653
run_305_repetition_29,DONE,brotli,brotli/tailwindcss--tailwindcss-4.3.0.tar.br,0.51,0.06,0.007531244
run_294_repetition_18,DONE,brotli,brotli/prop-types--prop-types-15.8.1.tar.br,0.32,0.04,0.004804393
run_65_repetition_16,DONE,xz,xz/@esbuild__linux-ia32--linux-ia32-0.28.0.tar.xz,21.53,2.57,0.338460985
run_50_repetition_15,DONE,npm,npm/react-dom--react-dom-19.2.6.tgz,3.46,0.41,0.054315169
run_137_repetition_2,DONE,zopfli,zopfli/@types__glob--glob-9.0.0.tgz,0.23,0.03,0.003449511
run_51_repetition_13,DONE,npm,npm/webpack--webpack-5.107.1.tgz,3.54,0.41,0.054504496
run_267_repetition_28,DONE,brotli,brotli/aws-sdk--aws-sdk-2.1693.0.tar.br,13.01,1.59,0.201305972
run_258_repetition_22,DONE,brotli,brotli/@next__swc-linux-arm64-musl--swc-linux-arm64-musl-16.2.6.tar.br,40.26,4.81,0.62851458
run_260_repetition_13,DONE,brotli,brotli/@parcel__watcher--watcher-2.5.6.tar.br,0.33,0.04,0.004607668
run_129_repetition_9,DONE,zopfli,zopfli/@eslint__eslintrc--eslintrc-3.3.5.tgz,0.58,0.07,0.009275848
run_201_repetition_21,DONE,zstd,zstd/@types__uuid--uuid-11.0.0.tar.zst,0.23,0.03,0.003608891
run_263_repetition_7,DONE,brotli,brotli/@types__glob--glob-9.0.0.tar.br,0.23,0.03,0.003708785
run_143_repetition_9,DONE,zopfli,zopfli/babel-plugin-check-es2015-constants--babel-plugin-check-es2015-constants-6.22.0.tgz,0.26,0.03,0.003598115
run_76_repetition_10,DONE,xz,xz/@vue__reactivity--reactivity-3.5.34.tar.xz,0.44,0.05,0.007138418
run_291_repetition_15,DONE,brotli,brotli/path-dirname--path-dirname-1.0.2.tar.br,0.26,0.03,0.003885841
run_156_repetition_24,DONE,zopfli,zopfli/html-escaper--html-escaper-3.0.3.tgz,0.25,0.03,0.003929985
run_148_repetition_3,DONE,zopfli,zopfli/encoding-sniffer--encoding-sniffer-1.0.2.tgz,0.32,0.04,0.005025935
run_210_repetition_16,DONE,zstd,zstd/dom-accessibility-api--dom-accessibility-api-0.7.1.tar.zst,0.29,0.03,0.004538212
run_118_repetition_23,DONE,xz,xz/ts-node--ts-node-10.9.2.tar.xz,1.09,0.13,0.016791761
run_178_repetition_22,DONE,zopfli,zopfli/style-loader--style-loader-4.0.0.tgz,0.26,0.03,0.004217173
run_227_repetition_25,DONE,zstd,zstd/node-notifier--node-notifier-10.0.1.tar.zst,1.43,0.17,0.021067062
run_40_repetition_3,DONE,npm,npm/ts-node--ts-node-10.9.2.tgz,0.75,0.09,0.011574947
run_223_repetition_22,DONE,zstd,zstd/libphonenumber-js--libphonenumber-js-1.13.3.tar.zst,1.65,0.19,0.024063527
run_156_repetition_16,DONE,zopfli,zopfli/html-escaper--html-escaper-3.0.3.tgz,0.25,0.03,0.003796825
run_259_repetition_18,DONE,brotli,brotli/@opentelemetry__semantic-conventions--semantic-conventions-1.41.1.tar.br,1.61,0.2,0.025240652
run_221_repetition_19,DONE,zstd,zstd/immer--immer-11.1.8.tar.zst,0.39,0.05,0.00580775
run_205_repetition_19,DONE,zstd,zstd/babel-helper-get-function-arity--babel-helper-get-function-arity-6.24.1.tar.zst,0.23,0.03,0.003267203
run_48_repetition_0,DONE,npm,npm/highlight.js--highlight.js-11.11.1.tgz,3.95,0.46,0.060446403
run_160_repetition_0,DONE,zopfli,zopfli/libphonenumber-js--libphonenumber-js-1.13.3.tgz,5.65,0.68,0.089380649
run_245_repetition_10,DONE,zstd,zstd/typescript--typescript-6.0.3.tar.zst,3.95,0.46,0.05872619
run_158_repetition_0,DONE,zopfli,zopfli/immer--immer-11.1.8.tgz,0.77,0.09,0.011943903
run_169_repetition_16,DONE,zopfli,zopfli/protobufjs--protobufjs-8.4.2.tgz,1.91,0.23,0.029984647
run_222_repetition_25,DONE,zstd,zstd/jiti--jiti-2.7.0.tar.zst,0.62,0.07,0.009604405
run_140_repetition_20,DONE,zopfli,zopfli/assert-plus--assert-plus-1.0.0.tgz,0.26,0.03,0.003944852
run_109_repetition_14,DONE,xz,xz/remove-trailing-separator--remove-trailing-separator-1.1.0.tar.xz,0.26,0.03,0.003964148
run_250_repetition_24,DONE,zstd,zstd/workbox-streams--workbox-streams-7.4.1.tar.zst,0.26,0.03,0.004024005
run_86_repetition_5,DONE,xz,xz/eslint-config-react-app--eslint-config-react-app-7.0.1.tar.xz,0.29,0.04,0.004536961
run_82_repetition_3,DONE,xz,xz/client-only--client-only-0.0.1.tar.xz,0.23,0.03,0.003590792
run_211_repetition_27,DONE,zstd,zstd/encoding-sniffer--encoding-sniffer-1.0.2.tar.zst,0.29,0.03,0.003919164
run_48_repetition_1,DONE,npm,npm/highlight.js--highlight.js-11.11.1.tgz,3.96,0.46,0.060991203
run_84_repetition_11,DONE,xz,xz/dom-accessibility-api--dom-accessibility-api-0.7.1.tar.xz,0.51,0.06,0.007784076
run_71_repetition_19,DONE,xz,xz/@parcel__watcher--watcher-2.5.6.tar.xz,0.45,0.06,0.007139007
run_101_repetition_1,DONE,xz,xz/node-notifier--node-notifier-10.0.1.tar.xz,8.34,0.99,0.131385658
run_311_repetition_6,DONE,brotli,brotli/whatwg-mimetype--whatwg-mimetype-5.0.0.tar.br,0.25,0.03,0.004065648
run_166_repetition_12,DONE,zopfli,zopfli/prettier--prettier-3.8.3.tgz,4.9,0.58,0.077115097
run_304_repetition_18,DONE,brotli,brotli/style-loader--style-loader-4.0.0.tar.br,0.26,0.03,0.003947339
run_67_repetition_23,DONE,xz,xz/@ethersproject__abstract-signer--abstract-signer-5.8.0.tar.xz,0.35,0.04,0.005273407
run_105_repetition_4,DONE,xz,xz/prop-types--prop-types-15.8.1.tar.xz,0.39,0.05,0.005468061
run_214_repetition_18,DONE,zstd,zstd/ethers--ethers-6.16.0.tar.zst,2.25,0.26,0.033485681
run_149_repetition_23,DONE,zopfli,zopfli/eslint-config-react-app--eslint-config-react-app-7.0.1.tgz,0.26,0.03,0.004044704
run_309_repetition_0,DONE,brotli,brotli/watchpack-chokidar2--watchpack-chokidar2-2.0.1.tar.br,0.26,0.03,0.003961972
run_153_repetition_19,DONE,zopfli,zopfli/got--got-15.0.5.tgz,0.45,0.05,0.006990639
run_297_repetition_9,DONE,brotli,brotli/react-error-overlay--react-error-overlay-6.1.0.tar.br,0.42,0.05,0.006884371
run_274_repetition_6,DONE,brotli,brotli/encoding-sniffer--encoding-sniffer-1.0.2.tar.br,0.32,0.04,0.004759984
run_65_repetition_2,DONE,xz,xz/@esbuild__linux-ia32--linux-ia32-0.28.0.tar.xz,21.5,2.55,0.337490877
run_130_repetition_2,DONE,zopfli,zopfli/@ethersproject__abstract-signer--abstract-signer-5.8.0.tgz,0.35,0.04,0.004728421
run_287_repetition_8,DONE,brotli,brotli/linkify-it--linkify-it-5.0.1.tar.br,0.3,0.04,0.004445724
run_174_repetition_25,DONE,zopfli,zopfli/shallowequal--shallowequal-1.1.0.tgz,0.22,0.03,0.003691502
run_195_repetition_8,DONE,zstd,zstd/@next__swc-linux-arm64-musl--swc-linux-arm64-musl-16.2.6.tar.zst,30.19,3.6,0.456179923
run_260_repetition_7,DONE,brotli,brotli/@parcel__watcher--watcher-2.5.6.tar.br,0.32,0.04,0.004957699
run_290_repetition_25,DONE,brotli,brotli/node-notifier--node-notifier-10.0.1.tar.br,2.59,0.31,0.039810263
run_207_repetition_19,DONE,zstd,zstd/babel-plugin-transform-exponentiation-operator--babel-plugin-transform-exponentiation-operator-6.24.1.tar.zst,0.19,0.02,0.003323015
run_275_repetition_27,DONE,brotli,brotli/eslint-config-react-app--eslint-config-react-app-7.0.1.tar.br,0.31,0.04,0.004356114
run_231_repetition_0,DONE,zstd,zstd/prop-types--prop-types-15.8.1.tar.zst,0.23,0.03,0.003721603
run_242_repetition_15,DONE,zstd,zstd/tailwindcss--tailwindcss-4.3.0.tar.zst,0.39,0.05,0.005876879
run_291_repetition_7,DONE,brotli,brotli/path-dirname--path-dirname-1.0.2.tar.br,0.23,0.03,0.003886511
run_304_repetition_19,DONE,brotli,brotli/style-loader--style-loader-4.0.0.tar.br,0.32,0.04,0.004328696
run_65_repetition_7,DONE,xz,xz/@esbuild__linux-ia32--linux-ia32-0.28.0.tar.xz,21.5,2.55,0.339210745
run_55_repetition_0,DONE,npm,npm/prettier--prettier-3.8.3.tgz,4.8,0.58,0.075018686
run_156_repetition_22,DONE,zopfli,zopfli/html-escaper--html-escaper-3.0.3.tgz,0.29,0.03,0.004026153
run_309_repetition_11,DONE,brotli,brotli/watchpack-chokidar2--watchpack-chokidar2-2.0.1.tar.br,0.26,0.03,0.004013754
run_145_repetition_25,DONE,zopfli,zopfli/client-only--client-only-0.0.1.tgz,0.2,0.02,0.003436077
run_235_repetition_5,DONE,zstd,zstd/remove-trailing-separator--remove-trailing-separator-1.1.0.tar.zst,0.26,0.03,0.00336665
run_30_repetition_25,DONE,npm,npm/workbox-routing--workbox-routing-7.4.1.tgz,0.51,0.06,0.00755346
run_173_repetition_19,DONE,zopfli,zopfli/resize-observer-polyfill--resize-observer-polyfill-1.5.1.tgz,0.38,0.04,0.005244865
run_32_repetition_13,DONE,npm,npm/@vue__reactivity--reactivity-3.5.34.tgz,0.48,0.06,0.007417041
run_50_repetition_28,DONE,npm,npm/react-dom--react-dom-19.2.6.tgz,3.48,0.42,0.054645149
run_178_repetition_2,DONE,zopfli,zopfli/style-loader--style-loader-4.0.0.tgz,0.32,0.04,0.004528882
run_295_repetition_15,DONE,brotli,brotli/protobufjs--protobufjs-8.4.2.tar.br,0.83,0.1,0.012698567
run_239_repetition_5,DONE,zstd,zstd/split2--split2-4.2.0.tar.zst,0.22,0.03,0.003379259
run_208_repetition_11,DONE,zstd,zstd/client-only--client-only-0.0.1.tar.zst,0.23,0.03,0.003561509
run_173_repetition_4,DONE,zopfli,zopfli/resize-observer-polyfill--resize-observer-polyfill-1.5.1.tgz,0.32,0.04,0.005028914
run_169_repetition_8,DONE,zopfli,zopfli/protobufjs--protobufjs-8.4.2.tgz,1.97,0.24,0.030610009
run_233_repetition_20,DONE,zstd,zstd/react-dom--react-dom-19.2.6.tar.zst,1.15,0.14,0.017634179
run_37_repetition_24,DONE,npm,npm/@aws-cdk__cloud-assembly-schema--cloud-assembly-schema-53.27.0.tgz,0.71,0.08,0.01055815
run_102_repetition_18,DONE,xz,xz/path-dirname--path-dirname-1.0.2.tar.xz,0.25,0.03,0.003708507
run_42_repetition_24,DONE,npm,npm/eslint-plugin-import--eslint-plugin-import-2.32.0.tgz,1.12,0.13,0.017098297
run_16_repetition_28,DONE,npm,npm/eslint-config-react-app--eslint-config-react-app-7.0.1.tgz,0.32,0.04,0.004932391
run_6_repetition_19,DONE,npm,npm/babel-plugin-check-es2015-constants--babel-plugin-check-es2015-constants-6.22.0.tgz,0.29,0.03,0.004598638
run_207_repetition_20,DONE,zstd,zstd/babel-plugin-transform-exponentiation-operator--babel-plugin-transform-exponentiation-operator-6.24.1.tar.zst,0.24,0.03,0.00343795
run_11_repetition_27,DONE,npm,npm/shallowequal--shallowequal-1.1.0.tgz,0.32,0.04,0.004855128
run_105_repetition_0,DONE,xz,xz/prop-types--prop-types-15.8.1.tar.xz,0.33,0.04,0.00514548
run_105_repetition_18,DONE,xz,xz/prop-types--prop-types-15.8.1.tar.xz,0.35,0.04,0.005457544
run_188_repetition_25,DONE,zopfli,zopfli/xml2js--xml2js-0.6.2.tgz,2.04,0.24,0.031894462
run_141_repetition_15,DONE,zopfli,zopfli/aws-sdk--aws-sdk-2.1693.0.tgz,38.28,4.58,0.605083455
run_301_repetition_23,DONE,brotli,brotli/source-list-map--source-list-map-2.0.1.tar.br,0.3,0.03,0.004236192
run_193_repetition_29,DONE,zstd,zstd/@ethersproject__abstract-signer--abstract-signer-5.8.0.tar.zst,0.25,0.03,0.00394018
run_22_repetition_6,DONE,npm,npm/@ethersproject__abstract-signer--abstract-signer-5.8.0.tgz,0.35,0.04,0.00536314
run_38_repetition_22,DONE,npm,npm/tailwindcss--tailwindcss-4.3.0.tgz,0.7,0.08,0.010717043
run_156_repetition_1,DONE,zopfli,zopfli/html-escaper--html-escaper-3.0.3.tgz,0.26,0.03,0.004123111
run_240_repetition_24,DONE,zstd,zstd/strict-uri-encode--strict-uri-encode-2.0.0.tar.zst,0.26,0.03,0.003884012
run_254_repetition_8,DONE,brotli,brotli/@esbuild__linux-ia32--linux-ia32-0.28.0.tar.br,5.62,0.68,0.088097676
run_236_repetition_0,DONE,zstd,zstd/resize-observer-polyfill--resize-observer-polyfill-1.5.1.tar.zst,0.22,0.03,0.003914341
run_86_repetition_13,DONE,xz,xz/eslint-config-react-app--eslint-config-react-app-7.0.1.tar.xz,0.29,0.03,0.004377395
run_6_repetition_26,DONE,npm,npm/babel-plugin-check-es2015-constants--babel-plugin-check-es2015-constants-6.22.0.tgz,0.32,0.04,0.004720084
run_274_repetition_18,DONE,brotli,brotli/encoding-sniffer--encoding-sniffer-1.0.2.tar.br,0.36,0.04,0.004646421
run_292_repetition_13,DONE,brotli,brotli/prettier--prettier-3.8.3.tar.br,2.17,0.26,0.033409401
run_69_repetition_21,DONE,xz,xz/@next__swc-linux-arm64-musl--swc-linux-arm64-musl-16.2.6.tar.xz,153.7,18.18,2.418102298
run_91_repetition_17,DONE,xz,xz/has-to-string-tag-x--has-to-string-tag-x-2.1.2.tar.xz,0.39,0.05,0.006198698
run_118_repetition_19,DONE,xz,xz/ts-node--ts-node-10.9.2.tar.xz,1.08,0.13,0.016738692
run_41_repetition_8,DONE,npm,npm/immer--immer-11.1.8.tgz,0.77,0.09,0.012344633
run_188_repetition_4,DONE,zopfli,zopfli/xml2js--xml2js-0.6.2.tgz,1.97,0.23,0.031667322
run_191_repetition_9,DONE,zstd,zstd/@esbuild__linux-ia32--linux-ia32-0.28.0.tar.zst,3.13,0.37,0.047149205
run_71_repetition_23,DONE,xz,xz/@parcel__watcher--watcher-2.5.6.tar.xz,0.45,0.05,0.006870946
run_172_repetition_25,DONE,zopfli,zopfli/remove-trailing-separator--remove-trailing-separator-1.1.0.tgz,0.25,0.03,0.003893326
run_135_repetition_19,DONE,zopfli,zopfli/@radix-ui__primitive--primitive-1.1.3.tgz,0.26,0.03,0.003795532
run_166_repetition_10,DONE,zopfli,zopfli/prettier--prettier-3.8.3.tgz,4.89,0.59,0.076894212
run_289_repetition_8,DONE,brotli,brotli/next--next-16.2.6.tar.br,22.56,2.72,0.350661184
run_239_repetition_17,DONE,zstd,zstd/split2--split2-4.2.0.tar.zst,0.23,0.03,0.003494981
run_242_repetition_9,DONE,zstd,zstd/tailwindcss--tailwindcss-4.3.0.tar.zst,0.38,0.05,0.005942492
run_258_repetition_4,DONE,brotli,brotli/@next__swc-linux-arm64-musl--swc-linux-arm64-musl-16.2.6.tar.br,40.51,4.79,0.632750353
run_205_repetition_18,DONE,zstd,zstd/babel-helper-get-function-arity--babel-helper-get-function-arity-6.24.1.tar.zst,0.19,0.02,0.003346661
run_302_repetition_25,DONE,brotli,brotli/split2--split2-4.2.0.tar.br,0.26,0.03,0.003938975
run_148_repetition_18,DONE,zopfli,zopfli/encoding-sniffer--encoding-sniffer-1.0.2.tgz,0.32,0.04,0.004775862
run_189_repetition_6,DONE,zstd,zstd/@aws-cdk__cloud-assembly-schema--cloud-assembly-schema-53.27.0.tar.zst,0.39,0.05,0.006197083
run_118_repetition_27,DONE,xz,xz/ts-node--ts-node-10.9.2.tar.xz,1.09,0.13,0.01670798
run_82_repetition_23,DONE,xz,xz/client-only--client-only-0.0.1.tar.xz,0.26,0.03,0.00364883
run_116_repetition_10,DONE,xz,xz/tailwindcss--tailwindcss-4.3.0.tar.xz,0.88,0.11,0.013351711
run_226_repetition_8,DONE,zstd,zstd/next--next-16.2.6.tar.zst,20.88,2.5,0.308911829
run_300_repetition_0,DONE,brotli,brotli/shallowequal--shallowequal-1.1.0.tar.br,0.26,0.03,0.003871194
run_190_repetition_26,DONE,zstd,zstd/@babel__plugin-transform-regexp-modifiers--plugin-transform-regexp-modifiers-7.28.6.tar.zst,0.26,0.03,0.003428487
run_64_repetition_7,DONE,xz,xz/@babel__plugin-transform-regexp-modifiers--plugin-transform-regexp-modifiers-7.28.6.tar.xz,0.3,0.03,0.003827021
run_282_repetition_2,DONE,brotli,brotli/html-escaper--html-escaper-3.0.3.tar.br,0.29,0.03,0.004063555
run_251_repetition_26,DONE,zstd,zstd/xml2js--xml2js-0.6.2.tar.zst,1.02,0.12,0.015021686
run_220_repetition_29,DONE,zstd,zstd/iconv-lite--iconv-lite-0.7.2.tar.zst,0.35,0.04,0.005396516
run_270_repetition_5,DONE,brotli,brotli/babel-plugin-transform-exponentiation-operator--babel-plugin-transform-exponentiation-operator-6.24.1.tar.br,0.25,0.04,0.004047296
run_179_repetition_10,DONE,zopfli,zopfli/tailwindcss--tailwindcss-4.3.0.tgz,0.68,0.08,0.010289076
run_227_repetition_10,DONE,zstd,zstd/node-notifier--node-notifier-10.0.1.tar.zst,1.39,0.16,0.02173563
run_212_repetition_27,DONE,zstd,zstd/eslint-config-react-app--eslint-config-react-app-7.0.1.tar.zst,0.26,0.03,0.003750133
run_180_repetition_5,DONE,zopfli,zopfli/tar--tar-7.5.15.tgz,1.53,0.18,0.023940486
run_76_repetition_2,DONE,xz,xz/@vue__reactivity--reactivity-3.5.34.tar.xz,0.48,0.06,0.007073454
run_204_repetition_0,DONE,zstd,zstd/aws-sdk--aws-sdk-2.1693.0.tar.zst,14.81,1.76,0.220428911
run_121_repetition_22,DONE,xz,xz/webpack--webpack-5.107.1.tar.xz,5.59,0.66,0.087490282
run_93_repetition_16,DONE,xz,xz/html-escaper--html-escaper-3.0.3.tar.xz,0.29,0.03,0.004043697
run_259_repetition_14,DONE,brotli,brotli/@opentelemetry__semantic-conventions--semantic-conventions-1.41.1.tar.br,1.64,0.2,0.025685986
run_273_repetition_23,DONE,brotli,brotli/dom-accessibility-api--dom-accessibility-api-0.7.1.tar.br,0.36,0.04,0.005416625
run_301_repetition_12,DONE,brotli,brotli/source-list-map--source-list-map-2.0.1.tar.br,0.25,0.03,0.004065578
run_204_repetition_7,DONE,zstd,zstd/aws-sdk--aws-sdk-2.1693.0.tar.zst,14.88,1.75,0.220447931
run_9_repetition_6,DONE,npm,npm/remove-trailing-separator--remove-trailing-separator-1.1.0.tgz,0.32,0.04,0.00509394
run_114_repetition_16,DONE,xz,xz/strict-uri-encode--strict-uri-encode-2.0.0.tar.xz,0.26,0.03,0.004017941
run_269_repetition_11,DONE,brotli,brotli/babel-plugin-check-es2015-constants--babel-plugin-check-es2015-constants-6.22.0.tar.br,0.32,0.04,0.004289396
run_7_repetition_1,DONE,npm,npm/strict-uri-encode--strict-uri-encode-2.0.0.tgz,0.29,0.03,0.004578889
run_172_repetition_15,DONE,zopfli,zopfli/remove-trailing-separator--remove-trailing-separator-1.1.0.tgz,0.32,0.04,0.004551771
run_35_repetition_3,DONE,npm,npm/@eslint__eslintrc--eslintrc-3.3.5.tgz,0.64,0.08,0.009984987
run_265_repetition_19,DONE,brotli,brotli/@vue__reactivity--reactivity-3.5.34.tar.br,0.36,0.04,0.005142391
run_192_repetition_20,DONE,zstd,zstd/@eslint__eslintrc--eslintrc-3.3.5.tar.zst,0.36,0.04,0.005329814
run_38_repetition_29,DONE,npm,npm/tailwindcss--tailwindcss-4.3.0.tgz,0.71,0.09,0.011085119
run_207_repetition_21,DONE,zstd,zstd/babel-plugin-transform-exponentiation-operator--babel-plugin-transform-exponentiation-operator-6.24.1.tar.zst,0.23,0.03,0.003537072
run_270_repetition_4,DONE,brotli,brotli/babel-plugin-transform-exponentiation-operator--babel-plugin-transform-exponentiation-operator-6.24.1.tar.br,0.29,0.03,0.003631031
run_216_repetition_5,DONE,zstd,zstd/got--got-15.0.5.tar.zst,0.33,0.04,0.004978191
run_293_repetition_10,DONE,brotli,brotli/prismjs--prismjs-1.30.0.tar.br,1.02,0.12,0.016302027
run_13_repetition_18,DONE,npm,npm/assert-plus--assert-plus-1.0.0.tgz,0.32,0.04,0.004596367
run_248_repetition_5,DONE,zstd,zstd/whatwg-mimetype--whatwg-mimetype-5.0.0.tar.zst,0.26,0.03,0.003635733
run_198_repetition_14,DONE,zstd,zstd/@radix-ui__primitive--primitive-1.1.3.tar.zst,0.25,0.03,0.003468137
run_262_repetition_12,DONE,brotli,brotli/@sindresorhus__is--is-8.1.0.tar.br,0.32,0.04,0.004631033
run_214_repetition_28,DONE,zstd,zstd/ethers--ethers-6.16.0.tar.zst,2.21,0.26,0.032987256
run_7_repetition_17,DONE,npm,npm/strict-uri-encode--strict-uri-encode-2.0.0.tgz,0.26,0.03,0.004584112
run_94_repetition_21,DONE,xz,xz/iconv-lite--iconv-lite-0.7.2.tar.xz,1.08,0.13,0.017142759
run_242_repetition_2,DONE,zstd,zstd/tailwindcss--tailwindcss-4.3.0.tar.zst,0.38,0.05,0.005815842
run_116_repetition_0,DONE,xz,xz/tailwindcss--tailwindcss-4.3.0.tar.xz,0.87,0.1,0.013849937
run_142_repetition_4,DONE,zopfli,zopfli/babel-helper-get-function-arity--babel-helper-get-function-arity-6.24.1.tgz,0.26,0.03,0.003837017
run_251_repetition_17,DONE,zstd,zstd/xml2js--xml2js-0.6.2.tar.zst,0.99,0.12,0.014573714
run_271_repetition_22,DONE,brotli,brotli/client-only--client-only-0.0.1.tar.br,0.29,0.03,0.003944634
run_160_repetition_14,DONE,zopfli,zopfli/libphonenumber-js--libphonenumber-js-1.13.3.tgz,5.63,0.68,0.089378849
run_119_repetition_16,DONE,xz,xz/typescript--typescript-6.0.3.tar.xz,13.63,1.64,0.213775553
run_25_repetition_2,DONE,npm,npm/encoding-sniffer--encoding-sniffer-1.0.2.tgz,0.36,0.04,0.005576182
run_211_repetition_4,DONE,zstd,zstd/encoding-sniffer--encoding-sniffer-1.0.2.tar.zst,0.26,0.03,0.003904933
run_112_repetition_6,DONE,xz,xz/source-list-map--source-list-map-2.0.1.tar.xz,0.32,0.04,0.004452026
run_74_repetition_24,DONE,xz,xz/@types__glob--glob-9.0.0.tar.xz,0.26,0.03,0.003940539
run_195_repetition_9,DONE,zstd,zstd/@next__swc-linux-arm64-musl--swc-linux-arm64-musl-16.2.6.tar.zst,29.54,3.5,0.447810164
run_129_repetition_2,DONE,zopfli,zopfli/@eslint__eslintrc--eslintrc-3.3.5.tgz,0.61,0.07,0.008905343
run_132_repetition_20,DONE,zopfli,zopfli/@next__swc-linux-arm64-musl--swc-linux-arm64-musl-16.2.6.tgz,74.14,8.89,1.170607889
run_282_repetition_8,DONE,brotli,brotli/html-escaper--html-escaper-3.0.3.tar.br,0.26,0.03,0.00405448
run_307_repetition_14,DONE,brotli,brotli/ts-node--ts-node-10.9.2.tar.br,0.51,0.06,0.008095342
run_27_repetition_22,DONE,npm,npm/has-to-string-tag-x--has-to-string-tag-x-2.1.2.tgz,0.38,0.04,0.005215888
run_4_repetition_17,DONE,npm,npm/@types__glob--glob-9.0.0.tgz,0.32,0.04,0.005403235
run_238_repetition_6,DONE,zstd,zstd/source-list-map--source-list-map-2.0.1.tar.zst,0.26,0.03,0.003482968
run_131_repetition_1,DONE,zopfli,zopfli/@modelcontextprotocol__sdk--sdk-1.29.0.tgz,2.5,0.3,0.039459586
run_138_repetition_26,DONE,zopfli,zopfli/@types__uuid--uuid-11.0.0.tgz,0.26,0.03,0.003344371
run_190_repetition_3,DONE,zstd,zstd/@babel__plugin-transform-regexp-modifiers--plugin-transform-regexp-modifiers-7.28.6.tar.zst,0.23,0.03,0.003303897
run_166_repetition_15,DONE,zopfli,zopfli/prettier--prettier-3.8.3.tgz,4.91,0.59,0.077147809
run_279_repetition_28,DONE,brotli,brotli/got--got-15.0.5.tar.br,0.38,0.05,0.005977666
run_265_repetition_0,DONE,brotli,brotli/@vue__reactivity--reactivity-3.5.34.tar.br,0.35,0.04,0.005381536
run_285_repetition_15,DONE,brotli,brotli/jiti--jiti-2.7.0.tar.br,0.81,0.1,0.012477385
run_110_repetition_2,DONE,xz,xz/resize-observer-polyfill--resize-observer-polyfill-1.5.1.tar.xz,0.36,0.04,0.005425067
run_22_repetition_3,DONE,npm,npm/@ethersproject__abstract-signer--abstract-signer-5.8.0.tgz,0.39,0.05,0.005491583
run_301_repetition_4,DONE,brotli,brotli/source-list-map--source-list-map-2.0.1.tar.br,0.26,0.03,0.0040224
run_28_repetition_17,DONE,npm,npm/resize-observer-polyfill--resize-observer-polyfill-1.5.1.tgz,0.39,0.05,0.005970181
run_147_repetition_24,DONE,zopfli,zopfli/dom-accessibility-api--dom-accessibility-api-0.7.1.tgz,0.42,0.05,0.006230485
run_304_repetition_16,DONE,brotli,brotli/style-loader--style-loader-4.0.0.tar.br,0.32,0.04,0.004396495
run_189_repetition_12,DONE,zstd,zstd/@aws-cdk__cloud-assembly-schema--cloud-assembly-schema-53.27.0.tar.zst,0.45,0.05,0.006159455
run_270_repetition_21,DONE,brotli,brotli/babel-plugin-transform-exponentiation-operator--babel-plugin-transform-exponentiation-operator-6.24.1.tar.br,0.29,0.03,0.0040108
run_99_repetition_1,DONE,xz,xz/lodash-es--lodash-es-4.18.1.tar.xz,1.02,0.12,0.016040967
run_180_repetition_26,DONE,zopfli,zopfli/tar--tar-7.5.15.tgz,1.51,0.18,0.024077892
run_65_repetition_9,DONE,xz,xz/@esbuild__linux-ia32--linux-ia32-0.28.0.tar.xz,21.47,2.58,0.33828032
run_256_repetition_9,DONE,brotli,brotli/@ethersproject__abstract-signer--abstract-signer-5.8.0.tar.br,0.29,0.03,0.004629616
run_265_repetition_21,DONE,brotli,brotli/@vue__reactivity--reactivity-3.5.34.tar.br,0.35,0.04,0.005238739
run_170_repetition_4,DONE,zopfli,zopfli/react-dom--react-dom-19.2.6.tgz,3.5,0.43,0.05528629
run_289_repetition_18,DONE,brotli,brotli/next--next-16.2.6.tar.br,22.81,2.85,0.354436736
run_211_repetition_29,DONE,zstd,zstd/encoding-sniffer--encoding-sniffer-1.0.2.tar.zst,0.26,0.03,0.003956202
run_199_repetition_3,DONE,zstd,zstd/@sindresorhus__is--is-8.1.0.tar.zst,0.26,0.03,0.003849733
run_298_repetition_28,DONE,brotli,brotli/remove-trailing-separator--remove-trailing-separator-1.1.0.tar.br,0.26,0.03,0.004156763
run_210_repetition_26,DONE,zstd,zstd/dom-accessibility-api--dom-accessibility-api-0.7.1.tar.zst,0.29,0.03,0.004475036
run_143_repetition_6,DONE,zopfli,zopfli/babel-plugin-check-es2015-constants--babel-plugin-check-es2015-constants-6.22.0.tgz,0.26,0.03,0.003613046
run_301_repetition_19,DONE,brotli,brotli/source-list-map--source-list-map-2.0.1.tar.br,0.29,0.04,0.004187466
run_143_repetition_12,DONE,zopfli,zopfli/babel-plugin-check-es2015-constants--babel-plugin-check-es2015-constants-6.22.0.tgz,0.25,0.03,0.003842448
run_197_repetition_5,DONE,zstd,zstd/@parcel__watcher--watcher-2.5.6.tar.zst,0.29,0.04,0.004180488
run_267_repetition_10,DONE,brotli,brotli/aws-sdk--aws-sdk-2.1693.0.tar.br,13.02,1.61,0.202890118
run_134_repetition_28,DONE,zopfli,zopfli/@parcel__watcher--watcher-2.5.6.tgz,0.33,0.04,0.005152315
run_91_repetition_6,DONE,xz,xz/has-to-string-tag-x--has-to-string-tag-x-2.1.2.tar.xz,0.42,0.05,0.005853424
run_37_repetition_8,DONE,npm,npm/@aws-cdk__cloud-assembly-schema--cloud-assembly-schema-53.27.0.tgz,0.71,0.08,0.010723494
run_9_repetition_15,DONE,npm,npm/remove-trailing-separator--remove-trailing-separator-1.1.0.tgz,0.3,0.03,0.004662576
run_271_repetition_10,DONE,brotli,brotli/client-only--client-only-0.0.1.tar.br,0.25,0.03,0.003840269
run_272_repetition_13,DONE,brotli,brotli/date-fns--date-fns-4.3.0.tar.br,3.88,0.48,0.060559702
run_300_repetition_16,DONE,brotli,brotli/shallowequal--shallowequal-1.1.0.tar.br,0.26,0.03,0.003938423
run_214_repetition_27,DONE,zstd,zstd/ethers--ethers-6.16.0.tar.zst,2.25,0.27,0.033077913
run_276_repetition_17,DONE,brotli,brotli/eslint-plugin-import--eslint-plugin-import-2.32.0.tar.br,0.76,0.09,0.011733853
run_76_repetition_15,DONE,xz,xz/@vue__reactivity--reactivity-3.5.34.tar.xz,0.48,0.06,0.007572818
run_51_repetition_16,DONE,npm,npm/webpack--webpack-5.107.1.tgz,3.56,0.42,0.054504859
run_82_repetition_14,DONE,xz,xz/client-only--client-only-0.0.1.tar.xz,0.29,0.03,0.004062147
run_6_repetition_12,DONE,npm,npm/babel-plugin-check-es2015-constants--babel-plugin-check-es2015-constants-6.22.0.tgz,0.32,0.04,0.004576161
run_105_repetition_23,DONE,xz,xz/prop-types--prop-types-15.8.1.tar.xz,0.38,0.05,0.005624209
run_267_repetition_17,DONE,brotli,brotli/aws-sdk--aws-sdk-2.1693.0.tar.br,13.1,1.63,0.203914817
run_251_repetition_13,DONE,zstd,zstd/xml2js--xml2js-0.6.2.tar.zst,0.96,0.11,0.014223041
run_111_repetition_18,DONE,xz,xz/shallowequal--shallowequal-1.1.0.tar.xz,0.32,0.03,0.00409471
run_135_repetition_7,DONE,zopfli,zopfli/@radix-ui__primitive--primitive-1.1.3.tgz,0.29,0.03,0.004285467
run_214_repetition_4,DONE,zstd,zstd/ethers--ethers-6.16.0.tar.zst,2.25,0.27,0.033088315
run_250_repetition_19,DONE,zstd,zstd/workbox-streams--workbox-streams-7.4.1.tar.zst,0.28,0.04,0.004044785
run_266_repetition_8,DONE,brotli,brotli/assert-plus--assert-plus-1.0.0.tar.br,0.29,0.04,0.004189333
run_256_repetition_17,DONE,brotli,brotli/@ethersproject__abstract-signer--abstract-signer-5.8.0.tar.br,0.33,0.03,0.004809175
run_4_repetition_22,DONE,npm,npm/@types__glob--glob-9.0.0.tgz,0.39,0.05,0.00579535
run_213_repetition_11,DONE,zstd,zstd/eslint-plugin-import--eslint-plugin-import-2.32.0.tar.zst,0.58,0.07,0.008930822
run_57_repetition_16,DONE,npm,npm/date-fns--date-fns-4.3.0.tgz,16.66,1.96,0.257869498
run_280_repetition_0,DONE,brotli,brotli/has-to-string-tag-x--has-to-string-tag-x-2.1.2.tar.br,0.29,0.03,0.004573439
run_218_repetition_18,DONE,zstd,zstd/highlight.js--highlight.js-11.11.1.tar.zst,1.33,0.16,0.01951568
run_127_repetition_26,DONE,zopfli,zopfli/@babel__plugin-transform-regexp-modifiers--plugin-transform-regexp-modifiers-7.28.6.tgz,0.25,0.03,0.003661033
run_65_repetition_27,DONE,xz,xz/@esbuild__linux-ia32--linux-ia32-0.28.0.tar.xz,21.51,2.57,0.338086279
run_136_repetition_13,DONE,zopfli,zopfli/@sindresorhus__is--is-8.1.0.tgz,0.32,0.04,0.004564412
run_95_repetition_26,DONE,xz,xz/immer--immer-11.1.8.tar.xz,0.77,0.09,0.011909228
run_273_repetition_2,DONE,brotli,brotli/dom-accessibility-api--dom-accessibility-api-0.7.1.tar.br,0.36,0.04,0.005277828
run_237_repetition_1,DONE,zstd,zstd/shallowequal--shallowequal-1.1.0.tar.zst,0.23,0.02,0.0034643
run_211_repetition_24,DONE,zstd,zstd/encoding-sniffer--encoding-sniffer-1.0.2.tar.zst,0.25,0.03,0.003977794
run_11_repetition_7,DONE,npm,npm/shallowequal--shallowequal-1.1.0.tgz,0.32,0.04,0.004663974
run_278_repetition_24,DONE,brotli,brotli/fetch-blob--fetch-blob-4.0.0.tar.br,0.26,0.03,0.004302276
run_184_repetition_15,DONE,zopfli,zopfli/webpack--webpack-5.107.1.tgz,3.67,0.45,0.058113502
run_112_repetition_29,DONE,xz,xz/source-list-map--source-list-map-2.0.1.tar.xz,0.32,0.04,0.00469467
run_284_repetition_29,DONE,brotli,brotli/immer--immer-11.1.8.tar.br,0.45,0.05,0.006825451
run_81_repetition_26,DONE,xz,xz/babel-plugin-transform-exponentiation-operator--babel-plugin-transform-exponentiation-operator-6.24.1.tar.xz,0.25,0.03,0.004054461
run_12_repetition_22,DONE,npm,npm/@radix-ui__primitive--primitive-1.1.3.tgz,0.32,0.04,0.004607532
run_304_repetition_2,DONE,brotli,brotli/style-loader--style-loader-4.0.0.tar.br,0.26,0.03,0.004198296
run_187_repetition_24,DONE,zopfli,zopfli/workbox-streams--workbox-streams-7.4.1.tgz,0.32,0.04,0.004897376
run_83_repetition_5,DONE,xz,xz/date-fns--date-fns-4.3.0.tar.xz,9.79,1.19,0.154333045
run_79_repetition_8,DONE,xz,xz/babel-helper-get-function-arity--babel-helper-get-function-arity-6.24.1.tar.xz,0.25,0.03,0.003864505
run_207_repetition_25,DONE,zstd,zstd/babel-plugin-transform-exponentiation-operator--babel-plugin-transform-exponentiation-operator-6.24.1.tar.zst,0.22,0.03,0.00350603
run_32_repetition_15,DONE,npm,npm/@vue__reactivity--reactivity-3.5.34.tgz,0.49,0.06,0.007230022
run_199_repetition_14,DONE,zstd,zstd/@sindresorhus__is--is-8.1.0.tar.zst,0.26,0.03,0.00388545
run_27_repetition_16,DONE,npm,npm/has-to-string-tag-x--has-to-string-tag-x-2.1.2.tgz,0.39,0.05,0.005648569
run_121_repetition_27,DONE,xz,xz/webpack--webpack-5.107.1.tar.xz,5.58,0.67,0.087947637
run_193_repetition_8,DONE,zstd,zstd/@ethersproject__abstract-signer--abstract-signer-5.8.0.tar.zst,0.29,0.03,0.003862298
run_257_repetition_17,DONE,brotli,brotli/@modelcontextprotocol__sdk--sdk-1.29.0.tar.br,1.09,0.13,0.016381636
run_174_repetition_6,DONE,zopfli,zopfli/shallowequal--shallowequal-1.1.0.tgz,0.29,0.03,0.004135622
run_187_repetition_26,DONE,zopfli,zopfli/workbox-streams--workbox-streams-7.4.1.tgz,0.32,0.04,0.004972356
run_45_repetition_27,DONE,npm,npm/prismjs--prismjs-1.30.0.tgz,1.95,0.23,0.029732154
run_195_repetition_6,DONE,zstd,zstd/@next__swc-linux-arm64-musl--swc-linux-arm64-musl-16.2.6.tar.zst,30.04,3.58,0.456988635
run_110_repetition_20,DONE,xz,xz/resize-observer-polyfill--resize-observer-polyfill-1.5.1.tar.xz,0.38,0.05,0.005708377
run_132_repetition_23,DONE,zopfli,zopfli/@next__swc-linux-arm64-musl--swc-linux-arm64-musl-16.2.6.tgz,73.95,8.9,1.167174512
run_64_repetition_9,DONE,xz,xz/@babel__plugin-transform-regexp-modifiers--plugin-transform-regexp-modifiers-7.28.6.tar.xz,0.26,0.03,0.003991311
run_115_repetition_7,DONE,xz,xz/style-loader--style-loader-4.0.0.tar.xz,0.33,0.04,0.004921389
run_175_repetition_29,DONE,zopfli,zopfli/source-list-map--source-list-map-2.0.1.tgz,0.25,0.03,0.00376651
run_26_repetition_13,DONE,npm,npm/workbox-streams--workbox-streams-7.4.1.tgz,0.38,0.05,0.006379152
run_286_repetition_21,DONE,brotli,brotli/libphonenumber-js--libphonenumber-js-1.13.3.tar.br,1.96,0.24,0.030279732
run_123_repetition_15,DONE,xz,xz/workbox-routing--workbox-routing-7.4.1.tar.xz,0.54,0.06,0.008005588
run_26_repetition_7,DONE,npm,npm/workbox-streams--workbox-streams-7.4.1.tgz,0.45,0.05,0.006486639
run_252_repetition_17,DONE,brotli,brotli/@aws-cdk__cloud-assembly-schema--cloud-assembly-schema-53.27.0.tar.br,0.51,0.06,0.007915612
run_271_repetition_12,DONE,brotli,brotli/client-only--client-only-0.0.1.tar.br,0.29,0.04,0.003889909
run_147_repetition_4,DONE,zopfli,zopfli/dom-accessibility-api--dom-accessibility-api-0.7.1.tgz,0.42,0.05,0.00624664
run_139_repetition_11,DONE,zopfli,zopfli/@vue__reactivity--reactivity-3.5.34.tgz,0.45,0.05,0.006998368
run_29_repetition_10,DONE,npm,npm/@parcel__watcher--watcher-2.5.6.tgz,0.42,0.05,0.00625695
run_10_repetition_4,DONE,npm,npm/path-dirname--path-dirname-1.0.2.tgz,0.32,0.04,0.004870874
run_116_repetition_8,DONE,xz,xz/tailwindcss--tailwindcss-4.3.0.tar.xz,0.86,0.11,0.013776497
run_113_repetition_6,DONE,xz,xz/split2--split2-4.2.0.tar.xz,0.23,0.03,0.003923143
run_67_repetition_16,DONE,xz,xz/@ethersproject__abstract-signer--abstract-signer-5.8.0.tar.xz,0.31,0.04,0.005196214
run_192_repetition_3,DONE,zstd,zstd/@eslint__eslintrc--eslintrc-3.3.5.tar.zst,0.35,0.04,0.005269314
run_46_repetition_24,DONE,npm,npm/@modelcontextprotocol__sdk--sdk-1.29.0.tgz,2.31,0.28,0.035014721
run_172_repetition_2,DONE,zopfli,zopfli/remove-trailing-separator--remove-trailing-separator-1.1.0.tgz,0.29,0.03,0.004412887
run_160_repetition_23,DONE,zopfli,zopfli/libphonenumber-js--libphonenumber-js-1.13.3.tgz,5.72,0.69,0.089534243
run_277_repetition_26,DONE,brotli,brotli/ethers--ethers-6.16.0.tar.br,2.82,0.35,0.043655403
run_170_repetition_18,DONE,zopfli,zopfli/react-dom--react-dom-19.2.6.tgz,3.49,0.42,0.0550637
run_212_repetition_15,DONE,zstd,zstd/eslint-config-react-app--eslint-config-react-app-7.0.1.tar.zst,0.23,0.03,0.003503031
run_143_repetition_14,DONE,zopfli,zopfli/babel-plugin-check-es2015-constants--babel-plugin-check-es2015-constants-6.22.0.tgz,0.23,0.03,0.003485248
run_162_repetition_24,DONE,zopfli,zopfli/lodash-es--lodash-es-4.18.1.tgz,0.89,0.11,0.013728876
run_299_repetition_29,DONE,brotli,brotli/resize-observer-polyfill--resize-observer-polyfill-1.5.1.tar.br,0.35,0.04,0.004676191
run_268_repetition_5,DONE,brotli,brotli/babel-helper-get-function-arity--babel-helper-get-function-arity-6.24.1.tar.br,0.25,0.03,0.003655263
run_228_repetition_4,DONE,zstd,zstd/path-dirname--path-dirname-1.0.2.tar.zst,0.23,0.03,0.003389471
run_222_repetition_6,DONE,zstd,zstd/jiti--jiti-2.7.0.tar.zst,0.61,0.07,0.009603096
run_195_repetition_21,DONE,zstd,zstd/@next__swc-linux-arm64-musl--swc-linux-arm64-musl-16.2.6.tar.zst,29.56,3.54,0.449180966
run_106_repetition_2,DONE,xz,xz/protobufjs--protobufjs-8.4.2.tar.xz,1.79,0.22,0.028106915
run_128_repetition_11,DONE,zopfli,zopfli/@esbuild__linux-ia32--linux-ia32-0.28.0.tgz,7.56,0.9,0.118971443
run_53_repetition_0,DONE,npm,npm/libphonenumber-js--libphonenumber-js-1.13.3.tgz,5.32,0.63,0.082104556
run_263_repetition_0,DONE,brotli,brotli/@types__glob--glob-9.0.0.tar.br,0.25,0.03,0.003929398
run_309_repetition_18,DONE,brotli,brotli/watchpack-chokidar2--watchpack-chokidar2-2.0.1.tar.br,0.25,0.03,0.003904008
run_120_repetition_0,DONE,xz,xz/watchpack-chokidar2--watchpack-chokidar2-2.0.1.tar.xz,0.26,0.03,0.003673706
run_49_repetition_27,DONE,npm,npm/xml2js--xml2js-0.6.2.tgz,2.07,0.25,0.032430805
run_87_repetition_20,DONE,xz,xz/eslint-plugin-import--eslint-plugin-import-2.32.0.tar.xz,2.01,0.24,0.031534288
run_33_repetition_13,DONE,npm,npm/got--got-15.0.5.tgz,0.51,0.06,0.007636705
run_128_repetition_27,DONE,zopfli,zopfli/@esbuild__linux-ia32--linux-ia32-0.28.0.tgz,7.54,0.89,0.119058447
run_162_repetition_9,DONE,zopfli,zopfli/lodash-es--lodash-es-4.18.1.tgz,0.92,0.11,0.014037207
run_293_repetition_9,DONE,brotli,brotli/prismjs--prismjs-1.30.0.tar.br,1.03,0.12,0.016104996
run_240_repetition_6,DONE,zstd,zstd/strict-uri-encode--strict-uri-encode-2.0.0.tar.zst,0.23,0.03,0.003344987
run_25_repetition_0,DONE,npm,npm/encoding-sniffer--encoding-sniffer-1.0.2.tgz,0.39,0.05,0.005881085
run_113_repetition_2,DONE,xz,xz/split2--split2-4.2.0.tar.xz,0.29,0.03,0.004447831
run_125_repetition_29,DONE,xz,xz/xml2js--xml2js-0.6.2.tar.xz,4.14,0.5,0.065080891
run_310_repetition_2,DONE,brotli,brotli/webpack--webpack-5.107.1.tar.br,1.9,0.23,0.029373991
run_283_repetition_23,DONE,brotli,brotli/iconv-lite--iconv-lite-0.7.2.tar.br,0.48,0.06,0.007542027
run_75_repetition_12,DONE,xz,xz/@types__uuid--uuid-11.0.0.tar.xz,0.23,0.03,0.003646818
run_70_repetition_23,DONE,xz,xz/@opentelemetry__semantic-conventions--semantic-conventions-1.41.1.tar.xz,3.08,0.37,0.04769958
run_200_repetition_8,DONE,zstd,zstd/@types__glob--glob-9.0.0.tar.zst,0.19,0.02,0.003254728
run_200_repetition_14,DONE,zstd,zstd/@types__glob--glob-9.0.0.tar.zst,0.16,0.02,0.003360397
run_73_repetition_25,DONE,xz,xz/@sindresorhus__is--is-8.1.0.tar.xz,0.38,0.05,0.005828978
run_264_repetition_26,DONE,brotli,brotli/@types__uuid--uuid-11.0.0.tar.br,0.25,0.03,0.004046014
run_134_repetition_26,DONE,zopfli,zopfli/@parcel__watcher--watcher-2.5.6.tgz,0.38,0.05,0.005323241
run_14_repetition_1,DONE,npm,npm/split2--split2-4.2.0.tgz,0.32,0.04,0.004755218
run_161_repetition_21,DONE,zopfli,zopfli/linkify-it--linkify-it-5.0.1.tgz,0.26,0.03,0.00405232
run_213_repetition_28,DONE,zstd,zstd/eslint-plugin-import--eslint-plugin-import-2.32.0.tar.zst,0.64,0.08,0.009925422
run_124_repetition_11,DONE,xz,xz/workbox-streams--workbox-streams-7.4.1.tar.xz,0.41,0.05,0.006438309
run_265_repetition_9,DONE,brotli,brotli/@vue__reactivity--reactivity-3.5.34.tar.br,0.32,0.04,0.005186066
run_196_repetition_10,DONE,zstd,zstd/@opentelemetry__semantic-conventions--semantic-conventions-1.41.1.tar.zst,1.57,0.19,0.024645847
run_244_repetition_25,DONE,zstd,zstd/ts-node--ts-node-10.9.2.tar.zst,0.42,0.05,0.006407597
run_7_repetition_22,DONE,npm,npm/strict-uri-encode--strict-uri-encode-2.0.0.tgz,0.26,0.03,0.00460567
run_216_repetition_3,DONE,zstd,zstd/got--got-15.0.5.tar.zst,0.32,0.04,0.004799152
run_192_repetition_12,DONE,zstd,zstd/@eslint__eslintrc--eslintrc-3.3.5.tar.zst,0.32,0.04,0.005330279
run_89_repetition_22,DONE,xz,xz/fetch-blob--fetch-blob-4.0.0.tar.xz,0.33,0.04,0.005090452
run_22_repetition_11,DONE,npm,npm/@ethersproject__abstract-signer--abstract-signer-5.8.0.tgz,0.38,0.05,0.005432209
run_144_repetition_24,DONE,zopfli,zopfli/babel-plugin-transform-exponentiation-operator--babel-plugin-transform-exponentiation-operator-6.24.1.tgz,0.23,0.03,0.003770318
run_232_repetition_10,DONE,zstd,zstd/protobufjs--protobufjs-8.4.2.tar.zst,0.73,0.09,0.011332184
run_122_repetition_28,DONE,xz,xz/whatwg-mimetype--whatwg-mimetype-5.0.0.tar.xz,0.26,0.03,0.004646652
run_29_repetition_13,DONE,npm,npm/@parcel__watcher--watcher-2.5.6.tgz,0.41,0.05,0.006327137
run_129_repetition_25,DONE,zopfli,zopfli/@eslint__eslintrc--eslintrc-3.3.5.tgz,0.57,0.07,0.009152033
run_23_repetition_1,DONE,npm,npm/prop-types--prop-types-15.8.1.tgz,0.31,0.04,0.005060861
run_217_repetition_25,DONE,zstd,zstd/has-to-string-tag-x--has-to-string-tag-x-2.1.2.tar.zst,0.26,0.03,0.004031135
run_147_repetition_26,DONE,zopfli,zopfli/dom-accessibility-api--dom-accessibility-api-0.7.1.tgz,0.44,0.05,0.006507622
run_167_repetition_20,DONE,zopfli,zopfli/prismjs--prismjs-1.30.0.tgz,1.72,0.21,0.027368837
run_82_repetition_0,DONE,xz,xz/client-only--client-only-0.0.1.tar.xz,0.25,0.03,0.003762842
run_179_repetition_2,DONE,zopfli,zopfli/tailwindcss--tailwindcss-4.3.0.tgz,0.71,0.08,0.010298606
run_175_repetition_3,DONE,zopfli,zopfli/source-list-map--source-list-map-2.0.1.tgz,0.29,0.03,0.003648539
run_88_repetition_25,DONE,xz,xz/ethers--ethers-6.16.0.tar.xz,6.75,0.81,0.10583395
run_149_repetition_2,DONE,zopfli,zopfli/eslint-config-react-app--eslint-config-react-app-7.0.1.tgz,0.25,0.03,0.003752064
run_126_repetition_18,DONE,zopfli,zopfli/@aws-cdk__cloud-assembly-schema--cloud-assembly-schema-53.27.0.tgz,0.68,0.08,0.010393033
run_45_repetition_13,DONE,npm,npm/prismjs--prismjs-1.30.0.tgz,1.96,0.23,0.029622595
run_200_repetition_29,DONE,zstd,zstd/@types__glob--glob-9.0.0.tar.zst,0.23,0.03,0.003359317
run_211_repetition_11,DONE,zstd,zstd/encoding-sniffer--encoding-sniffer-1.0.2.tar.zst,0.29,0.03,0.003890984
run_87_repetition_2,DONE,xz,xz/eslint-plugin-import--eslint-plugin-import-2.32.0.tar.xz,2.01,0.24,0.03114915
run_243_repetition_19,DONE,zstd,zstd/tar--tar-7.5.15.tar.zst,0.67,0.08,0.009993544
run_228_repetition_15,DONE,zstd,zstd/path-dirname--path-dirname-1.0.2.tar.zst,0.26,0.03,0.003421546
run_113_repetition_9,DONE,xz,xz/split2--split2-4.2.0.tar.xz,0.32,0.04,0.004723381
run_282_repetition_1,DONE,brotli,brotli/html-escaper--html-escaper-3.0.3.tar.br,0.29,0.03,0.004093651
run_37_repetition_3,DONE,npm,npm/@aws-cdk__cloud-assembly-schema--cloud-assembly-schema-53.27.0.tgz,0.71,0.08,0.010575196
run_23_repetition_17,DONE,npm,npm/prop-types--prop-types-15.8.1.tgz,0.35,0.04,0.005310828
run_139_repetition_2,DONE,zopfli,zopfli/@vue__reactivity--reactivity-3.5.34.tgz,0.45,0.05,0.006791366
run_112_repetition_18,DONE,xz,xz/source-list-map--source-list-map-2.0.1.tar.xz,0.29,0.03,0.004600501
run_272_repetition_11,DONE,brotli,brotli/date-fns--date-fns-4.3.0.tar.br,3.92,0.48,0.061001469
run_288_repetition_23,DONE,brotli,brotli/lodash-es--lodash-es-4.18.1.tar.br,0.63,0.07,0.009516996
run_155_repetition_24,DONE,zopfli,zopfli/highlight.js--highlight.js-11.11.1.tgz,3.51,0.42,0.05612688
run_121_repetition_16,DONE,xz,xz/webpack--webpack-5.107.1.tar.xz,5.6,0.68,0.087793813
run_207_repetition_6,DONE,zstd,zstd/babel-plugin-transform-exponentiation-operator--babel-plugin-transform-exponentiation-operator-6.24.1.tar.zst,0.22,0.03,0.003317203
run_269_repetition_27,DONE,brotli,brotli/babel-plugin-check-es2015-constants--babel-plugin-check-es2015-constants-6.22.0.tar.br,0.26,0.03,0.004019103
run_296_repetition_5,DONE,brotli,brotli/react-dom--react-dom-19.2.6.tar.br,1.28,0.16,0.019684563
run_140_repetition_11,DONE,zopfli,zopfli/assert-plus--assert-plus-1.0.0.tgz,0.32,0.04,0.00404886
run_143_repetition_1,DONE,zopfli,zopfli/babel-plugin-check-es2015-constants--babel-plugin-check-es2015-constants-6.22.0.tgz,0.23,0.03,0.003514675
run_187_repetition_20,DONE,zopfli,zopfli/workbox-streams--workbox-streams-7.4.1.tgz,0.35,0.04,0.005179431
run_207_repetition_3,DONE,zstd,zstd/babel-plugin-transform-exponentiation-operator--babel-plugin-transform-exponentiation-operator-6.24.1.tar.zst,0.22,0.03,0.003365993
run_231_repetition_1,DONE,zstd,zstd/prop-types--prop-types-15.8.1.tar.zst,0.26,0.03,0.003961128
run_267_repetition_13,DONE,brotli,brotli/aws-sdk--aws-sdk-2.1693.0.tar.br,13.15,1.63,0.204012021
run_275_repetition_7,DONE,brotli,brotli/eslint-config-react-app--eslint-config-react-app-7.0.1.tar.br,0.26,0.03,0.004015398
run_165_repetition_0,DONE,zopfli,zopfli/path-dirname--path-dirname-1.0.2.tgz,0.2,0.02,0.003408978
run_159_repetition_5,DONE,zopfli,zopfli/jiti--jiti-2.7.0.tgz,1.18,0.14,0.018230442
run_61_repetition_17,DONE,npm,npm/next--next-16.2.6.tgz,80.15,9.45,1.243016706
run_60_repetition_6,DONE,npm,npm/aws-sdk--aws-sdk-2.1693.0.tgz,37.47,4.44,0.584022857
run_182_repetition_0,DONE,zopfli,zopfli/typescript--typescript-6.0.3.tgz,11.28,1.35,0.177774601
run_57_repetition_15,DONE,npm,npm/date-fns--date-fns-4.3.0.tgz,16.15,1.91,0.250187338
run_172_repetition_3,DONE,zopfli,zopfli/remove-trailing-separator--remove-trailing-separator-1.1.0.tgz,0.23,0.02,0.003422253
run_233_repetition_16,DONE,zstd,zstd/react-dom--react-dom-19.2.6.tar.zst,1.2,0.15,0.018084
run_173_repetition_28,DONE,zopfli,zopfli/resize-observer-polyfill--resize-observer-polyfill-1.5.1.tgz,0.35,0.04,0.004944696
run_220_repetition_19,DONE,zstd,zstd/iconv-lite--iconv-lite-0.7.2.tar.zst,0.34,0.04,0.005263197
run_182_repetition_22,DONE,zopfli,zopfli/typescript--typescript-6.0.3.tgz,11.32,1.35,0.178430226
run_193_repetition_6,DONE,zstd,zstd/@ethersproject__abstract-signer--abstract-signer-5.8.0.tar.zst,0.23,0.03,0.003828289
run_49_repetition_6,DONE,npm,npm/xml2js--xml2js-0.6.2.tgz,2.1,0.25,0.03240718
run_269_repetition_26,DONE,brotli,brotli/babel-plugin-check-es2015-constants--babel-plugin-check-es2015-constants-6.22.0.tar.br,0.26,0.03,0.003935069
run_241_repetition_2,DONE,zstd,zstd/style-loader--style-loader-4.0.0.tar.zst,0.3,0.04,0.004067832
run_246_repetition_11,DONE,zstd,zstd/watchpack-chokidar2--watchpack-chokidar2-2.0.1.tar.zst,0.19,0.02,0.003311461
run_208_repetition_25,DONE,zstd,zstd/client-only--client-only-0.0.1.tar.zst,0.25,0.03,0.003393715
run_113_repetition_13,DONE,xz,xz/split2--split2-4.2.0.tar.xz,0.26,0.03,0.004521715
run_191_repetition_4,DONE,zstd,zstd/@esbuild__linux-ia32--linux-ia32-0.28.0.tar.zst,3.04,0.36,0.046172123
run_45_repetition_12,DONE,npm,npm/prismjs--prismjs-1.30.0.tgz,1.9,0.22,0.02896386
run_198_repetition_12,DONE,zstd,zstd/@radix-ui__primitive--primitive-1.1.3.tar.zst,0.19,0.02,0.00339088
run_292_repetition_24,DONE,brotli,brotli/prettier--prettier-3.8.3.tar.br,2.22,0.27,0.034433883
run_250_repetition_23,DONE,zstd,zstd/workbox-streams--workbox-streams-7.4.1.tar.zst,0.3,0.04,0.004082425
run_27_repetition_0,DONE,npm,npm/has-to-string-tag-x--has-to-string-tag-x-2.1.2.tgz,0.36,0.04,0.005418711
run_280_repetition_9,DONE,brotli,brotli/has-to-string-tag-x--has-to-string-tag-x-2.1.2.tar.br,0.32,0.04,0.004616218
run_16_repetition_17,DONE,npm,npm/eslint-config-react-app--eslint-config-react-app-7.0.1.tgz,0.33,0.04,0.004811103
run_60_repetition_19,DONE,npm,npm/aws-sdk--aws-sdk-2.1693.0.tgz,37.64,4.47,0.585058613
run_166_repetition_20,DONE,zopfli,zopfli/prettier--prettier-3.8.3.tgz,4.93,0.59,0.077165152
run_204_repetition_29,DONE,zstd,zstd/aws-sdk--aws-sdk-2.1693.0.tar.zst,14.72,1.77,0.219782735
run_71_repetition_7,DONE,xz,xz/@parcel__watcher--watcher-2.5.6.tar.xz,0.51,0.06,0.007117651
run_280_repetition_1,DONE,brotli,brotli/has-to-string-tag-x--has-to-string-tag-x-2.1.2.tar.br,0.32,0.03,0.004807305
run_138_repetition_5,DONE,zopfli,zopfli/@types__uuid--uuid-11.0.0.tgz,0.23,0.03,0.0032991
run_96_repetition_8,DONE,xz,xz/jiti--jiti-2.7.0.tar.xz,2.16,0.25,0.033328328
run_246_repetition_19,DONE,zstd,zstd/watchpack-chokidar2--watchpack-chokidar2-2.0.1.tar.zst,0.22,0.02,0.00330299
run_299_repetition_21,DONE,brotli,brotli/resize-observer-polyfill--resize-observer-polyfill-1.5.1.tar.br,0.32,0.04,0.004759913
run_304_repetition_3,DONE,brotli,brotli/style-loader--style-loader-4.0.0.tar.br,0.32,0.04,0.004413981
run_251_repetition_22,DONE,zstd,zstd/xml2js--xml2js-0.6.2.tar.zst,0.97,0.12,0.014496191
run_53_repetition_16,DONE,npm,npm/libphonenumber-js--libphonenumber-js-1.13.3.tgz,5.32,0.64,0.082101113
run_174_repetition_17,DONE,zopfli,zopfli/shallowequal--shallowequal-1.1.0.tgz,0.29,0.03,0.003911031
run_195_repetition_12,DONE,zstd,zstd/@next__swc-linux-arm64-musl--swc-linux-arm64-musl-16.2.6.tar.zst,30.22,3.57,0.456902147
run_9_repetition_18,DONE,npm,npm/remove-trailing-separator--remove-trailing-separator-1.1.0.tgz,0.29,0.04,0.004497962
run_177_repetition_21,DONE,zopfli,zopfli/strict-uri-encode--strict-uri-encode-2.0.0.tgz,0.23,0.03,0.003564284
run_229_repetition_7,DONE,zstd,zstd/prettier--prettier-3.8.3.tar.zst,1.7,0.19,0.024955808
run_244_repetition_28,DONE,zstd,zstd/ts-node--ts-node-10.9.2.tar.zst,0.42,0.05,0.006373862
run_194_repetition_21,DONE,zstd,zstd/@modelcontextprotocol__sdk--sdk-1.29.0.tar.zst,0.96,0.11,0.014792546
run_137_repetition_14,DONE,zopfli,zopfli/@types__glob--glob-9.0.0.tgz,0.26,0.03,0.003873259
run_148_repetition_5,DONE,zopfli,zopfli/encoding-sniffer--encoding-sniffer-1.0.2.tgz,0.35,0.04,0.005066747
run_2_repetition_5,DONE,npm,npm/babel-helper-get-function-arity--babel-helper-get-function-arity-6.24.1.tgz,0.32,0.04,0.004632081
run_252_repetition_18,DONE,brotli,brotli/@aws-cdk__cloud-assembly-schema--cloud-assembly-schema-53.27.0.tar.br,0.55,0.06,0.007965731
run_243_repetition_20,DONE,zstd,zstd/tar--tar-7.5.15.tar.zst,0.64,0.08,0.009666677
run_39_repetition_18,DONE,npm,npm/iconv-lite--iconv-lite-0.7.2.tgz,0.59,0.07,0.00862575
run_241_repetition_29,DONE,zstd,zstd/style-loader--style-loader-4.0.0.tar.zst,0.26,0.03,0.003614343
run_290_repetition_27,DONE,brotli,brotli/node-notifier--node-notifier-10.0.1.tar.br,2.53,0.3,0.039355968
run_177_repetition_7,DONE,zopfli,zopfli/strict-uri-encode--strict-uri-encode-2.0.0.tgz,0.26,0.03,0.003558159
run_14_repetition_23,DONE,npm,npm/split2--split2-4.2.0.tgz,0.36,0.04,0.005093648
run_214_repetition_3,DONE,zstd,zstd/ethers--ethers-6.16.0.tar.zst,2.25,0.27,0.033059909
run_272_repetition_25,DONE,brotli,brotli/date-fns--date-fns-4.3.0.tar.br,3.89,0.48,0.060069436
run_116_repetition_28,DONE,xz,xz/tailwindcss--tailwindcss-4.3.0.tar.xz,0.87,0.1,0.01373805
run_93_repetition_14,DONE,xz,xz/html-escaper--html-escaper-3.0.3.tar.xz,0.32,0.04,0.004343756
run_309_repetition_26,DONE,brotli,brotli/watchpack-chokidar2--watchpack-chokidar2-2.0.1.tar.br,0.29,0.04,0.004092267
run_83_repetition_21,DONE,xz,xz/date-fns--date-fns-4.3.0.tar.xz,9.96,1.19,0.153702591
run_135_repetition_15,DONE,zopfli,zopfli/@radix-ui__primitive--primitive-1.1.3.tgz,0.29,0.03,0.004186321
run_72_repetition_29,DONE,xz,xz/@radix-ui__primitive--primitive-1.1.3.tar.xz,0.29,0.04,0.004095058
run_132_repetition_1,DONE,zopfli,zopfli/@next__swc-linux-arm64-musl--swc-linux-arm64-musl-16.2.6.tgz,74.59,9.04,1.166971526
run_234_repetition_26,DONE,zstd,zstd/react-error-overlay--react-error-overlay-6.1.0.tar.zst,0.35,0.04,0.005346466
run_285_repetition_6,DONE,brotli,brotli/jiti--jiti-2.7.0.tar.br,0.78,0.09,0.01203402
run_28_repetition_28,DONE,npm,npm/resize-observer-polyfill--resize-observer-polyfill-1.5.1.tgz,0.39,0.05,0.005940596
run_70_repetition_20,DONE,xz,xz/@opentelemetry__semantic-conventions--semantic-conventions-1.41.1.tar.xz,3.1,0.37,0.047877503
run_147_repetition_18,DONE,zopfli,zopfli/dom-accessibility-api--dom-accessibility-api-0.7.1.tgz,0.42,0.05,0.006368108
run_213_repetition_14,DONE,zstd,zstd/eslint-plugin-import--eslint-plugin-import-2.32.0.tar.zst,0.58,0.07,0.00895543
run_268_repetition_16,DONE,brotli,brotli/babel-helper-get-function-arity--babel-helper-get-function-arity-6.24.1.tar.br,0.29,0.03,0.003751096
run_196_repetition_17,DONE,zstd,zstd/@opentelemetry__semantic-conventions--semantic-conventions-1.41.1.tar.zst,1.6,0.2,0.024645011
run_141_repetition_10,DONE,zopfli,zopfli/aws-sdk--aws-sdk-2.1693.0.tgz,38.82,4.66,0.607460144
run_73_repetition_6,DONE,xz,xz/@sindresorhus__is--is-8.1.0.tar.xz,0.36,0.04,0.005720278
run_174_repetition_22,DONE,zopfli,zopfli/shallowequal--shallowequal-1.1.0.tgz,0.29,0.03,0.004159454
run_82_repetition_15,DONE,xz,xz/client-only--client-only-0.0.1.tar.xz,0.26,0.03,0.004034847
run_291_repetition_25,DONE,brotli,brotli/path-dirname--path-dirname-1.0.2.tar.br,0.3,0.03,0.004272433
run_304_repetition_24,DONE,brotli,brotli/style-loader--style-loader-4.0.0.tar.br,0.28,0.03,0.004200474
run_27_repetition_4,DONE,npm,npm/has-to-string-tag-x--has-to-string-tag-x-2.1.2.tgz,0.38,0.05,0.005442686
run_186_repetition_26,DONE,zopfli,zopfli/workbox-routing--workbox-routing-7.4.1.tgz,0.39,0.05,0.006271444
run_220_repetition_22,DONE,zstd,zstd/iconv-lite--iconv-lite-0.7.2.tar.zst,0.35,0.04,0.005288982
run_119_repetition_15,DONE,xz,xz/typescript--typescript-6.0.3.tar.xz,13.6,1.65,0.213347677
run_32_repetition_24,DONE,npm,npm/@vue__reactivity--reactivity-3.5.34.tgz,0.45,0.05,0.007034729
run_257_repetition_22,DONE,brotli,brotli/@modelcontextprotocol__sdk--sdk-1.29.0.tar.br,1.09,0.13,0.01640202
run_158_repetition_21,DONE,zopfli,zopfli/immer--immer-11.1.8.tgz,0.71,0.08,0.011655837
run_277_repetition_16,DONE,brotli,brotli/ethers--ethers-6.16.0.tar.br,2.77,0.33,0.042837376
run_7_repetition_9,DONE,npm,npm/strict-uri-encode--strict-uri-encode-2.0.0.tgz,0.32,0.04,0.004768392
run_92_repetition_3,DONE,xz,xz/highlight.js--highlight.js-11.11.1.tar.xz,3.9,0.47,0.06069076
run_2_repetition_14,DONE,npm,npm/babel-helper-get-function-arity--babel-helper-get-function-arity-6.24.1.tgz,0.29,0.03,0.004524733
run_223_repetition_1,DONE,zstd,zstd/libphonenumber-js--libphonenumber-js-1.13.3.tar.zst,1.62,0.19,0.024124922
run_164_repetition_10,DONE,zopfli,zopfli/node-notifier--node-notifier-10.0.1.tgz,3.44,0.41,0.053762043
run_303_repetition_3,DONE,brotli,brotli/strict-uri-encode--strict-uri-encode-2.0.0.tar.br,0.26,0.03,0.003918332
run_164_repetition_11,DONE,zopfli,zopfli/node-notifier--node-notifier-10.0.1.tgz,3.52,0.42,0.054407323
run_106_repetition_20,DONE,xz,xz/protobufjs--protobufjs-8.4.2.tar.xz,1.82,0.22,0.028429369
run_40_repetition_24,DONE,npm,npm/ts-node--ts-node-10.9.2.tgz,0.78,0.09,0.011857382
run_225_repetition_15,DONE,zstd,zstd/lodash-es--lodash-es-4.18.1.tar.zst,0.51,0.06,0.007316832
run_23_repetition_4,DONE,npm,npm/prop-types--prop-types-15.8.1.tgz,0.39,0.04,0.005680096
run_38_repetition_1,DONE,npm,npm/tailwindcss--tailwindcss-4.3.0.tgz,0.71,0.08,0.010863843
run_1_repetition_8,DONE,npm,npm/client-only--client-only-0.0.1.tgz,0.3,0.03,0.004360376
run_227_repetition_28,DONE,zstd,zstd/node-notifier--node-notifier-10.0.1.tar.zst,1.46,0.17,0.021802164
run_236_repetition_25,DONE,zstd,zstd/resize-observer-polyfill--resize-observer-polyfill-1.5.1.tar.zst,0.25,0.03,0.003897592
run_312_repetition_19,DONE,brotli,brotli/workbox-routing--workbox-routing-7.4.1.tar.br,0.39,0.05,0.005487115
run_148_repetition_2,DONE,zopfli,zopfli/encoding-sniffer--encoding-sniffer-1.0.2.tgz,0.36,0.04,0.004825168
run_33_repetition_20,DONE,npm,npm/got--got-15.0.5.tgz,0.51,0.06,0.007369604
run_179_repetition_27,DONE,zopfli,zopfli/tailwindcss--tailwindcss-4.3.0.tgz,0.7,0.08,0.010476154
run_60_repetition_12,DONE,npm,npm/aws-sdk--aws-sdk-2.1693.0.tgz,37.66,4.45,0.584887357
run_147_repetition_15,DONE,zopfli,zopfli/dom-accessibility-api--dom-accessibility-api-0.7.1.tgz,0.42,0.05,0.006530413
run_83_repetition_12,DONE,xz,xz/date-fns--date-fns-4.3.0.tar.xz,9.89,1.17,0.153172318
run_131_repetition_13,DONE,zopfli,zopfli/@modelcontextprotocol__sdk--sdk-1.29.0.tgz,2.52,0.3,0.039456927
run_309_repetition_21,DONE,brotli,brotli/watchpack-chokidar2--watchpack-chokidar2-2.0.1.tar.br,0.25,0.03,0.004028475
run_151_repetition_6,DONE,zopfli,zopfli/ethers--ethers-6.16.0.tgz,7.46,0.88,0.11639975
run_55_repetition_16,DONE,npm,npm/prettier--prettier-3.8.3.tgz,4.79,0.56,0.074702448
run_195_repetition_10,DONE,zstd,zstd/@next__swc-linux-arm64-musl--swc-linux-arm64-musl-16.2.6.tar.zst,29.6,3.45,0.447766297
run_227_repetition_24,DONE,zstd,zstd/node-notifier--node-notifier-10.0.1.tar.zst,1.39,0.17,0.021341394
run_291_repetition_5,DONE,brotli,brotli/path-dirname--path-dirname-1.0.2.tar.br,0.32,0.03,0.004344214
run_56_repetition_29,DONE,npm,npm/ethers--ethers-6.16.0.tgz,6.97,0.82,0.107705849
run_184_repetition_13,DONE,zopfli,zopfli/webpack--webpack-5.107.1.tgz,3.91,0.45,0.05856753
run_17_repetition_17,DONE,npm,npm/source-list-map--source-list-map-2.0.1.tgz,0.35,0.04,0.005357253
run_71_repetition_14,DONE,xz,xz/@parcel__watcher--watcher-2.5.6.tar.xz,0.51,0.06,0.007430076
run_121_repetition_19,DONE,xz,xz/webpack--webpack-5.107.1.tar.xz,5.64,0.65,0.088080309
run_55_repetition_7,DONE,npm,npm/prettier--prettier-3.8.3.tgz,4.85,0.57,0.075208872
run_255_repetition_21,DONE,brotli,brotli/@eslint__eslintrc--eslintrc-3.3.5.tar.br,0.49,0.05,0.006943059
run_246_repetition_3,DONE,zstd,zstd/watchpack-chokidar2--watchpack-chokidar2-2.0.1.tar.zst,0.26,0.03,0.003239948
run_172_repetition_11,DONE,zopfli,zopfli/remove-trailing-separator--remove-trailing-separator-1.1.0.tgz,0.23,0.03,0.003684539
run_282_repetition_0,DONE,brotli,brotli/html-escaper--html-escaper-3.0.3.tar.br,0.29,0.03,0.004503443
run_250_repetition_1,DONE,zstd,zstd/workbox-streams--workbox-streams-7.4.1.tar.zst,0.32,0.04,0.004372453
run_216_repetition_15,DONE,zstd,zstd/got--got-15.0.5.tar.zst,0.36,0.04,0.004989006
run_287_repetition_17,DONE,brotli,brotli/linkify-it--linkify-it-5.0.1.tar.br,0.3,0.03,0.004731995
run_181_repetition_5,DONE,zopfli,zopfli/ts-node--ts-node-10.9.2.tgz,0.77,0.09,0.011616492
run_92_repetition_10,DONE,xz,xz/highlight.js--highlight.js-11.11.1.tar.xz,3.97,0.47,0.061613552
run_153_repetition_9,DONE,zopfli,zopfli/got--got-15.0.5.tgz,0.49,0.06,0.007310385
run_215_repetition_1,DONE,zstd,zstd/fetch-blob--fetch-blob-4.0.0.tar.zst,0.26,0.03,0.003765593
run_202_repetition_15,DONE,zstd,zstd/@vue__reactivity--reactivity-3.5.34.tar.zst,0.29,0.04,0.004644555
run_301_repetition_8,DONE,brotli,brotli/source-list-map--source-list-map-2.0.1.tar.br,0.29,0.03,0.004004204
run_1_repetition_0,DONE,npm,npm/client-only--client-only-0.0.1.tgz,0.35,0.04,0.004963254
run_230_repetition_17,DONE,zstd,zstd/prismjs--prismjs-1.30.0.tar.zst,0.84,0.1,0.01241083
run_254_repetition_22,DONE,brotli,brotli/@esbuild__linux-ia32--linux-ia32-0.28.0.tar.br,5.71,0.68,0.088925328
run_26_repetition_5,DONE,npm,npm/workbox-streams--workbox-streams-7.4.1.tgz,0.42,0.05,0.006137909
run_82_repetition_11,DONE,xz,xz/client-only--client-only-0.0.1.tar.xz,0.29,0.04,0.004052993
run_264_repetition_15,DONE,brotli,brotli/@types__uuid--uuid-11.0.0.tar.br,0.26,0.03,0.003999918
run_176_repetition_29,DONE,zopfli,zopfli/split2--split2-4.2.0.tgz,0.2,0.02,0.003507861
run_189_repetition_19,DONE,zstd,zstd/@aws-cdk__cloud-assembly-schema--cloud-assembly-schema-53.27.0.tar.zst,0.38,0.05,0.00630557
run_253_repetition_22,DONE,brotli,brotli/@babel__plugin-transform-regexp-modifiers--plugin-transform-regexp-modifiers-7.28.6.tar.br,0.32,0.04,0.004457186
run_66_repetition_24,DONE,xz,xz/@eslint__eslintrc--eslintrc-3.3.5.tar.xz,0.7,0.09,0.01077018
run_122_repetition_25,DONE,xz,xz/whatwg-mimetype--whatwg-mimetype-5.0.0.tar.xz,0.32,0.04,0.00496812
run_182_repetition_1,DONE,zopfli,zopfli/typescript--typescript-6.0.3.tgz,11.27,1.36,0.177946767
run_131_repetition_19,DONE,zopfli,zopfli/@modelcontextprotocol__sdk--sdk-1.29.0.tgz,2.52,0.31,0.040306495
run_132_repetition_6,DONE,zopfli,zopfli/@next__swc-linux-arm64-musl--swc-linux-arm64-musl-16.2.6.tgz,73.65,8.88,1.166391218
run_263_repetition_19,DONE,brotli,brotli/@types__glob--glob-9.0.0.tar.br,0.29,0.03,0.004098205
run_130_repetition_12,DONE,zopfli,zopfli/@ethersproject__abstract-signer--abstract-signer-5.8.0.tgz,0.32,0.04,0.004795649
run_302_repetition_16,DONE,brotli,brotli/split2--split2-4.2.0.tar.br,0.26,0.03,0.004242233
run_236_repetition_19,DONE,zstd,zstd/resize-observer-polyfill--resize-observer-polyfill-1.5.1.tar.zst,0.26,0.03,0.004016892
run_235_repetition_2,DONE,zstd,zstd/remove-trailing-separator--remove-trailing-separator-1.1.0.tar.zst,0.26,0.03,0.004028794
run_30_repetition_28,DONE,npm,npm/workbox-routing--workbox-routing-7.4.1.tgz,0.51,0.06,0.007598074
run_90_repetition_19,DONE,xz,xz/got--got-15.0.5.tar.xz,0.67,0.08,0.010058308
run_37_repetition_22,DONE,npm,npm/@aws-cdk__cloud-assembly-schema--cloud-assembly-schema-53.27.0.tgz,0.75,0.08,0.010920576
run_140_repetition_3,DONE,zopfli,zopfli/assert-plus--assert-plus-1.0.0.tgz,0.23,0.03,0.003568913
run_198_repetition_16,DONE,zstd,zstd/@radix-ui__primitive--primitive-1.1.3.tar.zst,0.23,0.03,0.003596162
run_143_repetition_24,DONE,zopfli,zopfli/babel-plugin-check-es2015-constants--babel-plugin-check-es2015-constants-6.22.0.tgz,0.28,0.03,0.004084715
run_280_repetition_25,DONE,brotli,brotli/has-to-string-tag-x--has-to-string-tag-x-2.1.2.tar.br,0.38,0.05,0.005146148
run_183_repetition_12,DONE,zopfli,zopfli/watchpack-chokidar2--watchpack-chokidar2-2.0.1.tgz,0.32,0.03,0.00405875
run_298_repetition_6,DONE,brotli,brotli/remove-trailing-separator--remove-trailing-separator-1.1.0.tar.br,0.26,0.03,0.004131844
run_167_repetition_10,DONE,zopfli,zopfli/prismjs--prismjs-1.30.0.tgz,1.74,0.21,0.02748795
run_130_repetition_24,DONE,zopfli,zopfli/@ethersproject__abstract-signer--abstract-signer-5.8.0.tgz,0.32,0.04,0.004885002
run_137_repetition_13,DONE,zopfli,zopfli/@types__glob--glob-9.0.0.tgz,0.29,0.03,0.004101472
run_139_repetition_14,DONE,zopfli,zopfli/@vue__reactivity--reactivity-3.5.34.tgz,0.45,0.05,0.006661611
run_150_repetition_18,DONE,zopfli,zopfli/eslint-plugin-import--eslint-plugin-import-2.32.0.tgz,1.15,0.14,0.017934957
run_84_repetition_3,DONE,xz,xz/dom-accessibility-api--dom-accessibility-api-0.7.1.tar.xz,0.57,0.07,0.008046144
run_239_repetition_8,DONE,zstd,zstd/split2--split2-4.2.0.tar.zst,0.25,0.03,0.003611883
run_223_repetition_7,DONE,zstd,zstd/libphonenumber-js--libphonenumber-js-1.13.3.tar.zst,1.74,0.21,0.025571339
run_299_repetition_16,DONE,brotli,brotli/resize-observer-polyfill--resize-observer-polyfill-1.5.1.tar.br,0.32,0.04,0.005002314
run_8_repetition_3,DONE,npm,npm/@babel__plugin-transform-regexp-modifiers--plugin-transform-regexp-modifiers-7.28.6.tgz,0.32,0.04,0.005115221
run_57_repetition_12,DONE,npm,npm/date-fns--date-fns-4.3.0.tgz,16.26,1.93,0.252101394
run_237_repetition_7,DONE,zstd,zstd/shallowequal--shallowequal-1.1.0.tar.zst,0.26,0.03,0.003686933
run_184_repetition_14,DONE,zopfli,zopfli/webpack--webpack-5.107.1.tgz,3.71,0.44,0.05828529
run_63_repetition_10,DONE,xz,xz/@aws-cdk__cloud-assembly-schema--cloud-assembly-schema-53.27.0.tar.xz,1.06,0.12,0.015839767
run_117_repetition_7,DONE,xz,xz/tar--tar-7.5.15.tar.xz,1.63,0.2,0.025854808
run_217_repetition_1,DONE,zstd,zstd/has-to-string-tag-x--has-to-string-tag-x-2.1.2.tar.zst,0.29,0.03,0.004459183
run_11_repetition_6,DONE,npm,npm/shallowequal--shallowequal-1.1.0.tgz,0.29,0.03,0.004262428
run_240_repetition_26,DONE,zstd,zstd/strict-uri-encode--strict-uri-encode-2.0.0.tar.zst,0.23,0.03,0.003514168
run_299_repetition_2,DONE,brotli,brotli/resize-observer-polyfill--resize-observer-polyfill-1.5.1.tar.br,0.35,0.04,0.004795635
run_54_repetition_14,DONE,npm,npm/node-notifier--node-notifier-10.0.1.tgz,3.36,0.4,0.052169325
run_275_repetition_3,DONE,brotli,brotli/eslint-config-react-app--eslint-config-react-app-7.0.1.tar.br,0.32,0.04,0.004546983
run_181_repetition_3,DONE,zopfli,zopfli/ts-node--ts-node-10.9.2.tgz,0.71,0.08,0.011042228
run_227_repetition_26,DONE,zstd,zstd/node-notifier--node-notifier-10.0.1.tar.zst,1.42,0.17,0.021510717
run_74_repetition_22,DONE,xz,xz/@types__glob--glob-9.0.0.tar.xz,0.26,0.03,0.004090162
run_60_repetition_13,DONE,npm,npm/aws-sdk--aws-sdk-2.1693.0.tgz,37.44,4.47,0.585920996
run_219_repetition_7,DONE,zstd,zstd/html-escaper--html-escaper-3.0.3.tar.zst,0.22,0.03,0.003671371
run_294_repetition_10,DONE,brotli,brotli/prop-types--prop-types-15.8.1.tar.br,0.29,0.03,0.00448083
run_16_repetition_27,DONE,npm,npm/eslint-config-react-app--eslint-config-react-app-7.0.1.tgz,0.36,0.04,0.005100017
run_312_repetition_22,DONE,brotli,brotli/workbox-routing--workbox-routing-7.4.1.tar.br,0.39,0.05,0.006039793
run_293_repetition_11,DONE,brotli,brotli/prismjs--prismjs-1.30.0.tar.br,1.03,0.12,0.016043843
run_84_repetition_28,DONE,xz,xz/dom-accessibility-api--dom-accessibility-api-0.7.1.tar.xz,0.51,0.06,0.007797614
run_81_repetition_7,DONE,xz,xz/babel-plugin-transform-exponentiation-operator--babel-plugin-transform-exponentiation-operator-6.24.1.tar.xz,0.26,0.03,0.004039615
run_204_repetition_10,DONE,zstd,zstd/aws-sdk--aws-sdk-2.1693.0.tar.zst,14.8,1.79,0.219949957
run_96_repetition_17,DONE,xz,xz/jiti--jiti-2.7.0.tar.xz,2.11,0.25,0.033478831
run_285_repetition_19,DONE,brotli,brotli/jiti--jiti-2.7.0.tar.br,0.81,0.1,0.012070595
run_67_repetition_18,DONE,xz,xz/@ethersproject__abstract-signer--abstract-signer-5.8.0.tar.xz,0.32,0.04,0.004854971
run_66_repetition_4,DONE,xz,xz/@eslint__eslintrc--eslintrc-3.3.5.tar.xz,0.67,0.08,0.010333181
run_35_repetition_24,DONE,npm,npm/@eslint__eslintrc--eslintrc-3.3.5.tgz,0.62,0.07,0.009376493
run_157_repetition_23,DONE,zopfli,zopfli/iconv-lite--iconv-lite-0.7.2.tgz,0.51,0.06,0.007385279
run_234_repetition_3,DONE,zstd,zstd/react-error-overlay--react-error-overlay-6.1.0.tar.zst,0.32,0.04,0.005235833
run_151_repetition_18,DONE,zopfli,zopfli/ethers--ethers-6.16.0.tgz,7.45,0.9,0.116666897
run_228_repetition_0,DONE,zstd,zstd/path-dirname--path-dirname-1.0.2.tar.zst,0.2,0.02,0.003497064
run_257_repetition_16,DONE,brotli,brotli/@modelcontextprotocol__sdk--sdk-1.29.0.tar.br,1.1,0.13,0.016781111
run_82_repetition_21,DONE,xz,xz/client-only--client-only-0.0.1.tar.xz,0.26,0.03,0.004178506
run_74_repetition_23,DONE,xz,xz/@types__glob--glob-9.0.0.tar.xz,0.3,0.04,0.004255888
run_157_repetition_9,DONE,zopfli,zopfli/iconv-lite--iconv-lite-0.7.2.tgz,0.51,0.06,0.007912593
run_230_repetition_4,DONE,zstd,zstd/prismjs--prismjs-1.30.0.tar.zst,0.81,0.1,0.012216445
run_180_repetition_21,DONE,zopfli,zopfli/tar--tar-7.5.15.tgz,1.56,0.19,0.02442026
run_107_repetition_4,DONE,xz,xz/react-dom--react-dom-19.2.6.tar.xz,2.54,0.31,0.039979303
run_106_repetition_6,DONE,xz,xz/protobufjs--protobufjs-8.4.2.tar.xz,1.85,0.22,0.028877793
run_149_repetition_10,DONE,zopfli,zopfli/eslint-config-react-app--eslint-config-react-app-7.0.1.tgz,0.29,0.04,0.004239661
run_153_repetition_14,DONE,zopfli,zopfli/got--got-15.0.5.tgz,0.44,0.05,0.007069419
run_172_repetition_16,DONE,zopfli,zopfli/remove-trailing-separator--remove-trailing-separator-1.1.0.tgz,0.26,0.03,0.003897124
run_259_repetition_6,DONE,brotli,brotli/@opentelemetry__semantic-conventions--semantic-conventions-1.41.1.tar.br,1.72,0.21,0.026226236
run_141_repetition_1,DONE,zopfli,zopfli/aws-sdk--aws-sdk-2.1693.0.tgz,38.33,4.61,0.607051409
run_77_repetition_20,DONE,xz,xz/assert-plus--assert-plus-1.0.0.tar.xz,0.3,0.04,0.004471118
run_94_repetition_8,DONE,xz,xz/iconv-lite--iconv-lite-0.7.2.tar.xz,1.09,0.13,0.017339785
run_169_repetition_3,DONE,zopfli,zopfli/protobufjs--protobufjs-8.4.2.tgz,1.93,0.23,0.030176636
run_84_repetition_0,DONE,xz,xz/dom-accessibility-api--dom-accessibility-api-0.7.1.tar.xz,0.54,0.07,0.008241969
run_249_repetition_26,DONE,zstd,zstd/workbox-routing--workbox-routing-7.4.1.tar.zst,0.33,0.04,0.004685466
run_20_repetition_13,DONE,npm,npm/linkify-it--linkify-it-5.0.1.tgz,0.32,0.04,0.005047947
run_17_repetition_9,DONE,npm,npm/source-list-map--source-list-map-2.0.1.tgz,0.33,0.04,0.005056722
run_40_repetition_15,DONE,npm,npm/ts-node--ts-node-10.9.2.tgz,0.75,0.09,0.011714364
run_42_repetition_14,DONE,npm,npm/eslint-plugin-import--eslint-plugin-import-2.32.0.tgz,1.12,0.13,0.017221425
run_113_repetition_26,DONE,xz,xz/split2--split2-4.2.0.tar.xz,0.26,0.03,0.004152785
run_185_repetition_6,DONE,zopfli,zopfli/whatwg-mimetype--whatwg-mimetype-5.0.0.tgz,0.26,0.03,0.004141246
run_183_repetition_29,DONE,zopfli,zopfli/watchpack-chokidar2--watchpack-chokidar2-2.0.1.tgz,0.26,0.03,0.003507653
run_214_repetition_15,DONE,zstd,zstd/ethers--ethers-6.16.0.tar.zst,2.22,0.26,0.033107495
run_259_repetition_2,DONE,brotli,brotli/@opentelemetry__semantic-conventions--semantic-conventions-1.41.1.tar.br,1.74,0.21,0.026348485
run_176_repetition_8,DONE,zopfli,zopfli/split2--split2-4.2.0.tgz,0.3,0.03,0.004034416
run_35_repetition_18,DONE,npm,npm/@eslint__eslintrc--eslintrc-3.3.5.tgz,0.68,0.08,0.009780525
run_112_repetition_17,DONE,xz,xz/source-list-map--source-list-map-2.0.1.tar.xz,0.33,0.04,0.0045735
run_106_repetition_17,DONE,xz,xz/protobufjs--protobufjs-8.4.2.tar.xz,1.85,0.22,0.029006957
run_99_repetition_13,DONE,xz,xz/lodash-es--lodash-es-4.18.1.tar.xz,1.04,0.12,0.015737453
run_241_repetition_19,DONE,zstd,zstd/style-loader--style-loader-4.0.0.tar.zst,0.23,0.03,0.003802243
run_163_repetition_24,DONE,zopfli,zopfli/next--next-16.2.6.tgz,81.42,9.7,1.284593971
run_16_repetition_1,DONE,npm,npm/eslint-config-react-app--eslint-config-react-app-7.0.1.tgz,0.33,0.04,0.005112601
run_303_repetition_21,DONE,brotli,brotli/strict-uri-encode--strict-uri-encode-2.0.0.tar.br,0.3,0.03,0.004196831
run_125_repetition_12,DONE,xz,xz/xml2js--xml2js-0.6.2.tar.xz,4.13,0.49,0.064420565
run_161_repetition_12,DONE,zopfli,zopfli/linkify-it--linkify-it-5.0.1.tgz,0.26,0.03,0.003984746
run_209_repetition_15,DONE,zstd,zstd/date-fns--date-fns-4.3.0.tar.zst,3.88,0.46,0.057012236
run_275_repetition_28,DONE,brotli,brotli/eslint-config-react-app--eslint-config-react-app-7.0.1.tar.br,0.29,0.03,0.004372069
run_0_repetition_11,DONE,npm,npm/watchpack-chokidar2--watchpack-chokidar2-2.0.1.tgz,0.32,0.04,0.004652797
run_202_repetition_14,DONE,zstd,zstd/@vue__reactivity--reactivity-3.5.34.tar.zst,0.32,0.04,0.004600958
run_52_repetition_29,DONE,npm,npm/@opentelemetry__semantic-conventions--semantic-conventions-1.41.1.tgz,4.86,0.57,0.075475054
run_127_repetition_19,DONE,zopfli,zopfli/@babel__plugin-transform-regexp-modifiers--plugin-transform-regexp-modifiers-7.28.6.tgz,0.26,0.03,0.003982522
run_97_repetition_5,DONE,xz,xz/libphonenumber-js--libphonenumber-js-1.13.3.tar.xz,4.35,0.53,0.067591476
run_78_repetition_23,DONE,xz,xz/aws-sdk--aws-sdk-2.1693.0.tar.xz,46.43,5.58,0.728438662
run_107_repetition_17,DONE,xz,xz/react-dom--react-dom-19.2.6.tar.xz,2.52,0.3,0.039535934
run_293_repetition_12,DONE,brotli,brotli/prismjs--prismjs-1.30.0.tar.br,1.07,0.13,0.016258309
run_295_repetition_5,DONE,brotli,brotli/protobufjs--protobufjs-8.4.2.tar.br,0.87,0.11,0.013313185
run_227_repetition_12,DONE,zstd,zstd/node-notifier--node-notifier-10.0.1.tar.zst,1.4,0.16,0.021087611
run_8_repetition_29,DONE,npm,npm/@babel__plugin-transform-regexp-modifiers--plugin-transform-regexp-modifiers-7.28.6.tgz,0.35,0.04,0.005263144
run_120_repetition_25,DONE,xz,xz/watchpack-chokidar2--watchpack-chokidar2-2.0.1.tar.xz,0.29,0.04,0.004164382
run_97_repetition_6,DONE,xz,xz/libphonenumber-js--libphonenumber-js-1.13.3.tar.xz,4.35,0.52,0.067752209
run_261_repetition_11,DONE,brotli,brotli/@radix-ui__primitive--primitive-1.1.3.tar.br,0.25,0.03,0.004068521
run_226_repetition_10,DONE,zstd,zstd/next--next-16.2.6.tar.zst,20.94,2.54,0.30821205
run_80_repetition_19,DONE,xz,xz/babel-plugin-check-es2015-constants--babel-plugin-check-es2015-constants-6.22.0.tar.xz,0.26,0.03,0.00404912
run_201_repetition_13,DONE,zstd,zstd/@types__uuid--uuid-11.0.0.tar.zst,0.26,0.03,0.003385971
run_116_repetition_29,DONE,xz,xz/tailwindcss--tailwindcss-4.3.0.tar.xz,0.9,0.11,0.014014784
run_64_repetition_11,DONE,xz,xz/@babel__plugin-transform-regexp-modifiers--plugin-transform-regexp-modifiers-7.28.6.tar.xz,0.29,0.03,0.004245936
run_10_repetition_17,DONE,npm,npm/path-dirname--path-dirname-1.0.2.tgz,0.32,0.04,0.005254262
run_231_repetition_26,DONE,zstd,zstd/prop-types--prop-types-15.8.1.tar.zst,0.32,0.03,0.003963027
run_154_repetition_27,DONE,zopfli,zopfli/has-to-string-tag-x--has-to-string-tag-x-2.1.2.tgz,0.35,0.04,0.005242652
run_269_repetition_3,DONE,brotli,brotli/babel-plugin-check-es2015-constants--babel-plugin-check-es2015-constants-6.22.0.tar.br,0.3,0.03,0.003906309
run_272_repetition_18,DONE,brotli,brotli/date-fns--date-fns-4.3.0.tar.br,3.96,0.48,0.060959325
run_136_repetition_1,DONE,zopfli,zopfli/@sindresorhus__is--is-8.1.0.tgz,0.33,0.04,0.004700358
run_0_repetition_6,DONE,npm,npm/watchpack-chokidar2--watchpack-chokidar2-2.0.1.tgz,0.28,0.04,0.004508362
run_197_repetition_27,DONE,zstd,zstd/@parcel__watcher--watcher-2.5.6.tar.zst,0.29,0.04,0.004319114
run_185_repetition_24,DONE,zopfli,zopfli/whatwg-mimetype--whatwg-mimetype-5.0.0.tgz,0.3,0.04,0.004099804
run_212_repetition_26,DONE,zstd,zstd/eslint-config-react-app--eslint-config-react-app-7.0.1.tar.zst,0.26,0.03,0.00338249
run_178_repetition_9,DONE,zopfli,zopfli/style-loader--style-loader-4.0.0.tgz,0.3,0.03,0.004627942
run_155_repetition_9,DONE,zopfli,zopfli/highlight.js--highlight.js-11.11.1.tgz,3.66,0.43,0.056726776
run_50_repetition_6,DONE,npm,npm/react-dom--react-dom-19.2.6.tgz,3.53,0.42,0.054803166
run_305_repetition_21,DONE,brotli,brotli/tailwindcss--tailwindcss-4.3.0.tar.br,0.51,0.06,0.007977326
run_179_repetition_26,DONE,zopfli,zopfli/tailwindcss--tailwindcss-4.3.0.tgz,0.71,0.08,0.010537371
run_295_repetition_23,DONE,brotli,brotli/protobufjs--protobufjs-8.4.2.tar.br,0.9,0.11,0.01354428
run_212_repetition_6,DONE,zstd,zstd/eslint-config-react-app--eslint-config-react-app-7.0.1.tar.zst,0.26,0.03,0.003599945
run_278_repetition_5,DONE,brotli,brotli/fetch-blob--fetch-blob-4.0.0.tar.br,0.27,0.03,0.004147509
run_177_repetition_5,DONE,zopfli,zopfli/strict-uri-encode--strict-uri-encode-2.0.0.tgz,0.26,0.03,0.004048471
run_182_repetition_5,DONE,zopfli,zopfli/typescript--typescript-6.0.3.tgz,11.3,1.37,0.17970491
run_265_repetition_7,DONE,brotli,brotli/@vue__reactivity--reactivity-3.5.34.tar.br,0.39,0.05,0.005643783
run_60_repetition_2,DONE,npm,npm/aws-sdk--aws-sdk-2.1693.0.tgz,37.41,4.46,0.585559166
run_284_repetition_3,DONE,brotli,brotli/immer--immer-11.1.8.tar.br,0.45,0.05,0.007361354
run_113_repetition_28,DONE,xz,xz/split2--split2-4.2.0.tar.xz,0.26,0.03,0.004245669
run_63_repetition_21,DONE,xz,xz/@aws-cdk__cloud-assembly-schema--cloud-assembly-schema-53.27.0.tar.xz,1.03,0.12,0.015717257
run_158_repetition_24,DONE,zopfli,zopfli/immer--immer-11.1.8.tgz,0.77,0.09,0.011900609
run_169_repetition_19,DONE,zopfli,zopfli/protobufjs--protobufjs-8.4.2.tgz,1.91,0.23,0.030211368
run_274_repetition_13,DONE,brotli,brotli/encoding-sniffer--encoding-sniffer-1.0.2.tar.br,0.35,0.04,0.004805953
run_270_repetition_2,DONE,brotli,brotli/babel-plugin-transform-exponentiation-operator--babel-plugin-transform-exponentiation-operator-6.24.1.tar.br,0.23,0.03,0.003675922
run_26_repetition_0,DONE,npm,npm/workbox-streams--workbox-streams-7.4.1.tgz,0.45,0.05,0.00630325
run_239_repetition_29,DONE,zstd,zstd/split2--split2-4.2.0.tar.zst,0.26,0.03,0.003704107
run_196_repetition_16,DONE,zstd,zstd/@opentelemetry__semantic-conventions--semantic-conventions-1.41.1.tar.zst,1.64,0.2,0.025215034
run_281_repetition_19,DONE,brotli,brotli/highlight.js--highlight.js-11.11.1.tar.br,1.67,0.21,0.025732062
run_251_repetition_9,DONE,zstd,zstd/xml2js--xml2js-0.6.2.tar.zst,0.95,0.11,0.014310068
run_219_repetition_1,DONE,zstd,zstd/html-escaper--html-escaper-3.0.3.tar.zst,0.22,0.03,0.003505688
run_155_repetition_1,DONE,zopfli,zopfli/highlight.js--highlight.js-11.11.1.tgz,3.61,0.44,0.056732985
run_13_repetition_11,DONE,npm,npm/assert-plus--assert-plus-1.0.0.tgz,0.29,0.04,0.004546657
run_261_repetition_15,DONE,brotli,brotli/@radix-ui__primitive--primitive-1.1.3.tar.br,0.29,0.03,0.004381046
run_273_repetition_10,DONE,brotli,brotli/dom-accessibility-api--dom-accessibility-api-0.7.1.tar.br,0.38,0.05,0.005603703
run_148_repetition_27,DONE,zopfli,zopfli/encoding-sniffer--encoding-sniffer-1.0.2.tgz,0.32,0.04,0.00505733
run_123_repetition_20,DONE,xz,xz/workbox-routing--workbox-routing-7.4.1.tar.xz,0.51,0.06,0.008134991
run_200_repetition_4,DONE,zstd,zstd/@types__glob--glob-9.0.0.tar.zst,0.2,0.02,0.003402197
run_231_repetition_17,DONE,zstd,zstd/prop-types--prop-types-15.8.1.tar.zst,0.26,0.03,0.003778405
run_148_repetition_7,DONE,zopfli,zopfli/encoding-sniffer--encoding-sniffer-1.0.2.tgz,0.32,0.04,0.005113923
run_161_repetition_0,DONE,zopfli,zopfli/linkify-it--linkify-it-5.0.1.tgz,0.3,0.04,0.004340907
run_36_repetition_1,DONE,npm,npm/lodash-es--lodash-es-4.18.1.tgz,1.55,0.18,0.024056709
run_270_repetition_15,DONE,brotli,brotli/babel-plugin-transform-exponentiation-operator--babel-plugin-transform-exponentiation-operator-6.24.1.tar.br,0.26,0.03,0.003954065
run_285_repetition_13,DONE,brotli,brotli/jiti--jiti-2.7.0.tar.br,0.77,0.09,0.01206495
run_27_repetition_18,DONE,npm,npm/has-to-string-tag-x--has-to-string-tag-x-2.1.2.tgz,0.32,0.04,0.005388676
run_236_repetition_22,DONE,zstd,zstd/resize-observer-polyfill--resize-observer-polyfill-1.5.1.tar.zst,0.25,0.03,0.004007672
run_263_repetition_15,DONE,brotli,brotli/@types__glob--glob-9.0.0.tar.br,0.26,0.03,0.004003657
run_292_repetition_18,DONE,brotli,brotli/prettier--prettier-3.8.3.tar.br,2.25,0.27,0.034797509
run_16_repetition_3,DONE,npm,npm/eslint-config-react-app--eslint-config-react-app-7.0.1.tgz,0.33,0.04,0.004900364
run_228_repetition_22,DONE,zstd,zstd/path-dirname--path-dirname-1.0.2.tar.zst,0.22,0.03,0.00381735
run_196_repetition_9,DONE,zstd,zstd/@opentelemetry__semantic-conventions--semantic-conventions-1.41.1.tar.zst,1.55,0.19,0.024422582
run_126_repetition_21,DONE,zopfli,zopfli/@aws-cdk__cloud-assembly-schema--cloud-assembly-schema-53.27.0.tgz,0.7,0.08,0.010628613
run_241_repetition_20,DONE,zstd,zstd/style-loader--style-loader-4.0.0.tar.zst,0.19,0.02,0.003521701
run_90_repetition_15,DONE,xz,xz/got--got-15.0.5.tar.xz,0.64,0.08,0.00996446
run_66_repetition_7,DONE,xz,xz/@eslint__eslintrc--eslintrc-3.3.5.tar.xz,0.7,0.08,0.010490826
run_220_repetition_26,DONE,zstd,zstd/iconv-lite--iconv-lite-0.7.2.tar.zst,0.39,0.05,0.005246828
run_49_repetition_0,DONE,npm,npm/xml2js--xml2js-0.6.2.tgz,2.11,0.25,0.032544153
run_203_repetition_27,DONE,zstd,zstd/assert-plus--assert-plus-1.0.0.tar.zst,0.23,0.02,0.003385582
run_138_repetition_9,DONE,zopfli,zopfli/@types__uuid--uuid-11.0.0.tgz,0.26,0.03,0.00349818
run_307_repetition_12,DONE,brotli,brotli/ts-node--ts-node-10.9.2.tar.br,0.51,0.06,0.008164373
run_202_repetition_27,DONE,zstd,zstd/@vue__reactivity--reactivity-3.5.34.tar.zst,0.32,0.04,0.004366059
run_10_repetition_0,DONE,npm,npm/path-dirname--path-dirname-1.0.2.tgz,0.32,0.04,0.004727084
run_255_repetition_19,DONE,brotli,brotli/@eslint__eslintrc--eslintrc-3.3.5.tar.br,0.48,0.06,0.007110305
run_75_repetition_13,DONE,xz,xz/@types__uuid--uuid-11.0.0.tar.xz,0.26,0.03,0.003732524
run_27_repetition_3,DONE,npm,npm/has-to-string-tag-x--has-to-string-tag-x-2.1.2.tgz,0.33,0.04,0.005460317
run_210_repetition_20,DONE,zstd,zstd/dom-accessibility-api--dom-accessibility-api-0.7.1.tar.zst,0.29,0.03,0.004555482
run_9_repetition_9,DONE,npm,npm/remove-trailing-separator--remove-trailing-separator-1.1.0.tgz,0.32,0.04,0.004715099
run_244_repetition_9,DONE,zstd,zstd/ts-node--ts-node-10.9.2.tar.zst,0.42,0.05,0.00633553
run_244_repetition_27,DONE,zstd,zstd/ts-node--ts-node-10.9.2.tar.zst,0.41,0.05,0.006413482
run_205_repetition_5,DONE,zstd,zstd/babel-helper-get-function-arity--babel-helper-get-function-arity-6.24.1.tar.zst,0.23,0.03,0.003398034
run_184_repetition_27,DONE,zopfli,zopfli/webpack--webpack-5.107.1.tgz,3.73,0.45,0.058548418
run_250_repetition_27,DONE,zstd,zstd/workbox-streams--workbox-streams-7.4.1.tar.zst,0.26,0.03,0.004182414
run_38_repetition_3,DONE,npm,npm/tailwindcss--tailwindcss-4.3.0.tgz,0.65,0.08,0.01070539
run_253_repetition_28,DONE,brotli,brotli/@babel__plugin-transform-regexp-modifiers--plugin-transform-regexp-modifiers-7.28.6.tar.br,0.29,0.04,0.004277656
run_59_repetition_8,DONE,npm,npm/typescript--typescript-6.0.3.tgz,11.2,1.35,0.174448437
run_87_repetition_4,DONE,xz,xz/eslint-plugin-import--eslint-plugin-import-2.32.0.tar.xz,2.04,0.24,0.031216046
run_237_repetition_11,DONE,zstd,zstd/shallowequal--shallowequal-1.1.0.tar.zst,0.2,0.02,0.003460075
run_140_repetition_4,DONE,zopfli,zopfli/assert-plus--assert-plus-1.0.0.tgz,0.25,0.03,0.004016165
run_237_repetition_28,DONE,zstd,zstd/shallowequal--shallowequal-1.1.0.tar.zst,0.26,0.03,0.003419297
run_41_repetition_12,DONE,npm,npm/immer--immer-11.1.8.tgz,0.8,0.09,0.012287224
run_277_repetition_10,DONE,brotli,brotli/ethers--ethers-6.16.0.tar.br,2.83,0.34,0.043353761
run_96_repetition_7,DONE,xz,xz/jiti--jiti-2.7.0.tar.xz,2.14,0.26,0.033339231
run_286_repetition_19,DONE,brotli,brotli/libphonenumber-js--libphonenumber-js-1.13.3.tar.br,1.92,0.24,0.030089041
run_202_repetition_19,DONE,zstd,zstd/@vue__reactivity--reactivity-3.5.34.tar.zst,0.29,0.03,0.004388708
run_167_repetition_19,DONE,zopfli,zopfli/prismjs--prismjs-1.30.0.tgz,1.71,0.2,0.026899212
run_111_repetition_21,DONE,xz,xz/shallowequal--shallowequal-1.1.0.tar.xz,0.29,0.04,0.004121013
run_126_repetition_19,DONE,zopfli,zopfli/@aws-cdk__cloud-assembly-schema--cloud-assembly-schema-53.27.0.tgz,0.7,0.08,0.010703183
run_245_repetition_14,DONE,zstd,zstd/typescript--typescript-6.0.3.tar.zst,3.89,0.46,0.057931025
run_314_repetition_0,DONE,brotli,brotli/xml2js--xml2js-0.6.2.tar.br,1.29,0.15,0.020277475
run_36_repetition_3,DONE,npm,npm/lodash-es--lodash-es-4.18.1.tgz,1.56,0.18,0.024143335
run_87_repetition_5,DONE,xz,xz/eslint-plugin-import--eslint-plugin-import-2.32.0.tar.xz,1.97,0.24,0.030973286
run_76_repetition_23,DONE,xz,xz/@vue__reactivity--reactivity-3.5.34.tar.xz,0.48,0.05,0.007407011
run_268_repetition_4,DONE,brotli,brotli/babel-helper-get-function-arity--babel-helper-get-function-arity-6.24.1.tar.br,0.27,0.03,0.003822923
run_187_repetition_17,DONE,zopfli,zopfli/workbox-streams--workbox-streams-7.4.1.tgz,0.38,0.05,0.00536814
run_306_repetition_8,DONE,brotli,brotli/tar--tar-7.5.15.tar.br,0.8,0.09,0.012088283
run_215_repetition_25,DONE,zstd,zstd/fetch-blob--fetch-blob-4.0.0.tar.zst,0.23,0.03,0.003425234
run_219_repetition_26,DONE,zstd,zstd/html-escaper--html-escaper-3.0.3.tar.zst,0.25,0.03,0.003475734
run_285_repetition_14,DONE,brotli,brotli/jiti--jiti-2.7.0.tar.br,0.81,0.1,0.012294294
run_37_repetition_27,DONE,npm,npm/@aws-cdk__cloud-assembly-schema--cloud-assembly-schema-53.27.0.tgz,0.71,0.08,0.010847174
run_309_repetition_28,DONE,brotli,brotli/watchpack-chokidar2--watchpack-chokidar2-2.0.1.tar.br,0.26,0.03,0.003834691
run_92_repetition_23,DONE,xz,xz/highlight.js--highlight.js-11.11.1.tar.xz,3.95,0.47,0.061752063
run_15_repetition_25,DONE,npm,npm/html-escaper--html-escaper-3.0.3.tgz,0.36,0.04,0.005185855
run_199_repetition_10,DONE,zstd,zstd/@sindresorhus__is--is-8.1.0.tar.zst,0.26,0.03,0.004106975
run_313_repetition_20,DONE,brotli,brotli/workbox-streams--workbox-streams-7.4.1.tar.br,0.32,0.04,0.004794607
run_87_repetition_7,DONE,xz,xz/eslint-plugin-import--eslint-plugin-import-2.32.0.tar.xz,1.97,0.23,0.031274981
run_254_repetition_21,DONE,brotli,brotli/@esbuild__linux-ia32--linux-ia32-0.28.0.tar.br,5.75,0.69,0.089621512
run_264_repetition_10,DONE,brotli,brotli/@types__uuid--uuid-11.0.0.tar.br,0.2,0.02,0.003599968
run_187_repetition_18,DONE,zopfli,zopfli/workbox-streams--workbox-streams-7.4.1.tgz,0.32,0.04,0.004952904
run_277_repetition_9,DONE,brotli,brotli/ethers--ethers-6.16.0.tar.br,2.8,0.33,0.043007256
run_232_repetition_15,DONE,zstd,zstd/protobufjs--protobufjs-8.4.2.tar.zst,0.71,0.08,0.011306586
run_209_repetition_18,DONE,zstd,zstd/date-fns--date-fns-4.3.0.tar.zst,3.92,0.47,0.057661562
run_19_repetition_26,DONE,npm,npm/whatwg-mimetype--whatwg-mimetype-5.0.0.tgz,0.32,0.04,0.004974765
run_43_repetition_5,DONE,npm,npm/jiti--jiti-2.7.0.tgz,1.22,0.15,0.018682309
run_65_repetition_19,DONE,xz,xz/@esbuild__linux-ia32--linux-ia32-0.28.0.tar.xz,21.69,2.56,0.339247524
run_300_repetition_21,DONE,brotli,brotli/shallowequal--shallowequal-1.1.0.tar.br,0.29,0.04,0.004169254
run_20_repetition_19,DONE,npm,npm/linkify-it--linkify-it-5.0.1.tgz,0.38,0.05,0.005571533
run_70_repetition_1,DONE,xz,xz/@opentelemetry__semantic-conventions--semantic-conventions-1.41.1.tar.xz,3.1,0.37,0.048233235
run_20_repetition_7,DONE,npm,npm/linkify-it--linkify-it-5.0.1.tgz,0.36,0.04,0.00516545
run_229_repetition_0,DONE,zstd,zstd/prettier--prettier-3.8.3.tar.zst,1.75,0.21,0.026136339
run_154_repetition_0,DONE,zopfli,zopfli/has-to-string-tag-x--has-to-string-tag-x-2.1.2.tgz,0.32,0.04,0.004891804
run_174_repetition_15,DONE,zopfli,zopfli/shallowequal--shallowequal-1.1.0.tgz,0.26,0.03,0.003655271
run_308_repetition_6,DONE,brotli,brotli/typescript--typescript-6.0.3.tar.br,4.27,0.52,0.066624937
run_161_repetition_23,DONE,zopfli,zopfli/linkify-it--linkify-it-5.0.1.tgz,0.29,0.03,0.004448013
run_42_repetition_25,DONE,npm,npm/eslint-plugin-import--eslint-plugin-import-2.32.0.tgz,1.13,0.13,0.01718446
run_205_repetition_21,DONE,zstd,zstd/babel-helper-get-function-arity--babel-helper-get-function-arity-6.24.1.tar.zst,0.26,0.03,0.003556932
run_120_repetition_1,DONE,xz,xz/watchpack-chokidar2--watchpack-chokidar2-2.0.1.tar.xz,0.25,0.03,0.004085709
run_304_repetition_26,DONE,brotli,brotli/style-loader--style-loader-4.0.0.tar.br,0.29,0.03,0.004513438
run_198_repetition_20,DONE,zstd,zstd/@radix-ui__primitive--primitive-1.1.3.tar.zst,0.23,0.03,0.003363086
run_54_repetition_12,DONE,npm,npm/node-notifier--node-notifier-10.0.1.tgz,3.34,0.4,0.051979252
run_99_repetition_18,DONE,xz,xz/lodash-es--lodash-es-4.18.1.tar.xz,1.06,0.13,0.016208099
run_6_repetition_15,DONE,npm,npm/babel-plugin-check-es2015-constants--babel-plugin-check-es2015-constants-6.22.0.tgz,0.32,0.04,0.004711969
run_295_repetition_25,DONE,brotli,brotli/protobufjs--protobufjs-8.4.2.tar.br,0.9,0.11,0.013787929
run_261_repetition_9,DONE,brotli,brotli/@radix-ui__primitive--primitive-1.1.3.tar.br,0.29,0.03,0.004080384
run_39_repetition_28,DONE,npm,npm/iconv-lite--iconv-lite-0.7.2.tgz,0.51,0.06,0.0082046
run_287_repetition_24,DONE,brotli,brotli/linkify-it--linkify-it-5.0.1.tar.br,0.29,0.03,0.004812741
run_94_repetition_18,DONE,xz,xz/iconv-lite--iconv-lite-0.7.2.tar.xz,1.09,0.13,0.017366388
run_108_repetition_13,DONE,xz,xz/react-error-overlay--react-error-overlay-6.1.0.tar.xz,0.96,0.11,0.014491443
run_215_repetition_6,DONE,zstd,zstd/fetch-blob--fetch-blob-4.0.0.tar.zst,0.3,0.03,0.003859188
run_175_repetition_2,DONE,zopfli,zopfli/source-list-map--source-list-map-2.0.1.tgz,0.3,0.04,0.003864246
run_271_repetition_7,DONE,brotli,brotli/client-only--client-only-0.0.1.tar.br,0.26,0.03,0.003782877
run_179_repetition_16,DONE,zopfli,zopfli/tailwindcss--tailwindcss-4.3.0.tgz,0.67,0.08,0.010266072
run_291_repetition_12,DONE,brotli,brotli/path-dirname--path-dirname-1.0.2.tar.br,0.26,0.03,0.003944532
run_15_repetition_16,DONE,npm,npm/html-escaper--html-escaper-3.0.3.tgz,0.36,0.04,0.005220152
run_187_repetition_10,DONE,zopfli,zopfli/workbox-streams--workbox-streams-7.4.1.tgz,0.32,0.04,0.004773287
run_250_repetition_14,DONE,zstd,zstd/workbox-streams--workbox-streams-7.4.1.tar.zst,0.29,0.03,0.00413366
run_302_repetition_10,DONE,brotli,brotli/split2--split2-4.2.0.tar.br,0.29,0.03,0.004036938
run_134_repetition_4,DONE,zopfli,zopfli/@parcel__watcher--watcher-2.5.6.tgz,0.32,0.04,0.005219899
run_191_repetition_18,DONE,zstd,zstd/@esbuild__linux-ia32--linux-ia32-0.28.0.tar.zst,3.05,0.36,0.046607696
run_144_repetition_0,DONE,zopfli,zopfli/babel-plugin-transform-exponentiation-operator--babel-plugin-transform-exponentiation-operator-6.24.1.tgz,0.29,0.03,0.003870833
run_48_repetition_26,DONE,npm,npm/highlight.js--highlight.js-11.11.1.tgz,4.0,0.47,0.061403867
run_261_repetition_4,DONE,brotli,brotli/@radix-ui__primitive--primitive-1.1.3.tar.br,0.29,0.04,0.003976987
run_94_repetition_5,DONE,xz,xz/iconv-lite--iconv-lite-0.7.2.tar.xz,1.09,0.13,0.017381597
run_163_repetition_26,DONE,zopfli,zopfli/next--next-16.2.6.tgz,81.29,9.81,1.287780509
run_15_repetition_1,DONE,npm,npm/html-escaper--html-escaper-3.0.3.tgz,0.32,0.04,0.005291487
run_246_repetition_13,DONE,zstd,zstd/watchpack-chokidar2--watchpack-chokidar2-2.0.1.tar.zst,0.23,0.03,0.003267185
run_213_repetition_2,DONE,zstd,zstd/eslint-plugin-import--eslint-plugin-import-2.32.0.tar.zst,0.58,0.07,0.008901282
run_115_repetition_4,DONE,xz,xz/style-loader--style-loader-4.0.0.tar.xz,0.32,0.04,0.005088978
run_19_repetition_23,DONE,npm,npm/whatwg-mimetype--whatwg-mimetype-5.0.0.tgz,0.36,0.04,0.005150411
run_63_repetition_23,DONE,xz,xz/@aws-cdk__cloud-assembly-schema--cloud-assembly-schema-53.27.0.tar.xz,1.02,0.12,0.015410808
run_167_repetition_8,DONE,zopfli,zopfli/prismjs--prismjs-1.30.0.tgz,1.76,0.21,0.027621062
run_234_repetition_16,DONE,zstd,zstd/react-error-overlay--react-error-overlay-6.1.0.tar.zst,0.35,0.04,0.005348194
run_5_repetition_9,DONE,npm,npm/babel-plugin-transform-exponentiation-operator--babel-plugin-transform-exponentiation-operator-6.24.1.tgz,0.34,0.04,0.00513218
run_173_repetition_1,DONE,zopfli,zopfli/resize-observer-polyfill--resize-observer-polyfill-1.5.1.tgz,0.36,0.04,0.005421446
run_204_repetition_12,DONE,zstd,zstd/aws-sdk--aws-sdk-2.1693.0.tar.zst,15.15,1.8,0.224618044
run_9_repetition_19,DONE,npm,npm/remove-trailing-separator--remove-trailing-separator-1.1.0.tgz,0.36,0.04,0.004814199
run_38_repetition_15,DONE,npm,npm/tailwindcss--tailwindcss-4.3.0.tgz,0.74,0.09,0.010733903
run_263_repetition_9,DONE,brotli,brotli/@types__glob--glob-9.0.0.tar.br,0.26,0.03,0.003679667
run_61_repetition_23,DONE,npm,npm/next--next-16.2.6.tgz,79.57,9.51,1.239983868
run_140_repetition_13,DONE,zopfli,zopfli/assert-plus--assert-plus-1.0.0.tgz,0.21,0.03,0.003568638
run_79_repetition_29,DONE,xz,xz/babel-helper-get-function-arity--babel-helper-get-function-arity-6.24.1.tar.xz,0.29,0.04,0.004032963
run_177_repetition_1,DONE,zopfli,zopfli/strict-uri-encode--strict-uri-encode-2.0.0.tgz,0.23,0.03,0.003534951
run_278_repetition_23,DONE,brotli,brotli/fetch-blob--fetch-blob-4.0.0.tar.br,0.26,0.03,0.004210153
run_168_repetition_0,DONE,zopfli,zopfli/prop-types--prop-types-15.8.1.tgz,0.29,0.04,0.004495793
run_50_repetition_21,DONE,npm,npm/react-dom--react-dom-19.2.6.tgz,3.48,0.42,0.054364966
run_296_repetition_11,DONE,brotli,brotli/react-dom--react-dom-19.2.6.tar.br,1.23,0.15,0.019048085
run_137_repetition_22,DONE,zopfli,zopfli/@types__glob--glob-9.0.0.tgz,0.26,0.03,0.003539759
run_63_repetition_29,DONE,xz,xz/@aws-cdk__cloud-assembly-schema--cloud-assembly-schema-53.27.0.tar.xz,1.0,0.12,0.01551088
run_141_repetition_9,DONE,zopfli,zopfli/aws-sdk--aws-sdk-2.1693.0.tgz,38.56,4.66,0.608473724
run_306_repetition_12,DONE,brotli,brotli/tar--tar-7.5.15.tar.br,0.77,0.09,0.011761685
run_27_repetition_14,DONE,npm,npm/has-to-string-tag-x--has-to-string-tag-x-2.1.2.tgz,0.33,0.04,0.005251784
run_201_repetition_22,DONE,zstd,zstd/@types__uuid--uuid-11.0.0.tar.zst,0.23,0.03,0.003369739
run_126_repetition_11,DONE,zopfli,zopfli/@aws-cdk__cloud-assembly-schema--cloud-assembly-schema-53.27.0.tgz,0.67,0.08,0.010578942
run_146_repetition_25,DONE,zopfli,zopfli/date-fns--date-fns-4.3.0.tgz,12.31,1.47,0.194177952
run_307_repetition_25,DONE,brotli,brotli/ts-node--ts-node-10.9.2.tar.br,0.57,0.07,0.008508613
run_34_repetition_25,DONE,npm,npm/react-error-overlay--react-error-overlay-6.1.0.tgz,0.55,0.06,0.008214607
run_235_repetition_17,DONE,zstd,zstd/remove-trailing-separator--remove-trailing-separator-1.1.0.tar.zst,0.2,0.02,0.003290328
run_101_repetition_2,DONE,xz,xz/node-notifier--node-notifier-10.0.1.tar.xz,8.42,0.99,0.131944941
run_16_repetition_24,DONE,npm,npm/eslint-config-react-app--eslint-config-react-app-7.0.1.tgz,0.32,0.04,0.005118224
run_301_repetition_25,DONE,brotli,brotli/source-list-map--source-list-map-2.0.1.tar.br,0.29,0.03,0.004113413
run_218_repetition_26,DONE,zstd,zstd/highlight.js--highlight.js-11.11.1.tar.zst,1.28,0.15,0.018847579
run_290_repetition_2,DONE,brotli,brotli/node-notifier--node-notifier-10.0.1.tar.br,2.61,0.31,0.039898808
run_149_repetition_25,DONE,zopfli,zopfli/eslint-config-react-app--eslint-config-react-app-7.0.1.tgz,0.29,0.03,0.00411568
run_285_repetition_11,DONE,brotli,brotli/jiti--jiti-2.7.0.tar.br,0.81,0.09,0.012296695
run_153_repetition_15,DONE,zopfli,zopfli/got--got-15.0.5.tgz,0.48,0.05,0.006959612
run_67_repetition_25,DONE,xz,xz/@ethersproject__abstract-signer--abstract-signer-5.8.0.tar.xz,0.38,0.05,0.005991842
run_292_repetition_9,DONE,brotli,brotli/prettier--prettier-3.8.3.tar.br,2.22,0.27,0.034232465
run_164_repetition_28,DONE,zopfli,zopfli/node-notifier--node-notifier-10.0.1.tgz,3.46,0.41,0.054175301
run_58_repetition_17,DONE,npm,npm/@esbuild__linux-ia32--linux-ia32-0.28.0.tgz,7.39,0.88,0.115092275
run_5_repetition_6,DONE,npm,npm/babel-plugin-transform-exponentiation-operator--babel-plugin-transform-exponentiation-operator-6.24.1.tgz,0.36,0.03,0.004644068
run_123_repetition_17,DONE,xz,xz/workbox-routing--workbox-routing-7.4.1.tar.xz,0.55,0.06,0.008055057
run_197_repetition_8,DONE,zstd,zstd/@parcel__watcher--watcher-2.5.6.tar.zst,0.33,0.04,0.004183844
run_258_repetition_1,DONE,brotli,brotli/@next__swc-linux-arm64-musl--swc-linux-arm64-musl-16.2.6.tar.br,40.91,4.88,0.636682583
run_13_repetition_10,DONE,npm,npm/assert-plus--assert-plus-1.0.0.tgz,0.32,0.04,0.004943163
run_161_repetition_27,DONE,zopfli,zopfli/linkify-it--linkify-it-5.0.1.tgz,0.26,0.03,0.003910643
run_259_repetition_13,DONE,brotli,brotli/@opentelemetry__semantic-conventions--semantic-conventions-1.41.1.tar.br,1.68,0.21,0.025515852
run_105_repetition_21,DONE,xz,xz/prop-types--prop-types-15.8.1.tar.xz,0.36,0.04,0.005699814
run_87_repetition_18,DONE,xz,xz/eslint-plugin-import--eslint-plugin-import-2.32.0.tar.xz,2.02,0.24,0.031264674
run_154_repetition_3,DONE,zopfli,zopfli/has-to-string-tag-x--has-to-string-tag-x-2.1.2.tgz,0.33,0.04,0.004576149
run_95_repetition_8,DONE,xz,xz/immer--immer-11.1.8.tar.xz,0.77,0.09,0.011691877
run_12_repetition_7,DONE,npm,npm/@radix-ui__primitive--primitive-1.1.3.tgz,0.33,0.04,0.004813454
run_299_repetition_9,DONE,brotli,brotli/resize-observer-polyfill--resize-observer-polyfill-1.5.1.tar.br,0.33,0.04,0.004929363
run_274_repetition_20,DONE,brotli,brotli/encoding-sniffer--encoding-sniffer-1.0.2.tar.br,0.26,0.03,0.00462413
run_9_repetition_10,DONE,npm,npm/remove-trailing-separator--remove-trailing-separator-1.1.0.tgz,0.32,0.04,0.004790204
run_185_repetition_2,DONE,zopfli,zopfli/whatwg-mimetype--whatwg-mimetype-5.0.0.tgz,0.29,0.03,0.004299492
run_256_repetition_13,DONE,brotli,brotli/@ethersproject__abstract-signer--abstract-signer-5.8.0.tar.br,0.32,0.04,0.004539447
run_21_repetition_26,DONE,npm,npm/style-loader--style-loader-4.0.0.tgz,0.39,0.05,0.005638829
run_209_repetition_17,DONE,zstd,zstd/date-fns--date-fns-4.3.0.tar.zst,3.87,0.46,0.05733109
run_255_repetition_18,DONE,brotli,brotli/@eslint__eslintrc--eslintrc-3.3.5.tar.br,0.42,0.05,0.00631242
run_248_repetition_12,DONE,zstd,zstd/whatwg-mimetype--whatwg-mimetype-5.0.0.tar.zst,0.26,0.03,0.003577565
run_62_repetition_13,DONE,npm,npm/@next__swc-linux-arm64-musl--swc-linux-arm64-musl-16.2.6.tgz,70.2,8.4,1.097788718
run_270_repetition_3,DONE,brotli,brotli/babel-plugin-transform-exponentiation-operator--babel-plugin-transform-exponentiation-operator-6.24.1.tar.br,0.26,0.03,0.004003731
run_49_repetition_22,DONE,npm,npm/xml2js--xml2js-0.6.2.tgz,2.06,0.24,0.032355318
run_3_repetition_6,DONE,npm,npm/@types__uuid--uuid-11.0.0.tgz,0.32,0.04,0.005614963
run_5_repetition_10,DONE,npm,npm/babel-plugin-transform-exponentiation-operator--babel-plugin-transform-exponentiation-operator-6.24.1.tgz,0.32,0.04,0.004696554
run_15_repetition_19,DONE,npm,npm/html-escaper--html-escaper-3.0.3.tgz,0.33,0.04,0.005037871
run_18_repetition_12,DONE,npm,npm/fetch-blob--fetch-blob-4.0.0.tgz,0.32,0.04,0.005057716
run_131_repetition_20,DONE,zopfli,zopfli/@modelcontextprotocol__sdk--sdk-1.29.0.tgz,2.56,0.3,0.039633401
run_186_repetition_6,DONE,zopfli,zopfli/workbox-routing--workbox-routing-7.4.1.tgz,0.39,0.05,0.00626172
run_78_repetition_6,DONE,xz,xz/aws-sdk--aws-sdk-2.1693.0.tar.xz,46.36,5.53,0.725565696
run_239_repetition_13,DONE,zstd,zstd/split2--split2-4.2.0.tar.zst,0.26,0.03,0.003580221
run_89_repetition_29,DONE,xz,xz/fetch-blob--fetch-blob-4.0.0.tar.xz,0.32,0.04,0.004799111
run_245_repetition_29,DONE,zstd,zstd/typescript--typescript-6.0.3.tar.zst,3.98,0.47,0.058604391
run_11_repetition_17,DONE,npm,npm/shallowequal--shallowequal-1.1.0.tgz,0.35,0.04,0.004910146
run_15_repetition_28,DONE,npm,npm/html-escaper--html-escaper-3.0.3.tgz,0.32,0.04,0.004904034
run_197_repetition_10,DONE,zstd,zstd/@parcel__watcher--watcher-2.5.6.tar.zst,0.34,0.04,0.004475024
run_169_repetition_21,DONE,zopfli,zopfli/protobufjs--protobufjs-8.4.2.tgz,1.92,0.23,0.030002586
run_109_repetition_29,DONE,xz,xz/remove-trailing-separator--remove-trailing-separator-1.1.0.tar.xz,0.26,0.03,0.003887205
run_211_repetition_18,DONE,zstd,zstd/encoding-sniffer--encoding-sniffer-1.0.2.tar.zst,0.32,0.04,0.0044098
run_214_repetition_24,DONE,zstd,zstd/ethers--ethers-6.16.0.tar.zst,2.23,0.26,0.033003335
run_129_repetition_15,DONE,zopfli,zopfli/@eslint__eslintrc--eslintrc-3.3.5.tgz,0.61,0.07,0.009213977
run_29_repetition_5,DONE,npm,npm/@parcel__watcher--watcher-2.5.6.tgz,0.45,0.05,0.006874969
run_127_repetition_16,DONE,zopfli,zopfli/@babel__plugin-transform-regexp-modifiers--plugin-transform-regexp-modifiers-7.28.6.tgz,0.29,0.04,0.00444477
run_116_repetition_12,DONE,xz,xz/tailwindcss--tailwindcss-4.3.0.tar.xz,0.87,0.11,0.013675581
run_291_repetition_13,DONE,brotli,brotli/path-dirname--path-dirname-1.0.2.tar.br,0.26,0.03,0.003788322
run_226_repetition_1,DONE,zstd,zstd/next--next-16.2.6.tar.zst,20.96,2.52,0.30961301
run_50_repetition_22,DONE,npm,npm/react-dom--react-dom-19.2.6.tgz,3.52,0.42,0.054797426
run_274_repetition_25,DONE,brotli,brotli/encoding-sniffer--encoding-sniffer-1.0.2.tar.br,0.32,0.04,0.004807191
run_99_repetition_10,DONE,xz,xz/lodash-es--lodash-es-4.18.1.tar.xz,1.02,0.12,0.01589819
run_254_repetition_9,DONE,brotli,brotli/@esbuild__linux-ia32--linux-ia32-0.28.0.tar.br,5.72,0.68,0.088846285
run_284_repetition_1,DONE,brotli,brotli/immer--immer-11.1.8.tar.br,0.45,0.05,0.006822619
run_164_repetition_26,DONE,zopfli,zopfli/node-notifier--node-notifier-10.0.1.tgz,3.4,0.41,0.05371642
run_214_repetition_0,DONE,zstd,zstd/ethers--ethers-6.16.0.tar.zst,2.25,0.27,0.03344148
run_256_repetition_21,DONE,brotli,brotli/@ethersproject__abstract-signer--abstract-signer-5.8.0.tar.br,0.3,0.03,0.004442438
run_313_repetition_8,DONE,brotli,brotli/workbox-streams--workbox-streams-7.4.1.tar.br,0.32,0.04,0.004633048
run_76_repetition_25,DONE,xz,xz/@vue__reactivity--reactivity-3.5.34.tar.xz,0.48,0.06,0.007502342
run_296_repetition_6,DONE,brotli,brotli/react-dom--react-dom-19.2.6.tar.br,1.25,0.15,0.019237544
run_304_repetition_13,DONE,brotli,brotli/style-loader--style-loader-4.0.0.tar.br,0.26,0.03,0.004138102
run_306_repetition_25,DONE,brotli,brotli/tar--tar-7.5.15.tar.br,0.75,0.09,0.011394481
run_129_repetition_18,DONE,zopfli,zopfli/@eslint__eslintrc--eslintrc-3.3.5.tgz,0.57,0.07,0.008722227
run_311_repetition_27,DONE,brotli,brotli/whatwg-mimetype--whatwg-mimetype-5.0.0.tar.br,0.26,0.03,0.004246003
run_136_repetition_29,DONE,zopfli,zopfli/@sindresorhus__is--is-8.1.0.tgz,0.29,0.04,0.00464036
run_84_repetition_20,DONE,xz,xz/dom-accessibility-api--dom-accessibility-api-0.7.1.tar.xz,0.51,0.06,0.007663987
run_4_repetition_9,DONE,npm,npm/@types__glob--glob-9.0.0.tgz,0.39,0.05,0.005461313
run_89_repetition_5,DONE,xz,xz/fetch-blob--fetch-blob-4.0.0.tar.xz,0.32,0.04,0.004624625
run_106_repetition_0,DONE,xz,xz/protobufjs--protobufjs-8.4.2.tar.xz,1.82,0.22,0.028405413
run_305_repetition_1,DONE,brotli,brotli/tailwindcss--tailwindcss-4.3.0.tar.br,0.52,0.06,0.007197315
run_193_repetition_2,DONE,zstd,zstd/@ethersproject__abstract-signer--abstract-signer-5.8.0.tar.zst,0.26,0.03,0.003942235
run_199_repetition_17,DONE,zstd,zstd/@sindresorhus__is--is-8.1.0.tar.zst,0.23,0.03,0.003850906
run_300_repetition_8,DONE,brotli,brotli/shallowequal--shallowequal-1.1.0.tar.br,0.29,0.03,0.003978586
run_6_repetition_20,DONE,npm,npm/babel-plugin-check-es2015-constants--babel-plugin-check-es2015-constants-6.22.0.tgz,0.29,0.03,0.004376406
run_235_repetition_0,DONE,zstd,zstd/remove-trailing-separator--remove-trailing-separator-1.1.0.tar.zst,0.23,0.03,0.003494439
run_55_repetition_20,DONE,npm,npm/prettier--prettier-3.8.3.tgz,4.83,0.57,0.074724536
run_45_repetition_25,DONE,npm,npm/prismjs--prismjs-1.30.0.tgz,1.9,0.22,0.028594736
run_119_repetition_24,DONE,xz,xz/typescript--typescript-6.0.3.tar.xz,13.62,1.63,0.212499344
run_105_repetition_7,DONE,xz,xz/prop-types--prop-types-15.8.1.tar.xz,0.35,0.04,0.005661584
run_137_repetition_9,DONE,zopfli,zopfli/@types__glob--glob-9.0.0.tgz,0.26,0.03,0.003467871
run_175_repetition_19,DONE,zopfli,zopfli/source-list-map--source-list-map-2.0.1.tgz,0.25,0.03,0.004016897
run_48_repetition_14,DONE,npm,npm/highlight.js--highlight.js-11.11.1.tgz,3.93,0.46,0.060474363
run_34_repetition_21,DONE,npm,npm/react-error-overlay--react-error-overlay-6.1.0.tgz,0.58,0.07,0.008501598
run_5_repetition_7,DONE,npm,npm/babel-plugin-transform-exponentiation-operator--babel-plugin-transform-exponentiation-operator-6.24.1.tgz,0.32,0.04,0.00483662
run_171_repetition_24,DONE,zopfli,zopfli/react-error-overlay--react-error-overlay-6.1.0.tgz,0.51,0.06,0.007394607
run_95_repetition_16,DONE,xz,xz/immer--immer-11.1.8.tar.xz,0.77,0.09,0.011627859
run_110_repetition_4,DONE,xz,xz/resize-observer-polyfill--resize-observer-polyfill-1.5.1.tar.xz,0.42,0.05,0.005953346
run_174_repetition_21,DONE,zopfli,zopfli/shallowequal--shallowequal-1.1.0.tgz,0.26,0.03,0.003635002
run_289_repetition_2,DONE,brotli,brotli/next--next-16.2.6.tar.br,23.06,2.84,0.355180919
run_183_repetition_1,DONE,zopfli,zopfli/watchpack-chokidar2--watchpack-chokidar2-2.0.1.tgz,0.26,0.03,0.00352741
run_99_repetition_5,DONE,xz,xz/lodash-es--lodash-es-4.18.1.tar.xz,1.03,0.12,0.016157086
run_145_repetition_13,DONE,zopfli,zopfli/client-only--client-only-0.0.1.tgz,0.23,0.03,0.003519232
run_256_repetition_26,DONE,brotli,brotli/@ethersproject__abstract-signer--abstract-signer-5.8.0.tar.br,0.29,0.04,0.004309228
run_281_repetition_6,DONE,brotli,brotli/highlight.js--highlight.js-11.11.1.tar.br,1.58,0.19,0.024829105
run_133_repetition_11,DONE,zopfli,zopfli/@opentelemetry__semantic-conventions--semantic-conventions-1.41.1.tgz,4.94,0.59,0.077587548
run_139_repetition_8,DONE,zopfli,zopfli/@vue__reactivity--reactivity-3.5.34.tgz,0.44,0.05,0.006626533
run_168_repetition_10,DONE,zopfli,zopfli/prop-types--prop-types-15.8.1.tgz,0.32,0.04,0.005007877
run_116_repetition_7,DONE,xz,xz/tailwindcss--tailwindcss-4.3.0.tar.xz,0.92,0.11,0.013751797
run_185_repetition_12,DONE,zopfli,zopfli/whatwg-mimetype--whatwg-mimetype-5.0.0.tgz,0.29,0.04,0.004177921
run_65_repetition_25,DONE,xz,xz/@esbuild__linux-ia32--linux-ia32-0.28.0.tar.xz,21.44,2.59,0.337765683
run_73_repetition_21,DONE,xz,xz/@sindresorhus__is--is-8.1.0.tar.xz,0.39,0.05,0.005960397
run_245_repetition_16,DONE,zstd,zstd/typescript--typescript-6.0.3.tar.zst,3.91,0.46,0.057859316
run_178_repetition_18,DONE,zopfli,zopfli/style-loader--style-loader-4.0.0.tgz,0.29,0.04,0.004149577
run_69_repetition_18,DONE,xz,xz/@next__swc-linux-arm64-musl--swc-linux-arm64-musl-16.2.6.tar.xz,154.22,18.31,2.422535746
run_239_repetition_15,DONE,zstd,zstd/split2--split2-4.2.0.tar.zst,0.22,0.02,0.003406497
run_146_repetition_23,DONE,zopfli,zopfli/date-fns--date-fns-4.3.0.tgz,12.25,1.48,0.193715876
run_165_repetition_7,DONE,zopfli,zopfli/path-dirname--path-dirname-1.0.2.tgz,0.23,0.03,0.003614643
run_268_repetition_20,DONE,brotli,brotli/babel-helper-get-function-arity--babel-helper-get-function-arity-6.24.1.tar.br,0.23,0.03,0.003645305
run_73_repetition_4,DONE,xz,xz/@sindresorhus__is--is-8.1.0.tar.xz,0.42,0.04,0.005824351
run_120_repetition_16,DONE,xz,xz/watchpack-chokidar2--watchpack-chokidar2-2.0.1.tar.xz,0.26,0.03,0.003745793
run_7_repetition_26,DONE,npm,npm/strict-uri-encode--strict-uri-encode-2.0.0.tgz,0.3,0.04,0.004529022
run_249_repetition_8,DONE,zstd,zstd/workbox-routing--workbox-routing-7.4.1.tar.zst,0.29,0.04,0.004486498
run_159_repetition_4,DONE,zopfli,zopfli/jiti--jiti-2.7.0.tgz,1.2,0.14,0.018379735
run_80_repetition_0,DONE,xz,xz/babel-plugin-check-es2015-constants--babel-plugin-check-es2015-constants-6.22.0.tar.xz,0.26,0.03,0.003985333
run_165_repetition_15,DONE,zopfli,zopfli/path-dirname--path-dirname-1.0.2.tgz,0.29,0.03,0.003562084
run_148_repetition_1,DONE,zopfli,zopfli/encoding-sniffer--encoding-sniffer-1.0.2.tgz,0.32,0.04,0.004989923
run_133_repetition_23,DONE,zopfli,zopfli/@opentelemetry__semantic-conventions--semantic-conventions-1.41.1.tgz,4.91,0.59,0.077838266
run_126_repetition_17,DONE,zopfli,zopfli/@aws-cdk__cloud-assembly-schema--cloud-assembly-schema-53.27.0.tgz,0.68,0.08,0.010498121
run_86_repetition_2,DONE,xz,xz/eslint-config-react-app--eslint-config-react-app-7.0.1.tar.xz,0.33,0.04,0.004441116
run_118_repetition_1,DONE,xz,xz/ts-node--ts-node-10.9.2.tar.xz,1.14,0.13,0.017106029
run_253_repetition_9,DONE,brotli,brotli/@babel__plugin-transform-regexp-modifiers--plugin-transform-regexp-modifiers-7.28.6.tar.br,0.26,0.03,0.003840659
run_85_repetition_16,DONE,xz,xz/encoding-sniffer--encoding-sniffer-1.0.2.tar.xz,0.39,0.05,0.005779163
run_247_repetition_4,DONE,zstd,zstd/webpack--webpack-5.107.1.tar.zst,1.5,0.17,0.022638765
run_52_repetition_19,DONE,npm,npm/@opentelemetry__semantic-conventions--semantic-conventions-1.41.1.tgz,4.8,0.57,0.075310171
run_307_repetition_18,DONE,brotli,brotli/ts-node--ts-node-10.9.2.tar.br,0.58,0.07,0.008587192
run_21_repetition_17,DONE,npm,npm/style-loader--style-loader-4.0.0.tgz,0.32,0.04,0.005630214
run_40_repetition_20,DONE,npm,npm/ts-node--ts-node-10.9.2.tgz,0.78,0.09,0.011817678
run_39_repetition_2,DONE,npm,npm/iconv-lite--iconv-lite-0.7.2.tgz,0.59,0.07,0.008411303
run_119_repetition_2,DONE,xz,xz/typescript--typescript-6.0.3.tar.xz,13.62,1.62,0.212848092
run_43_repetition_21,DONE,npm,npm/jiti--jiti-2.7.0.tgz,1.21,0.14,0.018600135
run_221_repetition_25,DONE,zstd,zstd/immer--immer-11.1.8.tar.zst,0.39,0.05,0.005741398
run_309_repetition_17,DONE,brotli,brotli/watchpack-chokidar2--watchpack-chokidar2-2.0.1.tar.br,0.29,0.04,0.004151978
run_302_repetition_0,DONE,brotli,brotli/split2--split2-4.2.0.tar.br,0.29,0.04,0.004008895
run_239_repetition_19,DONE,zstd,zstd/split2--split2-4.2.0.tar.zst,0.26,0.02,0.003324794
run_76_repetition_9,DONE,xz,xz/@vue__reactivity--reactivity-3.5.34.tar.xz,0.48,0.06,0.007296965
run_191_repetition_24,DONE,zstd,zstd/@esbuild__linux-ia32--linux-ia32-0.28.0.tar.zst,3.01,0.36,0.046195353
run_70_repetition_15,DONE,xz,xz/@opentelemetry__semantic-conventions--semantic-conventions-1.41.1.tar.xz,3.08,0.37,0.047699289
run_208_repetition_14,DONE,zstd,zstd/client-only--client-only-0.0.1.tar.zst,0.23,0.02,0.003401501
run_121_repetition_17,DONE,xz,xz/webpack--webpack-5.107.1.tar.xz,5.59,0.66,0.087196881
run_187_repetition_13,DONE,zopfli,zopfli/workbox-streams--workbox-streams-7.4.1.tgz,0.32,0.04,0.004733117
run_44_repetition_18,DONE,npm,npm/tar--tar-7.5.15.tgz,1.48,0.18,0.023056292
run_80_repetition_16,DONE,xz,xz/babel-plugin-check-es2015-constants--babel-plugin-check-es2015-constants-6.22.0.tar.xz,0.26,0.03,0.003714473
run_215_repetition_4,DONE,zstd,zstd/fetch-blob--fetch-blob-4.0.0.tar.zst,0.26,0.03,0.003459462
run_71_repetition_18,DONE,xz,xz/@parcel__watcher--watcher-2.5.6.tar.xz,0.41,0.05,0.006793731
run_131_repetition_18,DONE,zopfli,zopfli/@modelcontextprotocol__sdk--sdk-1.29.0.tgz,2.54,0.3,0.039811689
run_219_repetition_20,DONE,zstd,zstd/html-escaper--html-escaper-3.0.3.tar.zst,0.26,0.03,0.00341743
run_58_repetition_13,DONE,npm,npm/@esbuild__linux-ia32--linux-ia32-0.28.0.tgz,7.35,0.88,0.114783241
run_60_repetition_16,DONE,npm,npm/aws-sdk--aws-sdk-2.1693.0.tgz,37.48,4.48,0.584260209
run_268_repetition_25,DONE,brotli,brotli/babel-helper-get-function-arity--babel-helper-get-function-arity-6.24.1.tar.br,0.25,0.03,0.00399403
run_59_repetition_5,DONE,npm,npm/typescript--typescript-6.0.3.tgz,11.1,1.33,0.174333917
run_287_repetition_23,DONE,brotli,brotli/linkify-it--linkify-it-5.0.1.tar.br,0.32,0.04,0.004347243
run_72_repetition_26,DONE,xz,xz/@radix-ui__primitive--primitive-1.1.3.tar.xz,0.29,0.03,0.004118431
run_60_repetition_15,DONE,npm,npm/aws-sdk--aws-sdk-2.1693.0.tgz,37.41,4.52,0.584807217
run_137_repetition_24,DONE,zopfli,zopfli/@types__glob--glob-9.0.0.tgz,0.23,0.03,0.003689534
run_86_repetition_22,DONE,xz,xz/eslint-config-react-app--eslint-config-react-app-7.0.1.tar.xz,0.31,0.04,0.004415469
run_126_repetition_14,DONE,zopfli,zopfli/@aws-cdk__cloud-assembly-schema--cloud-assembly-schema-53.27.0.tgz,0.7,0.08,0.010675533
run_117_repetition_22,DONE,xz,xz/tar--tar-7.5.15.tar.xz,1.63,0.2,0.025600767
run_39_repetition_21,DONE,npm,npm/iconv-lite--iconv-lite-0.7.2.tgz,0.52,0.06,0.008009269
run_92_repetition_8,DONE,xz,xz/highlight.js--highlight.js-11.11.1.tar.xz,3.96,0.47,0.061307308
run_58_repetition_21,DONE,npm,npm/@esbuild__linux-ia32--linux-ia32-0.28.0.tgz,7.32,0.87,0.114570426
run_2_repetition_2,DONE,npm,npm/babel-helper-get-function-arity--babel-helper-get-function-arity-6.24.1.tgz,0.33,0.04,0.004553819
run_73_repetition_13,DONE,xz,xz/@sindresorhus__is--is-8.1.0.tar.xz,0.38,0.05,0.006055423
run_149_repetition_6,DONE,zopfli,zopfli/eslint-config-react-app--eslint-config-react-app-7.0.1.tgz,0.26,0.03,0.003758803
run_22_repetition_25,DONE,npm,npm/@ethersproject__abstract-signer--abstract-signer-5.8.0.tgz,0.39,0.04,0.00545524
run_44_repetition_26,DONE,npm,npm/tar--tar-7.5.15.tgz,1.52,0.18,0.023114628
run_76_repetition_8,DONE,xz,xz/@vue__reactivity--reactivity-3.5.34.tar.xz,0.52,0.06,0.007554505
run_282_repetition_4,DONE,brotli,brotli/html-escaper--html-escaper-3.0.3.tar.br,0.26,0.03,0.004116226
run_259_repetition_0,DONE,brotli,brotli/@opentelemetry__semantic-conventions--semantic-conventions-1.41.1.tar.br,1.65,0.2,0.02571603
run_205_repetition_11,DONE,zstd,zstd/babel-helper-get-function-arity--babel-helper-get-function-arity-6.24.1.tar.zst,0.22,0.03,0.003339079
run_14_repetition_15,DONE,npm,npm/split2--split2-4.2.0.tgz,0.32,0.04,0.004873569
run_128_repetition_22,DONE,zopfli,zopfli/@esbuild__linux-ia32--linux-ia32-0.28.0.tgz,7.55,0.9,0.119156126
run_62_repetition_16,DONE,npm,npm/@next__swc-linux-arm64-musl--swc-linux-arm64-musl-16.2.6.tgz,70.12,8.45,1.098592772
run_48_repetition_19,DONE,npm,npm/highlight.js--highlight.js-11.11.1.tgz,3.97,0.46,0.060486203
run_129_repetition_13,DONE,zopfli,zopfli/@eslint__eslintrc--eslintrc-3.3.5.tgz,0.6,0.07,0.009159477
run_236_repetition_3,DONE,zstd,zstd/resize-observer-polyfill--resize-observer-polyfill-1.5.1.tar.zst,0.26,0.03,0.003935204
run_254_repetition_10,DONE,brotli,brotli/@esbuild__linux-ia32--linux-ia32-0.28.0.tar.br,5.68,0.68,0.088760122
run_170_repetition_0,DONE,zopfli,zopfli/react-dom--react-dom-19.2.6.tgz,3.54,0.42,0.054987597
run_158_repetition_25,DONE,zopfli,zopfli/immer--immer-11.1.8.tgz,0.77,0.09,0.01188582
run_203_repetition_26,DONE,zstd,zstd/assert-plus--assert-plus-1.0.0.tar.zst,0.2,0.02,0.003421912
run_312_repetition_0,DONE,brotli,brotli/workbox-routing--workbox-routing-7.4.1.tar.br,0.36,0.04,0.005860363
run_140_repetition_19,DONE,zopfli,zopfli/assert-plus--assert-plus-1.0.0.tgz,0.3,0.04,0.004019569
run_206_repetition_19,DONE,zstd,zstd/babel-plugin-check-es2015-constants--babel-plugin-check-es2015-constants-6.22.0.tar.zst,0.23,0.03,0.003509888
run_226_repetition_26,DONE,zstd,zstd/next--next-16.2.6.tar.zst,20.93,2.51,0.308793312
run_2_repetition_16,DONE,npm,npm/babel-helper-get-function-arity--babel-helper-get-function-arity-6.24.1.tgz,0.3,0.03,0.004761811
run_237_repetition_5,DONE,zstd,zstd/shallowequal--shallowequal-1.1.0.tar.zst,0.27,0.03,0.00338233
run_68_repetition_1,DONE,xz,xz/@modelcontextprotocol__sdk--sdk-1.29.0.tar.xz,2.31,0.27,0.035766767
run_170_repetition_8,DONE,zopfli,zopfli/react-dom--react-dom-19.2.6.tgz,3.5,0.43,0.05500458
run_189_repetition_22,DONE,zstd,zstd/@aws-cdk__cloud-assembly-schema--cloud-assembly-schema-53.27.0.tar.zst,0.39,0.05,0.006151065
run_244_repetition_21,DONE,zstd,zstd/ts-node--ts-node-10.9.2.tar.zst,0.46,0.05,0.006610366
run_124_repetition_19,DONE,xz,xz/workbox-streams--workbox-streams-7.4.1.tar.xz,0.45,0.05,0.006684559
run_18_repetition_13,DONE,npm,npm/fetch-blob--fetch-blob-4.0.0.tgz,0.35,0.04,0.00501595
run_101_repetition_17,DONE,xz,xz/node-notifier--node-notifier-10.0.1.tar.xz,8.37,1.0,0.131562855
run_16_repetition_6,DONE,npm,npm/eslint-config-react-app--eslint-config-react-app-7.0.1.tgz,0.32,0.04,0.004879493
run_12_repetition_17,DONE,npm,npm/@radix-ui__primitive--primitive-1.1.3.tgz,0.36,0.04,0.005152136
run_303_repetition_18,DONE,brotli,brotli/strict-uri-encode--strict-uri-encode-2.0.0.tar.br,0.26,0.03,0.003691779
run_93_repetition_27,DONE,xz,xz/html-escaper--html-escaper-3.0.3.tar.xz,0.29,0.03,0.004394671
run_212_repetition_2,DONE,zstd,zstd/eslint-config-react-app--eslint-config-react-app-7.0.1.tar.zst,0.26,0.03,0.003438474
run_294_repetition_15,DONE,brotli,brotli/prop-types--prop-types-15.8.1.tar.br,0.29,0.04,0.004380154
run_222_repetition_0,DONE,zstd,zstd/jiti--jiti-2.7.0.tar.zst,0.64,0.08,0.0094196
run_258_repetition_27,DONE,brotli,brotli/@next__swc-linux-arm64-musl--swc-linux-arm64-musl-16.2.6.tar.br,40.63,4.87,0.633524752
run_215_repetition_2,DONE,zstd,zstd/fetch-blob--fetch-blob-4.0.0.tar.zst,0.26,0.03,0.003936676
run_247_repetition_14,DONE,zstd,zstd/webpack--webpack-5.107.1.tar.zst,1.53,0.18,0.023028478
run_202_repetition_25,DONE,zstd,zstd/@vue__reactivity--reactivity-3.5.34.tar.zst,0.32,0.04,0.004422339
run_236_repetition_29,DONE,zstd,zstd/resize-observer-polyfill--resize-observer-polyfill-1.5.1.tar.zst,0.29,0.04,0.004002855
run_247_repetition_24,DONE,zstd,zstd/webpack--webpack-5.107.1.tar.zst,1.56,0.18,0.022822032
run_160_repetition_10,DONE,zopfli,zopfli/libphonenumber-js--libphonenumber-js-1.13.3.tgz,5.71,0.69,0.089548558
run_299_repetition_28,DONE,brotli,brotli/resize-observer-polyfill--resize-observer-polyfill-1.5.1.tar.br,0.29,0.03,0.004489067
run_284_repetition_17,DONE,brotli,brotli/immer--immer-11.1.8.tar.br,0.45,0.05,0.007030147
run_246_repetition_17,DONE,zstd,zstd/watchpack-chokidar2--watchpack-chokidar2-2.0.1.tar.zst,0.26,0.03,0.003396933
run_21_repetition_19,DONE,npm,npm/style-loader--style-loader-4.0.0.tgz,0.32,0.04,0.005167241
run_51_repetition_26,DONE,npm,npm/webpack--webpack-5.107.1.tgz,3.51,0.42,0.054726088
run_314_repetition_17,DONE,brotli,brotli/xml2js--xml2js-0.6.2.tar.br,1.32,0.15,0.020163048
run_228_repetition_6,DONE,zstd,zstd/path-dirname--path-dirname-1.0.2.tar.zst,0.23,0.03,0.003384482
run_308_repetition_18,DONE,brotli,brotli/typescript--typescript-6.0.3.tar.br,4.21,0.52,0.065672792
run_17_repetition_21,DONE,npm,npm/source-list-map--source-list-map-2.0.1.tgz,0.32,0.04,0.005137539
run_246_repetition_29,DONE,zstd,zstd/watchpack-chokidar2--watchpack-chokidar2-2.0.1.tar.zst,0.19,0.02,0.003335614
run_230_repetition_10,DONE,zstd,zstd/prismjs--prismjs-1.30.0.tar.zst,0.82,0.1,0.011993713
run_48_repetition_7,DONE,npm,npm/highlight.js--highlight.js-11.11.1.tgz,3.91,0.45,0.0605651
run_133_repetition_8,DONE,zopfli,zopfli/@opentelemetry__semantic-conventions--semantic-conventions-1.41.1.tgz,4.96,0.6,0.077993976
run_5_repetition_12,DONE,npm,npm/babel-plugin-transform-exponentiation-operator--babel-plugin-transform-exponentiation-operator-6.24.1.tgz,0.36,0.04,0.00492731
run_228_repetition_26,DONE,zstd,zstd/path-dirname--path-dirname-1.0.2.tar.zst,0.26,0.03,0.003331912
run_146_repetition_0,DONE,zopfli,zopfli/date-fns--date-fns-4.3.0.tgz,12.3,1.48,0.193424828
run_118_repetition_0,DONE,xz,xz/ts-node--ts-node-10.9.2.tar.xz,1.12,0.13,0.017225862
run_271_repetition_4,DONE,brotli,brotli/client-only--client-only-0.0.1.tar.br,0.26,0.03,0.00363433
run_168_repetition_26,DONE,zopfli,zopfli/prop-types--prop-types-15.8.1.tgz,0.32,0.04,0.004520505
run_286_repetition_11,DONE,brotli,brotli/libphonenumber-js--libphonenumber-js-1.13.3.tar.br,1.97,0.23,0.029826142
run_110_repetition_5,DONE,xz,xz/resize-observer-polyfill--resize-observer-polyfill-1.5.1.tar.xz,0.36,0.04,0.00559159
run_246_repetition_6,DONE,zstd,zstd/watchpack-chokidar2--watchpack-chokidar2-2.0.1.tar.zst,0.23,0.03,0.003330124
run_190_repetition_27,DONE,zstd,zstd/@babel__plugin-transform-regexp-modifiers--plugin-transform-regexp-modifiers-7.28.6.tar.zst,0.2,0.02,0.003328887
run_277_repetition_17,DONE,brotli,brotli/ethers--ethers-6.16.0.tar.br,2.73,0.34,0.042616
run_190_repetition_10,DONE,zstd,zstd/@babel__plugin-transform-regexp-modifiers--plugin-transform-regexp-modifiers-7.28.6.tar.zst,0.22,0.03,0.003346174
run_243_repetition_11,DONE,zstd,zstd/tar--tar-7.5.15.tar.zst,0.65,0.07,0.009696434
run_11_repetition_13,DONE,npm,npm/shallowequal--shallowequal-1.1.0.tgz,0.32,0.04,0.004686424
run_295_repetition_14,DONE,brotli,brotli/protobufjs--protobufjs-8.4.2.tar.br,0.84,0.1,0.013229614
run_237_repetition_6,DONE,zstd,zstd/shallowequal--shallowequal-1.1.0.tar.zst,0.23,0.03,0.003309346
run_82_repetition_16,DONE,xz,xz/client-only--client-only-0.0.1.tar.xz,0.23,0.03,0.003560285
run_297_repetition_19,DONE,brotli,brotli/react-error-overlay--react-error-overlay-6.1.0.tar.br,0.45,0.05,0.007031845
run_203_repetition_18,DONE,zstd,zstd/assert-plus--assert-plus-1.0.0.tar.zst,0.23,0.03,0.003336708
run_193_repetition_25,DONE,zstd,zstd/@ethersproject__abstract-signer--abstract-signer-5.8.0.tar.zst,0.26,0.03,0.003812028
run_286_repetition_27,DONE,brotli,brotli/libphonenumber-js--libphonenumber-js-1.13.3.tar.br,1.94,0.24,0.030104245
run_203_repetition_9,DONE,zstd,zstd/assert-plus--assert-plus-1.0.0.tar.zst,0.26,0.03,0.003465867
run_284_repetition_8,DONE,brotli,brotli/immer--immer-11.1.8.tar.br,0.48,0.06,0.007114254
run_145_repetition_1,DONE,zopfli,zopfli/client-only--client-only-0.0.1.tgz,0.26,0.03,0.003445331
run_131_repetition_10,DONE,zopfli,zopfli/@modelcontextprotocol__sdk--sdk-1.29.0.tgz,2.54,0.3,0.039978364
run_298_repetition_12,DONE,brotli,brotli/remove-trailing-separator--remove-trailing-separator-1.1.0.tar.br,0.29,0.03,0.004124213
run_36_repetition_13,DONE,npm,npm/lodash-es--lodash-es-4.18.1.tgz,1.59,0.19,0.023827358
run_254_repetition_16,DONE,brotli,brotli/@esbuild__linux-ia32--linux-ia32-0.28.0.tar.br,5.69,0.68,0.08905607
run_120_repetition_14,DONE,xz,xz/watchpack-chokidar2--watchpack-chokidar2-2.0.1.tar.xz,0.29,0.03,0.00398033
run_47_repetition_4,DONE,npm,npm/protobufjs--protobufjs-8.4.2.tgz,1.91,0.22,0.029562953
run_21_repetition_6,DONE,npm,npm/style-loader--style-loader-4.0.0.tgz,0.35,0.04,0.005304754
run_311_repetition_15,DONE,brotli,brotli/whatwg-mimetype--whatwg-mimetype-5.0.0.tar.br,0.29,0.04,0.004478771
run_134_repetition_29,DONE,zopfli,zopfli/@parcel__watcher--watcher-2.5.6.tgz,0.35,0.04,0.005220232
run_222_repetition_29,DONE,zstd,zstd/jiti--jiti-2.7.0.tar.zst,0.65,0.08,0.009556999
run_58_repetition_19,DONE,npm,npm/@esbuild__linux-ia32--linux-ia32-0.28.0.tgz,7.34,0.87,0.114719913
run_45_repetition_24,DONE,npm,npm/prismjs--prismjs-1.30.0.tgz,1.9,0.22,0.029088861
run_23_repetition_14,DONE,npm,npm/prop-types--prop-types-15.8.1.tgz,0.32,0.04,0.005074855
run_222_repetition_2,DONE,zstd,zstd/jiti--jiti-2.7.0.tar.zst,0.65,0.08,0.009456047
run_62_repetition_22,DONE,npm,npm/@next__swc-linux-arm64-musl--swc-linux-arm64-musl-16.2.6.tgz,70.3,8.41,1.099419717
run_285_repetition_21,DONE,brotli,brotli/jiti--jiti-2.7.0.tar.br,0.77,0.09,0.011941801
run_40_repetition_12,DONE,npm,npm/ts-node--ts-node-10.9.2.tgz,0.78,0.09,0.011614
run_87_repetition_26,DONE,xz,xz/eslint-plugin-import--eslint-plugin-import-2.32.0.tar.xz,2.02,0.24,0.031183383
run_274_repetition_17,DONE,brotli,brotli/encoding-sniffer--encoding-sniffer-1.0.2.tar.br,0.32,0.04,0.004715339
run_305_repetition_0,DONE,brotli,brotli/tailwindcss--tailwindcss-4.3.0.tar.br,0.45,0.05,0.007452493
run_12_repetition_20,DONE,npm,npm/@radix-ui__primitive--primitive-1.1.3.tgz,0.32,0.04,0.00481167
run_108_repetition_18,DONE,xz,xz/react-error-overlay--react-error-overlay-6.1.0.tar.xz,0.96,0.12,0.014575806
run_221_repetition_8,DONE,zstd,zstd/immer--immer-11.1.8.tar.zst,0.39,0.05,0.005710705
run_181_repetition_26,DONE,zopfli,zopfli/ts-node--ts-node-10.9.2.tgz,0.76,0.09,0.011268904
run_281_repetition_0,DONE,brotli,brotli/highlight.js--highlight.js-11.11.1.tar.br,1.6,0.2,0.025307234
run_233_repetition_11,DONE,zstd,zstd/react-dom--react-dom-19.2.6.tar.zst,1.17,0.14,0.017797745
run_198_repetition_4,DONE,zstd,zstd/@radix-ui__primitive--primitive-1.1.3.tar.zst,0.23,0.02,0.00339449
run_240_repetition_11,DONE,zstd,zstd/strict-uri-encode--strict-uri-encode-2.0.0.tar.zst,0.2,0.02,0.003321882
run_7_repetition_15,DONE,npm,npm/strict-uri-encode--strict-uri-encode-2.0.0.tgz,0.35,0.04,0.004879688
run_29_repetition_24,DONE,npm,npm/@parcel__watcher--watcher-2.5.6.tgz,0.43,0.05,0.006474749
run_150_repetition_19,DONE,zopfli,zopfli/eslint-plugin-import--eslint-plugin-import-2.32.0.tgz,1.11,0.13,0.017398073
run_68_repetition_14,DONE,xz,xz/@modelcontextprotocol__sdk--sdk-1.29.0.tar.xz,2.3,0.27,0.035978689
run_164_repetition_0,DONE,zopfli,zopfli/node-notifier--node-notifier-10.0.1.tgz,3.44,0.41,0.053805392
run_223_repetition_10,DONE,zstd,zstd/libphonenumber-js--libphonenumber-js-1.13.3.tar.zst,1.66,0.2,0.024379451
run_160_repetition_4,DONE,zopfli,zopfli/libphonenumber-js--libphonenumber-js-1.13.3.tgz,5.68,0.69,0.089170344
run_177_repetition_4,DONE,zopfli,zopfli/strict-uri-encode--strict-uri-encode-2.0.0.tgz,0.23,0.03,0.003554919
run_176_repetition_11,DONE,zopfli,zopfli/split2--split2-4.2.0.tgz,0.29,0.03,0.003894293
run_215_repetition_0,DONE,zstd,zstd/fetch-blob--fetch-blob-4.0.0.tar.zst,0.26,0.03,0.003462543
run_58_repetition_4,DONE,npm,npm/@esbuild__linux-ia32--linux-ia32-0.28.0.tgz,7.31,0.88,0.11477342
run_158_repetition_9,DONE,zopfli,zopfli/immer--immer-11.1.8.tgz,0.76,0.09,0.011909585
run_78_repetition_12,DONE,xz,xz/aws-sdk--aws-sdk-2.1693.0.tar.xz,46.3,5.59,0.725717558
run_150_repetition_21,DONE,zopfli,zopfli/eslint-plugin-import--eslint-plugin-import-2.32.0.tgz,1.11,0.13,0.017598796
run_102_repetition_1,DONE,xz,xz/path-dirname--path-dirname-1.0.2.tar.xz,0.31,0.03,0.0040588
run_3_repetition_24,DONE,npm,npm/@types__uuid--uuid-11.0.0.tgz,0.32,0.04,0.005450859
run_172_repetition_24,DONE,zopfli,zopfli/remove-trailing-separator--remove-trailing-separator-1.1.0.tgz,0.26,0.03,0.003576582
run_151_repetition_4,DONE,zopfli,zopfli/ethers--ethers-6.16.0.tgz,7.4,0.88,0.116700049
run_76_repetition_22,DONE,xz,xz/@vue__reactivity--reactivity-3.5.34.tar.xz,0.45,0.05,0.007437732
run_139_repetition_17,DONE,zopfli,zopfli/@vue__reactivity--reactivity-3.5.34.tgz,0.45,0.05,0.006668611
run_50_repetition_20,DONE,npm,npm/react-dom--react-dom-19.2.6.tgz,3.48,0.41,0.05440486
run_204_repetition_20,DONE,zstd,zstd/aws-sdk--aws-sdk-2.1693.0.tar.zst,15.1,1.8,0.22459973
run_79_repetition_27,DONE,xz,xz/babel-helper-get-function-arity--babel-helper-get-function-arity-6.24.1.tar.xz,0.26,0.03,0.003889968
run_223_repetition_18,DONE,zstd,zstd/libphonenumber-js--libphonenumber-js-1.13.3.tar.zst,1.65,0.2,0.024069829
run_22_repetition_13,DONE,npm,npm/@ethersproject__abstract-signer--abstract-signer-5.8.0.tgz,0.39,0.05,0.005606699
run_196_repetition_13,DONE,zstd,zstd/@opentelemetry__semantic-conventions--semantic-conventions-1.41.1.tar.zst,1.6,0.19,0.024365486
run_73_repetition_24,DONE,xz,xz/@sindresorhus__is--is-8.1.0.tar.xz,0.38,0.05,0.005936039
run_171_repetition_17,DONE,zopfli,zopfli/react-error-overlay--react-error-overlay-6.1.0.tgz,0.51,0.06,0.007718494
run_13_repetition_15,DONE,npm,npm/assert-plus--assert-plus-1.0.0.tgz,0.33,0.04,0.004686738
run_44_repetition_12,DONE,npm,npm/tar--tar-7.5.15.tgz,1.51,0.18,0.023090243
run_197_repetition_14,DONE,zstd,zstd/@parcel__watcher--watcher-2.5.6.tar.zst,0.26,0.03,0.004102139
run_17_repetition_2,DONE,npm,npm/source-list-map--source-list-map-2.0.1.tgz,0.35,0.04,0.004979611
run_52_repetition_25,DONE,npm,npm/@opentelemetry__semantic-conventions--semantic-conventions-1.41.1.tgz,4.79,0.57,0.074972919
run_75_repetition_27,DONE,xz,xz/@types__uuid--uuid-11.0.0.tar.xz,0.26,0.03,0.003681469
run_117_repetition_10,DONE,xz,xz/tar--tar-7.5.15.tar.xz,1.66,0.2,0.02578261
run_89_repetition_8,DONE,xz,xz/fetch-blob--fetch-blob-4.0.0.tar.xz,0.29,0.04,0.004443883
run_43_repetition_17,DONE,npm,npm/jiti--jiti-2.7.0.tgz,1.22,0.15,0.018651786
run_224_repetition_29,DONE,zstd,zstd/linkify-it--linkify-it-5.0.1.tar.zst,0.22,0.03,0.003544399
run_80_repetition_15,DONE,xz,xz/babel-plugin-check-es2015-constants--babel-plugin-check-es2015-constants-6.22.0.tar.xz,0.29,0.03,0.004141886
run_105_repetition_26,DONE,xz,xz/prop-types--prop-types-15.8.1.tar.xz,0.42,0.05,0.005727423
run_306_repetition_26,DONE,brotli,brotli/tar--tar-7.5.15.tar.br,0.74,0.09,0.011614497
run_123_repetition_12,DONE,xz,xz/workbox-routing--workbox-routing-7.4.1.tar.xz,0.51,0.06,0.008188136
run_46_repetition_27,DONE,npm,npm/@modelcontextprotocol__sdk--sdk-1.29.0.tgz,2.2,0.26,0.034411099
run_205_repetition_20,DONE,zstd,zstd/babel-helper-get-function-arity--babel-helper-get-function-arity-6.24.1.tar.zst,0.2,0.02,0.003255994
run_263_repetition_25,DONE,brotli,brotli/@types__glob--glob-9.0.0.tar.br,0.26,0.03,0.003839137
run_58_repetition_29,DONE,npm,npm/@esbuild__linux-ia32--linux-ia32-0.28.0.tgz,7.32,0.88,0.114553069
run_235_repetition_18,DONE,zstd,zstd/remove-trailing-separator--remove-trailing-separator-1.1.0.tar.zst,0.19,0.02,0.003555633
run_182_repetition_25,DONE,zopfli,zopfli/typescript--typescript-6.0.3.tgz,11.28,1.36,0.177724341
run_276_repetition_23,DONE,brotli,brotli/eslint-plugin-import--eslint-plugin-import-2.32.0.tar.br,0.77,0.09,0.011733262
run_184_repetition_18,DONE,zopfli,zopfli/webpack--webpack-5.107.1.tgz,3.68,0.45,0.057662271
run_91_repetition_9,DONE,xz,xz/has-to-string-tag-x--has-to-string-tag-x-2.1.2.tar.xz,0.36,0.04,0.005774526
run_135_repetition_28,DONE,zopfli,zopfli/@radix-ui__primitive--primitive-1.1.3.tgz,0.23,0.03,0.003675978
run_156_repetition_0,DONE,zopfli,zopfli/html-escaper--html-escaper-3.0.3.tgz,0.23,0.03,0.003663501
run_85_repetition_21,DONE,xz,xz/encoding-sniffer--encoding-sniffer-1.0.2.tar.xz,0.42,0.05,0.006000337
run_251_repetition_10,DONE,zstd,zstd/xml2js--xml2js-0.6.2.tar.zst,0.95,0.11,0.01431619
run_96_repetition_25,DONE,xz,xz/jiti--jiti-2.7.0.tar.xz,2.14,0.25,0.033564934
run_86_repetition_20,DONE,xz,xz/eslint-config-react-app--eslint-config-react-app-7.0.1.tar.xz,0.29,0.03,0.004155885
run_168_repetition_12,DONE,zopfli,zopfli/prop-types--prop-types-15.8.1.tgz,0.29,0.04,0.004313003
run_133_repetition_20,DONE,zopfli,zopfli/@opentelemetry__semantic-conventions--semantic-conventions-1.41.1.tgz,4.98,0.59,0.077891691
run_171_repetition_14,DONE,zopfli,zopfli/react-error-overlay--react-error-overlay-6.1.0.tgz,0.51,0.06,0.0075465
run_116_repetition_17,DONE,xz,xz/tailwindcss--tailwindcss-4.3.0.tar.xz,0.89,0.1,0.01379769
run_24_repetition_15,DONE,npm,npm/@sindresorhus__is--is-8.1.0.tgz,0.36,0.04,0.005170273
run_275_repetition_20,DONE,brotli,brotli/eslint-config-react-app--eslint-config-react-app-7.0.1.tar.br,0.26,0.03,0.004130222
run_118_repetition_24,DONE,xz,xz/ts-node--ts-node-10.9.2.tar.xz,1.09,0.13,0.016671822
run_301_repetition_2,DONE,brotli,brotli/source-list-map--source-list-map-2.0.1.tar.br,0.32,0.03,0.004478795
run_85_repetition_14,DONE,xz,xz/encoding-sniffer--encoding-sniffer-1.0.2.tar.xz,0.35,0.04,0.005860502
run_238_repetition_20,DONE,zstd,zstd/source-list-map--source-list-map-2.0.1.tar.zst,0.2,0.02,0.003435364
run_177_repetition_14,DONE,zopfli,zopfli/strict-uri-encode--strict-uri-encode-2.0.0.tgz,0.2,0.02,0.003372937
run_50_repetition_25,DONE,npm,npm/react-dom--react-dom-19.2.6.tgz,3.52,0.42,0.054810141
run_48_repetition_17,DONE,npm,npm/highlight.js--highlight.js-11.11.1.tgz,3.98,0.47,0.06056059
run_128_repetition_13,DONE,zopfli,zopfli/@esbuild__linux-ia32--linux-ia32-0.28.0.tgz,7.59,0.9,0.119012756
run_96_repetition_18,DONE,xz,xz/jiti--jiti-2.7.0.tar.xz,2.12,0.25,0.033092536
run_46_repetition_17,DONE,npm,npm/@modelcontextprotocol__sdk--sdk-1.29.0.tgz,2.29,0.27,0.034582285
run_217_repetition_3,DONE,zstd,zstd/has-to-string-tag-x--has-to-string-tag-x-2.1.2.tar.zst,0.29,0.03,0.003895658
run_54_repetition_2,DONE,npm,npm/node-notifier--node-notifier-10.0.1.tgz,3.33,0.4,0.051710526
run_90_repetition_4,DONE,xz,xz/got--got-15.0.5.tar.xz,0.67,0.08,0.01008224
run_113_repetition_25,DONE,xz,xz/split2--split2-4.2.0.tar.xz,0.3,0.03,0.004025223
run_301_repetition_10,DONE,brotli,brotli/source-list-map--source-list-map-2.0.1.tar.br,0.26,0.03,0.003820456
run_133_repetition_16,DONE,zopfli,zopfli/@opentelemetry__semantic-conventions--semantic-conventions-1.41.1.tgz,4.95,0.59,0.077877697
run_91_repetition_4,DONE,xz,xz/has-to-string-tag-x--has-to-string-tag-x-2.1.2.tar.xz,0.42,0.05,0.005702269
run_146_repetition_1,DONE,zopfli,zopfli/date-fns--date-fns-4.3.0.tgz,12.35,1.47,0.193305673
run_46_repetition_28,DONE,npm,npm/@modelcontextprotocol__sdk--sdk-1.29.0.tgz,2.23,0.26,0.034323935
run_112_repetition_13,DONE,xz,xz/source-list-map--source-list-map-2.0.1.tar.xz,0.32,0.04,0.004512668
run_219_repetition_6,DONE,zstd,zstd/html-escaper--html-escaper-3.0.3.tar.zst,0.26,0.03,0.003435349
run_99_repetition_9,DONE,xz,xz/lodash-es--lodash-es-4.18.1.tar.xz,1.0,0.12,0.01571835
run_124_repetition_22,DONE,xz,xz/workbox-streams--workbox-streams-7.4.1.tar.xz,0.42,0.05,0.006555829
run_228_repetition_10,DONE,zstd,zstd/path-dirname--path-dirname-1.0.2.tar.zst,0.27,0.03,0.003653315
run_62_repetition_9,DONE,npm,npm/@next__swc-linux-arm64-musl--swc-linux-arm64-musl-16.2.6.tgz,70.45,8.31,1.098748694
run_309_repetition_5,DONE,brotli,brotli/watchpack-chokidar2--watchpack-chokidar2-2.0.1.tar.br,0.29,0.03,0.003999122
run_295_repetition_13,DONE,brotli,brotli/protobufjs--protobufjs-8.4.2.tar.br,0.9,0.11,0.013083034
run_287_repetition_4,DONE,brotli,brotli/linkify-it--linkify-it-5.0.1.tar.br,0.26,0.03,0.004401299
run_102_repetition_11,DONE,xz,xz/path-dirname--path-dirname-1.0.2.tar.xz,0.32,0.04,0.004180854
run_30_repetition_4,DONE,npm,npm/workbox-routing--workbox-routing-7.4.1.tgz,0.45,0.05,0.007012466
run_215_repetition_19,DONE,zstd,zstd/fetch-blob--fetch-blob-4.0.0.tar.zst,0.2,0.02,0.003510247
run_268_repetition_13,DONE,brotli,brotli/babel-helper-get-function-arity--babel-helper-get-function-arity-6.24.1.tar.br,0.26,0.03,0.003834148
run_265_repetition_25,DONE,brotli,brotli/@vue__reactivity--reactivity-3.5.34.tar.br,0.32,0.04,0.005296481
run_191_repetition_8,DONE,zstd,zstd/@esbuild__linux-ia32--linux-ia32-0.28.0.tar.zst,3.08,0.36,0.04615286
run_218_repetition_13,DONE,zstd,zstd/highlight.js--highlight.js-11.11.1.tar.zst,1.27,0.15,0.019112597
run_242_repetition_6,DONE,zstd,zstd/tailwindcss--tailwindcss-4.3.0.tar.zst,0.36,0.04,0.005934402
run_41_repetition_13,DONE,npm,npm/immer--immer-11.1.8.tgz,0.77,0.09,0.012115138
run_287_repetition_3,DONE,brotli,brotli/linkify-it--linkify-it-5.0.1.tar.br,0.32,0.04,0.004413183
run_295_repetition_0,DONE,brotli,brotli/protobufjs--protobufjs-8.4.2.tar.br,0.81,0.1,0.013058156
run_130_repetition_28,DONE,zopfli,zopfli/@ethersproject__abstract-signer--abstract-signer-5.8.0.tgz,0.32,0.04,0.004457955
run_265_repetition_22,DONE,brotli,brotli/@vue__reactivity--reactivity-3.5.34.tar.br,0.39,0.05,0.005504129
run_212_repetition_28,DONE,zstd,zstd/eslint-config-react-app--eslint-config-react-app-7.0.1.tar.zst,0.22,0.03,0.003371192
run_258_repetition_28,DONE,brotli,brotli/@next__swc-linux-arm64-musl--swc-linux-arm64-musl-16.2.6.tar.br,40.54,4.91,0.633282484
run_57_repetition_3,DONE,npm,npm/date-fns--date-fns-4.3.0.tgz,16.13,1.9,0.250393952
run_122_repetition_27,DONE,xz,xz/whatwg-mimetype--whatwg-mimetype-5.0.0.tar.xz,0.33,0.04,0.004833706
run_305_repetition_2,DONE,brotli,brotli/tailwindcss--tailwindcss-4.3.0.tar.br,0.48,0.06,0.007518882
run_274_repetition_27,DONE,brotli,brotli/encoding-sniffer--encoding-sniffer-1.0.2.tar.br,0.29,0.03,0.004632132
run_130_repetition_11,DONE,zopfli,zopfli/@ethersproject__abstract-signer--abstract-signer-5.8.0.tgz,0.29,0.04,0.004610709
run_66_repetition_3,DONE,xz,xz/@eslint__eslintrc--eslintrc-3.3.5.tar.xz,0.71,0.08,0.010303716
run_271_repetition_27,DONE,brotli,brotli/client-only--client-only-0.0.1.tar.br,0.26,0.03,0.003824936
run_219_repetition_14,DONE,zstd,zstd/html-escaper--html-escaper-3.0.3.tar.zst,0.23,0.03,0.003431415
run_43_repetition_7,DONE,npm,npm/jiti--jiti-2.7.0.tgz,1.23,0.15,0.018706504
run_112_repetition_7,DONE,xz,xz/source-list-map--source-list-map-2.0.1.tar.xz,0.32,0.03,0.004476514
run_118_repetition_7,DONE,xz,xz/ts-node--ts-node-10.9.2.tar.xz,1.08,0.13,0.017112748
run_168_repetition_22,DONE,zopfli,zopfli/prop-types--prop-types-15.8.1.tgz,0.25,0.03,0.004399288
run_2_repetition_11,DONE,npm,npm/babel-helper-get-function-arity--babel-helper-get-function-arity-6.24.1.tgz,0.32,0.04,0.004490374
run_307_repetition_7,DONE,brotli,brotli/ts-node--ts-node-10.9.2.tar.br,0.55,0.06,0.008060157
run_260_repetition_11,DONE,brotli,brotli/@parcel__watcher--watcher-2.5.6.tar.br,0.32,0.04,0.004891799
run_96_repetition_2,DONE,xz,xz/jiti--jiti-2.7.0.tar.xz,2.11,0.25,0.033177719
run_183_repetition_8,DONE,zopfli,zopfli/watchpack-chokidar2--watchpack-chokidar2-2.0.1.tgz,0.23,0.03,0.003420519
run_112_repetition_8,DONE,xz,xz/source-list-map--source-list-map-2.0.1.tar.xz,0.33,0.04,0.004499415
run_223_repetition_21,DONE,zstd,zstd/libphonenumber-js--libphonenumber-js-1.13.3.tar.zst,1.65,0.19,0.024139553
run_128_repetition_6,DONE,zopfli,zopfli/@esbuild__linux-ia32--linux-ia32-0.28.0.tgz,7.57,0.91,0.11853318
run_142_repetition_29,DONE,zopfli,zopfli/babel-helper-get-function-arity--babel-helper-get-function-arity-6.24.1.tgz,0.23,0.03,0.00359893
run_220_repetition_5,DONE,zstd,zstd/iconv-lite--iconv-lite-0.7.2.tar.zst,0.36,0.04,0.005255637
run_182_repetition_7,DONE,zopfli,zopfli/typescript--typescript-6.0.3.tgz,11.27,1.34,0.177831127
run_79_repetition_26,DONE,xz,xz/babel-helper-get-function-arity--babel-helper-get-function-arity-6.24.1.tar.xz,0.26,0.03,0.003658876
run_195_repetition_23,DONE,zstd,zstd/@next__swc-linux-arm64-musl--swc-linux-arm64-musl-16.2.6.tar.zst,29.6,3.5,0.447036189
run_78_repetition_24,DONE,xz,xz/aws-sdk--aws-sdk-2.1693.0.tar.xz,45.9,5.53,0.723580837
run_220_repetition_16,DONE,zstd,zstd/iconv-lite--iconv-lite-0.7.2.tar.zst,0.36,0.04,0.005243291
run_275_repetition_5,DONE,brotli,brotli/eslint-config-react-app--eslint-config-react-app-7.0.1.tar.br,0.29,0.04,0.004648068
run_144_repetition_29,DONE,zopfli,zopfli/babel-plugin-transform-exponentiation-operator--babel-plugin-transform-exponentiation-operator-6.24.1.tgz,0.23,0.03,0.003766314
run_110_repetition_6,DONE,xz,xz/resize-observer-polyfill--resize-observer-polyfill-1.5.1.tar.xz,0.36,0.04,0.005596756
run_101_repetition_23,DONE,xz,xz/node-notifier--node-notifier-10.0.1.tar.xz,8.34,0.99,0.131048287
run_281_repetition_25,DONE,brotli,brotli/highlight.js--highlight.js-11.11.1.tar.br,1.58,0.19,0.024375042
run_221_repetition_4,DONE,zstd,zstd/immer--immer-11.1.8.tar.zst,0.39,0.05,0.005753285
run_130_repetition_17,DONE,zopfli,zopfli/@ethersproject__abstract-signer--abstract-signer-5.8.0.tgz,0.32,0.04,0.004682847
run_201_repetition_7,DONE,zstd,zstd/@types__uuid--uuid-11.0.0.tar.zst,0.25,0.03,0.003388368
run_197_repetition_16,DONE,zstd,zstd/@parcel__watcher--watcher-2.5.6.tar.zst,0.29,0.03,0.004333252
run_137_repetition_12,DONE,zopfli,zopfli/@types__glob--glob-9.0.0.tgz,0.26,0.03,0.003721368
run_156_repetition_25,DONE,zopfli,zopfli/html-escaper--html-escaper-3.0.3.tgz,0.26,0.03,0.003880125
run_105_repetition_1,DONE,xz,xz/prop-types--prop-types-15.8.1.tar.xz,0.35,0.04,0.005468282
run_44_repetition_19,DONE,npm,npm/tar--tar-7.5.15.tgz,1.52,0.18,0.023175782
run_74_repetition_16,DONE,xz,xz/@types__glob--glob-9.0.0.tar.xz,0.23,0.03,0.003633442
run_196_repetition_0,DONE,zstd,zstd/@opentelemetry__semantic-conventions--semantic-conventions-1.41.1.tar.zst,1.58,0.19,0.024413436
run_101_repetition_9,DONE,xz,xz/node-notifier--node-notifier-10.0.1.tar.xz,8.35,0.98,0.13142478
run_170_repetition_10,DONE,zopfli,zopfli/react-dom--react-dom-19.2.6.tgz,3.5,0.41,0.055064123
run_159_repetition_28,DONE,zopfli,zopfli/jiti--jiti-2.7.0.tgz,1.17,0.14,0.018341071
run_28_repetition_14,DONE,npm,npm/resize-observer-polyfill--resize-observer-polyfill-1.5.1.tgz,0.39,0.05,0.005852672
run_206_repetition_12,DONE,zstd,zstd/babel-plugin-check-es2015-constants--babel-plugin-check-es2015-constants-6.22.0.tar.zst,0.23,0.03,0.003527345
run_177_repetition_25,DONE,zopfli,zopfli/strict-uri-encode--strict-uri-encode-2.0.0.tgz,0.23,0.03,0.003350891
run_61_repetition_25,DONE,npm,npm/next--next-16.2.6.tgz,80.04,9.51,1.242337747
run_210_repetition_3,DONE,zstd,zstd/dom-accessibility-api--dom-accessibility-api-0.7.1.tar.zst,0.33,0.04,0.004552512
run_270_repetition_29,DONE,brotli,brotli/babel-plugin-transform-exponentiation-operator--babel-plugin-transform-exponentiation-operator-6.24.1.tar.br,0.26,0.03,0.003734434
run_55_repetition_4,DONE,npm,npm/prettier--prettier-3.8.3.tgz,4.8,0.58,0.075083775
run_151_repetition_20,DONE,zopfli,zopfli/ethers--ethers-6.16.0.tgz,7.39,0.89,0.116586557
run_146_repetition_13,DONE,zopfli,zopfli/date-fns--date-fns-4.3.0.tgz,12.31,1.48,0.193831969
run_236_repetition_10,DONE,zstd,zstd/resize-observer-polyfill--resize-observer-polyfill-1.5.1.tar.zst,0.27,0.03,0.004008096
run_8_repetition_12,DONE,npm,npm/@babel__plugin-transform-regexp-modifiers--plugin-transform-regexp-modifiers-7.28.6.tgz,0.32,0.04,0.00496069
run_144_repetition_1,DONE,zopfli,zopfli/babel-plugin-transform-exponentiation-operator--babel-plugin-transform-exponentiation-operator-6.24.1.tgz,0.22,0.03,0.003865239
run_181_repetition_25,DONE,zopfli,zopfli/ts-node--ts-node-10.9.2.tgz,0.71,0.09,0.010934618
run_310_repetition_5,DONE,brotli,brotli/webpack--webpack-5.107.1.tar.br,1.9,0.23,0.029418943
run_120_repetition_10,DONE,xz,xz/watchpack-chokidar2--watchpack-chokidar2-2.0.1.tar.xz,0.26,0.03,0.003742886
run_244_repetition_3,DONE,zstd,zstd/ts-node--ts-node-10.9.2.tar.zst,0.45,0.06,0.006500207
run_219_repetition_27,DONE,zstd,zstd/html-escaper--html-escaper-3.0.3.tar.zst,0.2,0.02,0.00340842
run_126_repetition_8,DONE,zopfli,zopfli/@aws-cdk__cloud-assembly-schema--cloud-assembly-schema-53.27.0.tgz,0.66,0.08,0.010482318
run_70_repetition_3,DONE,xz,xz/@opentelemetry__semantic-conventions--semantic-conventions-1.41.1.tar.xz,3.01,0.36,0.046942026
run_45_repetition_3,DONE,npm,npm/prismjs--prismjs-1.30.0.tgz,1.9,0.22,0.029125774
run_175_repetition_0,DONE,zopfli,zopfli/source-list-map--source-list-map-2.0.1.tgz,0.29,0.04,0.004243796
run_3_repetition_25,DONE,npm,npm/@types__uuid--uuid-11.0.0.tgz,0.35,0.04,0.005143466
run_312_repetition_1,DONE,brotli,brotli/workbox-routing--workbox-routing-7.4.1.tar.br,0.38,0.05,0.005633019
run_122_repetition_11,DONE,xz,xz/whatwg-mimetype--whatwg-mimetype-5.0.0.tar.xz,0.33,0.04,0.005016645
run_1_repetition_11,DONE,npm,npm/client-only--client-only-0.0.1.tgz,0.29,0.04,0.00465752
run_20_repetition_21,DONE,npm,npm/linkify-it--linkify-it-5.0.1.tgz,0.36,0.04,0.005386205
run_225_repetition_1,DONE,zstd,zstd/lodash-es--lodash-es-4.18.1.tar.zst,0.48,0.06,0.007330536
run_100_repetition_20,DONE,xz,xz/next--next-16.2.6.tar.xz,73.28,8.87,1.148550379
run_288_repetition_21,DONE,brotli,brotli/lodash-es--lodash-es-4.18.1.tar.br,0.57,0.07,0.008840711
run_291_repetition_28,DONE,brotli,brotli/path-dirname--path-dirname-1.0.2.tar.br,0.23,0.03,0.003881795
run_237_repetition_0,DONE,zstd,zstd/shallowequal--shallowequal-1.1.0.tar.zst,0.23,0.03,0.003463899
run_127_repetition_23,DONE,zopfli,zopfli/@babel__plugin-transform-regexp-modifiers--plugin-transform-regexp-modifiers-7.28.6.tgz,0.22,0.03,0.003571054
run_252_repetition_9,DONE,brotli,brotli/@aws-cdk__cloud-assembly-schema--cloud-assembly-schema-53.27.0.tar.br,0.51,0.06,0.007713623
run_7_repetition_3,DONE,npm,npm/strict-uri-encode--strict-uri-encode-2.0.0.tgz,0.29,0.03,0.004483403
run_51_repetition_0,DONE,npm,npm/webpack--webpack-5.107.1.tgz,3.58,0.43,0.054787452
run_150_repetition_3,DONE,zopfli,zopfli/eslint-plugin-import--eslint-plugin-import-2.32.0.tgz,1.14,0.14,0.017715887
run_128_repetition_24,DONE,zopfli,zopfli/@esbuild__linux-ia32--linux-ia32-0.28.0.tgz,7.59,0.91,0.118921833
run_295_repetition_6,DONE,brotli,brotli/protobufjs--protobufjs-8.4.2.tar.br,0.84,0.1,0.012959059
run_62_repetition_19,DONE,npm,npm/@next__swc-linux-arm64-musl--swc-linux-arm64-musl-16.2.6.tgz,69.95,8.37,1.097454139
run_129_repetition_20,DONE,zopfli,zopfli/@eslint__eslintrc--eslintrc-3.3.5.tgz,0.57,0.07,0.009196352
run_82_repetition_6,DONE,xz,xz/client-only--client-only-0.0.1.tar.xz,0.26,0.03,0.00400962
run_223_repetition_11,DONE,zstd,zstd/libphonenumber-js--libphonenumber-js-1.13.3.tar.zst,1.68,0.2,0.024476716
run_17_repetition_23,DONE,npm,npm/source-list-map--source-list-map-2.0.1.tgz,0.32,0.04,0.00490489
run_295_repetition_10,DONE,brotli,brotli/protobufjs--protobufjs-8.4.2.tar.br,0.8,0.1,0.012722369
run_195_repetition_11,DONE,zstd,zstd/@next__swc-linux-arm64-musl--swc-linux-arm64-musl-16.2.6.tar.zst,30.23,3.62,0.456256334
run_301_repetition_20,DONE,brotli,brotli/source-list-map--source-list-map-2.0.1.tar.br,0.29,0.03,0.004306857
run_34_repetition_10,DONE,npm,npm/react-error-overlay--react-error-overlay-6.1.0.tgz,0.58,0.07,0.008541546
run_125_repetition_20,DONE,xz,xz/xml2js--xml2js-0.6.2.tar.xz,4.13,0.5,0.06461281
run_241_repetition_9,DONE,zstd,zstd/style-loader--style-loader-4.0.0.tar.zst,0.26,0.03,0.003558507
run_217_repetition_22,DONE,zstd,zstd/has-to-string-tag-x--has-to-string-tag-x-2.1.2.tar.zst,0.26,0.03,0.003849077
run_283_repetition_12,DONE,brotli,brotli/iconv-lite--iconv-lite-0.7.2.tar.br,0.45,0.06,0.007514092
run_286_repetition_4,DONE,brotli,brotli/libphonenumber-js--libphonenumber-js-1.13.3.tar.br,1.97,0.24,0.030051751
run_270_repetition_26,DONE,brotli,brotli/babel-plugin-transform-exponentiation-operator--babel-plugin-transform-exponentiation-operator-6.24.1.tar.br,0.26,0.03,0.00399298
run_147_repetition_5,DONE,zopfli,zopfli/dom-accessibility-api--dom-accessibility-api-0.7.1.tgz,0.45,0.05,0.006397117
run_156_repetition_11,DONE,zopfli,zopfli/html-escaper--html-escaper-3.0.3.tgz,0.26,0.03,0.004108281
run_283_repetition_17,DONE,brotli,brotli/iconv-lite--iconv-lite-0.7.2.tar.br,0.49,0.06,0.007514758
run_90_repetition_24,DONE,xz,xz/got--got-15.0.5.tar.xz,0.64,0.07,0.010050807
run_297_repetition_25,DONE,brotli,brotli/react-error-overlay--react-error-overlay-6.1.0.tar.br,0.48,0.06,0.007141597
run_85_repetition_3,DONE,xz,xz/encoding-sniffer--encoding-sniffer-1.0.2.tar.xz,0.36,0.05,0.005754483
run_199_repetition_24,DONE,zstd,zstd/@sindresorhus__is--is-8.1.0.tar.zst,0.26,0.03,0.003912897
run_38_repetition_7,DONE,npm,npm/tailwindcss--tailwindcss-4.3.0.tgz,0.71,0.09,0.010785999
run_60_repetition_27,DONE,npm,npm/aws-sdk--aws-sdk-2.1693.0.tgz,37.72,4.52,0.585818339
run_136_repetition_11,DONE,zopfli,zopfli/@sindresorhus__is--is-8.1.0.tgz,0.29,0.04,0.004655661
run_79_repetition_19,DONE,xz,xz/babel-helper-get-function-arity--babel-helper-get-function-arity-6.24.1.tar.xz,0.29,0.04,0.003984976
run_238_repetition_14,DONE,zstd,zstd/source-list-map--source-list-map-2.0.1.tar.zst,0.23,0.03,0.003521819
run_184_repetition_8,DONE,zopfli,zopfli/webpack--webpack-5.107.1.tgz,3.68,0.45,0.057771844
run_294_repetition_5,DONE,brotli,brotli/prop-types--prop-types-15.8.1.tar.br,0.32,0.04,0.004671117
run_238_repetition_28,DONE,zstd,zstd/source-list-map--source-list-map-2.0.1.tar.zst,0.23,0.03,0.003451723
run_282_repetition_10,DONE,brotli,brotli/html-escaper--html-escaper-3.0.3.tar.br,0.29,0.03,0.004279429
run_205_repetition_22,DONE,zstd,zstd/babel-helper-get-function-arity--babel-helper-get-function-arity-6.24.1.tar.zst,0.26,0.03,0.003389676
run_267_repetition_20,DONE,brotli,brotli/aws-sdk--aws-sdk-2.1693.0.tar.br,13.04,1.61,0.20205923
run_1_repetition_18,DONE,npm,npm/client-only--client-only-0.0.1.tgz,0.29,0.03,0.00457433
run_88_repetition_22,DONE,xz,xz/ethers--ethers-6.16.0.tar.xz,6.76,0.81,0.105760089
run_175_repetition_20,DONE,zopfli,zopfli/source-list-map--source-list-map-2.0.1.tgz,0.26,0.03,0.003607523
run_195_repetition_22,DONE,zstd,zstd/@next__swc-linux-arm64-musl--swc-linux-arm64-musl-16.2.6.tar.zst,29.5,3.5,0.447039557
run_290_repetition_12,DONE,brotli,brotli/node-notifier--node-notifier-10.0.1.tar.br,2.56,0.31,0.039246599
run_314_repetition_6,DONE,brotli,brotli/xml2js--xml2js-0.6.2.tar.br,1.32,0.16,0.019925793
run_175_repetition_6,DONE,zopfli,zopfli/source-list-map--source-list-map-2.0.1.tgz,0.29,0.04,0.004021811
run_208_repetition_16,DONE,zstd,zstd/client-only--client-only-0.0.1.tar.zst,0.19,0.02,0.00331948
run_302_repetition_5,DONE,brotli,brotli/split2--split2-4.2.0.tar.br,0.25,0.03,0.003877916
run_151_repetition_14,DONE,zopfli,zopfli/ethers--ethers-6.16.0.tgz,7.36,0.9,0.116026798
run_106_repetition_1,DONE,xz,xz/protobufjs--protobufjs-8.4.2.tar.xz,1.81,0.22,0.028403895
run_270_repetition_16,DONE,brotli,brotli/babel-plugin-transform-exponentiation-operator--babel-plugin-transform-exponentiation-operator-6.24.1.tar.br,0.23,0.03,0.003778464
run_151_repetition_24,DONE,zopfli,zopfli/ethers--ethers-6.16.0.tgz,7.35,0.89,0.116179462
run_48_repetition_10,DONE,npm,npm/highlight.js--highlight.js-11.11.1.tgz,3.94,0.47,0.060822188
run_170_repetition_23,DONE,zopfli,zopfli/react-dom--react-dom-19.2.6.tgz,3.49,0.43,0.05507102
run_97_repetition_17,DONE,xz,xz/libphonenumber-js--libphonenumber-js-1.13.3.tar.xz,4.31,0.52,0.067461422
run_8_repetition_11,DONE,npm,npm/@babel__plugin-transform-regexp-modifiers--plugin-transform-regexp-modifiers-7.28.6.tgz,0.26,0.03,0.004475873
run_181_repetition_24,DONE,zopfli,zopfli/ts-node--ts-node-10.9.2.tgz,0.7,0.09,0.011104514
run_51_repetition_19,DONE,npm,npm/webpack--webpack-5.107.1.tgz,3.57,0.43,0.054887724
run_207_repetition_12,DONE,zstd,zstd/babel-plugin-transform-exponentiation-operator--babel-plugin-transform-exponentiation-operator-6.24.1.tar.zst,0.26,0.03,0.003342999
run_111_repetition_10,DONE,xz,xz/shallowequal--shallowequal-1.1.0.tar.xz,0.29,0.03,0.004016985
run_215_repetition_22,DONE,zstd,zstd/fetch-blob--fetch-blob-4.0.0.tar.zst,0.22,0.03,0.003616887
run_177_repetition_17,DONE,zopfli,zopfli/strict-uri-encode--strict-uri-encode-2.0.0.tgz,0.29,0.03,0.00348582
run_283_repetition_27,DONE,brotli,brotli/iconv-lite--iconv-lite-0.7.2.tar.br,0.48,0.06,0.007437929
run_264_repetition_22,DONE,brotli,brotli/@types__uuid--uuid-11.0.0.tar.br,0.26,0.03,0.003894329
run_23_repetition_6,DONE,npm,npm/prop-types--prop-types-15.8.1.tgz,0.36,0.04,0.005088037
run_139_repetition_23,DONE,zopfli,zopfli/@vue__reactivity--reactivity-3.5.34.tgz,0.46,0.05,0.007008854
run_268_repetition_7,DONE,brotli,brotli/babel-helper-get-function-arity--babel-helper-get-function-arity-6.24.1.tar.br,0.32,0.03,0.00388812
run_90_repetition_12,DONE,xz,xz/got--got-15.0.5.tar.xz,0.71,0.08,0.010505135
run_229_repetition_26,DONE,zstd,zstd/prettier--prettier-3.8.3.tar.zst,1.73,0.2,0.025144022
run_11_repetition_23,DONE,npm,npm/shallowequal--shallowequal-1.1.0.tgz,0.25,0.03,0.004740535
run_271_repetition_15,DONE,brotli,brotli/client-only--client-only-0.0.1.tar.br,0.22,0.02,0.003694522
run_167_repetition_3,DONE,zopfli,zopfli/prismjs--prismjs-1.30.0.tgz,1.78,0.21,0.027502182
run_80_repetition_18,DONE,xz,xz/babel-plugin-check-es2015-constants--babel-plugin-check-es2015-constants-6.22.0.tar.xz,0.25,0.03,0.003889766
run_82_repetition_22,DONE,xz,xz/client-only--client-only-0.0.1.tar.xz,0.19,0.03,0.003454403
run_45_repetition_8,DONE,npm,npm/prismjs--prismjs-1.30.0.tgz,1.86,0.22,0.028818543
run_74_repetition_21,DONE,xz,xz/@types__glob--glob-9.0.0.tar.xz,0.29,0.03,0.003764031
run_118_repetition_25,DONE,xz,xz/ts-node--ts-node-10.9.2.tar.xz,1.09,0.13,0.016769614
run_176_repetition_7,DONE,zopfli,zopfli/split2--split2-4.2.0.tgz,0.23,0.03,0.00354838
run_237_repetition_13,DONE,zstd,zstd/shallowequal--shallowequal-1.1.0.tar.zst,0.23,0.03,0.003412446
run_187_repetition_1,DONE,zopfli,zopfli/workbox-streams--workbox-streams-7.4.1.tgz,0.32,0.04,0.004833541
run_247_repetition_29,DONE,zstd,zstd/webpack--webpack-5.107.1.tar.zst,1.53,0.18,0.022813612
run_208_repetition_3,DONE,zstd,zstd/client-only--client-only-0.0.1.tar.zst,0.19,0.02,0.003372114
run_36_repetition_24,DONE,npm,npm/lodash-es--lodash-es-4.18.1.tgz,1.55,0.18,0.024107551
run_312_repetition_28,DONE,brotli,brotli/workbox-routing--workbox-routing-7.4.1.tar.br,0.39,0.05,0.005581979
run_221_repetition_27,DONE,zstd,zstd/immer--immer-11.1.8.tar.zst,0.39,0.05,0.005652869
run_163_repetition_23,DONE,zopfli,zopfli/next--next-16.2.6.tgz,81.08,9.76,1.280519164
run_103_repetition_5,DONE,xz,xz/prettier--prettier-3.8.3.tar.xz,6.56,0.78,0.103206762
run_182_repetition_16,DONE,zopfli,zopfli/typescript--typescript-6.0.3.tgz,11.27,1.36,0.177758394
run_135_repetition_25,DONE,zopfli,zopfli/@radix-ui__primitive--primitive-1.1.3.tgz,0.25,0.03,0.003824088
run_122_repetition_3,DONE,xz,xz/whatwg-mimetype--whatwg-mimetype-5.0.0.tar.xz,0.32,0.04,0.004952097
run_54_repetition_8,DONE,npm,npm/node-notifier--node-notifier-10.0.1.tgz,3.37,0.4,0.051836962
run_207_repetition_11,DONE,zstd,zstd/babel-plugin-transform-exponentiation-operator--babel-plugin-transform-exponentiation-operator-6.24.1.tar.zst,0.2,0.02,0.003370198
run_57_repetition_1,DONE,npm,npm/date-fns--date-fns-4.3.0.tgz,16.26,1.91,0.251398892
run_54_repetition_11,DONE,npm,npm/node-notifier--node-notifier-10.0.1.tgz,3.3,0.39,0.051831757
run_167_repetition_25,DONE,zopfli,zopfli/prismjs--prismjs-1.30.0.tgz,1.75,0.21,0.027247489
run_94_repetition_4,DONE,xz,xz/iconv-lite--iconv-lite-0.7.2.tar.xz,1.13,0.13,0.017365123
run_310_repetition_3,DONE,brotli,brotli/webpack--webpack-5.107.1.tar.br,1.93,0.23,0.029427292
run_105_repetition_15,DONE,xz,xz/prop-types--prop-types-15.8.1.tar.xz,0.32,0.04,0.005388622
run_66_repetition_22,DONE,xz,xz/@eslint__eslintrc--eslintrc-3.3.5.tar.xz,0.65,0.08,0.010262333
run_252_repetition_23,DONE,brotli,brotli/@aws-cdk__cloud-assembly-schema--cloud-assembly-schema-53.27.0.tar.br,0.51,0.06,0.007629598
run_40_repetition_23,DONE,npm,npm/ts-node--ts-node-10.9.2.tgz,0.78,0.09,0.011650145
run_87_repetition_0,DONE,xz,xz/eslint-plugin-import--eslint-plugin-import-2.32.0.tar.xz,1.95,0.23,0.030966421
run_125_repetition_0,DONE,xz,xz/xml2js--xml2js-0.6.2.tar.xz,4.16,0.5,0.064317583
run_310_repetition_13,DONE,brotli,brotli/webpack--webpack-5.107.1.tar.br,1.83,0.22,0.028884195
run_205_repetition_4,DONE,zstd,zstd/babel-helper-get-function-arity--babel-helper-get-function-arity-6.24.1.tar.zst,0.23,0.03,0.003350057
run_183_repetition_24,DONE,zopfli,zopfli/watchpack-chokidar2--watchpack-chokidar2-2.0.1.tgz,0.26,0.03,0.003636438
run_97_repetition_29,DONE,xz,xz/libphonenumber-js--libphonenumber-js-1.13.3.tar.xz,4.31,0.52,0.067310064
run_20_repetition_0,DONE,npm,npm/linkify-it--linkify-it-5.0.1.tgz,0.32,0.04,0.004859598
run_251_repetition_16,DONE,zstd,zstd/xml2js--xml2js-0.6.2.tar.zst,0.97,0.11,0.014363078
run_5_repetition_5,DONE,npm,npm/babel-plugin-transform-exponentiation-operator--babel-plugin-transform-exponentiation-operator-6.24.1.tgz,0.29,0.03,0.004503529
run_162_repetition_15,DONE,zopfli,zopfli/lodash-es--lodash-es-4.18.1.tgz,0.89,0.11,0.013845826
run_181_repetition_17,DONE,zopfli,zopfli/ts-node--ts-node-10.9.2.tgz,0.7,0.08,0.011173779
run_92_repetition_12,DONE,xz,xz/highlight.js--highlight.js-11.11.1.tar.xz,3.87,0.46,0.060258167
run_97_repetition_15,DONE,xz,xz/libphonenumber-js--libphonenumber-js-1.13.3.tar.xz,4.3,0.51,0.066842582
run_181_repetition_28,DONE,zopfli,zopfli/ts-node--ts-node-10.9.2.tgz,0.7,0.08,0.011196327
run_300_repetition_23,DONE,brotli,brotli/shallowequal--shallowequal-1.1.0.tar.br,0.29,0.03,0.004146081
run_238_repetition_15,DONE,zstd,zstd/source-list-map--source-list-map-2.0.1.tar.zst,0.26,0.03,0.003437672
run_269_repetition_15,DONE,brotli,brotli/babel-plugin-check-es2015-constants--babel-plugin-check-es2015-constants-6.22.0.tar.br,0.28,0.03,0.003967598
run_202_repetition_1,DONE,zstd,zstd/@vue__reactivity--reactivity-3.5.34.tar.zst,0.33,0.04,0.004476148
run_218_repetition_1,DONE,zstd,zstd/highlight.js--highlight.js-11.11.1.tar.zst,1.27,0.15,0.018938512
run_170_repetition_11,DONE,zopfli,zopfli/react-dom--react-dom-19.2.6.tgz,3.52,0.42,0.054993967
run_252_repetition_2,DONE,brotli,brotli/@aws-cdk__cloud-assembly-schema--cloud-assembly-schema-53.27.0.tar.br,0.51,0.06,0.007553699
run_86_repetition_14,DONE,xz,xz/eslint-config-react-app--eslint-config-react-app-7.0.1.tar.xz,0.29,0.03,0.004408097
run_266_repetition_11,DONE,brotli,brotli/assert-plus--assert-plus-1.0.0.tar.br,0.26,0.03,0.003914436
run_127_repetition_24,DONE,zopfli,zopfli/@babel__plugin-transform-regexp-modifiers--plugin-transform-regexp-modifiers-7.28.6.tgz,0.26,0.03,0.003800057
run_59_repetition_15,DONE,npm,npm/typescript--typescript-6.0.3.tgz,11.16,1.33,0.174702902
run_52_repetition_18,DONE,npm,npm/@opentelemetry__semantic-conventions--semantic-conventions-1.41.1.tgz,4.81,0.57,0.074781502
run_101_repetition_26,DONE,xz,xz/node-notifier--node-notifier-10.0.1.tar.xz,8.43,0.98,0.131853436
run_77_repetition_3,DONE,xz,xz/assert-plus--assert-plus-1.0.0.tar.xz,0.29,0.03,0.00416893
run_31_repetition_9,DONE,npm,npm/dom-accessibility-api--dom-accessibility-api-0.7.1.tgz,0.45,0.05,0.007169536
run_150_repetition_25,DONE,zopfli,zopfli/eslint-plugin-import--eslint-plugin-import-2.32.0.tgz,1.15,0.13,0.017604386
run_183_repetition_0,DONE,zopfli,zopfli/watchpack-chokidar2--watchpack-chokidar2-2.0.1.tgz,0.26,0.03,0.00356804
run_80_repetition_17,DONE,xz,xz/babel-plugin-check-es2015-constants--babel-plugin-check-es2015-constants-6.22.0.tar.xz,0.25,0.03,0.004031693
run_225_repetition_11,DONE,zstd,zstd/lodash-es--lodash-es-4.18.1.tar.zst,0.46,0.05,0.007251193
run_98_repetition_12,DONE,xz,xz/linkify-it--linkify-it-5.0.1.tar.xz,0.32,0.04,0.004764361
run_75_repetition_20,DONE,xz,xz/@types__uuid--uuid-11.0.0.tar.xz,0.26,0.03,0.003692843
run_279_repetition_19,DONE,brotli,brotli/got--got-15.0.5.tar.br,0.39,0.04,0.00572002
run_240_repetition_1,DONE,zstd,zstd/strict-uri-encode--strict-uri-encode-2.0.0.tar.zst,0.2,0.02,0.003438709
run_230_repetition_20,DONE,zstd,zstd/prismjs--prismjs-1.30.0.tar.zst,0.86,0.1,0.012127404
run_20_repetition_25,DONE,npm,npm/linkify-it--linkify-it-5.0.1.tgz,0.39,0.04,0.0050729
run_227_repetition_23,DONE,zstd,zstd/node-notifier--node-notifier-10.0.1.tar.zst,1.39,0.17,0.021063895
run_52_repetition_0,DONE,npm,npm/@opentelemetry__semantic-conventions--semantic-conventions-1.41.1.tgz,4.84,0.58,0.075161822
run_83_repetition_26,DONE,xz,xz/date-fns--date-fns-4.3.0.tar.xz,9.65,1.18,0.15187288
run_241_repetition_1,DONE,zstd,zstd/style-loader--style-loader-4.0.0.tar.zst,0.26,0.03,0.003660363
run_34_repetition_3,DONE,npm,npm/react-error-overlay--react-error-overlay-6.1.0.tgz,0.54,0.07,0.008127592
run_137_repetition_1,DONE,zopfli,zopfli/@types__glob--glob-9.0.0.tgz,0.23,0.03,0.003514458
run_227_repetition_20,DONE,zstd,zstd/node-notifier--node-notifier-10.0.1.tar.zst,1.4,0.16,0.021004688
run_268_repetition_2,DONE,brotli,brotli/babel-helper-get-function-arity--babel-helper-get-function-arity-6.24.1.tar.br,0.26,0.03,0.004184115
run_269_repetition_10,DONE,brotli,brotli/babel-plugin-check-es2015-constants--babel-plugin-check-es2015-constants-6.22.0.tar.br,0.26,0.03,0.004092677
run_0_repetition_25,DONE,npm,npm/watchpack-chokidar2--watchpack-chokidar2-2.0.1.tgz,0.32,0.04,0.004485986
run_54_repetition_13,DONE,npm,npm/node-notifier--node-notifier-10.0.1.tgz,3.34,0.4,0.051967164
run_264_repetition_2,DONE,brotli,brotli/@types__uuid--uuid-11.0.0.tar.br,0.26,0.03,0.004108148
run_269_repetition_16,DONE,brotli,brotli/babel-plugin-check-es2015-constants--babel-plugin-check-es2015-constants-6.22.0.tar.br,0.26,0.03,0.003843028
run_167_repetition_18,DONE,zopfli,zopfli/prismjs--prismjs-1.30.0.tgz,1.74,0.21,0.027628055
run_231_repetition_10,DONE,zstd,zstd/prop-types--prop-types-15.8.1.tar.zst,0.23,0.03,0.003748705
run_181_repetition_12,DONE,zopfli,zopfli/ts-node--ts-node-10.9.2.tgz,0.73,0.09,0.011118446
run_89_repetition_7,DONE,xz,xz/fetch-blob--fetch-blob-4.0.0.tar.xz,0.29,0.03,0.004508497
run_138_repetition_20,DONE,zopfli,zopfli/@types__uuid--uuid-11.0.0.tgz,0.26,0.03,0.003425372
run_190_repetition_28,DONE,zstd,zstd/@babel__plugin-transform-regexp-modifiers--plugin-transform-regexp-modifiers-7.28.6.tar.zst,0.22,0.03,0.003455958
run_123_repetition_24,DONE,xz,xz/workbox-routing--workbox-routing-7.4.1.tar.xz,0.57,0.07,0.008295719
run_79_repetition_17,DONE,xz,xz/babel-helper-get-function-arity--babel-helper-get-function-arity-6.24.1.tar.xz,0.26,0.03,0.004040793
run_206_repetition_3,DONE,zstd,zstd/babel-plugin-check-es2015-constants--babel-plugin-check-es2015-constants-6.22.0.tar.zst,0.22,0.03,0.003326187
run_262_repetition_25,DONE,brotli,brotli/@sindresorhus__is--is-8.1.0.tar.br,0.32,0.04,0.004460097
run_2_repetition_15,DONE,npm,npm/babel-helper-get-function-arity--babel-helper-get-function-arity-6.24.1.tgz,0.35,0.04,0.004791702
run_14_repetition_17,DONE,npm,npm/split2--split2-4.2.0.tgz,0.32,0.04,0.005373924
run_58_repetition_18,DONE,npm,npm/@esbuild__linux-ia32--linux-ia32-0.28.0.tgz,7.34,0.87,0.114594128
run_23_repetition_29,DONE,npm,npm/prop-types--prop-types-15.8.1.tgz,0.32,0.04,0.00522161
run_91_repetition_12,DONE,xz,xz/has-to-string-tag-x--has-to-string-tag-x-2.1.2.tar.xz,0.38,0.04,0.005643778
run_185_repetition_23,DONE,zopfli,zopfli/whatwg-mimetype--whatwg-mimetype-5.0.0.tgz,0.29,0.03,0.004444097
run_297_repetition_15,DONE,brotli,brotli/react-error-overlay--react-error-overlay-6.1.0.tar.br,0.42,0.05,0.006520731
run_218_repetition_10,DONE,zstd,zstd/highlight.js--highlight.js-11.11.1.tar.zst,1.27,0.15,0.019100599
run_44_repetition_20,DONE,npm,npm/tar--tar-7.5.15.tgz,1.49,0.18,0.022890586
run_151_repetition_7,DONE,zopfli,zopfli/ethers--ethers-6.16.0.tgz,7.4,0.89,0.116218888
run_89_repetition_18,DONE,xz,xz/fetch-blob--fetch-blob-4.0.0.tar.xz,0.29,0.03,0.004556322
run_68_repetition_2,DONE,xz,xz/@modelcontextprotocol__sdk--sdk-1.29.0.tar.xz,2.36,0.29,0.036438091
run_50_repetition_4,DONE,npm,npm/react-dom--react-dom-19.2.6.tgz,3.5,0.42,0.054496432
run_46_repetition_15,DONE,npm,npm/@modelcontextprotocol__sdk--sdk-1.29.0.tgz,2.25,0.26,0.034332451
run_205_repetition_23,DONE,zstd,zstd/babel-helper-get-function-arity--babel-helper-get-function-arity-6.24.1.tar.zst,0.19,0.02,0.003316397
run_257_repetition_29,DONE,brotli,brotli/@modelcontextprotocol__sdk--sdk-1.29.0.tar.br,1.07,0.13,0.016095817
run_229_repetition_29,DONE,zstd,zstd/prettier--prettier-3.8.3.tar.zst,1.7,0.2,0.025343723
run_173_repetition_7,DONE,zopfli,zopfli/resize-observer-polyfill--resize-observer-polyfill-1.5.1.tgz,0.36,0.04,0.004793726
run_260_repetition_19,DONE,brotli,brotli/@parcel__watcher--watcher-2.5.6.tar.br,0.35,0.04,0.00502441
run_296_repetition_12,DONE,brotli,brotli/react-dom--react-dom-19.2.6.tar.br,1.22,0.14,0.018382778
run_214_repetition_14,DONE,zstd,zstd/ethers--ethers-6.16.0.tar.zst,2.23,0.26,0.03322687
run_245_repetition_20,DONE,zstd,zstd/typescript--typescript-6.0.3.tar.zst,3.94,0.46,0.058062139
run_10_repetition_21,DONE,npm,npm/path-dirname--path-dirname-1.0.2.tgz,0.32,0.04,0.004619961
run_176_repetition_24,DONE,zopfli,zopfli/split2--split2-4.2.0.tgz,0.23,0.03,0.003501598
run_75_repetition_5,DONE,xz,xz/@types__uuid--uuid-11.0.0.tar.xz,0.26,0.03,0.003676172
run_0_repetition_17,DONE,npm,npm/watchpack-chokidar2--watchpack-chokidar2-2.0.1.tgz,0.32,0.03,0.004442427
run_245_repetition_3,DONE,zstd,zstd/typescript--typescript-6.0.3.tar.zst,3.89,0.46,0.057873873
run_213_repetition_4,DONE,zstd,zstd/eslint-plugin-import--eslint-plugin-import-2.32.0.tar.zst,0.58,0.07,0.008960656
run_35_repetition_13,DONE,npm,npm/@eslint__eslintrc--eslintrc-3.3.5.tgz,0.62,0.07,0.009497504
run_300_repetition_29,DONE,brotli,brotli/shallowequal--shallowequal-1.1.0.tar.br,0.23,0.03,0.003726957
run_26_repetition_27,DONE,npm,npm/workbox-streams--workbox-streams-7.4.1.tgz,0.39,0.05,0.005795854
run_21_repetition_10,DONE,npm,npm/style-loader--style-loader-4.0.0.tgz,0.34,0.04,0.005475053
run_91_repetition_24,DONE,xz,xz/has-to-string-tag-x--has-to-string-tag-x-2.1.2.tar.xz,0.38,0.05,0.005893048
run_255_repetition_7,DONE,brotli,brotli/@eslint__eslintrc--eslintrc-3.3.5.tar.br,0.42,0.05,0.00629868
run_158_repetition_7,DONE,zopfli,zopfli/immer--immer-11.1.8.tgz,0.8,0.1,0.011900877
run_257_repetition_9,DONE,brotli,brotli/@modelcontextprotocol__sdk--sdk-1.29.0.tar.br,1.06,0.12,0.016540696
run_308_repetition_22,DONE,brotli,brotli/typescript--typescript-6.0.3.tar.br,4.19,0.51,0.065656226
run_23_repetition_13,DONE,npm,npm/prop-types--prop-types-15.8.1.tgz,0.32,0.04,0.005283209
run_285_repetition_25,DONE,brotli,brotli/jiti--jiti-2.7.0.tar.br,0.83,0.1,0.012243452
run_309_repetition_14,DONE,brotli,brotli/watchpack-chokidar2--watchpack-chokidar2-2.0.1.tar.br,0.24,0.03,0.00374709
run_192_repetition_4,DONE,zstd,zstd/@eslint__eslintrc--eslintrc-3.3.5.tar.zst,0.38,0.05,0.005355111
run_282_repetition_11,DONE,brotli,brotli/html-escaper--html-escaper-3.0.3.tar.br,0.26,0.03,0.003862271
run_9_repetition_26,DONE,npm,npm/remove-trailing-separator--remove-trailing-separator-1.1.0.tgz,0.32,0.04,0.004464763
run_62_repetition_20,DONE,npm,npm/@next__swc-linux-arm64-musl--swc-linux-arm64-musl-16.2.6.tgz,70.05,8.33,1.098501459
run_9_repetition_13,DONE,npm,npm/remove-trailing-separator--remove-trailing-separator-1.1.0.tgz,0.26,0.03,0.00453952
run_32_repetition_23,DONE,npm,npm/@vue__reactivity--reactivity-3.5.34.tgz,0.49,0.06,0.007153005
run_208_repetition_4,DONE,zstd,zstd/client-only--client-only-0.0.1.tar.zst,0.23,0.03,0.003397272
run_286_repetition_10,DONE,brotli,brotli/libphonenumber-js--libphonenumber-js-1.13.3.tar.br,1.91,0.23,0.029769822
run_3_repetition_26,DONE,npm,npm/@types__uuid--uuid-11.0.0.tgz,0.35,0.04,0.005330123
run_163_repetition_13,DONE,zopfli,zopfli/next--next-16.2.6.tgz,80.98,9.72,1.28078756
run_96_repetition_10,DONE,xz,xz/jiti--jiti-2.7.0.tar.xz,2.14,0.25,0.032796805
run_102_repetition_10,DONE,xz,xz/path-dirname--path-dirname-1.0.2.tar.xz,0.26,0.03,0.003885851
run_301_repetition_9,DONE,brotli,brotli/source-list-map--source-list-map-2.0.1.tar.br,0.32,0.04,0.004332556
run_185_repetition_10,DONE,zopfli,zopfli/whatwg-mimetype--whatwg-mimetype-5.0.0.tgz,0.29,0.03,0.00414606
run_144_repetition_8,DONE,zopfli,zopfli/babel-plugin-transform-exponentiation-operator--babel-plugin-transform-exponentiation-operator-6.24.1.tgz,0.26,0.03,0.003692194
run_164_repetition_12,DONE,zopfli,zopfli/node-notifier--node-notifier-10.0.1.tgz,3.4,0.41,0.053465231
run_118_repetition_8,DONE,xz,xz/ts-node--ts-node-10.9.2.tar.xz,1.09,0.13,0.016787163
run_158_repetition_18,DONE,zopfli,zopfli/immer--immer-11.1.8.tgz,0.77,0.09,0.011967129
run_135_repetition_12,DONE,zopfli,zopfli/@radix-ui__primitive--primitive-1.1.3.tgz,0.26,0.03,0.003698629
run_108_repetition_4,DONE,xz,xz/react-error-overlay--react-error-overlay-6.1.0.tar.xz,0.96,0.11,0.014470979
run_37_repetition_19,DONE,npm,npm/@aws-cdk__cloud-assembly-schema--cloud-assembly-schema-53.27.0.tgz,0.68,0.08,0.010665134
run_219_repetition_17,DONE,zstd,zstd/html-escaper--html-escaper-3.0.3.tar.zst,0.23,0.03,0.003472293
run_98_repetition_18,DONE,xz,xz/linkify-it--linkify-it-5.0.1.tar.xz,0.32,0.04,0.004692514
run_255_repetition_12,DONE,brotli,brotli/@eslint__eslintrc--eslintrc-3.3.5.tar.br,0.39,0.05,0.006330541
run_199_repetition_4,DONE,zstd,zstd/@sindresorhus__is--is-8.1.0.tar.zst,0.26,0.03,0.003965843
run_136_repetition_0,DONE,zopfli,zopfli/@sindresorhus__is--is-8.1.0.tgz,0.29,0.03,0.004522006
run_188_repetition_19,DONE,zopfli,zopfli/xml2js--xml2js-0.6.2.tgz,2.07,0.25,0.032167781
run_187_repetition_21,DONE,zopfli,zopfli/workbox-streams--workbox-streams-7.4.1.tgz,0.35,0.05,0.005278276
run_184_repetition_11,DONE,zopfli,zopfli/webpack--webpack-5.107.1.tgz,3.68,0.44,0.057759322
run_182_repetition_14,DONE,zopfli,zopfli/typescript--typescript-6.0.3.tgz,11.28,1.37,0.177625377
run_96_repetition_0,DONE,xz,xz/jiti--jiti-2.7.0.tar.xz,2.15,0.25,0.033329481
run_24_repetition_19,DONE,npm,npm/@sindresorhus__is--is-8.1.0.tgz,0.39,0.05,0.005607333
run_91_repetition_11,DONE,xz,xz/has-to-string-tag-x--has-to-string-tag-x-2.1.2.tar.xz,0.39,0.05,0.005953114
run_164_repetition_16,DONE,zopfli,zopfli/node-notifier--node-notifier-10.0.1.tgz,3.44,0.41,0.053777871
run_283_repetition_4,DONE,brotli,brotli/iconv-lite--iconv-lite-0.7.2.tar.br,0.49,0.06,0.007408273
run_165_repetition_6,DONE,zopfli,zopfli/path-dirname--path-dirname-1.0.2.tgz,0.26,0.03,0.003700817
run_282_repetition_19,DONE,brotli,brotli/html-escaper--html-escaper-3.0.3.tar.br,0.29,0.03,0.004035663
run_108_repetition_15,DONE,xz,xz/react-error-overlay--react-error-overlay-6.1.0.tar.xz,0.94,0.11,0.014004206
run_286_repetition_26,DONE,brotli,brotli/libphonenumber-js--libphonenumber-js-1.13.3.tar.br,1.96,0.24,0.030289287
run_182_repetition_24,DONE,zopfli,zopfli/typescript--typescript-6.0.3.tgz,11.31,1.36,0.178280037
run_43_repetition_10,DONE,npm,npm/jiti--jiti-2.7.0.tgz,1.19,0.14,0.018526079
run_78_repetition_18,DONE,xz,xz/aws-sdk--aws-sdk-2.1693.0.tar.xz,46.06,5.5,0.721925449
run_95_repetition_0,DONE,xz,xz/immer--immer-11.1.8.tar.xz,0.76,0.09,0.011713151
run_236_repetition_16,DONE,zstd,zstd/resize-observer-polyfill--resize-observer-polyfill-1.5.1.tar.zst,0.29,0.03,0.003935817
run_61_repetition_1,DONE,npm,npm/next--next-16.2.6.tgz,79.56,9.47,1.239944089
run_215_repetition_15,DONE,zstd,zstd/fetch-blob--fetch-blob-4.0.0.tar.zst,0.19,0.02,0.003415445
run_285_repetition_26,DONE,brotli,brotli/jiti--jiti-2.7.0.tar.br,0.83,0.1,0.012544073
run_290_repetition_24,DONE,brotli,brotli/node-notifier--node-notifier-10.0.1.tar.br,2.5,0.3,0.038886309
run_106_repetition_27,DONE,xz,xz/protobufjs--protobufjs-8.4.2.tar.xz,1.82,0.21,0.028180289
run_218_repetition_4,DONE,zstd,zstd/highlight.js--highlight.js-11.11.1.tar.zst,1.28,0.15,0.019000647
run_43_repetition_22,DONE,npm,npm/jiti--jiti-2.7.0.tgz,1.25,0.15,0.019096394
run_167_repetition_7,DONE,zopfli,zopfli/prismjs--prismjs-1.30.0.tgz,1.72,0.21,0.027314924
run_200_repetition_23,DONE,zstd,zstd/@types__glob--glob-9.0.0.tar.zst,0.22,0.03,0.003274036
run_208_repetition_19,DONE,zstd,zstd/client-only--client-only-0.0.1.tar.zst,0.26,0.03,0.003713269
run_138_repetition_12,DONE,zopfli,zopfli/@types__uuid--uuid-11.0.0.tgz,0.23,0.03,0.003649926
run_62_repetition_6,DONE,npm,npm/@next__swc-linux-arm64-musl--swc-linux-arm64-musl-16.2.6.tgz,70.11,8.38,1.097738811
run_12_repetition_6,DONE,npm,npm/@radix-ui__primitive--primitive-1.1.3.tgz,0.35,0.04,0.004991644
run_279_repetition_22,DONE,brotli,brotli/got--got-15.0.5.tar.br,0.42,0.05,0.006114629
run_276_repetition_8,DONE,brotli,brotli/eslint-plugin-import--eslint-plugin-import-2.32.0.tar.br,0.73,0.09,0.011559275
run_116_repetition_4,DONE,xz,xz/tailwindcss--tailwindcss-4.3.0.tar.xz,0.9,0.1,0.013714443
run_274_repetition_1,DONE,brotli,brotli/encoding-sniffer--encoding-sniffer-1.0.2.tar.br,0.32,0.03,0.004868103
run_9_repetition_11,DONE,npm,npm/remove-trailing-separator--remove-trailing-separator-1.1.0.tgz,0.26,0.03,0.004423346
run_61_repetition_11,DONE,npm,npm/next--next-16.2.6.tgz,79.6,9.44,1.237168041
run_145_repetition_27,DONE,zopfli,zopfli/client-only--client-only-0.0.1.tgz,0.25,0.03,0.003466664
run_111_repetition_20,DONE,xz,xz/shallowequal--shallowequal-1.1.0.tar.xz,0.26,0.03,0.003829087
run_304_repetition_10,DONE,brotli,brotli/style-loader--style-loader-4.0.0.tar.br,0.29,0.04,0.00470528
run_229_repetition_2,DONE,zstd,zstd/prettier--prettier-3.8.3.tar.zst,1.7,0.2,0.024956965
run_67_repetition_8,DONE,xz,xz/@ethersproject__abstract-signer--abstract-signer-5.8.0.tar.xz,0.35,0.04,0.005115749
run_87_repetition_21,DONE,xz,xz/eslint-plugin-import--eslint-plugin-import-2.32.0.tar.xz,1.98,0.23,0.030930777
run_272_repetition_14,DONE,brotli,brotli/date-fns--date-fns-4.3.0.tar.br,3.81,0.47,0.058882501
run_152_repetition_18,DONE,zopfli,zopfli/fetch-blob--fetch-blob-4.0.0.tgz,0.26,0.03,0.003928957
run_235_repetition_9,DONE,zstd,zstd/remove-trailing-separator--remove-trailing-separator-1.1.0.tar.zst,0.26,0.03,0.003367628
run_309_repetition_13,DONE,brotli,brotli/watchpack-chokidar2--watchpack-chokidar2-2.0.1.tar.br,0.23,0.03,0.003625382
run_307_repetition_4,DONE,brotli,brotli/ts-node--ts-node-10.9.2.tar.br,0.51,0.06,0.008081865
run_90_repetition_26,DONE,xz,xz/got--got-15.0.5.tar.xz,0.67,0.08,0.00989854
run_147_repetition_19,DONE,zopfli,zopfli/dom-accessibility-api--dom-accessibility-api-0.7.1.tgz,0.38,0.05,0.006248838
run_140_repetition_1,DONE,zopfli,zopfli/assert-plus--assert-plus-1.0.0.tgz,0.23,0.03,0.00376734
run_89_repetition_27,DONE,xz,xz/fetch-blob--fetch-blob-4.0.0.tar.xz,0.29,0.03,0.004605248
run_245_repetition_26,DONE,zstd,zstd/typescript--typescript-6.0.3.tar.zst,3.89,0.46,0.058081573
run_87_repetition_16,DONE,xz,xz/eslint-plugin-import--eslint-plugin-import-2.32.0.tar.xz,1.95,0.23,0.030644757
run_109_repetition_15,DONE,xz,xz/remove-trailing-separator--remove-trailing-separator-1.1.0.tar.xz,0.23,0.03,0.003657122
run_77_repetition_24,DONE,xz,xz/assert-plus--assert-plus-1.0.0.tar.xz,0.26,0.03,0.004082301
run_136_repetition_26,DONE,zopfli,zopfli/@sindresorhus__is--is-8.1.0.tgz,0.32,0.04,0.004595528
run_92_repetition_21,DONE,xz,xz/highlight.js--highlight.js-11.11.1.tar.xz,3.89,0.47,0.060710277
run_117_repetition_17,DONE,xz,xz/tar--tar-7.5.15.tar.xz,1.66,0.2,0.025506824
run_96_repetition_21,DONE,xz,xz/jiti--jiti-2.7.0.tar.xz,2.11,0.25,0.033024866
run_171_repetition_29,DONE,zopfli,zopfli/react-error-overlay--react-error-overlay-6.1.0.tgz,0.48,0.06,0.007571373
run_19_repetition_12,DONE,npm,npm/whatwg-mimetype--whatwg-mimetype-5.0.0.tgz,0.38,0.05,0.005053144
run_166_repetition_29,DONE,zopfli,zopfli/prettier--prettier-3.8.3.tgz,4.88,0.59,0.077233719
run_277_repetition_19,DONE,brotli,brotli/ethers--ethers-6.16.0.tar.br,2.69,0.33,0.041612529
run_90_repetition_16,DONE,xz,xz/got--got-15.0.5.tar.xz,0.6,0.07,0.009821517
run_6_repetition_6,DONE,npm,npm/babel-plugin-check-es2015-constants--babel-plugin-check-es2015-constants-6.22.0.tgz,0.32,0.04,0.004788541
run_244_repetition_19,DONE,zstd,zstd/ts-node--ts-node-10.9.2.tar.zst,0.42,0.05,0.006500739
run_10_repetition_16,DONE,npm,npm/path-dirname--path-dirname-1.0.2.tgz,0.3,0.03,0.004677462
run_292_repetition_4,DONE,brotli,brotli/prettier--prettier-3.8.3.tar.br,2.18,0.26,0.033529893
run_123_repetition_9,DONE,xz,xz/workbox-routing--workbox-routing-7.4.1.tar.xz,0.51,0.06,0.00816546
run_94_repetition_26,DONE,xz,xz/iconv-lite--iconv-lite-0.7.2.tar.xz,1.13,0.13,0.017074235
run_157_repetition_17,DONE,zopfli,zopfli/iconv-lite--iconv-lite-0.7.2.tgz,0.51,0.06,0.007389623
run_15_repetition_0,DONE,npm,npm/html-escaper--html-escaper-3.0.3.tgz,0.39,0.04,0.005170044
run_155_repetition_12,DONE,zopfli,zopfli/highlight.js--highlight.js-11.11.1.tgz,3.6,0.43,0.056270116
run_47_repetition_26,DONE,npm,npm/protobufjs--protobufjs-8.4.2.tgz,1.91,0.23,0.02923876
run_206_repetition_17,DONE,zstd,zstd/babel-plugin-check-es2015-constants--babel-plugin-check-es2015-constants-6.22.0.tar.zst,0.26,0.03,0.003415003
run_1_repetition_19,DONE,npm,npm/client-only--client-only-0.0.1.tgz,0.31,0.03,0.004441474
run_44_repetition_10,DONE,npm,npm/tar--tar-7.5.15.tgz,1.48,0.18,0.023041993
run_73_repetition_20,DONE,xz,xz/@sindresorhus__is--is-8.1.0.tar.xz,0.38,0.05,0.00604316
run_7_repetition_24,DONE,npm,npm/strict-uri-encode--strict-uri-encode-2.0.0.tgz,0.29,0.04,0.00460603
run_131_repetition_22,DONE,zopfli,zopfli/@modelcontextprotocol__sdk--sdk-1.29.0.tgz,2.49,0.3,0.039280276
run_99_repetition_0,DONE,xz,xz/lodash-es--lodash-es-4.18.1.tar.xz,1.02,0.12,0.015686133
run_79_repetition_1,DONE,xz,xz/babel-helper-get-function-arity--babel-helper-get-function-arity-6.24.1.tar.xz,0.26,0.03,0.004067303
run_259_repetition_25,DONE,brotli,brotli/@opentelemetry__semantic-conventions--semantic-conventions-1.41.1.tar.br,1.61,0.19,0.024969888
run_53_repetition_2,DONE,npm,npm/libphonenumber-js--libphonenumber-js-1.13.3.tgz,5.33,0.63,0.081985506
run_140_repetition_26,DONE,zopfli,zopfli/assert-plus--assert-plus-1.0.0.tgz,0.25,0.03,0.003745004
run_12_repetition_12,DONE,npm,npm/@radix-ui__primitive--primitive-1.1.3.tgz,0.32,0.04,0.00477658
run_272_repetition_0,DONE,brotli,brotli/date-fns--date-fns-4.3.0.tar.br,3.8,0.47,0.059399306
run_186_repetition_0,DONE,zopfli,zopfli/workbox-routing--workbox-routing-7.4.1.tgz,0.44,0.05,0.006403368
run_58_repetition_0,DONE,npm,npm/@esbuild__linux-ia32--linux-ia32-0.28.0.tgz,7.31,0.86,0.114504277
run_218_repetition_12,DONE,zstd,zstd/highlight.js--highlight.js-11.11.1.tar.zst,1.27,0.15,0.018780015
run_144_repetition_21,DONE,zopfli,zopfli/babel-plugin-transform-exponentiation-operator--babel-plugin-transform-exponentiation-operator-6.24.1.tgz,0.23,0.03,0.003402601
run_12_repetition_3,DONE,npm,npm/@radix-ui__primitive--primitive-1.1.3.tgz,0.32,0.04,0.004784226
run_278_repetition_6,DONE,brotli,brotli/fetch-blob--fetch-blob-4.0.0.tar.br,0.26,0.03,0.003993668
run_278_repetition_9,DONE,brotli,brotli/fetch-blob--fetch-blob-4.0.0.tar.br,0.26,0.03,0.004180549
run_263_repetition_6,DONE,brotli,brotli/@types__glob--glob-9.0.0.tar.br,0.26,0.03,0.003817701
run_136_repetition_18,DONE,zopfli,zopfli/@sindresorhus__is--is-8.1.0.tgz,0.32,0.04,0.004576729
run_60_repetition_1,DONE,npm,npm/aws-sdk--aws-sdk-2.1693.0.tgz,37.56,4.45,0.585324482
run_299_repetition_12,DONE,brotli,brotli/resize-observer-polyfill--resize-observer-polyfill-1.5.1.tar.br,0.32,0.04,0.004599647
run_31_repetition_27,DONE,npm,npm/dom-accessibility-api--dom-accessibility-api-0.7.1.tgz,0.46,0.06,0.007126773
run_106_repetition_16,DONE,xz,xz/protobufjs--protobufjs-8.4.2.tar.xz,1.82,0.21,0.028060831
run_126_repetition_4,DONE,zopfli,zopfli/@aws-cdk__cloud-assembly-schema--cloud-assembly-schema-53.27.0.tgz,0.66,0.08,0.010432713
run_206_repetition_0,DONE,zstd,zstd/babel-plugin-check-es2015-constants--babel-plugin-check-es2015-constants-6.22.0.tar.zst,0.26,0.03,0.003329234
run_69_repetition_7,DONE,xz,xz/@next__swc-linux-arm64-musl--swc-linux-arm64-musl-16.2.6.tar.xz,154.46,18.32,2.422059379
run_68_repetition_28,DONE,xz,xz/@modelcontextprotocol__sdk--sdk-1.29.0.tar.xz,2.3,0.27,0.035743726
run_98_repetition_6,DONE,xz,xz/linkify-it--linkify-it-5.0.1.tar.xz,0.36,0.04,0.004880512
run_4_repetition_5,DONE,npm,npm/@types__glob--glob-9.0.0.tgz,0.32,0.04,0.005281618
run_28_repetition_7,DONE,npm,npm/resize-observer-polyfill--resize-observer-polyfill-1.5.1.tgz,0.39,0.05,0.006040364
run_150_repetition_16,DONE,zopfli,zopfli/eslint-plugin-import--eslint-plugin-import-2.32.0.tgz,1.14,0.14,0.018016755
run_77_repetition_4,DONE,xz,xz/assert-plus--assert-plus-1.0.0.tar.xz,0.26,0.03,0.004097722
run_94_repetition_17,DONE,xz,xz/iconv-lite--iconv-lite-0.7.2.tar.xz,1.15,0.13,0.01732423
run_233_repetition_23,DONE,zstd,zstd/react-dom--react-dom-19.2.6.tar.zst,1.16,0.14,0.01792531
run_267_repetition_14,DONE,brotli,brotli/aws-sdk--aws-sdk-2.1693.0.tar.br,12.93,1.58,0.200385446
run_7_repetition_19,DONE,npm,npm/strict-uri-encode--strict-uri-encode-2.0.0.tgz,0.29,0.03,0.004391987
run_65_repetition_20,DONE,xz,xz/@esbuild__linux-ia32--linux-ia32-0.28.0.tar.xz,21.46,2.54,0.33708258
run_58_repetition_24,DONE,npm,npm/@esbuild__linux-ia32--linux-ia32-0.28.0.tgz,7.27,0.87,0.114308626
run_226_repetition_15,DONE,zstd,zstd/next--next-16.2.6.tar.zst,21.24,2.57,0.313579527
run_182_repetition_9,DONE,zopfli,zopfli/typescript--typescript-6.0.3.tgz,11.27,1.35,0.177667846
run_98_repetition_16,DONE,xz,xz/linkify-it--linkify-it-5.0.1.tar.xz,0.33,0.04,0.004780348
run_307_repetition_5,DONE,brotli,brotli/ts-node--ts-node-10.9.2.tar.br,0.46,0.06,0.007793547
run_63_repetition_11,DONE,xz,xz/@aws-cdk__cloud-assembly-schema--cloud-assembly-schema-53.27.0.tar.xz,0.96,0.12,0.015356091
run_116_repetition_13,DONE,xz,xz/tailwindcss--tailwindcss-4.3.0.tar.xz,0.93,0.11,0.014199636
run_50_repetition_24,DONE,npm,npm/react-dom--react-dom-19.2.6.tgz,3.51,0.42,0.054411111
run_215_repetition_26,DONE,zstd,zstd/fetch-blob--fetch-blob-4.0.0.tar.zst,0.26,0.03,0.003416544
run_128_repetition_23,DONE,zopfli,zopfli/@esbuild__linux-ia32--linux-ia32-0.28.0.tgz,7.65,0.91,0.119109306
run_144_repetition_5,DONE,zopfli,zopfli/babel-plugin-transform-exponentiation-operator--babel-plugin-transform-exponentiation-operator-6.24.1.tgz,0.26,0.03,0.004024735
run_259_repetition_16,DONE,brotli,brotli/@opentelemetry__semantic-conventions--semantic-conventions-1.41.1.tar.br,1.61,0.2,0.025167106
run_59_repetition_3,DONE,npm,npm/typescript--typescript-6.0.3.tgz,11.22,1.33,0.174695087
run_308_repetition_12,DONE,brotli,brotli/typescript--typescript-6.0.3.tar.br,4.16,0.51,0.064645212
run_210_repetition_4,DONE,zstd,zstd/dom-accessibility-api--dom-accessibility-api-0.7.1.tar.zst,0.33,0.04,0.004617396
run_239_repetition_24,DONE,zstd,zstd/split2--split2-4.2.0.tar.zst,0.2,0.02,0.003520002
run_134_repetition_10,DONE,zopfli,zopfli/@parcel__watcher--watcher-2.5.6.tgz,0.39,0.05,0.005162561
run_290_repetition_4,DONE,brotli,brotli/node-notifier--node-notifier-10.0.1.tar.br,2.44,0.3,0.038742488
run_162_repetition_18,DONE,zopfli,zopfli/lodash-es--lodash-es-4.18.1.tgz,0.92,0.11,0.013694421
run_11_repetition_28,DONE,npm,npm/shallowequal--shallowequal-1.1.0.tgz,0.32,0.04,0.004492014
run_75_repetition_18,DONE,xz,xz/@types__uuid--uuid-11.0.0.tar.xz,0.32,0.04,0.004446378
run_138_repetition_15,DONE,zopfli,zopfli/@types__uuid--uuid-11.0.0.tgz,0.26,0.03,0.003538305
run_92_repetition_19,DONE,xz,xz/highlight.js--highlight.js-11.11.1.tar.xz,3.87,0.45,0.060915807
run_39_repetition_24,DONE,npm,npm/iconv-lite--iconv-lite-0.7.2.tgz,0.58,0.07,0.008184533
run_184_repetition_1,DONE,zopfli,zopfli/webpack--webpack-5.107.1.tgz,3.7,0.45,0.057877532
run_184_repetition_0,DONE,zopfli,zopfli/webpack--webpack-5.107.1.tgz,3.66,0.44,0.057781948
run_195_repetition_4,DONE,zstd,zstd/@next__swc-linux-arm64-musl--swc-linux-arm64-musl-16.2.6.tar.zst,30.33,3.59,0.456308215
run_223_repetition_0,DONE,zstd,zstd/libphonenumber-js--libphonenumber-js-1.13.3.tar.zst,1.69,0.19,0.024174286
run_259_repetition_12,DONE,brotli,brotli/@opentelemetry__semantic-conventions--semantic-conventions-1.41.1.tar.br,1.71,0.21,0.026443879
run_151_repetition_12,DONE,zopfli,zopfli/ethers--ethers-6.16.0.tgz,7.37,0.88,0.116079247
run_194_repetition_15,DONE,zstd,zstd/@modelcontextprotocol__sdk--sdk-1.29.0.tar.zst,0.98,0.12,0.014656897
run_51_repetition_12,DONE,npm,npm/webpack--webpack-5.107.1.tgz,3.57,0.41,0.054818309
run_307_repetition_2,DONE,brotli,brotli/ts-node--ts-node-10.9.2.tar.br,0.55,0.07,0.008299449
run_289_repetition_11,DONE,brotli,brotli/next--next-16.2.6.tar.br,22.82,2.8,0.353009729
run_232_repetition_21,DONE,zstd,zstd/protobufjs--protobufjs-8.4.2.tar.zst,0.71,0.09,0.011026552
run_231_repetition_27,DONE,zstd,zstd/prop-types--prop-types-15.8.1.tar.zst,0.26,0.03,0.003686513
run_198_repetition_1,DONE,zstd,zstd/@radix-ui__primitive--primitive-1.1.3.tar.zst,0.26,0.03,0.003490453
run_138_repetition_27,DONE,zopfli,zopfli/@types__uuid--uuid-11.0.0.tgz,0.26,0.03,0.003702242
run_141_repetition_7,DONE,zopfli,zopfli/aws-sdk--aws-sdk-2.1693.0.tgz,38.46,4.61,0.605826824
run_69_repetition_8,DONE,xz,xz/@next__swc-linux-arm64-musl--swc-linux-arm64-musl-16.2.6.tar.xz,154.31,18.2,2.42401132
run_149_repetition_13,DONE,zopfli,zopfli/eslint-config-react-app--eslint-config-react-app-7.0.1.tgz,0.26,0.03,0.003775288
run_75_repetition_8,DONE,xz,xz/@types__uuid--uuid-11.0.0.tar.xz,0.26,0.03,0.003963367
run_186_repetition_11,DONE,zopfli,zopfli/workbox-routing--workbox-routing-7.4.1.tgz,0.45,0.05,0.006286301
run_34_repetition_18,DONE,npm,npm/react-error-overlay--react-error-overlay-6.1.0.tgz,0.54,0.06,0.008366199
run_102_repetition_28,DONE,xz,xz/path-dirname--path-dirname-1.0.2.tar.xz,0.26,0.03,0.004053176
run_290_repetition_18,DONE,brotli,brotli/node-notifier--node-notifier-10.0.1.tar.br,2.55,0.31,0.039914935
run_219_repetition_28,DONE,zstd,zstd/html-escaper--html-escaper-3.0.3.tar.zst,0.2,0.02,0.003451677
run_127_repetition_8,DONE,zopfli,zopfli/@babel__plugin-transform-regexp-modifiers--plugin-transform-regexp-modifiers-7.28.6.tgz,0.29,0.03,0.004343771
run_243_repetition_5,DONE,zstd,zstd/tar--tar-7.5.15.tar.zst,0.64,0.08,0.009970035
run_236_repetition_11,DONE,zstd,zstd/resize-observer-polyfill--resize-observer-polyfill-1.5.1.tar.zst,0.26,0.03,0.004067185
run_243_repetition_12,DONE,zstd,zstd/tar--tar-7.5.15.tar.zst,0.65,0.07,0.009629927
run_135_repetition_2,DONE,zopfli,zopfli/@radix-ui__primitive--primitive-1.1.3.tgz,0.26,0.03,0.00354645
run_216_repetition_6,DONE,zstd,zstd/got--got-15.0.5.tar.zst,0.36,0.04,0.005098385
run_270_repetition_25,DONE,brotli,brotli/babel-plugin-transform-exponentiation-operator--babel-plugin-transform-exponentiation-operator-6.24.1.tar.br,0.26,0.03,0.00384654
run_108_repetition_7,DONE,xz,xz/react-error-overlay--react-error-overlay-6.1.0.tar.xz,0.93,0.11,0.01421544
run_280_repetition_12,DONE,brotli,brotli/has-to-string-tag-x--has-to-string-tag-x-2.1.2.tar.br,0.29,0.04,0.004499183
run_288_repetition_15,DONE,brotli,brotli/lodash-es--lodash-es-4.18.1.tar.br,0.62,0.07,0.009126555
run_94_repetition_15,DONE,xz,xz/iconv-lite--iconv-lite-0.7.2.tar.xz,1.09,0.13,0.017109686
run_190_repetition_18,DONE,zstd,zstd/@babel__plugin-transform-regexp-modifiers--plugin-transform-regexp-modifiers-7.28.6.tar.zst,0.26,0.03,0.003717862
run_85_repetition_15,DONE,xz,xz/encoding-sniffer--encoding-sniffer-1.0.2.tar.xz,0.42,0.05,0.006221391
run_192_repetition_13,DONE,zstd,zstd/@eslint__eslintrc--eslintrc-3.3.5.tar.zst,0.33,0.04,0.005255001
run_227_repetition_22,DONE,zstd,zstd/node-notifier--node-notifier-10.0.1.tar.zst,1.41,0.16,0.0212274
run_57_repetition_28,DONE,npm,npm/date-fns--date-fns-4.3.0.tgz,16.22,1.9,0.250982814
run_40_repetition_14,DONE,npm,npm/ts-node--ts-node-10.9.2.tgz,0.78,0.09,0.0116653
run_298_repetition_23,DONE,brotli,brotli/remove-trailing-separator--remove-trailing-separator-1.1.0.tar.br,0.26,0.03,0.003953752
run_117_repetition_23,DONE,xz,xz/tar--tar-7.5.15.tar.xz,1.7,0.2,0.026094591
run_4_repetition_15,DONE,npm,npm/@types__glob--glob-9.0.0.tgz,0.32,0.04,0.005238616
run_175_repetition_9,DONE,zopfli,zopfli/source-list-map--source-list-map-2.0.1.tgz,0.26,0.03,0.003651051
run_105_repetition_12,DONE,xz,xz/prop-types--prop-types-15.8.1.tar.xz,0.35,0.04,0.005277867
run_48_repetition_28,DONE,npm,npm/highlight.js--highlight.js-11.11.1.tgz,3.97,0.46,0.060561974
run_95_repetition_24,DONE,xz,xz/immer--immer-11.1.8.tar.xz,0.77,0.09,0.011572743
run_162_repetition_0,DONE,zopfli,zopfli/lodash-es--lodash-es-4.18.1.tgz,0.89,0.1,0.013718846
run_271_repetition_2,DONE,brotli,brotli/client-only--client-only-0.0.1.tar.br,0.29,0.03,0.00426827
run_243_repetition_9,DONE,zstd,zstd/tar--tar-7.5.15.tar.zst,0.64,0.08,0.009738352
run_199_repetition_18,DONE,zstd,zstd/@sindresorhus__is--is-8.1.0.tar.zst,0.26,0.03,0.003894351
run_169_repetition_0,DONE,zopfli,zopfli/protobufjs--protobufjs-8.4.2.tgz,1.96,0.23,0.030030683
run_280_repetition_29,DONE,brotli,brotli/has-to-string-tag-x--has-to-string-tag-x-2.1.2.tar.br,0.35,0.04,0.004454976
run_193_repetition_15,DONE,zstd,zstd/@ethersproject__abstract-signer--abstract-signer-5.8.0.tar.zst,0.26,0.03,0.003814583
run_142_repetition_3,DONE,zopfli,zopfli/babel-helper-get-function-arity--babel-helper-get-function-arity-6.24.1.tgz,0.27,0.03,0.003418258
run_279_repetition_5,DONE,brotli,brotli/got--got-15.0.5.tar.br,0.42,0.05,0.005870525
run_220_repetition_20,DONE,zstd,zstd/iconv-lite--iconv-lite-0.7.2.tar.zst,0.35,0.04,0.005277626
run_239_repetition_28,DONE,zstd,zstd/split2--split2-4.2.0.tar.zst,0.26,0.03,0.003351192
run_11_repetition_11,DONE,npm,npm/shallowequal--shallowequal-1.1.0.tgz,0.32,0.04,0.004748147
run_267_repetition_0,DONE,brotli,brotli/aws-sdk--aws-sdk-2.1693.0.tar.br,13.09,1.58,0.201664208
run_198_repetition_26,DONE,zstd,zstd/@radix-ui__primitive--primitive-1.1.3.tar.zst,0.23,0.02,0.003615124
run_53_repetition_18,DONE,npm,npm/libphonenumber-js--libphonenumber-js-1.13.3.tgz,5.31,0.62,0.081736996
run_13_repetition_1,DONE,npm,npm/assert-plus--assert-plus-1.0.0.tgz,0.32,0.04,0.004845885
run_272_repetition_28,DONE,brotli,brotli/date-fns--date-fns-4.3.0.tar.br,3.82,0.46,0.058651746
run_117_repetition_27,DONE,xz,xz/tar--tar-7.5.15.tar.xz,1.66,0.19,0.025706677
run_201_repetition_20,DONE,zstd,zstd/@types__uuid--uuid-11.0.0.tar.zst,0.23,0.03,0.003150235
run_261_repetition_22,DONE,brotli,brotli/@radix-ui__primitive--primitive-1.1.3.tar.br,0.26,0.03,0.003975236
run_74_repetition_25,DONE,xz,xz/@types__glob--glob-9.0.0.tar.xz,0.26,0.03,0.003816633
run_31_repetition_20,DONE,npm,npm/dom-accessibility-api--dom-accessibility-api-0.7.1.tgz,0.46,0.05,0.007161581
run_35_repetition_4,DONE,npm,npm/@eslint__eslintrc--eslintrc-3.3.5.tgz,0.63,0.07,0.009450101
run_46_repetition_14,DONE,npm,npm/@modelcontextprotocol__sdk--sdk-1.29.0.tgz,2.29,0.26,0.034720337
run_148_repetition_26,DONE,zopfli,zopfli/encoding-sniffer--encoding-sniffer-1.0.2.tgz,0.35,0.04,0.005111311
run_1_repetition_6,DONE,npm,npm/client-only--client-only-0.0.1.tgz,0.25,0.03,0.004411529
run_221_repetition_26,DONE,zstd,zstd/immer--immer-11.1.8.tar.zst,0.39,0.05,0.005837144
run_289_repetition_10,DONE,brotli,brotli/next--next-16.2.6.tar.br,22.78,2.8,0.35345276
run_128_repetition_28,DONE,zopfli,zopfli/@esbuild__linux-ia32--linux-ia32-0.28.0.tgz,7.56,0.89,0.119062554
run_225_repetition_21,DONE,zstd,zstd/lodash-es--lodash-es-4.18.1.tar.zst,0.52,0.06,0.007227162
run_121_repetition_15,DONE,xz,xz/webpack--webpack-5.107.1.tar.xz,5.59,0.66,0.08726992
run_83_repetition_25,DONE,xz,xz/date-fns--date-fns-4.3.0.tar.xz,9.64,1.15,0.151086255
run_199_repetition_26,DONE,zstd,zstd/@sindresorhus__is--is-8.1.0.tar.zst,0.26,0.03,0.003821931
run_177_repetition_15,DONE,zopfli,zopfli/strict-uri-encode--strict-uri-encode-2.0.0.tgz,0.26,0.03,0.003799136
run_299_repetition_23,DONE,brotli,brotli/resize-observer-polyfill--resize-observer-polyfill-1.5.1.tar.br,0.36,0.04,0.005022751
run_72_repetition_25,DONE,xz,xz/@radix-ui__primitive--primitive-1.1.3.tar.xz,0.26,0.03,0.003989979
run_131_repetition_21,DONE,zopfli,zopfli/@modelcontextprotocol__sdk--sdk-1.29.0.tgz,2.49,0.29,0.039358659
run_253_repetition_6,DONE,brotli,brotli/@babel__plugin-transform-regexp-modifiers--plugin-transform-regexp-modifiers-7.28.6.tar.br,0.26,0.03,0.004077158
run_264_repetition_21,DONE,brotli,brotli/@types__uuid--uuid-11.0.0.tar.br,0.3,0.03,0.004130194
run_261_repetition_28,DONE,brotli,brotli/@radix-ui__primitive--primitive-1.1.3.tar.br,0.29,0.03,0.004079413
run_292_repetition_28,DONE,brotli,brotli/prettier--prettier-3.8.3.tar.br,2.18,0.26,0.033455112
run_234_repetition_22,DONE,zstd,zstd/react-error-overlay--react-error-overlay-6.1.0.tar.zst,0.39,0.05,0.005522957
run_294_repetition_27,DONE,brotli,brotli/prop-types--prop-types-15.8.1.tar.br,0.32,0.04,0.004194735
run_215_repetition_7,DONE,zstd,zstd/fetch-blob--fetch-blob-4.0.0.tar.zst,0.26,0.03,0.003479996
run_213_repetition_26,DONE,zstd,zstd/eslint-plugin-import--eslint-plugin-import-2.32.0.tar.zst,0.58,0.07,0.008926498
run_125_repetition_21,DONE,xz,xz/xml2js--xml2js-0.6.2.tar.xz,4.09,0.48,0.064138997
run_93_repetition_22,DONE,xz,xz/html-escaper--html-escaper-3.0.3.tar.xz,0.25,0.04,0.004290162
run_306_repetition_23,DONE,brotli,brotli/tar--tar-7.5.15.tar.br,0.7,0.08,0.011465272
run_149_repetition_22,DONE,zopfli,zopfli/eslint-config-react-app--eslint-config-react-app-7.0.1.tgz,0.23,0.03,0.00398323
run_206_repetition_9,DONE,zstd,zstd/babel-plugin-check-es2015-constants--babel-plugin-check-es2015-constants-6.22.0.tar.zst,0.26,0.03,0.003455368
run_164_repetition_3,DONE,zopfli,zopfli/node-notifier--node-notifier-10.0.1.tgz,3.44,0.4,0.053666723
run_24_repetition_26,DONE,npm,npm/@sindresorhus__is--is-8.1.0.tgz,0.36,0.04,0.005391593
run_201_repetition_14,DONE,zstd,zstd/@types__uuid--uuid-11.0.0.tar.zst,0.23,0.03,0.003508501
run_305_repetition_24,DONE,brotli,brotli/tailwindcss--tailwindcss-4.3.0.tar.br,0.51,0.06,0.007262979
run_102_repetition_17,DONE,xz,xz/path-dirname--path-dirname-1.0.2.tar.xz,0.23,0.03,0.003848663
run_236_repetition_5,DONE,zstd,zstd/resize-observer-polyfill--resize-observer-polyfill-1.5.1.tar.zst,0.26,0.03,0.004219018
run_231_repetition_7,DONE,zstd,zstd/prop-types--prop-types-15.8.1.tar.zst,0.32,0.04,0.00442835
run_230_repetition_14,DONE,zstd,zstd/prismjs--prismjs-1.30.0.tar.zst,0.8,0.09,0.01198083
run_276_repetition_22,DONE,brotli,brotli/eslint-plugin-import--eslint-plugin-import-2.32.0.tar.br,0.71,0.08,0.011445837
run_44_repetition_1,DONE,npm,npm/tar--tar-7.5.15.tgz,1.46,0.17,0.022852542
run_84_repetition_23,DONE,xz,xz/dom-accessibility-api--dom-accessibility-api-0.7.1.tar.xz,0.51,0.06,0.007900568
run_41_repetition_7,DONE,npm,npm/immer--immer-11.1.8.tgz,0.83,0.1,0.012384043
run_21_repetition_9,DONE,npm,npm/style-loader--style-loader-4.0.0.tgz,0.39,0.04,0.005412722
run_39_repetition_11,DONE,npm,npm/iconv-lite--iconv-lite-0.7.2.tgz,0.55,0.06,0.008270561
run_152_repetition_9,DONE,zopfli,zopfli/fetch-blob--fetch-blob-4.0.0.tgz,0.25,0.03,0.003902565
run_291_repetition_6,DONE,brotli,brotli/path-dirname--path-dirname-1.0.2.tar.br,0.26,0.03,0.003870335
run_153_repetition_11,DONE,zopfli,zopfli/got--got-15.0.5.tgz,0.45,0.05,0.006847006
run_278_repetition_7,DONE,brotli,brotli/fetch-blob--fetch-blob-4.0.0.tar.br,0.26,0.03,0.004062616
run_265_repetition_2,DONE,brotli,brotli/@vue__reactivity--reactivity-3.5.34.tar.br,0.36,0.04,0.005265605
run_299_repetition_13,DONE,brotli,brotli/resize-observer-polyfill--resize-observer-polyfill-1.5.1.tar.br,0.29,0.03,0.004725599
run_312_repetition_14,DONE,brotli,brotli/workbox-routing--workbox-routing-7.4.1.tar.br,0.32,0.04,0.005375095
run_311_repetition_2,DONE,brotli,brotli/whatwg-mimetype--whatwg-mimetype-5.0.0.tar.br,0.29,0.04,0.004398885
run_14_repetition_0,DONE,npm,npm/split2--split2-4.2.0.tgz,0.33,0.03,0.004550261
run_109_repetition_22,DONE,xz,xz/remove-trailing-separator--remove-trailing-separator-1.1.0.tar.xz,0.29,0.03,0.003978224
run_224_repetition_16,DONE,zstd,zstd/linkify-it--linkify-it-5.0.1.tar.zst,0.23,0.03,0.00366187
run_5_repetition_4,DONE,npm,npm/babel-plugin-transform-exponentiation-operator--babel-plugin-transform-exponentiation-operator-6.24.1.tgz,0.29,0.03,0.004731812
run_279_repetition_1,DONE,brotli,brotli/got--got-15.0.5.tar.br,0.36,0.05,0.005986868
run_25_repetition_9,DONE,npm,npm/encoding-sniffer--encoding-sniffer-1.0.2.tgz,0.35,0.05,0.00557866
run_284_repetition_15,DONE,brotli,brotli/immer--immer-11.1.8.tar.br,0.45,0.05,0.007005367
run_184_repetition_26,DONE,zopfli,zopfli/webpack--webpack-5.107.1.tgz,3.7,0.44,0.057504031
run_250_repetition_6,DONE,zstd,zstd/workbox-streams--workbox-streams-7.4.1.tar.zst,0.25,0.03,0.00438098
run_168_repetition_19,DONE,zopfli,zopfli/prop-types--prop-types-15.8.1.tgz,0.29,0.03,0.004556126
run_32_repetition_3,DONE,npm,npm/@vue__reactivity--reactivity-3.5.34.tgz,0.48,0.05,0.007278538
run_259_repetition_28,DONE,brotli,brotli/@opentelemetry__semantic-conventions--semantic-conventions-1.41.1.tar.br,1.61,0.19,0.024855579
run_57_repetition_25,DONE,npm,npm/date-fns--date-fns-4.3.0.tgz,16.25,1.92,0.252164618
run_224_repetition_3,DONE,zstd,zstd/linkify-it--linkify-it-5.0.1.tar.zst,0.26,0.03,0.003524669
run_44_repetition_29,DONE,npm,npm/tar--tar-7.5.15.tgz,1.52,0.18,0.023044401
run_35_repetition_11,DONE,npm,npm/@eslint__eslintrc--eslintrc-3.3.5.tgz,0.65,0.08,0.010030798
run_145_repetition_19,DONE,zopfli,zopfli/client-only--client-only-0.0.1.tgz,0.26,0.03,0.003657763
run_129_repetition_21,DONE,zopfli,zopfli/@eslint__eslintrc--eslintrc-3.3.5.tgz,0.61,0.07,0.009021363
run_77_repetition_29,DONE,xz,xz/assert-plus--assert-plus-1.0.0.tar.xz,0.26,0.03,0.004181664
run_216_repetition_24,DONE,zstd,zstd/got--got-15.0.5.tar.zst,0.33,0.04,0.004764345
run_194_repetition_26,DONE,zstd,zstd/@modelcontextprotocol__sdk--sdk-1.29.0.tar.zst,1.0,0.12,0.015020785
run_307_repetition_21,DONE,brotli,brotli/ts-node--ts-node-10.9.2.tar.br,0.52,0.06,0.007970106
run_220_repetition_8,DONE,zstd,zstd/iconv-lite--iconv-lite-0.7.2.tar.zst,0.35,0.04,0.005392568
run_142_repetition_11,DONE,zopfli,zopfli/babel-helper-get-function-arity--babel-helper-get-function-arity-6.24.1.tgz,0.25,0.03,0.003792468
run_279_repetition_2,DONE,brotli,brotli/got--got-15.0.5.tar.br,0.42,0.05,0.006329655
run_117_repetition_11,DONE,xz,xz/tar--tar-7.5.15.tar.xz,1.66,0.2,0.025877975
run_230_repetition_12,DONE,zstd,zstd/prismjs--prismjs-1.30.0.tar.zst,0.8,0.09,0.012007482
run_37_repetition_20,DONE,npm,npm/@aws-cdk__cloud-assembly-schema--cloud-assembly-schema-53.27.0.tgz,0.72,0.08,0.010858957
run_268_repetition_23,DONE,brotli,brotli/babel-helper-get-function-arity--babel-helper-get-function-arity-6.24.1.tar.br,0.26,0.03,0.004107673
run_144_repetition_13,DONE,zopfli,zopfli/babel-plugin-transform-exponentiation-operator--babel-plugin-transform-exponentiation-operator-6.24.1.tgz,0.26,0.03,0.003856983
run_147_repetition_2,DONE,zopfli,zopfli/dom-accessibility-api--dom-accessibility-api-0.7.1.tgz,0.42,0.05,0.006233231
run_67_repetition_0,DONE,xz,xz/@ethersproject__abstract-signer--abstract-signer-5.8.0.tar.xz,0.36,0.04,0.005199124
run_103_repetition_22,DONE,xz,xz/prettier--prettier-3.8.3.tar.xz,6.61,0.78,0.103206637
run_37_repetition_2,DONE,npm,npm/@aws-cdk__cloud-assembly-schema--cloud-assembly-schema-53.27.0.tgz,0.71,0.08,0.01075759
run_101_repetition_12,DONE,xz,xz/node-notifier--node-notifier-10.0.1.tar.xz,8.37,1.0,0.131101998
run_73_repetition_16,DONE,xz,xz/@sindresorhus__is--is-8.1.0.tar.xz,0.39,0.05,0.006078929
run_74_repetition_5,DONE,xz,xz/@types__glob--glob-9.0.0.tar.xz,0.26,0.03,0.003926621
run_258_repetition_8,DONE,brotli,brotli/@next__swc-linux-arm64-musl--swc-linux-arm64-musl-16.2.6.tar.br,40.64,4.83,0.633027704
run_163_repetition_16,DONE,zopfli,zopfli/next--next-16.2.6.tgz,81.33,9.62,1.280659748
run_239_repetition_4,DONE,zstd,zstd/split2--split2-4.2.0.tar.zst,0.23,0.03,0.003426301
run_141_repetition_19,DONE,zopfli,zopfli/aws-sdk--aws-sdk-2.1693.0.tgz,38.4,4.6,0.605469073
run_254_repetition_5,DONE,brotli,brotli/@esbuild__linux-ia32--linux-ia32-0.28.0.tar.br,5.69,0.68,0.088638919
run_275_repetition_13,DONE,brotli,brotli/eslint-config-react-app--eslint-config-react-app-7.0.1.tar.br,0.26,0.03,0.003998167
run_0_repetition_13,DONE,npm,npm/watchpack-chokidar2--watchpack-chokidar2-2.0.1.tgz,0.32,0.03,0.004270888
run_208_repetition_1,DONE,zstd,zstd/client-only--client-only-0.0.1.tar.zst,0.19,0.02,0.003433569
run_286_repetition_20,DONE,brotli,brotli/libphonenumber-js--libphonenumber-js-1.13.3.tar.br,1.94,0.22,0.029333501
run_90_repetition_17,DONE,xz,xz/got--got-15.0.5.tar.xz,0.65,0.08,0.009885306
run_187_repetition_16,DONE,zopfli,zopfli/workbox-streams--workbox-streams-7.4.1.tgz,0.32,0.04,0.005224596
run_285_repetition_29,DONE,brotli,brotli/jiti--jiti-2.7.0.tar.br,0.84,0.1,0.012234571
run_192_repetition_17,DONE,zstd,zstd/@eslint__eslintrc--eslintrc-3.3.5.tar.zst,0.36,0.04,0.005444888
run_304_repetition_1,DONE,brotli,brotli/style-loader--style-loader-4.0.0.tar.br,0.29,0.03,0.004210697
run_5_repetition_23,DONE,npm,npm/babel-plugin-transform-exponentiation-operator--babel-plugin-transform-exponentiation-operator-6.24.1.tgz,0.29,0.03,0.004672154
run_243_repetition_8,DONE,zstd,zstd/tar--tar-7.5.15.tar.zst,0.64,0.08,0.009692493
run_56_repetition_10,DONE,npm,npm/ethers--ethers-6.16.0.tgz,7.02,0.81,0.107117682
run_37_repetition_16,DONE,npm,npm/@aws-cdk__cloud-assembly-schema--cloud-assembly-schema-53.27.0.tgz,0.71,0.08,0.01053229
run_15_repetition_6,DONE,npm,npm/html-escaper--html-escaper-3.0.3.tgz,0.32,0.04,0.004928906
run_228_repetition_24,DONE,zstd,zstd/path-dirname--path-dirname-1.0.2.tar.zst,0.23,0.03,0.003522888
run_277_repetition_15,DONE,brotli,brotli/ethers--ethers-6.16.0.tar.br,2.76,0.34,0.04220992
run_31_repetition_12,DONE,npm,npm/dom-accessibility-api--dom-accessibility-api-0.7.1.tgz,0.49,0.06,0.007075597
run_49_repetition_25,DONE,npm,npm/xml2js--xml2js-0.6.2.tgz,2.02,0.24,0.032182886
run_268_repetition_11,DONE,brotli,brotli/babel-helper-get-function-arity--babel-helper-get-function-arity-6.24.1.tar.br,0.26,0.03,0.003809109
run_275_repetition_14,DONE,brotli,brotli/eslint-config-react-app--eslint-config-react-app-7.0.1.tar.br,0.26,0.03,0.004143444
run_125_repetition_27,DONE,xz,xz/xml2js--xml2js-0.6.2.tar.xz,4.09,0.49,0.063821626
run_39_repetition_27,DONE,npm,npm/iconv-lite--iconv-lite-0.7.2.tgz,0.59,0.07,0.008238956
run_62_repetition_12,DONE,npm,npm/@next__swc-linux-arm64-musl--swc-linux-arm64-musl-16.2.6.tgz,70.28,8.28,1.098750584
run_187_repetition_28,DONE,zopfli,zopfli/workbox-streams--workbox-streams-7.4.1.tgz,0.38,0.05,0.005110556
run_31_repetition_0,DONE,npm,npm/dom-accessibility-api--dom-accessibility-api-0.7.1.tgz,0.52,0.06,0.007348229
run_211_repetition_16,DONE,zstd,zstd/encoding-sniffer--encoding-sniffer-1.0.2.tar.zst,0.29,0.03,0.003874518
run_124_repetition_21,DONE,xz,xz/workbox-streams--workbox-streams-7.4.1.tar.xz,0.45,0.06,0.006930584
run_128_repetition_7,DONE,zopfli,zopfli/@esbuild__linux-ia32--linux-ia32-0.28.0.tgz,7.58,0.9,0.118805703
run_172_repetition_13,DONE,zopfli,zopfli/remove-trailing-separator--remove-trailing-separator-1.1.0.tgz,0.26,0.03,0.003776135
run_234_repetition_4,DONE,zstd,zstd/react-error-overlay--react-error-overlay-6.1.0.tar.zst,0.39,0.05,0.005782529
run_222_repetition_14,DONE,zstd,zstd/jiti--jiti-2.7.0.tar.zst,0.62,0.07,0.009369029
run_208_repetition_0,DONE,zstd,zstd/client-only--client-only-0.0.1.tar.zst,0.26,0.03,0.003420905
run_279_repetition_26,DONE,brotli,brotli/got--got-15.0.5.tar.br,0.42,0.05,0.006123007
run_252_repetition_14,DONE,brotli,brotli/@aws-cdk__cloud-assembly-schema--cloud-assembly-schema-53.27.0.tar.br,0.52,0.06,0.007679793
run_38_repetition_27,DONE,npm,npm/tailwindcss--tailwindcss-4.3.0.tgz,0.71,0.08,0.010908809
run_88_repetition_4,DONE,xz,xz/ethers--ethers-6.16.0.tar.xz,6.71,0.8,0.104970319
run_63_repetition_18,DONE,xz,xz/@aws-cdk__cloud-assembly-schema--cloud-assembly-schema-53.27.0.tar.xz,1.0,0.12,0.01532571
run_235_repetition_21,DONE,zstd,zstd/remove-trailing-separator--remove-trailing-separator-1.1.0.tar.zst,0.23,0.03,0.003473483
run_203_repetition_15,DONE,zstd,zstd/assert-plus--assert-plus-1.0.0.tar.zst,0.26,0.03,0.003464077
run_45_repetition_16,DONE,npm,npm/prismjs--prismjs-1.30.0.tgz,1.9,0.22,0.02883061
run_213_repetition_6,DONE,zstd,zstd/eslint-plugin-import--eslint-plugin-import-2.32.0.tar.zst,0.58,0.07,0.008933563
run_237_repetition_21,DONE,zstd,zstd/shallowequal--shallowequal-1.1.0.tar.zst,0.23,0.03,0.003568241
run_96_repetition_26,DONE,xz,xz/jiti--jiti-2.7.0.tar.xz,2.17,0.26,0.033179928
run_213_repetition_5,DONE,zstd,zstd/eslint-plugin-import--eslint-plugin-import-2.32.0.tar.zst,0.58,0.07,0.008871967
run_153_repetition_13,DONE,zopfli,zopfli/got--got-15.0.5.tgz,0.49,0.06,0.007139742
run_31_repetition_10,DONE,npm,npm/dom-accessibility-api--dom-accessibility-api-0.7.1.tgz,0.52,0.06,0.0071849
run_202_repetition_26,DONE,zstd,zstd/@vue__reactivity--reactivity-3.5.34.tar.zst,0.32,0.04,0.004377497
run_271_repetition_28,DONE,brotli,brotli/client-only--client-only-0.0.1.tar.br,0.26,0.03,0.004099559
run_14_repetition_25,DONE,npm,npm/split2--split2-4.2.0.tgz,0.32,0.04,0.00485029
run_277_repetition_14,DONE,brotli,brotli/ethers--ethers-6.16.0.tar.br,2.76,0.33,0.042065649
run_104_repetition_1,DONE,xz,xz/prismjs--prismjs-1.30.0.tar.xz,2.73,0.32,0.043148501
run_259_repetition_10,DONE,brotli,brotli/@opentelemetry__semantic-conventions--semantic-conventions-1.41.1.tar.br,1.64,0.2,0.025661287
run_296_repetition_2,DONE,brotli,brotli/react-dom--react-dom-19.2.6.tar.br,1.19,0.14,0.018602208
run_12_repetition_15,DONE,npm,npm/@radix-ui__primitive--primitive-1.1.3.tgz,0.33,0.04,0.004992888
run_36_repetition_29,DONE,npm,npm/lodash-es--lodash-es-4.18.1.tgz,1.55,0.18,0.023968348
run_301_repetition_11,DONE,brotli,brotli/source-list-map--source-list-map-2.0.1.tar.br,0.26,0.03,0.003940174
run_58_repetition_28,DONE,npm,npm/@esbuild__linux-ia32--linux-ia32-0.28.0.tgz,7.33,0.87,0.114807392
run_76_repetition_13,DONE,xz,xz/@vue__reactivity--reactivity-3.5.34.tar.xz,0.48,0.06,0.007301837
run_65_repetition_10,DONE,xz,xz/@esbuild__linux-ia32--linux-ia32-0.28.0.tar.xz,21.52,2.56,0.337536995
run_139_repetition_15,DONE,zopfli,zopfli/@vue__reactivity--reactivity-3.5.34.tgz,0.45,0.05,0.006741262
run_285_repetition_9,DONE,brotli,brotli/jiti--jiti-2.7.0.tar.br,0.8,0.1,0.012193236
run_49_repetition_16,DONE,npm,npm/xml2js--xml2js-0.6.2.tgz,2.04,0.24,0.032522575
run_241_repetition_21,DONE,zstd,zstd/style-loader--style-loader-4.0.0.tar.zst,0.22,0.03,0.003546665
run_310_repetition_20,DONE,brotli,brotli/webpack--webpack-5.107.1.tar.br,1.93,0.22,0.029306043
run_216_repetition_29,DONE,zstd,zstd/got--got-15.0.5.tar.zst,0.35,0.04,0.004896805
run_290_repetition_1,DONE,brotli,brotli/node-notifier--node-notifier-10.0.1.tar.br,2.52,0.3,0.039296603
run_51_repetition_25,DONE,npm,npm/webpack--webpack-5.107.1.tgz,3.55,0.41,0.054646527
run_75_repetition_25,DONE,xz,xz/@types__uuid--uuid-11.0.0.tar.xz,0.26,0.03,0.003960214
run_45_repetition_7,DONE,npm,npm/prismjs--prismjs-1.30.0.tgz,1.93,0.22,0.028962154
run_138_repetition_2,DONE,zopfli,zopfli/@types__uuid--uuid-11.0.0.tgz,0.26,0.03,0.003620982
run_110_repetition_14,DONE,xz,xz/resize-observer-polyfill--resize-observer-polyfill-1.5.1.tar.xz,0.32,0.04,0.005565777
run_186_repetition_16,DONE,zopfli,zopfli/workbox-routing--workbox-routing-7.4.1.tgz,0.48,0.05,0.006156799
run_118_repetition_13,DONE,xz,xz/ts-node--ts-node-10.9.2.tar.xz,1.09,0.13,0.016875316
run_210_repetition_5,DONE,zstd,zstd/dom-accessibility-api--dom-accessibility-api-0.7.1.tar.zst,0.29,0.04,0.004651097
run_204_repetition_18,DONE,zstd,zstd/aws-sdk--aws-sdk-2.1693.0.tar.zst,15.18,1.79,0.224957968
run_30_repetition_24,DONE,npm,npm/workbox-routing--workbox-routing-7.4.1.tgz,0.48,0.05,0.006937751
run_229_repetition_24,DONE,zstd,zstd/prettier--prettier-3.8.3.tar.zst,1.68,0.2,0.025036011
run_171_repetition_27,DONE,zopfli,zopfli/react-error-overlay--react-error-overlay-6.1.0.tgz,0.52,0.06,0.007789589
run_52_repetition_6,DONE,npm,npm/@opentelemetry__semantic-conventions--semantic-conventions-1.41.1.tgz,4.81,0.58,0.075335319
run_232_repetition_7,DONE,zstd,zstd/protobufjs--protobufjs-8.4.2.tar.zst,0.71,0.08,0.011414064
run_129_repetition_6,DONE,zopfli,zopfli/@eslint__eslintrc--eslintrc-3.3.5.tgz,0.61,0.07,0.009109504
run_158_repetition_13,DONE,zopfli,zopfli/immer--immer-11.1.8.tgz,0.77,0.09,0.01216227
run_68_repetition_15,DONE,xz,xz/@modelcontextprotocol__sdk--sdk-1.29.0.tar.xz,2.29,0.27,0.036020406
run_172_repetition_19,DONE,zopfli,zopfli/remove-trailing-separator--remove-trailing-separator-1.1.0.tgz,0.26,0.03,0.003486593
run_5_repetition_18,DONE,npm,npm/babel-plugin-transform-exponentiation-operator--babel-plugin-transform-exponentiation-operator-6.24.1.tgz,0.3,0.03,0.004822893
run_178_repetition_17,DONE,zopfli,zopfli/style-loader--style-loader-4.0.0.tgz,0.26,0.03,0.003971984
run_141_repetition_18,DONE,zopfli,zopfli/aws-sdk--aws-sdk-2.1693.0.tgz,38.31,4.63,0.605521366
run_234_repetition_9,DONE,zstd,zstd/react-error-overlay--react-error-overlay-6.1.0.tar.zst,0.36,0.04,0.005353982
run_100_repetition_21,DONE,xz,xz/next--next-16.2.6.tar.xz,73.15,8.8,1.146415458
run_88_repetition_23,DONE,xz,xz/ethers--ethers-6.16.0.tar.xz,6.72,0.81,0.105218925
run_232_repetition_26,DONE,zstd,zstd/protobufjs--protobufjs-8.4.2.tar.zst,0.74,0.09,0.010981768
run_269_repetition_21,DONE,brotli,brotli/babel-plugin-check-es2015-constants--babel-plugin-check-es2015-constants-6.22.0.tar.br,0.25,0.03,0.004114231
run_187_repetition_7,DONE,zopfli,zopfli/workbox-streams--workbox-streams-7.4.1.tgz,0.29,0.04,0.004778839
run_215_repetition_17,DONE,zstd,zstd/fetch-blob--fetch-blob-4.0.0.tar.zst,0.23,0.03,0.003494286
run_314_repetition_8,DONE,brotli,brotli/xml2js--xml2js-0.6.2.tar.br,1.28,0.15,0.019914831
run_125_repetition_26,DONE,xz,xz/xml2js--xml2js-0.6.2.tar.xz,4.11,0.49,0.064410909
run_123_repetition_4,DONE,xz,xz/workbox-routing--workbox-routing-7.4.1.tar.xz,0.55,0.07,0.008098551
run_16_repetition_19,DONE,npm,npm/eslint-config-react-app--eslint-config-react-app-7.0.1.tgz,0.35,0.04,0.004800622
run_146_repetition_5,DONE,zopfli,zopfli/date-fns--date-fns-4.3.0.tgz,12.3,1.49,0.19348268
run_52_repetition_13,DONE,npm,npm/@opentelemetry__semantic-conventions--semantic-conventions-1.41.1.tgz,4.83,0.58,0.075089833
run_216_repetition_11,DONE,zstd,zstd/got--got-15.0.5.tar.zst,0.29,0.03,0.004705888
run_57_repetition_6,DONE,npm,npm/date-fns--date-fns-4.3.0.tgz,16.19,1.92,0.250826342
run_280_repetition_18,DONE,brotli,brotli/has-to-string-tag-x--has-to-string-tag-x-2.1.2.tar.br,0.32,0.04,0.004888407
run_145_repetition_0,DONE,zopfli,zopfli/client-only--client-only-0.0.1.tgz,0.26,0.03,0.003851343
run_261_repetition_12,DONE,brotli,brotli/@radix-ui__primitive--primitive-1.1.3.tar.br,0.32,0.03,0.004212472
run_255_repetition_11,DONE,brotli,brotli/@eslint__eslintrc--eslintrc-3.3.5.tar.br,0.42,0.05,0.006576077
run_293_repetition_19,DONE,brotli,brotli/prismjs--prismjs-1.30.0.tar.br,1.03,0.12,0.0155995
run_233_repetition_22,DONE,zstd,zstd/react-dom--react-dom-19.2.6.tar.zst,1.17,0.14,0.017650526
run_209_repetition_10,DONE,zstd,zstd/date-fns--date-fns-4.3.0.tar.zst,3.89,0.46,0.057088193
run_131_repetition_7,DONE,zopfli,zopfli/@modelcontextprotocol__sdk--sdk-1.29.0.tgz,2.51,0.3,0.039514472
run_103_repetition_7,DONE,xz,xz/prettier--prettier-3.8.3.tar.xz,6.58,0.77,0.102933218
run_79_repetition_28,DONE,xz,xz/babel-helper-get-function-arity--babel-helper-get-function-arity-6.24.1.tar.xz,0.26,0.03,0.003988076
run_295_repetition_28,DONE,brotli,brotli/protobufjs--protobufjs-8.4.2.tar.br,0.87,0.1,0.01304613
run_305_repetition_9,DONE,brotli,brotli/tailwindcss--tailwindcss-4.3.0.tar.br,0.48,0.06,0.007250241
run_279_repetition_21,DONE,brotli,brotli/got--got-15.0.5.tar.br,0.36,0.04,0.005886239
run_190_repetition_7,DONE,zstd,zstd/@babel__plugin-transform-regexp-modifiers--plugin-transform-regexp-modifiers-7.28.6.tar.zst,0.23,0.03,0.00347571
run_149_repetition_1,DONE,zopfli,zopfli/eslint-config-react-app--eslint-config-react-app-7.0.1.tgz,0.26,0.03,0.0040699
run_159_repetition_27,DONE,zopfli,zopfli/jiti--jiti-2.7.0.tgz,1.15,0.14,0.018374202
run_84_repetition_26,DONE,xz,xz/dom-accessibility-api--dom-accessibility-api-0.7.1.tar.xz,0.52,0.06,0.007881358
run_55_repetition_3,DONE,npm,npm/prettier--prettier-3.8.3.tgz,4.78,0.56,0.07483106
run_91_repetition_8,DONE,xz,xz/has-to-string-tag-x--has-to-string-tag-x-2.1.2.tar.xz,0.42,0.05,0.005877452
run_86_repetition_0,DONE,xz,xz/eslint-config-react-app--eslint-config-react-app-7.0.1.tar.xz,0.32,0.04,0.004556878
run_100_repetition_12,DONE,xz,xz/next--next-16.2.6.tar.xz,73.19,8.79,1.146814945
run_40_repetition_10,DONE,npm,npm/ts-node--ts-node-10.9.2.tgz,0.75,0.09,0.011696529
run_220_repetition_2,DONE,zstd,zstd/iconv-lite--iconv-lite-0.7.2.tar.zst,0.35,0.04,0.005377089
run_279_repetition_24,DONE,brotli,brotli/got--got-15.0.5.tar.br,0.36,0.04,0.005779566
run_181_repetition_23,DONE,zopfli,zopfli/ts-node--ts-node-10.9.2.tgz,0.7,0.08,0.010938696
run_102_repetition_20,DONE,xz,xz/path-dirname--path-dirname-1.0.2.tar.xz,0.29,0.03,0.003888432
run_224_repetition_22,DONE,zstd,zstd/linkify-it--linkify-it-5.0.1.tar.zst,0.26,0.03,0.003527377
run_28_repetition_16,DONE,npm,npm/resize-observer-polyfill--resize-observer-polyfill-1.5.1.tgz,0.42,0.04,0.005873231
run_229_repetition_8,DONE,zstd,zstd/prettier--prettier-3.8.3.tar.zst,1.67,0.19,0.024774019
run_162_repetition_16,DONE,zopfli,zopfli/lodash-es--lodash-es-4.18.1.tgz,0.89,0.11,0.013867618
run_209_repetition_20,DONE,zstd,zstd/date-fns--date-fns-4.3.0.tar.zst,3.89,0.47,0.057651497
run_206_repetition_6,DONE,zstd,zstd/babel-plugin-check-es2015-constants--babel-plugin-check-es2015-constants-6.22.0.tar.zst,0.23,0.03,0.003287939
run_197_repetition_19,DONE,zstd,zstd/@parcel__watcher--watcher-2.5.6.tar.zst,0.26,0.03,0.004046312
run_267_repetition_5,DONE,brotli,brotli/aws-sdk--aws-sdk-2.1693.0.tar.br,13.02,1.61,0.200635425
run_287_repetition_27,DONE,brotli,brotli/linkify-it--linkify-it-5.0.1.tar.br,0.3,0.04,0.004345497
run_136_repetition_23,DONE,zopfli,zopfli/@sindresorhus__is--is-8.1.0.tgz,0.32,0.04,0.004589599
run_304_repetition_6,DONE,brotli,brotli/style-loader--style-loader-4.0.0.tar.br,0.29,0.03,0.004232202
run_230_repetition_18,DONE,zstd,zstd/prismjs--prismjs-1.30.0.tar.zst,0.79,0.09,0.011804642
run_35_repetition_25,DONE,npm,npm/@eslint__eslintrc--eslintrc-3.3.5.tgz,0.68,0.08,0.009823859
run_138_repetition_13,DONE,zopfli,zopfli/@types__uuid--uuid-11.0.0.tgz,0.23,0.03,0.003577513
run_64_repetition_22,DONE,xz,xz/@babel__plugin-transform-regexp-modifiers--plugin-transform-regexp-modifiers-7.28.6.tar.xz,0.26,0.03,0.003914328
run_289_repetition_9,DONE,brotli,brotli/next--next-16.2.6.tar.br,22.67,2.76,0.350691438
run_167_repetition_29,DONE,zopfli,zopfli/prismjs--prismjs-1.30.0.tgz,1.78,0.22,0.027817155
run_194_repetition_29,DONE,zstd,zstd/@modelcontextprotocol__sdk--sdk-1.29.0.tar.zst,0.97,0.11,0.014745304
run_144_repetition_2,DONE,zopfli,zopfli/babel-plugin-transform-exponentiation-operator--babel-plugin-transform-exponentiation-operator-6.24.1.tgz,0.25,0.03,0.003822024
run_181_repetition_7,DONE,zopfli,zopfli/ts-node--ts-node-10.9.2.tgz,0.7,0.08,0.010942042
run_232_repetition_4,DONE,zstd,zstd/protobufjs--protobufjs-8.4.2.tar.zst,0.71,0.08,0.011115372
run_77_repetition_21,DONE,xz,xz/assert-plus--assert-plus-1.0.0.tar.xz,0.29,0.03,0.00403054
run_248_repetition_7,DONE,zstd,zstd/whatwg-mimetype--whatwg-mimetype-5.0.0.tar.zst,0.19,0.02,0.003618887
run_62_repetition_4,DONE,npm,npm/@next__swc-linux-arm64-musl--swc-linux-arm64-musl-16.2.6.tgz,70.26,8.39,1.098838763
run_211_repetition_19,DONE,zstd,zstd/encoding-sniffer--encoding-sniffer-1.0.2.tar.zst,0.26,0.03,0.00408668
run_233_repetition_24,DONE,zstd,zstd/react-dom--react-dom-19.2.6.tar.zst,1.13,0.14,0.017599681
run_302_repetition_27,DONE,brotli,brotli/split2--split2-4.2.0.tar.br,0.25,0.03,0.004169902
run_160_repetition_21,DONE,zopfli,zopfli/libphonenumber-js--libphonenumber-js-1.13.3.tgz,5.65,0.67,0.089393923
run_147_repetition_11,DONE,zopfli,zopfli/dom-accessibility-api--dom-accessibility-api-0.7.1.tgz,0.44,0.05,0.006426992
run_258_repetition_24,DONE,brotli,brotli/@next__swc-linux-arm64-musl--swc-linux-arm64-musl-16.2.6.tar.br,40.42,4.87,0.630838733
run_108_repetition_21,DONE,xz,xz/react-error-overlay--react-error-overlay-6.1.0.tar.xz,0.96,0.11,0.014709324
run_196_repetition_18,DONE,zstd,zstd/@opentelemetry__semantic-conventions--semantic-conventions-1.41.1.tar.zst,1.61,0.19,0.024516649
run_293_repetition_28,DONE,brotli,brotli/prismjs--prismjs-1.30.0.tar.br,1.06,0.13,0.016106539
run_298_repetition_29,DONE,brotli,brotli/remove-trailing-separator--remove-trailing-separator-1.1.0.tar.br,0.26,0.03,0.003891172
run_111_repetition_12,DONE,xz,xz/shallowequal--shallowequal-1.1.0.tar.xz,0.26,0.03,0.004070669
run_309_repetition_8,DONE,brotli,brotli/watchpack-chokidar2--watchpack-chokidar2-2.0.1.tar.br,0.3,0.03,0.003916524
run_55_repetition_26,DONE,npm,npm/prettier--prettier-3.8.3.tgz,4.81,0.58,0.074679244
run_134_repetition_25,DONE,zopfli,zopfli/@parcel__watcher--watcher-2.5.6.tgz,0.36,0.04,0.004979618
run_47_repetition_1,DONE,npm,npm/protobufjs--protobufjs-8.4.2.tgz,1.9,0.22,0.029466384
run_87_repetition_17,DONE,xz,xz/eslint-plugin-import--eslint-plugin-import-2.32.0.tar.xz,1.98,0.23,0.030760778
run_183_repetition_25,DONE,zopfli,zopfli/watchpack-chokidar2--watchpack-chokidar2-2.0.1.tgz,0.26,0.03,0.004337745
run_38_repetition_16,DONE,npm,npm/tailwindcss--tailwindcss-4.3.0.tgz,0.71,0.08,0.01079524
run_224_repetition_6,DONE,zstd,zstd/linkify-it--linkify-it-5.0.1.tar.zst,0.26,0.03,0.003860931
run_168_repetition_7,DONE,zopfli,zopfli/prop-types--prop-types-15.8.1.tgz,0.29,0.03,0.004683895
run_147_repetition_12,DONE,zopfli,zopfli/dom-accessibility-api--dom-accessibility-api-0.7.1.tgz,0.35,0.05,0.006390663
run_127_repetition_29,DONE,zopfli,zopfli/@babel__plugin-transform-regexp-modifiers--plugin-transform-regexp-modifiers-7.28.6.tgz,0.26,0.03,0.003681954
run_150_repetition_10,DONE,zopfli,zopfli/eslint-plugin-import--eslint-plugin-import-2.32.0.tgz,1.09,0.13,0.017448306
run_92_repetition_25,DONE,xz,xz/highlight.js--highlight.js-11.11.1.tar.xz,3.87,0.46,0.06041952
run_296_repetition_24,DONE,brotli,brotli/react-dom--react-dom-19.2.6.tar.br,1.22,0.15,0.019158681
run_182_repetition_29,DONE,zopfli,zopfli/typescript--typescript-6.0.3.tgz,11.31,1.38,0.178053168
run_12_repetition_0,DONE,npm,npm/@radix-ui__primitive--primitive-1.1.3.tgz,0.36,0.04,0.004956651
run_30_repetition_21,DONE,npm,npm/workbox-routing--workbox-routing-7.4.1.tgz,0.45,0.05,0.006895223
run_167_repetition_17,DONE,zopfli,zopfli/prismjs--prismjs-1.30.0.tgz,1.75,0.21,0.027477891
run_120_repetition_11,DONE,xz,xz/watchpack-chokidar2--watchpack-chokidar2-2.0.1.tar.xz,0.25,0.03,0.003832975
run_258_repetition_13,DONE,brotli,brotli/@next__swc-linux-arm64-musl--swc-linux-arm64-musl-16.2.6.tar.br,40.17,4.86,0.627404729
run_171_repetition_16,DONE,zopfli,zopfli/react-error-overlay--react-error-overlay-6.1.0.tgz,0.51,0.06,0.007496272
run_276_repetition_25,DONE,brotli,brotli/eslint-plugin-import--eslint-plugin-import-2.32.0.tar.br,0.75,0.09,0.011072002
run_182_repetition_19,DONE,zopfli,zopfli/typescript--typescript-6.0.3.tgz,11.33,1.36,0.177850948
run_135_repetition_26,DONE,zopfli,zopfli/@radix-ui__primitive--primitive-1.1.3.tgz,0.26,0.03,0.003599671
run_89_repetition_23,DONE,xz,xz/fetch-blob--fetch-blob-4.0.0.tar.xz,0.26,0.03,0.004550389
run_122_repetition_24,DONE,xz,xz/whatwg-mimetype--whatwg-mimetype-5.0.0.tar.xz,0.26,0.03,0.004600323
run_15_repetition_4,DONE,npm,npm/html-escaper--html-escaper-3.0.3.tgz,0.32,0.04,0.004978616
run_189_repetition_4,DONE,zstd,zstd/@aws-cdk__cloud-assembly-schema--cloud-assembly-schema-53.27.0.tar.zst,0.38,0.05,0.00613425
run_29_repetition_28,DONE,npm,npm/@parcel__watcher--watcher-2.5.6.tgz,0.39,0.05,0.006059881
run_297_repetition_17,DONE,brotli,brotli/react-error-overlay--react-error-overlay-6.1.0.tar.br,0.45,0.05,0.007088873
run_280_repetition_10,DONE,brotli,brotli/has-to-string-tag-x--has-to-string-tag-x-2.1.2.tar.br,0.29,0.03,0.004629587
run_63_repetition_13,DONE,xz,xz/@aws-cdk__cloud-assembly-schema--cloud-assembly-schema-53.27.0.tar.xz,0.96,0.11,0.015265593
run_150_repetition_4,DONE,zopfli,zopfli/eslint-plugin-import--eslint-plugin-import-2.32.0.tgz,1.15,0.14,0.01782104
run_257_repetition_25,DONE,brotli,brotli/@modelcontextprotocol__sdk--sdk-1.29.0.tar.br,1.04,0.12,0.016265522
run_101_repetition_27,DONE,xz,xz/node-notifier--node-notifier-10.0.1.tar.xz,8.42,1.0,0.131469582
run_101_repetition_16,DONE,xz,xz/node-notifier--node-notifier-10.0.1.tar.xz,8.37,0.99,0.13127886
run_116_repetition_6,DONE,xz,xz/tailwindcss--tailwindcss-4.3.0.tar.xz,0.9,0.11,0.013725165
run_74_repetition_0,DONE,xz,xz/@types__glob--glob-9.0.0.tar.xz,0.29,0.04,0.003847036
run_54_repetition_3,DONE,npm,npm/node-notifier--node-notifier-10.0.1.tgz,3.33,0.39,0.051852882
run_165_repetition_8,DONE,zopfli,zopfli/path-dirname--path-dirname-1.0.2.tgz,0.26,0.03,0.003836113
run_132_repetition_25,DONE,zopfli,zopfli/@next__swc-linux-arm64-musl--swc-linux-arm64-musl-16.2.6.tgz,74.26,8.8,1.166222107
run_40_repetition_29,DONE,npm,npm/ts-node--ts-node-10.9.2.tgz,0.75,0.09,0.011465663
run_270_repetition_7,DONE,brotli,brotli/babel-plugin-transform-exponentiation-operator--babel-plugin-transform-exponentiation-operator-6.24.1.tar.br,0.26,0.03,0.00407246
run_267_repetition_25,DONE,brotli,brotli/aws-sdk--aws-sdk-2.1693.0.tar.br,13.01,1.61,0.2018988
run_223_repetition_6,DONE,zstd,zstd/libphonenumber-js--libphonenumber-js-1.13.3.tar.zst,1.68,0.2,0.024328372
run_45_repetition_9,DONE,npm,npm/prismjs--prismjs-1.30.0.tgz,1.91,0.23,0.029223476
run_311_repetition_25,DONE,brotli,brotli/whatwg-mimetype--whatwg-mimetype-5.0.0.tar.br,0.29,0.03,0.004233179
run_184_repetition_4,DONE,zopfli,zopfli/webpack--webpack-5.107.1.tgz,3.68,0.44,0.057880373
run_212_repetition_22,DONE,zstd,zstd/eslint-config-react-app--eslint-config-react-app-7.0.1.tar.zst,0.27,0.03,0.003577713
run_152_repetition_15,DONE,zopfli,zopfli/fetch-blob--fetch-blob-4.0.0.tgz,0.27,0.03,0.003522111
run_21_repetition_11,DONE,npm,npm/style-loader--style-loader-4.0.0.tgz,0.35,0.05,0.005435911
run_176_repetition_23,DONE,zopfli,zopfli/split2--split2-4.2.0.tgz,0.26,0.03,0.003626791
run_39_repetition_10,DONE,npm,npm/iconv-lite--iconv-lite-0.7.2.tgz,0.52,0.06,0.008423891
run_58_repetition_16,DONE,npm,npm/@esbuild__linux-ia32--linux-ia32-0.28.0.tgz,7.37,0.88,0.114867768
run_195_repetition_25,DONE,zstd,zstd/@next__swc-linux-arm64-musl--swc-linux-arm64-musl-16.2.6.tar.zst,29.88,3.54,0.448179344
run_90_repetition_8,DONE,xz,xz/got--got-15.0.5.tar.xz,0.61,0.07,0.009849034
run_218_repetition_17,DONE,zstd,zstd/highlight.js--highlight.js-11.11.1.tar.zst,1.27,0.15,0.018881711
run_124_repetition_18,DONE,xz,xz/workbox-streams--workbox-streams-7.4.1.tar.xz,0.45,0.05,0.006562084
run_31_repetition_2,DONE,npm,npm/dom-accessibility-api--dom-accessibility-api-0.7.1.tgz,0.46,0.05,0.007053835
run_144_repetition_7,DONE,zopfli,zopfli/babel-plugin-transform-exponentiation-operator--babel-plugin-transform-exponentiation-operator-6.24.1.tgz,0.28,0.03,0.003970922
run_174_repetition_24,DONE,zopfli,zopfli/shallowequal--shallowequal-1.1.0.tgz,0.26,0.03,0.003610808
run_172_repetition_14,DONE,zopfli,zopfli/remove-trailing-separator--remove-trailing-separator-1.1.0.tgz,0.26,0.03,0.003870201
run_131_repetition_2,DONE,zopfli,zopfli/@modelcontextprotocol__sdk--sdk-1.29.0.tgz,2.53,0.3,0.039572905
run_173_repetition_16,DONE,zopfli,zopfli/resize-observer-polyfill--resize-observer-polyfill-1.5.1.tgz,0.32,0.04,0.004884115
run_150_repetition_22,DONE,zopfli,zopfli/eslint-plugin-import--eslint-plugin-import-2.32.0.tgz,1.15,0.14,0.017442935
run_273_repetition_15,DONE,brotli,brotli/dom-accessibility-api--dom-accessibility-api-0.7.1.tar.br,0.32,0.04,0.005541912
run_219_repetition_24,DONE,zstd,zstd/html-escaper--html-escaper-3.0.3.tar.zst,0.2,0.02,0.003488993
run_290_repetition_7,DONE,brotli,brotli/node-notifier--node-notifier-10.0.1.tar.br,2.46,0.3,0.039175225
run_106_repetition_12,DONE,xz,xz/protobufjs--protobufjs-8.4.2.tar.xz,1.84,0.21,0.02824125
run_64_repetition_4,DONE,xz,xz/@babel__plugin-transform-regexp-modifiers--plugin-transform-regexp-modifiers-7.28.6.tar.xz,0.25,0.03,0.004022867
run_205_repetition_13,DONE,zstd,zstd/babel-helper-get-function-arity--babel-helper-get-function-arity-6.24.1.tar.zst,0.19,0.02,0.003544214
run_174_repetition_1,DONE,zopfli,zopfli/shallowequal--shallowequal-1.1.0.tgz,0.26,0.03,0.003844867
run_268_repetition_10,DONE,brotli,brotli/babel-helper-get-function-arity--babel-helper-get-function-arity-6.24.1.tar.br,0.26,0.03,0.00393959
run_1_repetition_23,DONE,npm,npm/client-only--client-only-0.0.1.tgz,0.26,0.03,0.004819384
run_103_repetition_25,DONE,xz,xz/prettier--prettier-3.8.3.tar.xz,6.67,0.79,0.103452214
run_22_repetition_0,DONE,npm,npm/@ethersproject__abstract-signer--abstract-signer-5.8.0.tgz,0.33,0.04,0.005415483
run_57_repetition_2,DONE,npm,npm/date-fns--date-fns-4.3.0.tgz,16.24,1.91,0.251684173
run_94_repetition_1,DONE,xz,xz/iconv-lite--iconv-lite-0.7.2.tar.xz,1.09,0.13,0.01719345
run_97_repetition_25,DONE,xz,xz/libphonenumber-js--libphonenumber-js-1.13.3.tar.xz,4.3,0.5,0.066803297
run_154_repetition_24,DONE,zopfli,zopfli/has-to-string-tag-x--has-to-string-tag-x-2.1.2.tgz,0.32,0.04,0.004847463
run_112_repetition_25,DONE,xz,xz/source-list-map--source-list-map-2.0.1.tar.xz,0.32,0.04,0.004616072
run_195_repetition_5,DONE,zstd,zstd/@next__swc-linux-arm64-musl--swc-linux-arm64-musl-16.2.6.tar.zst,29.57,3.51,0.447765726
run_15_repetition_23,DONE,npm,npm/html-escaper--html-escaper-3.0.3.tgz,0.33,0.04,0.005034121
run_231_repetition_2,DONE,zstd,zstd/prop-types--prop-types-15.8.1.tar.zst,0.23,0.03,0.00368584
run_196_repetition_12,DONE,zstd,zstd/@opentelemetry__semantic-conventions--semantic-conventions-1.41.1.tar.zst,1.63,0.19,0.024536585
run_250_repetition_3,DONE,zstd,zstd/workbox-streams--workbox-streams-7.4.1.tar.zst,0.29,0.03,0.004116921
run_171_repetition_0,DONE,zopfli,zopfli/react-error-overlay--react-error-overlay-6.1.0.tgz,0.48,0.06,0.007346559
run_275_repetition_10,DONE,brotli,brotli/eslint-config-react-app--eslint-config-react-app-7.0.1.tar.br,0.26,0.03,0.004072132
run_152_repetition_25,DONE,zopfli,zopfli/fetch-blob--fetch-blob-4.0.0.tgz,0.26,0.03,0.003975445
run_272_repetition_15,DONE,brotli,brotli/date-fns--date-fns-4.3.0.tar.br,3.88,0.47,0.059474489
run_217_repetition_5,DONE,zstd,zstd/has-to-string-tag-x--has-to-string-tag-x-2.1.2.tar.zst,0.26,0.03,0.003821024
run_94_repetition_11,DONE,xz,xz/iconv-lite--iconv-lite-0.7.2.tar.xz,1.12,0.13,0.017586621
run_200_repetition_18,DONE,zstd,zstd/@types__glob--glob-9.0.0.tar.zst,0.26,0.03,0.003338135
run_154_repetition_18,DONE,zopfli,zopfli/has-to-string-tag-x--has-to-string-tag-x-2.1.2.tgz,0.32,0.04,0.004942451
run_208_repetition_10,DONE,zstd,zstd/client-only--client-only-0.0.1.tar.zst,0.25,0.03,0.003347775
run_47_repetition_2,DONE,npm,npm/protobufjs--protobufjs-8.4.2.tgz,1.94,0.23,0.029337856
run_31_repetition_22,DONE,npm,npm/dom-accessibility-api--dom-accessibility-api-0.7.1.tgz,0.49,0.05,0.007092897
run_134_repetition_17,DONE,zopfli,zopfli/@parcel__watcher--watcher-2.5.6.tgz,0.32,0.04,0.005250773
run_174_repetition_28,DONE,zopfli,zopfli/shallowequal--shallowequal-1.1.0.tgz,0.26,0.03,0.003873374
run_81_repetition_2,DONE,xz,xz/babel-plugin-transform-exponentiation-operator--babel-plugin-transform-exponentiation-operator-6.24.1.tar.xz,0.26,0.03,0.003942439
run_170_repetition_5,DONE,zopfli,zopfli/react-dom--react-dom-19.2.6.tgz,3.5,0.41,0.055191013
run_249_repetition_24,DONE,zstd,zstd/workbox-routing--workbox-routing-7.4.1.tar.zst,0.33,0.04,0.004569402
run_122_repetition_7,DONE,xz,xz/whatwg-mimetype--whatwg-mimetype-5.0.0.tar.xz,0.33,0.03,0.004853838
run_36_repetition_0,DONE,npm,npm/lodash-es--lodash-es-4.18.1.tgz,1.58,0.18,0.023882243
run_156_repetition_14,DONE,zopfli,zopfli/html-escaper--html-escaper-3.0.3.tgz,0.29,0.03,0.003943475
run_0_repetition_9,DONE,npm,npm/watchpack-chokidar2--watchpack-chokidar2-2.0.1.tgz,0.32,0.04,0.004723665
run_37_repetition_9,DONE,npm,npm/@aws-cdk__cloud-assembly-schema--cloud-assembly-schema-53.27.0.tgz,0.71,0.08,0.010557429
run_106_repetition_13,DONE,xz,xz/protobufjs--protobufjs-8.4.2.tar.xz,1.8,0.21,0.028312697
run_131_repetition_6,DONE,zopfli,zopfli/@modelcontextprotocol__sdk--sdk-1.29.0.tgz,2.51,0.3,0.039430122
run_286_repetition_17,DONE,brotli,brotli/libphonenumber-js--libphonenumber-js-1.13.3.tar.br,2.0,0.24,0.030515919
run_143_repetition_18,DONE,zopfli,zopfli/babel-plugin-check-es2015-constants--babel-plugin-check-es2015-constants-6.22.0.tgz,0.26,0.03,0.003660047
run_262_repetition_17,DONE,brotli,brotli/@sindresorhus__is--is-8.1.0.tar.br,0.28,0.03,0.004321156
run_278_repetition_3,DONE,brotli,brotli/fetch-blob--fetch-blob-4.0.0.tar.br,0.29,0.03,0.004045914
run_11_repetition_15,DONE,npm,npm/shallowequal--shallowequal-1.1.0.tgz,0.32,0.04,0.004678822
run_191_repetition_29,DONE,zstd,zstd/@esbuild__linux-ia32--linux-ia32-0.28.0.tar.zst,3.07,0.36,0.046395718
run_240_repetition_13,DONE,zstd,zstd/strict-uri-encode--strict-uri-encode-2.0.0.tar.zst,0.22,0.03,0.003442673
run_191_repetition_0,DONE,zstd,zstd/@esbuild__linux-ia32--linux-ia32-0.28.0.tar.zst,3.12,0.37,0.047289506
run_209_repetition_27,DONE,zstd,zstd/date-fns--date-fns-4.3.0.tar.zst,3.99,0.46,0.058144854
run_270_repetition_10,DONE,brotli,brotli/babel-plugin-transform-exponentiation-operator--babel-plugin-transform-exponentiation-operator-6.24.1.tar.br,0.26,0.03,0.003978478
run_150_repetition_23,DONE,zopfli,zopfli/eslint-plugin-import--eslint-plugin-import-2.32.0.tgz,1.15,0.14,0.017603176
run_284_repetition_5,DONE,brotli,brotli/immer--immer-11.1.8.tar.br,0.45,0.06,0.007158048
run_49_repetition_4,DONE,npm,npm/xml2js--xml2js-0.6.2.tgz,2.12,0.25,0.032402306
run_236_repetition_26,DONE,zstd,zstd/resize-observer-polyfill--resize-observer-polyfill-1.5.1.tar.zst,0.26,0.03,0.004002221
run_291_repetition_22,DONE,brotli,brotli/path-dirname--path-dirname-1.0.2.tar.br,0.26,0.03,0.003994222
run_254_repetition_14,DONE,brotli,brotli/@esbuild__linux-ia32--linux-ia32-0.28.0.tar.br,5.7,0.68,0.088427854
run_2_repetition_9,DONE,npm,npm/babel-helper-get-function-arity--babel-helper-get-function-arity-6.24.1.tgz,0.36,0.04,0.004934857
run_182_repetition_13,DONE,zopfli,zopfli/typescript--typescript-6.0.3.tgz,11.36,1.36,0.178037532
run_112_repetition_4,DONE,xz,xz/source-list-map--source-list-map-2.0.1.tar.xz,0.35,0.04,0.005007176
run_103_repetition_8,DONE,xz,xz/prettier--prettier-3.8.3.tar.xz,6.65,0.8,0.103553911
run_167_repetition_16,DONE,zopfli,zopfli/prismjs--prismjs-1.30.0.tgz,1.76,0.21,0.027326794
run_252_repetition_5,DONE,brotli,brotli/@aws-cdk__cloud-assembly-schema--cloud-assembly-schema-53.27.0.tar.br,0.52,0.06,0.007851212
run_124_repetition_2,DONE,xz,xz/workbox-streams--workbox-streams-7.4.1.tar.xz,0.45,0.05,0.006579272
run_134_repetition_12,DONE,zopfli,zopfli/@parcel__watcher--watcher-2.5.6.tgz,0.39,0.05,0.005584584
run_13_repetition_28,DONE,npm,npm/assert-plus--assert-plus-1.0.0.tgz,0.32,0.04,0.004574329
run_311_repetition_8,DONE,brotli,brotli/whatwg-mimetype--whatwg-mimetype-5.0.0.tar.br,0.29,0.03,0.004438632
run_239_repetition_14,DONE,zstd,zstd/split2--split2-4.2.0.tar.zst,0.22,0.03,0.003543598
run_291_repetition_24,DONE,brotli,brotli/path-dirname--path-dirname-1.0.2.tar.br,0.26,0.03,0.004126602
run_258_repetition_19,DONE,brotli,brotli/@next__swc-linux-arm64-musl--swc-linux-arm64-musl-16.2.6.tar.br,40.53,4.88,0.632938519
run_12_repetition_18,DONE,npm,npm/@radix-ui__primitive--primitive-1.1.3.tgz,0.32,0.04,0.004773441
run_51_repetition_8,DONE,npm,npm/webpack--webpack-5.107.1.tgz,3.5,0.4,0.054721281
run_280_repetition_6,DONE,brotli,brotli/has-to-string-tag-x--has-to-string-tag-x-2.1.2.tar.br,0.33,0.04,0.004452179
run_80_repetition_13,DONE,xz,xz/babel-plugin-check-es2015-constants--babel-plugin-check-es2015-constants-6.22.0.tar.xz,0.32,0.04,0.004164055
run_265_repetition_8,DONE,brotli,brotli/@vue__reactivity--reactivity-3.5.34.tar.br,0.33,0.04,0.005138733
run_297_repetition_22,DONE,brotli,brotli/react-error-overlay--react-error-overlay-6.1.0.tar.br,0.46,0.05,0.006964153
run_183_repetition_16,DONE,zopfli,zopfli/watchpack-chokidar2--watchpack-chokidar2-2.0.1.tgz,0.22,0.03,0.003365146
run_72_repetition_14,DONE,xz,xz/@radix-ui__primitive--primitive-1.1.3.tar.xz,0.32,0.03,0.004043927
run_114_repetition_11,DONE,xz,xz/strict-uri-encode--strict-uri-encode-2.0.0.tar.xz,0.3,0.03,0.004102275
run_304_repetition_29,DONE,brotli,brotli/style-loader--style-loader-4.0.0.tar.br,0.32,0.04,0.004516233
run_284_repetition_24,DONE,brotli,brotli/immer--immer-11.1.8.tar.br,0.45,0.05,0.006871201
run_276_repetition_24,DONE,brotli,brotli/eslint-plugin-import--eslint-plugin-import-2.32.0.tar.br,0.77,0.09,0.011698598
run_45_repetition_29,DONE,npm,npm/prismjs--prismjs-1.30.0.tgz,1.93,0.23,0.029066188
run_124_repetition_10,DONE,xz,xz/workbox-streams--workbox-streams-7.4.1.tar.xz,0.42,0.05,0.006539008
run_229_repetition_10,DONE,zstd,zstd/prettier--prettier-3.8.3.tar.zst,1.7,0.2,0.025050364
run_254_repetition_11,DONE,brotli,brotli/@esbuild__linux-ia32--linux-ia32-0.28.0.tar.br,5.62,0.67,0.087645687
run_39_repetition_26,DONE,npm,npm/iconv-lite--iconv-lite-0.7.2.tgz,0.55,0.07,0.008313733
run_279_repetition_13,DONE,brotli,brotli/got--got-15.0.5.tar.br,0.36,0.04,0.005610595
run_169_repetition_14,DONE,zopfli,zopfli/protobufjs--protobufjs-8.4.2.tgz,1.91,0.23,0.030168897
run_279_repetition_20,DONE,brotli,brotli/got--got-15.0.5.tar.br,0.38,0.05,0.005798744
run_98_repetition_14,DONE,xz,xz/linkify-it--linkify-it-5.0.1.tar.xz,0.33,0.04,0.004807403
run_40_repetition_16,DONE,npm,npm/ts-node--ts-node-10.9.2.tgz,0.77,0.09,0.011465931
run_117_repetition_3,DONE,xz,xz/tar--tar-7.5.15.tar.xz,1.6,0.19,0.025182747
run_224_repetition_8,DONE,zstd,zstd/linkify-it--linkify-it-5.0.1.tar.zst,0.22,0.03,0.003549647
run_165_repetition_9,DONE,zopfli,zopfli/path-dirname--path-dirname-1.0.2.tgz,0.23,0.03,0.003682754
run_155_repetition_14,DONE,zopfli,zopfli/highlight.js--highlight.js-11.11.1.tgz,3.62,0.43,0.056437518
run_185_repetition_7,DONE,zopfli,zopfli/whatwg-mimetype--whatwg-mimetype-5.0.0.tgz,0.26,0.03,0.004039338
run_10_repetition_20,DONE,npm,npm/path-dirname--path-dirname-1.0.2.tgz,0.32,0.04,0.004724839
run_230_repetition_16,DONE,zstd,zstd/prismjs--prismjs-1.30.0.tar.zst,0.84,0.1,0.01218944
run_137_repetition_8,DONE,zopfli,zopfli/@types__glob--glob-9.0.0.tgz,0.23,0.03,0.003478381
run_148_repetition_23,DONE,zopfli,zopfli/encoding-sniffer--encoding-sniffer-1.0.2.tgz,0.35,0.04,0.004976613
run_311_repetition_23,DONE,brotli,brotli/whatwg-mimetype--whatwg-mimetype-5.0.0.tar.br,0.29,0.04,0.004071319
run_134_repetition_19,DONE,zopfli,zopfli/@parcel__watcher--watcher-2.5.6.tgz,0.35,0.04,0.005004792
run_27_repetition_15,DONE,npm,npm/has-to-string-tag-x--has-to-string-tag-x-2.1.2.tgz,0.35,0.04,0.005489196
run_8_repetition_0,DONE,npm,npm/@babel__plugin-transform-regexp-modifiers--plugin-transform-regexp-modifiers-7.28.6.tgz,0.32,0.03,0.004644675
run_82_repetition_9,DONE,xz,xz/client-only--client-only-0.0.1.tar.xz,0.26,0.03,0.004059723
run_232_repetition_9,DONE,zstd,zstd/protobufjs--protobufjs-8.4.2.tar.zst,0.73,0.09,0.011229178
run_181_repetition_10,DONE,zopfli,zopfli/ts-node--ts-node-10.9.2.tgz,0.77,0.09,0.011454725
run_83_repetition_4,DONE,xz,xz/date-fns--date-fns-4.3.0.tar.xz,9.78,1.18,0.152965632
run_105_repetition_25,DONE,xz,xz/prop-types--prop-types-15.8.1.tar.xz,0.39,0.05,0.005493293
run_295_repetition_12,DONE,brotli,brotli/protobufjs--protobufjs-8.4.2.tar.br,0.83,0.1,0.01315742
run_75_repetition_15,DONE,xz,xz/@types__uuid--uuid-11.0.0.tar.xz,0.26,0.03,0.004105105
run_79_repetition_25,DONE,xz,xz/babel-helper-get-function-arity--babel-helper-get-function-arity-6.24.1.tar.xz,0.31,0.04,0.004166495
run_177_repetition_13,DONE,zopfli,zopfli/strict-uri-encode--strict-uri-encode-2.0.0.tgz,0.23,0.03,0.003912996
run_247_repetition_21,DONE,zstd,zstd/webpack--webpack-5.107.1.tar.zst,1.54,0.18,0.022793997
run_130_repetition_14,DONE,zopfli,zopfli/@ethersproject__abstract-signer--abstract-signer-5.8.0.tgz,0.25,0.03,0.004295056
run_218_repetition_29,DONE,zstd,zstd/highlight.js--highlight.js-11.11.1.tar.zst,1.25,0.14,0.018795673
run_60_repetition_4,DONE,npm,npm/aws-sdk--aws-sdk-2.1693.0.tgz,37.51,4.49,0.585160816
run_286_repetition_24,DONE,brotli,brotli/libphonenumber-js--libphonenumber-js-1.13.3.tar.br,1.86,0.22,0.029595859
run_13_repetition_0,DONE,npm,npm/assert-plus--assert-plus-1.0.0.tgz,0.36,0.04,0.005195459
run_112_repetition_3,DONE,xz,xz/source-list-map--source-list-map-2.0.1.tar.xz,0.33,0.03,0.00428036
run_41_repetition_18,DONE,npm,npm/immer--immer-11.1.8.tgz,0.77,0.09,0.012177171
run_184_repetition_21,DONE,zopfli,zopfli/webpack--webpack-5.107.1.tgz,3.69,0.44,0.057953511
run_307_repetition_26,DONE,brotli,brotli/ts-node--ts-node-10.9.2.tar.br,0.51,0.06,0.007815328
run_201_repetition_11,DONE,zstd,zstd/@types__uuid--uuid-11.0.0.tar.zst,0.23,0.03,0.003285924
run_205_repetition_0,DONE,zstd,zstd/babel-helper-get-function-arity--babel-helper-get-function-arity-6.24.1.tar.zst,0.23,0.03,0.003330345
run_73_repetition_23,DONE,xz,xz/@sindresorhus__is--is-8.1.0.tar.xz,0.39,0.04,0.005874565
run_144_repetition_11,DONE,zopfli,zopfli/babel-plugin-transform-exponentiation-operator--babel-plugin-transform-exponentiation-operator-6.24.1.tgz,0.26,0.03,0.003753453
run_1_repetition_25,DONE,npm,npm/client-only--client-only-0.0.1.tgz,0.32,0.04,0.004695195
run_289_repetition_28,DONE,brotli,brotli/next--next-16.2.6.tar.br,22.78,2.81,0.352480502
run_84_repetition_10,DONE,xz,xz/dom-accessibility-api--dom-accessibility-api-0.7.1.tar.xz,0.48,0.06,0.007897861
run_239_repetition_16,DONE,zstd,zstd/split2--split2-4.2.0.tar.zst,0.2,0.02,0.003470065
run_289_repetition_22,DONE,brotli,brotli/next--next-16.2.6.tar.br,22.8,2.8,0.352079425
run_20_repetition_26,DONE,npm,npm/linkify-it--linkify-it-5.0.1.tgz,0.35,0.04,0.005142619
run_34_repetition_11,DONE,npm,npm/react-error-overlay--react-error-overlay-6.1.0.tgz,0.52,0.06,0.008083724
run_156_repetition_9,DONE,zopfli,zopfli/html-escaper--html-escaper-3.0.3.tgz,0.23,0.03,0.003860678
run_2_repetition_19,DONE,npm,npm/babel-helper-get-function-arity--babel-helper-get-function-arity-6.24.1.tgz,0.29,0.03,0.004571091
run_233_repetition_8,DONE,zstd,zstd/react-dom--react-dom-19.2.6.tar.zst,1.15,0.14,0.017580699
run_41_repetition_4,DONE,npm,npm/immer--immer-11.1.8.tgz,0.81,0.1,0.012200987
run_104_repetition_25,DONE,xz,xz/prismjs--prismjs-1.30.0.tar.xz,2.82,0.33,0.043369308
run_200_repetition_5,DONE,zstd,zstd/@types__glob--glob-9.0.0.tar.zst,0.26,0.03,0.003429612
run_163_repetition_7,DONE,zopfli,zopfli/next--next-16.2.6.tgz,81.44,9.65,1.281610447
run_57_repetition_21,DONE,npm,npm/date-fns--date-fns-4.3.0.tgz,16.21,1.92,0.251351482
run_143_repetition_8,DONE,zopfli,zopfli/babel-plugin-check-es2015-constants--babel-plugin-check-es2015-constants-6.22.0.tgz,0.26,0.03,0.003566682
run_212_repetition_3,DONE,zstd,zstd/eslint-config-react-app--eslint-config-react-app-7.0.1.tar.zst,0.22,0.03,0.003338517
run_100_repetition_0,DONE,xz,xz/next--next-16.2.6.tar.xz,73.27,8.65,1.146630468
run_186_repetition_7,DONE,zopfli,zopfli/workbox-routing--workbox-routing-7.4.1.tgz,0.42,0.04,0.006324735
run_95_repetition_22,DONE,xz,xz/immer--immer-11.1.8.tar.xz,0.75,0.09,0.011687755
run_142_repetition_1,DONE,zopfli,zopfli/babel-helper-get-function-arity--babel-helper-get-function-arity-6.24.1.tgz,0.23,0.03,0.003630113
run_259_repetition_3,DONE,brotli,brotli/@opentelemetry__semantic-conventions--semantic-conventions-1.41.1.tar.br,1.64,0.2,0.025203479
run_123_repetition_28,DONE,xz,xz/workbox-routing--workbox-routing-7.4.1.tar.xz,0.55,0.07,0.008446845
run_190_repetition_25,DONE,zstd,zstd/@babel__plugin-transform-regexp-modifiers--plugin-transform-regexp-modifiers-7.28.6.tar.zst,0.23,0.03,0.003389731
run_12_repetition_5,DONE,npm,npm/@radix-ui__primitive--primitive-1.1.3.tgz,0.32,0.04,0.004759498
run_234_repetition_12,DONE,zstd,zstd/react-error-overlay--react-error-overlay-6.1.0.tar.zst,0.33,0.04,0.005198005
run_192_repetition_1,DONE,zstd,zstd/@eslint__eslintrc--eslintrc-3.3.5.tar.zst,0.32,0.04,0.005340604
run_149_repetition_9,DONE,zopfli,zopfli/eslint-config-react-app--eslint-config-react-app-7.0.1.tgz,0.29,0.04,0.004128516
run_93_repetition_3,DONE,xz,xz/html-escaper--html-escaper-3.0.3.tar.xz,0.32,0.04,0.004352225
run_155_repetition_7,DONE,zopfli,zopfli/highlight.js--highlight.js-11.11.1.tgz,3.58,0.43,0.056204938
run_301_repetition_6,DONE,brotli,brotli/source-list-map--source-list-map-2.0.1.tar.br,0.26,0.03,0.003999453
run_306_repetition_22,DONE,brotli,brotli/tar--tar-7.5.15.tar.br,0.78,0.09,0.011565381
run_203_repetition_6,DONE,zstd,zstd/assert-plus--assert-plus-1.0.0.tar.zst,0.2,0.03,0.003347423
run_158_repetition_8,DONE,zopfli,zopfli/immer--immer-11.1.8.tgz,0.77,0.09,0.011680073
run_117_repetition_20,DONE,xz,xz/tar--tar-7.5.15.tar.xz,1.62,0.19,0.025710853
run_262_repetition_1,DONE,brotli,brotli/@sindresorhus__is--is-8.1.0.tar.br,0.29,0.03,0.004418434
run_238_repetition_29,DONE,zstd,zstd/source-list-map--source-list-map-2.0.1.tar.zst,0.22,0.03,0.003484246
run_255_repetition_24,DONE,brotli,brotli/@eslint__eslintrc--eslintrc-3.3.5.tar.br,0.42,0.05,0.006482903
run_266_repetition_16,DONE,brotli,brotli/assert-plus--assert-plus-1.0.0.tar.br,0.26,0.03,0.004038368
run_190_repetition_11,DONE,zstd,zstd/@babel__plugin-transform-regexp-modifiers--plugin-transform-regexp-modifiers-7.28.6.tar.zst,0.19,0.02,0.003371667
run_111_repetition_1,DONE,xz,xz/shallowequal--shallowequal-1.1.0.tar.xz,0.29,0.03,0.004083709
run_139_repetition_22,DONE,zopfli,zopfli/@vue__reactivity--reactivity-3.5.34.tgz,0.42,0.05,0.006465399
run_45_repetition_22,DONE,npm,npm/prismjs--prismjs-1.30.0.tgz,1.93,0.22,0.028858849
run_214_repetition_2,DONE,zstd,zstd/ethers--ethers-6.16.0.tar.zst,2.25,0.27,0.033141673
run_132_repetition_3,DONE,zopfli,zopfli/@next__swc-linux-arm64-musl--swc-linux-arm64-musl-16.2.6.tgz,74.16,8.9,1.164792101
run_165_repetition_13,DONE,zopfli,zopfli/path-dirname--path-dirname-1.0.2.tgz,0.26,0.03,0.003711885
run_157_repetition_2,DONE,zopfli,zopfli/iconv-lite--iconv-lite-0.7.2.tgz,0.52,0.06,0.007751013
run_185_repetition_17,DONE,zopfli,zopfli/whatwg-mimetype--whatwg-mimetype-5.0.0.tgz,0.26,0.03,0.004108412
run_200_repetition_17,DONE,zstd,zstd/@types__glob--glob-9.0.0.tar.zst,0.23,0.03,0.003398753
run_290_repetition_15,DONE,brotli,brotli/node-notifier--node-notifier-10.0.1.tar.br,2.54,0.3,0.039384605
run_134_repetition_21,DONE,zopfli,zopfli/@parcel__watcher--watcher-2.5.6.tgz,0.33,0.04,0.005067706
run_32_repetition_7,DONE,npm,npm/@vue__reactivity--reactivity-3.5.34.tgz,0.48,0.06,0.007258236
run_65_repetition_28,DONE,xz,xz/@esbuild__linux-ia32--linux-ia32-0.28.0.tar.xz,21.54,2.59,0.338105869
run_188_repetition_28,DONE,zopfli,zopfli/xml2js--xml2js-0.6.2.tgz,2.04,0.24,0.031700685
run_70_repetition_22,DONE,xz,xz/@opentelemetry__semantic-conventions--semantic-conventions-1.41.1.tar.xz,3.01,0.36,0.047243132
run_82_repetition_29,DONE,xz,xz/client-only--client-only-0.0.1.tar.xz,0.26,0.03,0.003801867
run_159_repetition_20,DONE,zopfli,zopfli/jiti--jiti-2.7.0.tgz,1.15,0.14,0.018192302
run_130_repetition_22,DONE,zopfli,zopfli/@ethersproject__abstract-signer--abstract-signer-5.8.0.tgz,0.3,0.03,0.004417536
run_229_repetition_28,DONE,zstd,zstd/prettier--prettier-3.8.3.tar.zst,1.71,0.2,0.024964732
run_274_repetition_21,DONE,brotli,brotli/encoding-sniffer--encoding-sniffer-1.0.2.tar.br,0.29,0.04,0.004476404
run_151_repetition_22,DONE,zopfli,zopfli/ethers--ethers-6.16.0.tgz,7.38,0.88,0.116281566
run_278_repetition_18,DONE,brotli,brotli/fetch-blob--fetch-blob-4.0.0.tar.br,0.26,0.03,0.003993853
run_133_repetition_12,DONE,zopfli,zopfli/@opentelemetry__semantic-conventions--semantic-conventions-1.41.1.tgz,5.01,0.6,0.078052222
run_168_repetition_27,DONE,zopfli,zopfli/prop-types--prop-types-15.8.1.tgz,0.29,0.04,0.004515625
run_234_repetition_25,DONE,zstd,zstd/react-error-overlay--react-error-overlay-6.1.0.tar.zst,0.32,0.04,0.005207312
run_145_repetition_7,DONE,zopfli,zopfli/client-only--client-only-0.0.1.tgz,0.26,0.03,0.003640515
run_127_repetition_14,DONE,zopfli,zopfli/@babel__plugin-transform-regexp-modifiers--plugin-transform-regexp-modifiers-7.28.6.tgz,0.26,0.03,0.003766488
run_124_repetition_27,DONE,xz,xz/workbox-streams--workbox-streams-7.4.1.tar.xz,0.45,0.05,0.006649805
run_296_repetition_22,DONE,brotli,brotli/react-dom--react-dom-19.2.6.tar.br,1.22,0.15,0.019291723
run_252_repetition_22,DONE,brotli,brotli/@aws-cdk__cloud-assembly-schema--cloud-assembly-schema-53.27.0.tar.br,0.51,0.06,0.007854765
run_159_repetition_18,DONE,zopfli,zopfli/jiti--jiti-2.7.0.tgz,1.14,0.14,0.018370196
run_97_repetition_26,DONE,xz,xz/libphonenumber-js--libphonenumber-js-1.13.3.tar.xz,4.29,0.51,0.06717607
run_259_repetition_21,DONE,brotli,brotli/@opentelemetry__semantic-conventions--semantic-conventions-1.41.1.tar.br,1.66,0.2,0.025078388
run_298_repetition_18,DONE,brotli,brotli/remove-trailing-separator--remove-trailing-separator-1.1.0.tar.br,0.26,0.03,0.003891395
run_287_repetition_7,DONE,brotli,brotli/linkify-it--linkify-it-5.0.1.tar.br,0.33,0.04,0.004344215
run_162_repetition_23,DONE,zopfli,zopfli/lodash-es--lodash-es-4.18.1.tgz,0.88,0.11,0.013726365
run_175_repetition_21,DONE,zopfli,zopfli/source-list-map--source-list-map-2.0.1.tgz,0.3,0.03,0.004211072
run_147_repetition_8,DONE,zopfli,zopfli/dom-accessibility-api--dom-accessibility-api-0.7.1.tgz,0.45,0.05,0.006603275
run_56_repetition_22,DONE,npm,npm/ethers--ethers-6.16.0.tgz,7.05,0.83,0.107392426
run_86_repetition_19,DONE,xz,xz/eslint-config-react-app--eslint-config-react-app-7.0.1.tar.xz,0.32,0.04,0.004475651
run_8_repetition_10,DONE,npm,npm/@babel__plugin-transform-regexp-modifiers--plugin-transform-regexp-modifiers-7.28.6.tgz,0.31,0.04,0.004652814
run_254_repetition_1,DONE,brotli,brotli/@esbuild__linux-ia32--linux-ia32-0.28.0.tar.br,5.59,0.66,0.087296665
run_258_repetition_23,DONE,brotli,brotli/@next__swc-linux-arm64-musl--swc-linux-arm64-musl-16.2.6.tar.br,40.49,4.83,0.631159165
run_160_repetition_25,DONE,zopfli,zopfli/libphonenumber-js--libphonenumber-js-1.13.3.tgz,5.7,0.67,0.089067465
run_0_repetition_15,DONE,npm,npm/watchpack-chokidar2--watchpack-chokidar2-2.0.1.tgz,0.26,0.03,0.004365184
run_132_repetition_19,DONE,zopfli,zopfli/@next__swc-linux-arm64-musl--swc-linux-arm64-musl-16.2.6.tgz,74.21,8.77,1.164301838
run_293_repetition_20,DONE,brotli,brotli/prismjs--prismjs-1.30.0.tar.br,1.03,0.12,0.016054366
run_109_repetition_16,DONE,xz,xz/remove-trailing-separator--remove-trailing-separator-1.1.0.tar.xz,0.26,0.03,0.003711107
run_65_repetition_5,DONE,xz,xz/@esbuild__linux-ia32--linux-ia32-0.28.0.tar.xz,21.52,2.54,0.337703329
run_57_repetition_7,DONE,npm,npm/date-fns--date-fns-4.3.0.tgz,16.24,1.91,0.251040953
run_201_repetition_5,DONE,zstd,zstd/@types__uuid--uuid-11.0.0.tar.zst,0.26,0.03,0.003850758
run_277_repetition_1,DONE,brotli,brotli/ethers--ethers-6.16.0.tar.br,2.74,0.33,0.042238045
run_39_repetition_0,DONE,npm,npm/iconv-lite--iconv-lite-0.7.2.tgz,0.55,0.07,0.008105652
run_308_repetition_28,DONE,brotli,brotli/typescript--typescript-6.0.3.tar.br,4.23,0.51,0.065172848
run_288_repetition_28,DONE,brotli,brotli/lodash-es--lodash-es-4.18.1.tar.br,0.57,0.07,0.008811092
run_161_repetition_10,DONE,zopfli,zopfli/linkify-it--linkify-it-5.0.1.tgz,0.26,0.03,0.003964475
run_62_repetition_23,DONE,npm,npm/@next__swc-linux-arm64-musl--swc-linux-arm64-musl-16.2.6.tgz,70.47,8.42,1.098706824
run_162_repetition_2,DONE,zopfli,zopfli/lodash-es--lodash-es-4.18.1.tgz,0.9,0.11,0.013978487
run_258_repetition_20,DONE,brotli,brotli/@next__swc-linux-arm64-musl--swc-linux-arm64-musl-16.2.6.tar.br,40.57,4.86,0.632347908
run_308_repetition_1,DONE,brotli,brotli/typescript--typescript-6.0.3.tar.br,4.2,0.5,0.065243804
run_228_repetition_19,DONE,zstd,zstd/path-dirname--path-dirname-1.0.2.tar.zst,0.26,0.03,0.003422201
run_217_repetition_12,DONE,zstd,zstd/has-to-string-tag-x--has-to-string-tag-x-2.1.2.tar.zst,0.23,0.03,0.00390787
run_308_repetition_16,DONE,brotli,brotli/typescript--typescript-6.0.3.tar.br,4.22,0.51,0.065261997
run_119_repetition_6,DONE,xz,xz/typescript--typescript-6.0.3.tar.xz,13.69,1.6,0.212086156
run_138_repetition_23,DONE,zopfli,zopfli/@types__uuid--uuid-11.0.0.tgz,0.26,0.03,0.003743502
run_42_repetition_15,DONE,npm,npm/eslint-plugin-import--eslint-plugin-import-2.32.0.tgz,1.1,0.13,0.016949714
run_183_repetition_21,DONE,zopfli,zopfli/watchpack-chokidar2--watchpack-chokidar2-2.0.1.tgz,0.26,0.03,0.003806216
run_196_repetition_4,DONE,zstd,zstd/@opentelemetry__semantic-conventions--semantic-conventions-1.41.1.tar.zst,1.58,0.19,0.02467193
run_308_repetition_5,DONE,brotli,brotli/typescript--typescript-6.0.3.tar.br,4.18,0.5,0.064451632
run_280_repetition_11,DONE,brotli,brotli/has-to-string-tag-x--has-to-string-tag-x-2.1.2.tar.br,0.32,0.03,0.004463062
run_303_repetition_4,DONE,brotli,brotli/strict-uri-encode--strict-uri-encode-2.0.0.tar.br,0.23,0.03,0.003957468
run_4_repetition_6,DONE,npm,npm/@types__glob--glob-9.0.0.tgz,0.39,0.04,0.005240154
run_301_repetition_28,DONE,brotli,brotli/source-list-map--source-list-map-2.0.1.tar.br,0.3,0.04,0.004169499
run_191_repetition_23,DONE,zstd,zstd/@esbuild__linux-ia32--linux-ia32-0.28.0.tar.zst,3.09,0.36,0.04642807
run_131_repetition_23,DONE,zopfli,zopfli/@modelcontextprotocol__sdk--sdk-1.29.0.tgz,2.52,0.3,0.039292684
run_92_repetition_14,DONE,xz,xz/highlight.js--highlight.js-11.11.1.tar.xz,3.92,0.47,0.060476406
run_34_repetition_26,DONE,npm,npm/react-error-overlay--react-error-overlay-6.1.0.tgz,0.58,0.07,0.008460936
run_129_repetition_11,DONE,zopfli,zopfli/@eslint__eslintrc--eslintrc-3.3.5.tgz,0.63,0.08,0.009183344
run_17_repetition_18,DONE,npm,npm/source-list-map--source-list-map-2.0.1.tgz,0.32,0.04,0.0049893
run_267_repetition_6,DONE,brotli,brotli/aws-sdk--aws-sdk-2.1693.0.tar.br,13.13,1.61,0.20225955
run_192_repetition_29,DONE,zstd,zstd/@eslint__eslintrc--eslintrc-3.3.5.tar.zst,0.32,0.04,0.005227245
run_52_repetition_5,DONE,npm,npm/@opentelemetry__semantic-conventions--semantic-conventions-1.41.1.tgz,4.88,0.58,0.075134246
run_307_repetition_28,DONE,brotli,brotli/ts-node--ts-node-10.9.2.tar.br,0.55,0.06,0.007947435
run_232_repetition_29,DONE,zstd,zstd/protobufjs--protobufjs-8.4.2.tar.zst,0.72,0.09,0.011209087
run_199_repetition_16,DONE,zstd,zstd/@sindresorhus__is--is-8.1.0.tar.zst,0.26,0.03,0.004072634
run_288_repetition_22,DONE,brotli,brotli/lodash-es--lodash-es-4.18.1.tar.br,0.61,0.07,0.008717059
run_293_repetition_4,DONE,brotli,brotli/prismjs--prismjs-1.30.0.tar.br,1.03,0.12,0.015766615
run_186_repetition_28,DONE,zopfli,zopfli/workbox-routing--workbox-routing-7.4.1.tgz,0.42,0.05,0.006173186
run_57_repetition_23,DONE,npm,npm/date-fns--date-fns-4.3.0.tgz,16.18,1.9,0.250194233
run_281_repetition_12,DONE,brotli,brotli/highlight.js--highlight.js-11.11.1.tar.br,1.58,0.19,0.024736031
run_122_repetition_29,DONE,xz,xz/whatwg-mimetype--whatwg-mimetype-5.0.0.tar.xz,0.32,0.04,0.004784323
run_302_repetition_21,DONE,brotli,brotli/split2--split2-4.2.0.tar.br,0.29,0.03,0.004155547
run_77_repetition_28,DONE,xz,xz/assert-plus--assert-plus-1.0.0.tar.xz,0.26,0.03,0.004150752
run_80_repetition_28,DONE,xz,xz/babel-plugin-check-es2015-constants--babel-plugin-check-es2015-constants-6.22.0.tar.xz,0.29,0.03,0.004009641
run_64_repetition_12,DONE,xz,xz/@babel__plugin-transform-regexp-modifiers--plugin-transform-regexp-modifiers-7.28.6.tar.xz,0.26,0.03,0.004007317
run_87_repetition_22,DONE,xz,xz/eslint-plugin-import--eslint-plugin-import-2.32.0.tar.xz,1.99,0.24,0.031035058
run_93_repetition_12,DONE,xz,xz/html-escaper--html-escaper-3.0.3.tar.xz,0.26,0.03,0.004397248
run_24_repetition_8,DONE,npm,npm/@sindresorhus__is--is-8.1.0.tgz,0.36,0.04,0.005246749
run_245_repetition_9,DONE,zstd,zstd/typescript--typescript-6.0.3.tar.zst,3.92,0.46,0.05870062
run_280_repetition_21,DONE,brotli,brotli/has-to-string-tag-x--has-to-string-tag-x-2.1.2.tar.br,0.32,0.04,0.004497832
run_92_repetition_4,DONE,xz,xz/highlight.js--highlight.js-11.11.1.tar.xz,3.9,0.46,0.060419731
run_298_repetition_24,DONE,brotli,brotli/remove-trailing-separator--remove-trailing-separator-1.1.0.tar.br,0.29,0.03,0.004010259
run_78_repetition_4,DONE,xz,xz/aws-sdk--aws-sdk-2.1693.0.tar.xz,46.08,5.5,0.721952604
run_314_repetition_7,DONE,brotli,brotli/xml2js--xml2js-0.6.2.tar.br,1.28,0.15,0.020411611
run_50_repetition_11,DONE,npm,npm/react-dom--react-dom-19.2.6.tgz,3.53,0.42,0.054653964
run_93_repetition_29,DONE,xz,xz/html-escaper--html-escaper-3.0.3.tar.xz,0.3,0.03,0.004504191
run_23_repetition_9,DONE,npm,npm/prop-types--prop-types-15.8.1.tgz,0.32,0.04,0.005190795
run_274_repetition_11,DONE,brotli,brotli/encoding-sniffer--encoding-sniffer-1.0.2.tar.br,0.32,0.04,0.004961781
run_278_repetition_2,DONE,brotli,brotli/fetch-blob--fetch-blob-4.0.0.tar.br,0.29,0.03,0.004272513
run_242_repetition_10,DONE,zstd,zstd/tailwindcss--tailwindcss-4.3.0.tar.zst,0.39,0.05,0.005857273
run_66_repetition_11,DONE,xz,xz/@eslint__eslintrc--eslintrc-3.3.5.tar.xz,0.67,0.08,0.010131441
run_256_repetition_15,DONE,brotli,brotli/@ethersproject__abstract-signer--abstract-signer-5.8.0.tar.br,0.36,0.04,0.004359107
run_18_repetition_23,DONE,npm,npm/fetch-blob--fetch-blob-4.0.0.tgz,0.32,0.04,0.004975205
run_48_repetition_20,DONE,npm,npm/highlight.js--highlight.js-11.11.1.tgz,3.99,0.46,0.060809356
run_171_repetition_25,DONE,zopfli,zopfli/react-error-overlay--react-error-overlay-6.1.0.tgz,0.48,0.06,0.007433024
run_223_repetition_8,DONE,zstd,zstd/libphonenumber-js--libphonenumber-js-1.13.3.tar.zst,1.65,0.19,0.024621148
run_38_repetition_28,DONE,npm,npm/tailwindcss--tailwindcss-4.3.0.tgz,0.71,0.08,0.011158041
run_214_repetition_22,DONE,zstd,zstd/ethers--ethers-6.16.0.tar.zst,2.22,0.26,0.033085789
run_178_repetition_28,DONE,zopfli,zopfli/style-loader--style-loader-4.0.0.tgz,0.32,0.03,0.004417389
run_265_repetition_1,DONE,brotli,brotli/@vue__reactivity--reactivity-3.5.34.tar.br,0.36,0.04,0.005365634
run_284_repetition_25,DONE,brotli,brotli/immer--immer-11.1.8.tar.br,0.45,0.06,0.006885764
run_191_repetition_21,DONE,zstd,zstd/@esbuild__linux-ia32--linux-ia32-0.28.0.tar.zst,3.05,0.36,0.046513512
run_108_repetition_0,DONE,xz,xz/react-error-overlay--react-error-overlay-6.1.0.tar.xz,0.92,0.11,0.014451669
run_159_repetition_14,DONE,zopfli,zopfli/jiti--jiti-2.7.0.tgz,1.18,0.14,0.01816801
run_130_repetition_20,DONE,zopfli,zopfli/@ethersproject__abstract-signer--abstract-signer-5.8.0.tgz,0.29,0.04,0.004457373
run_194_repetition_27,DONE,zstd,zstd/@modelcontextprotocol__sdk--sdk-1.29.0.tar.zst,0.98,0.12,0.014659597
run_25_repetition_20,DONE,npm,npm/encoding-sniffer--encoding-sniffer-1.0.2.tgz,0.42,0.05,0.00585671
run_30_repetition_22,DONE,npm,npm/workbox-routing--workbox-routing-7.4.1.tgz,0.45,0.05,0.00709681
run_120_repetition_2,DONE,xz,xz/watchpack-chokidar2--watchpack-chokidar2-2.0.1.tar.xz,0.25,0.03,0.003958685
run_101_repetition_14,DONE,xz,xz/node-notifier--node-notifier-10.0.1.tar.xz,8.39,0.99,0.131633463
run_6_repetition_16,DONE,npm,npm/babel-plugin-check-es2015-constants--babel-plugin-check-es2015-constants-6.22.0.tgz,0.32,0.04,0.004781932
run_302_repetition_12,DONE,brotli,brotli/split2--split2-4.2.0.tar.br,0.32,0.04,0.00410807
run_229_repetition_3,DONE,zstd,zstd/prettier--prettier-3.8.3.tar.zst,1.66,0.19,0.024675314
run_204_repetition_13,DONE,zstd,zstd/aws-sdk--aws-sdk-2.1693.0.tar.zst,15.18,1.78,0.224529037
run_190_repetition_12,DONE,zstd,zstd/@babel__plugin-transform-regexp-modifiers--plugin-transform-regexp-modifiers-7.28.6.tar.zst,0.26,0.03,0.003504055
run_66_repetition_2,DONE,xz,xz/@eslint__eslintrc--eslintrc-3.3.5.tar.xz,0.64,0.08,0.01027165
run_232_repetition_23,DONE,zstd,zstd/protobufjs--protobufjs-8.4.2.tar.zst,0.74,0.09,0.011022086
run_299_repetition_8,DONE,brotli,brotli/resize-observer-polyfill--resize-observer-polyfill-1.5.1.tar.br,0.32,0.04,0.004838953
run_202_repetition_4,DONE,zstd,zstd/@vue__reactivity--reactivity-3.5.34.tar.zst,0.32,0.03,0.00442982
run_167_repetition_21,DONE,zopfli,zopfli/prismjs--prismjs-1.30.0.tgz,1.75,0.21,0.027607534
run_45_repetition_20,DONE,npm,npm/prismjs--prismjs-1.30.0.tgz,1.92,0.22,0.028812709
run_10_repetition_27,DONE,npm,npm/path-dirname--path-dirname-1.0.2.tgz,0.28,0.03,0.00453003
run_83_repetition_3,DONE,xz,xz/date-fns--date-fns-4.3.0.tar.xz,9.88,1.15,0.153117538
run_95_repetition_5,DONE,xz,xz/immer--immer-11.1.8.tar.xz,0.74,0.09,0.011409384
run_287_repetition_20,DONE,brotli,brotli/linkify-it--linkify-it-5.0.1.tar.br,0.29,0.03,0.004467556
run_54_repetition_24,DONE,npm,npm/node-notifier--node-notifier-10.0.1.tgz,3.3,0.39,0.051820012
run_104_repetition_2,DONE,xz,xz/prismjs--prismjs-1.30.0.tar.xz,2.81,0.33,0.043441095
run_35_repetition_17,DONE,npm,npm/@eslint__eslintrc--eslintrc-3.3.5.tgz,0.64,0.07,0.009626654
run_149_repetition_16,DONE,zopfli,zopfli/eslint-config-react-app--eslint-config-react-app-7.0.1.tgz,0.29,0.03,0.003978903
run_10_repetition_18,DONE,npm,npm/path-dirname--path-dirname-1.0.2.tgz,0.32,0.04,0.004711501
run_265_repetition_12,DONE,brotli,brotli/@vue__reactivity--reactivity-3.5.34.tar.br,0.36,0.04,0.005208868
run_31_repetition_18,DONE,npm,npm/dom-accessibility-api--dom-accessibility-api-0.7.1.tgz,0.52,0.06,0.00732243
run_10_repetition_22,DONE,npm,npm/path-dirname--path-dirname-1.0.2.tgz,0.32,0.04,0.004633183
run_181_repetition_11,DONE,zopfli,zopfli/ts-node--ts-node-10.9.2.tgz,0.7,0.08,0.011189892
run_107_repetition_19,DONE,xz,xz/react-dom--react-dom-19.2.6.tar.xz,2.49,0.3,0.038984879
run_312_repetition_17,DONE,brotli,brotli/workbox-routing--workbox-routing-7.4.1.tar.br,0.39,0.05,0.005605745
run_157_repetition_11,DONE,zopfli,zopfli/iconv-lite--iconv-lite-0.7.2.tgz,0.45,0.05,0.007652908
run_281_repetition_27,DONE,brotli,brotli/highlight.js--highlight.js-11.11.1.tar.br,1.6,0.19,0.024643221
run_142_repetition_19,DONE,zopfli,zopfli/babel-helper-get-function-arity--babel-helper-get-function-arity-6.24.1.tgz,0.23,0.03,0.003589975
run_0_repetition_28,DONE,npm,npm/watchpack-chokidar2--watchpack-chokidar2-2.0.1.tgz,0.33,0.04,0.004501013
run_49_repetition_8,DONE,npm,npm/xml2js--xml2js-0.6.2.tgz,2.09,0.24,0.032285976
run_290_repetition_3,DONE,brotli,brotli/node-notifier--node-notifier-10.0.1.tar.br,2.59,0.3,0.039490937
run_19_repetition_1,DONE,npm,npm/whatwg-mimetype--whatwg-mimetype-5.0.0.tgz,0.32,0.04,0.004975113
run_129_repetition_16,DONE,zopfli,zopfli/@eslint__eslintrc--eslintrc-3.3.5.tgz,0.58,0.07,0.009366152
run_137_repetition_11,DONE,zopfli,zopfli/@types__glob--glob-9.0.0.tgz,0.26,0.03,0.003580885
run_302_repetition_20,DONE,brotli,brotli/split2--split2-4.2.0.tar.br,0.32,0.04,0.004352422
run_154_repetition_23,DONE,zopfli,zopfli/has-to-string-tag-x--has-to-string-tag-x-2.1.2.tgz,0.3,0.03,0.004676019
run_257_repetition_13,DONE,brotli,brotli/@modelcontextprotocol__sdk--sdk-1.29.0.tar.br,1.09,0.13,0.0170825
run_190_repetition_2,DONE,zstd,zstd/@babel__plugin-transform-regexp-modifiers--plugin-transform-regexp-modifiers-7.28.6.tar.zst,0.23,0.03,0.003281572
run_59_repetition_22,DONE,npm,npm/typescript--typescript-6.0.3.tgz,11.21,1.32,0.174707056
run_145_repetition_22,DONE,zopfli,zopfli/client-only--client-only-0.0.1.tgz,0.23,0.03,0.003603183
run_179_repetition_13,DONE,zopfli,zopfli/tailwindcss--tailwindcss-4.3.0.tgz,0.65,0.08,0.010097019
run_140_repetition_8,DONE,zopfli,zopfli/assert-plus--assert-plus-1.0.0.tgz,0.26,0.03,0.003899552
run_75_repetition_23,DONE,xz,xz/@types__uuid--uuid-11.0.0.tar.xz,0.26,0.03,0.003782571
run_217_repetition_6,DONE,zstd,zstd/has-to-string-tag-x--has-to-string-tag-x-2.1.2.tar.zst,0.25,0.03,0.003892171
run_302_repetition_15,DONE,brotli,brotli/split2--split2-4.2.0.tar.br,0.26,0.03,0.003948651
run_284_repetition_28,DONE,brotli,brotli/immer--immer-11.1.8.tar.br,0.48,0.05,0.007293149
run_118_repetition_3,DONE,xz,xz/ts-node--ts-node-10.9.2.tar.xz,1.08,0.13,0.016908623
run_190_repetition_16,DONE,zstd,zstd/@babel__plugin-transform-regexp-modifiers--plugin-transform-regexp-modifiers-7.28.6.tar.zst,0.23,0.03,0.003479094
run_183_repetition_9,DONE,zopfli,zopfli/watchpack-chokidar2--watchpack-chokidar2-2.0.1.tgz,0.25,0.03,0.003686167
run_112_repetition_15,DONE,xz,xz/source-list-map--source-list-map-2.0.1.tar.xz,0.32,0.03,0.004391127
run_11_repetition_10,DONE,npm,npm/shallowequal--shallowequal-1.1.0.tgz,0.33,0.04,0.004675708
run_63_repetition_19,DONE,xz,xz/@aws-cdk__cloud-assembly-schema--cloud-assembly-schema-53.27.0.tar.xz,1.02,0.12,0.015762881
run_211_repetition_12,DONE,zstd,zstd/encoding-sniffer--encoding-sniffer-1.0.2.tar.zst,0.26,0.03,0.004068837
run_35_repetition_20,DONE,npm,npm/@eslint__eslintrc--eslintrc-3.3.5.tgz,0.62,0.07,0.00964887
run_158_repetition_15,DONE,zopfli,zopfli/immer--immer-11.1.8.tgz,0.77,0.09,0.012159431
run_197_repetition_6,DONE,zstd,zstd/@parcel__watcher--watcher-2.5.6.tar.zst,0.3,0.03,0.004102151
run_70_repetition_16,DONE,xz,xz/@opentelemetry__semantic-conventions--semantic-conventions-1.41.1.tar.xz,3.07,0.36,0.048255998
run_135_repetition_21,DONE,zopfli,zopfli/@radix-ui__primitive--primitive-1.1.3.tgz,0.29,0.03,0.003715756
run_164_repetition_20,DONE,zopfli,zopfli/node-notifier--node-notifier-10.0.1.tgz,3.4,0.41,0.053926745
run_297_repetition_3,DONE,brotli,brotli/react-error-overlay--react-error-overlay-6.1.0.tar.br,0.45,0.05,0.006935713
run_278_repetition_16,DONE,brotli,brotli/fetch-blob--fetch-blob-4.0.0.tar.br,0.26,0.03,0.004067531
run_213_repetition_7,DONE,zstd,zstd/eslint-plugin-import--eslint-plugin-import-2.32.0.tar.zst,0.59,0.07,0.008973571
run_138_repetition_16,DONE,zopfli,zopfli/@types__uuid--uuid-11.0.0.tgz,0.26,0.03,0.003537091
run_147_repetition_20,DONE,zopfli,zopfli/dom-accessibility-api--dom-accessibility-api-0.7.1.tgz,0.42,0.05,0.006453411
run_128_repetition_20,DONE,zopfli,zopfli/@esbuild__linux-ia32--linux-ia32-0.28.0.tgz,7.61,0.91,0.119332077
run_281_repetition_8,DONE,brotli,brotli/highlight.js--highlight.js-11.11.1.tar.br,1.61,0.19,0.024902598
run_275_repetition_9,DONE,brotli,brotli/eslint-config-react-app--eslint-config-react-app-7.0.1.tar.br,0.29,0.04,0.004149595
run_194_repetition_11,DONE,zstd,zstd/@modelcontextprotocol__sdk--sdk-1.29.0.tar.zst,0.97,0.12,0.014802341
run_93_repetition_1,DONE,xz,xz/html-escaper--html-escaper-3.0.3.tar.xz,0.32,0.04,0.004412263
run_273_repetition_16,DONE,brotli,brotli/dom-accessibility-api--dom-accessibility-api-0.7.1.tar.br,0.32,0.04,0.005435362
run_157_repetition_29,DONE,zopfli,zopfli/iconv-lite--iconv-lite-0.7.2.tgz,0.45,0.05,0.007399557
run_130_repetition_7,DONE,zopfli,zopfli/@ethersproject__abstract-signer--abstract-signer-5.8.0.tgz,0.29,0.03,0.004550291
run_32_repetition_25,DONE,npm,npm/@vue__reactivity--reactivity-3.5.34.tgz,0.49,0.06,0.007299122
run_137_repetition_27,DONE,zopfli,zopfli/@types__glob--glob-9.0.0.tgz,0.23,0.03,0.003560557
run_97_repetition_9,DONE,xz,xz/libphonenumber-js--libphonenumber-js-1.13.3.tar.xz,4.29,0.51,0.066943281
run_112_repetition_1,DONE,xz,xz/source-list-map--source-list-map-2.0.1.tar.xz,0.29,0.03,0.004383192
run_270_repetition_19,DONE,brotli,brotli/babel-plugin-transform-exponentiation-operator--babel-plugin-transform-exponentiation-operator-6.24.1.tar.br,0.29,0.03,0.004170773
run_245_repetition_4,DONE,zstd,zstd/typescript--typescript-6.0.3.tar.zst,3.94,0.46,0.058716359
run_104_repetition_12,DONE,xz,xz/prismjs--prismjs-1.30.0.tar.xz,2.78,0.33,0.043516711
run_112_repetition_23,DONE,xz,xz/source-list-map--source-list-map-2.0.1.tar.xz,0.29,0.03,0.004379785
run_25_repetition_13,DONE,npm,npm/encoding-sniffer--encoding-sniffer-1.0.2.tgz,0.4,0.05,0.005651958
run_267_repetition_3,DONE,brotli,brotli/aws-sdk--aws-sdk-2.1693.0.tar.br,13.05,1.61,0.201683753
run_189_repetition_5,DONE,zstd,zstd/@aws-cdk__cloud-assembly-schema--cloud-assembly-schema-53.27.0.tar.zst,0.39,0.05,0.006093253
run_95_repetition_17,DONE,xz,xz/immer--immer-11.1.8.tar.xz,0.8,0.09,0.011919447
run_225_repetition_25,DONE,zstd,zstd/lodash-es--lodash-es-4.18.1.tar.zst,0.45,0.05,0.007231984
run_204_repetition_8,DONE,zstd,zstd/aws-sdk--aws-sdk-2.1693.0.tar.zst,15.17,1.79,0.2247971
run_125_repetition_16,DONE,xz,xz/xml2js--xml2js-0.6.2.tar.xz,4.1,0.49,0.064371399
run_21_repetition_12,DONE,npm,npm/style-loader--style-loader-4.0.0.tgz,0.32,0.04,0.00515039
run_6_repetition_5,DONE,npm,npm/babel-plugin-check-es2015-constants--babel-plugin-check-es2015-constants-6.22.0.tgz,0.33,0.04,0.005164321
run_66_repetition_29,DONE,xz,xz/@eslint__eslintrc--eslintrc-3.3.5.tar.xz,0.68,0.08,0.010052574
run_98_repetition_8,DONE,xz,xz/linkify-it--linkify-it-5.0.1.tar.xz,0.32,0.04,0.004823988
run_221_repetition_22,DONE,zstd,zstd/immer--immer-11.1.8.tar.zst,0.39,0.05,0.006121574
run_72_repetition_24,DONE,xz,xz/@radix-ui__primitive--primitive-1.1.3.tar.xz,0.26,0.03,0.004192624
run_14_repetition_24,DONE,npm,npm/split2--split2-4.2.0.tgz,0.32,0.04,0.004751345
run_209_repetition_3,DONE,zstd,zstd/date-fns--date-fns-4.3.0.tar.zst,3.88,0.46,0.057285474
run_72_repetition_2,DONE,xz,xz/@radix-ui__primitive--primitive-1.1.3.tar.xz,0.26,0.03,0.003925517
run_180_repetition_22,DONE,zopfli,zopfli/tar--tar-7.5.15.tgz,1.59,0.19,0.024379347
run_125_repetition_3,DONE,xz,xz/xml2js--xml2js-0.6.2.tar.xz,4.12,0.48,0.064467984
run_226_repetition_23,DONE,zstd,zstd/next--next-16.2.6.tar.zst,21.34,2.55,0.314340483
run_142_repetition_9,DONE,zopfli,zopfli/babel-helper-get-function-arity--babel-helper-get-function-arity-6.24.1.tgz,0.22,0.03,0.003634538
run_216_repetition_26,DONE,zstd,zstd/got--got-15.0.5.tar.zst,0.32,0.04,0.004711671
run_65_repetition_24,DONE,xz,xz/@esbuild__linux-ia32--linux-ia32-0.28.0.tar.xz,21.56,2.5,0.338281572
run_115_repetition_29,DONE,xz,xz/style-loader--style-loader-4.0.0.tar.xz,0.36,0.04,0.005073302
run_183_repetition_23,DONE,zopfli,zopfli/watchpack-chokidar2--watchpack-chokidar2-2.0.1.tgz,0.26,0.03,0.003474022
run_96_repetition_28,DONE,xz,xz/jiti--jiti-2.7.0.tar.xz,2.15,0.25,0.033192658
run_117_repetition_25,DONE,xz,xz/tar--tar-7.5.15.tar.xz,1.67,0.19,0.02567915
run_278_repetition_12,DONE,brotli,brotli/fetch-blob--fetch-blob-4.0.0.tar.br,0.29,0.03,0.004203895
run_147_repetition_14,DONE,zopfli,zopfli/dom-accessibility-api--dom-accessibility-api-0.7.1.tgz,0.39,0.04,0.006188058
run_288_repetition_29,DONE,brotli,brotli/lodash-es--lodash-es-4.18.1.tar.br,0.58,0.07,0.008650182
run_188_repetition_20,DONE,zopfli,zopfli/xml2js--xml2js-0.6.2.tgz,2.05,0.24,0.031607407
run_163_repetition_4,DONE,zopfli,zopfli/next--next-16.2.6.tgz,81.38,9.63,1.281793792
run_69_repetition_2,DONE,xz,xz/@next__swc-linux-arm64-musl--swc-linux-arm64-musl-16.2.6.tar.xz,154.97,18.04,2.4239724
run_101_repetition_15,DONE,xz,xz/node-notifier--node-notifier-10.0.1.tar.xz,8.42,0.97,0.13179741
run_57_repetition_13,DONE,npm,npm/date-fns--date-fns-4.3.0.tgz,16.3,1.88,0.250945346
run_125_repetition_22,DONE,xz,xz/xml2js--xml2js-0.6.2.tar.xz,4.09,0.47,0.063871036
run_206_repetition_24,DONE,zstd,zstd/babel-plugin-check-es2015-constants--babel-plugin-check-es2015-constants-6.22.0.tar.zst,0.23,0.03,0.003363832
run_250_repetition_17,DONE,zstd,zstd/workbox-streams--workbox-streams-7.4.1.tar.zst,0.3,0.04,0.004043164
run_114_repetition_1,DONE,xz,xz/strict-uri-encode--strict-uri-encode-2.0.0.tar.xz,0.29,0.03,0.004152647
run_142_repetition_10,DONE,zopfli,zopfli/babel-helper-get-function-arity--babel-helper-get-function-arity-6.24.1.tgz,0.25,0.03,0.003570615
run_68_repetition_0,DONE,xz,xz/@modelcontextprotocol__sdk--sdk-1.29.0.tar.xz,2.33,0.27,0.036190771
run_88_repetition_18,DONE,xz,xz/ethers--ethers-6.16.0.tar.xz,6.73,0.81,0.105306385
run_257_repetition_20,DONE,brotli,brotli/@modelcontextprotocol__sdk--sdk-1.29.0.tar.br,1.07,0.13,0.016064228
run_24_repetition_14,DONE,npm,npm/@sindresorhus__is--is-8.1.0.tgz,0.39,0.05,0.005352884
run_114_repetition_4,DONE,xz,xz/strict-uri-encode--strict-uri-encode-2.0.0.tar.xz,0.25,0.03,0.003910259
run_76_repetition_5,DONE,xz,xz/@vue__reactivity--reactivity-3.5.34.tar.xz,0.48,0.05,0.007307723
run_99_repetition_26,DONE,xz,xz/lodash-es--lodash-es-4.18.1.tar.xz,1.03,0.12,0.015801614
run_243_repetition_27,DONE,zstd,zstd/tar--tar-7.5.15.tar.zst,0.58,0.07,0.009629771
run_276_repetition_14,DONE,brotli,brotli/eslint-plugin-import--eslint-plugin-import-2.32.0.tar.br,0.74,0.09,0.011496279
run_289_repetition_26,DONE,brotli,brotli/next--next-16.2.6.tar.br,22.67,2.76,0.350381594
run_163_repetition_15,DONE,zopfli,zopfli/next--next-16.2.6.tgz,81.15,9.68,1.280787136
run_10_repetition_5,DONE,npm,npm/path-dirname--path-dirname-1.0.2.tgz,0.36,0.05,0.004742925
run_3_repetition_7,DONE,npm,npm/@types__uuid--uuid-11.0.0.tgz,0.35,0.04,0.005267098
run_177_repetition_24,DONE,zopfli,zopfli/strict-uri-encode--strict-uri-encode-2.0.0.tgz,0.23,0.03,0.003462802
run_264_repetition_16,DONE,brotli,brotli/@types__uuid--uuid-11.0.0.tar.br,0.23,0.03,0.003589275
run_89_repetition_4,DONE,xz,xz/fetch-blob--fetch-blob-4.0.0.tar.xz,0.35,0.04,0.004469586
run_221_repetition_29,DONE,zstd,zstd/immer--immer-11.1.8.tar.zst,0.39,0.05,0.005711209
run_93_repetition_0,DONE,xz,xz/html-escaper--html-escaper-3.0.3.tar.xz,0.29,0.03,0.004225202
run_250_repetition_11,DONE,zstd,zstd/workbox-streams--workbox-streams-7.4.1.tar.zst,0.26,0.03,0.004075304
run_252_repetition_24,DONE,brotli,brotli/@aws-cdk__cloud-assembly-schema--cloud-assembly-schema-53.27.0.tar.br,0.52,0.06,0.007744738
run_161_repetition_22,DONE,zopfli,zopfli/linkify-it--linkify-it-5.0.1.tgz,0.32,0.04,0.004157464
run_129_repetition_5,DONE,zopfli,zopfli/@eslint__eslintrc--eslintrc-3.3.5.tgz,0.61,0.07,0.009302135
run_211_repetition_0,DONE,zstd,zstd/encoding-sniffer--encoding-sniffer-1.0.2.tar.zst,0.29,0.03,0.00399602
run_252_repetition_25,DONE,brotli,brotli/@aws-cdk__cloud-assembly-schema--cloud-assembly-schema-53.27.0.tar.br,0.51,0.06,0.00775126
run_16_repetition_9,DONE,npm,npm/eslint-config-react-app--eslint-config-react-app-7.0.1.tgz,0.32,0.04,0.00475828
run_274_repetition_9,DONE,brotli,brotli/encoding-sniffer--encoding-sniffer-1.0.2.tar.br,0.32,0.03,0.004669027
run_50_repetition_9,DONE,npm,npm/react-dom--react-dom-19.2.6.tgz,3.51,0.42,0.054598157
run_77_repetition_9,DONE,xz,xz/assert-plus--assert-plus-1.0.0.tar.xz,0.32,0.04,0.00455828
run_166_repetition_6,DONE,zopfli,zopfli/prettier--prettier-3.8.3.tgz,4.95,0.59,0.077156982
run_266_repetition_3,DONE,brotli,brotli/assert-plus--assert-plus-1.0.0.tar.br,0.25,0.03,0.003873535
run_183_repetition_4,DONE,zopfli,zopfli/watchpack-chokidar2--watchpack-chokidar2-2.0.1.tgz,0.23,0.03,0.003546814
run_115_repetition_28,DONE,xz,xz/style-loader--style-loader-4.0.0.tar.xz,0.36,0.04,0.005506413
run_108_repetition_6,DONE,xz,xz/react-error-overlay--react-error-overlay-6.1.0.tar.xz,0.95,0.12,0.014800808
run_225_repetition_4,DONE,zstd,zstd/lodash-es--lodash-es-4.18.1.tar.zst,0.48,0.05,0.007303931
run_35_repetition_29,DONE,npm,npm/@eslint__eslintrc--eslintrc-3.3.5.tgz,0.68,0.08,0.009792131
run_95_repetition_27,DONE,xz,xz/immer--immer-11.1.8.tar.xz,0.77,0.09,0.011994647
run_282_repetition_27,DONE,brotli,brotli/html-escaper--html-escaper-3.0.3.tar.br,0.29,0.03,0.004505684
run_293_repetition_15,DONE,brotli,brotli/prismjs--prismjs-1.30.0.tar.br,1.03,0.12,0.015918392
run_252_repetition_16,DONE,brotli,brotli/@aws-cdk__cloud-assembly-schema--cloud-assembly-schema-53.27.0.tar.br,0.51,0.06,0.007630647
run_157_repetition_16,DONE,zopfli,zopfli/iconv-lite--iconv-lite-0.7.2.tgz,0.51,0.06,0.007707365
run_145_repetition_17,DONE,zopfli,zopfli/client-only--client-only-0.0.1.tgz,0.23,0.03,0.003560675
run_194_repetition_6,DONE,zstd,zstd/@modelcontextprotocol__sdk--sdk-1.29.0.tar.zst,0.97,0.12,0.014879034
run_197_repetition_11,DONE,zstd,zstd/@parcel__watcher--watcher-2.5.6.tar.zst,0.32,0.04,0.004934381
run_206_repetition_16,DONE,zstd,zstd/babel-plugin-check-es2015-constants--babel-plugin-check-es2015-constants-6.22.0.tar.zst,0.23,0.03,0.003326998
run_195_repetition_16,DONE,zstd,zstd/@next__swc-linux-arm64-musl--swc-linux-arm64-musl-16.2.6.tar.zst,29.67,3.48,0.448596051
run_294_repetition_21,DONE,brotli,brotli/prop-types--prop-types-15.8.1.tar.br,0.28,0.03,0.004632219
run_2_repetition_29,DONE,npm,npm/babel-helper-get-function-arity--babel-helper-get-function-arity-6.24.1.tgz,0.32,0.04,0.004708719
run_187_repetition_6,DONE,zopfli,zopfli/workbox-streams--workbox-streams-7.4.1.tgz,0.35,0.04,0.005034975
run_120_repetition_17,DONE,xz,xz/watchpack-chokidar2--watchpack-chokidar2-2.0.1.tar.xz,0.29,0.03,0.004255847
run_198_repetition_27,DONE,zstd,zstd/@radix-ui__primitive--primitive-1.1.3.tar.zst,0.23,0.02,0.003418301
run_86_repetition_28,DONE,xz,xz/eslint-config-react-app--eslint-config-react-app-7.0.1.tar.xz,0.32,0.04,0.004348607
run_18_repetition_8,DONE,npm,npm/fetch-blob--fetch-blob-4.0.0.tgz,0.32,0.04,0.005181547
run_234_repetition_27,DONE,zstd,zstd/react-error-overlay--react-error-overlay-6.1.0.tar.zst,0.38,0.04,0.005542769
run_162_repetition_26,DONE,zopfli,zopfli/lodash-es--lodash-es-4.18.1.tgz,0.93,0.11,0.014216094
run_121_repetition_3,DONE,xz,xz/webpack--webpack-5.107.1.tar.xz,5.55,0.65,0.087182669
run_51_repetition_5,DONE,npm,npm/webpack--webpack-5.107.1.tgz,3.71,0.42,0.054626653
run_119_repetition_26,DONE,xz,xz/typescript--typescript-6.0.3.tar.xz,13.58,1.58,0.212137308
run_1_repetition_26,DONE,npm,npm/client-only--client-only-0.0.1.tgz,0.33,0.04,0.004678208
run_253_repetition_23,DONE,brotli,brotli/@babel__plugin-transform-regexp-modifiers--plugin-transform-regexp-modifiers-7.28.6.tar.br,0.26,0.03,0.003939979
run_154_repetition_19,DONE,zopfli,zopfli/has-to-string-tag-x--has-to-string-tag-x-2.1.2.tgz,0.29,0.04,0.004547266
run_13_repetition_22,DONE,npm,npm/assert-plus--assert-plus-1.0.0.tgz,0.36,0.04,0.005321515
run_155_repetition_28,DONE,zopfli,zopfli/highlight.js--highlight.js-11.11.1.tgz,3.59,0.43,0.056086564
run_303_repetition_7,DONE,brotli,brotli/strict-uri-encode--strict-uri-encode-2.0.0.tar.br,0.26,0.03,0.00399225
run_28_repetition_11,DONE,npm,npm/resize-observer-polyfill--resize-observer-polyfill-1.5.1.tgz,0.39,0.05,0.005766461
run_156_repetition_27,DONE,zopfli,zopfli/html-escaper--html-escaper-3.0.3.tgz,0.29,0.03,0.00373989
run_294_repetition_23,DONE,brotli,brotli/prop-types--prop-types-15.8.1.tar.br,0.32,0.04,0.004359981
run_83_repetition_7,DONE,xz,xz/date-fns--date-fns-4.3.0.tar.xz,9.72,1.14,0.151866321
run_131_repetition_8,DONE,zopfli,zopfli/@modelcontextprotocol__sdk--sdk-1.29.0.tgz,2.5,0.3,0.039520713
run_8_repetition_4,DONE,npm,npm/@babel__plugin-transform-regexp-modifiers--plugin-transform-regexp-modifiers-7.28.6.tgz,0.3,0.04,0.004540146
run_133_repetition_21,DONE,zopfli,zopfli/@opentelemetry__semantic-conventions--semantic-conventions-1.41.1.tgz,4.89,0.59,0.07773788
run_74_repetition_12,DONE,xz,xz/@types__glob--glob-9.0.0.tar.xz,0.23,0.03,0.003713375
run_196_repetition_28,DONE,zstd,zstd/@opentelemetry__semantic-conventions--semantic-conventions-1.41.1.tar.zst,1.54,0.19,0.024226444
run_116_repetition_24,DONE,xz,xz/tailwindcss--tailwindcss-4.3.0.tar.xz,0.9,0.1,0.013678277
run_14_repetition_10,DONE,npm,npm/split2--split2-4.2.0.tgz,0.32,0.04,0.004871684
run_272_repetition_26,DONE,brotli,brotli/date-fns--date-fns-4.3.0.tar.br,3.81,0.46,0.058845337
run_17_repetition_12,DONE,npm,npm/source-list-map--source-list-map-2.0.1.tgz,0.36,0.04,0.004860937
run_172_repetition_4,DONE,zopfli,zopfli/remove-trailing-separator--remove-trailing-separator-1.1.0.tgz,0.26,0.03,0.003859428
run_6_repetition_27,DONE,npm,npm/babel-plugin-check-es2015-constants--babel-plugin-check-es2015-constants-6.22.0.tgz,0.36,0.04,0.004695709
run_294_repetition_12,DONE,brotli,brotli/prop-types--prop-types-15.8.1.tar.br,0.29,0.03,0.004364629
run_243_repetition_2,DONE,zstd,zstd/tar--tar-7.5.15.tar.zst,0.65,0.08,0.009682339
run_88_repetition_8,DONE,xz,xz/ethers--ethers-6.16.0.tar.xz,6.68,0.79,0.104992239
run_199_repetition_8,DONE,zstd,zstd/@sindresorhus__is--is-8.1.0.tar.zst,0.26,0.03,0.003887893
run_244_repetition_18,DONE,zstd,zstd/ts-node--ts-node-10.9.2.tar.zst,0.39,0.05,0.006385357
run_195_repetition_27,DONE,zstd,zstd/@next__swc-linux-arm64-musl--swc-linux-arm64-musl-16.2.6.tar.zst,29.65,3.43,0.447011873
run_297_repetition_26,DONE,brotli,brotli/react-error-overlay--react-error-overlay-6.1.0.tar.br,0.45,0.05,0.006874387
run_258_repetition_5,DONE,brotli,brotli/@next__swc-linux-arm64-musl--swc-linux-arm64-musl-16.2.6.tar.br,40.43,4.81,0.631031177
run_72_repetition_15,DONE,xz,xz/@radix-ui__primitive--primitive-1.1.3.tar.xz,0.26,0.03,0.004269916
run_19_repetition_14,DONE,npm,npm/whatwg-mimetype--whatwg-mimetype-5.0.0.tgz,0.32,0.04,0.004827646
run_135_repetition_5,DONE,zopfli,zopfli/@radix-ui__primitive--primitive-1.1.3.tgz,0.25,0.03,0.003774651
run_2_repetition_1,DONE,npm,npm/babel-helper-get-function-arity--babel-helper-get-function-arity-6.24.1.tgz,0.3,0.03,0.00435779
run_74_repetition_11,DONE,xz,xz/@types__glob--glob-9.0.0.tar.xz,0.26,0.03,0.003905967
run_312_repetition_9,DONE,brotli,brotli/workbox-routing--workbox-routing-7.4.1.tar.br,0.42,0.05,0.006071879
run_92_repetition_2,DONE,xz,xz/highlight.js--highlight.js-11.11.1.tar.xz,3.89,0.45,0.061033589
run_232_repetition_0,DONE,zstd,zstd/protobufjs--protobufjs-8.4.2.tar.zst,0.74,0.09,0.011462504
run_97_repetition_7,DONE,xz,xz/libphonenumber-js--libphonenumber-js-1.13.3.tar.xz,4.35,0.51,0.067124794
run_126_repetition_23,DONE,zopfli,zopfli/@aws-cdk__cloud-assembly-schema--cloud-assembly-schema-53.27.0.tgz,0.7,0.08,0.010762273
run_253_repetition_12,DONE,brotli,brotli/@babel__plugin-transform-regexp-modifiers--plugin-transform-regexp-modifiers-7.28.6.tar.br,0.29,0.03,0.003944648
run_40_repetition_28,DONE,npm,npm/ts-node--ts-node-10.9.2.tgz,0.77,0.09,0.011863961
run_43_repetition_28,DONE,npm,npm/jiti--jiti-2.7.0.tgz,1.23,0.15,0.018772132
run_200_repetition_3,DONE,zstd,zstd/@types__glob--glob-9.0.0.tar.zst,0.26,0.03,0.003543215
run_187_repetition_4,DONE,zopfli,zopfli/workbox-streams--workbox-streams-7.4.1.tgz,0.35,0.04,0.005198175
run_143_repetition_17,DONE,zopfli,zopfli/babel-plugin-check-es2015-constants--babel-plugin-check-es2015-constants-6.22.0.tgz,0.2,0.02,0.003480265
run_209_repetition_14,DONE,zstd,zstd/date-fns--date-fns-4.3.0.tar.zst,3.85,0.46,0.057226535
run_29_repetition_6,DONE,npm,npm/@parcel__watcher--watcher-2.5.6.tgz,0.45,0.05,0.006517611
run_134_repetition_9,DONE,zopfli,zopfli/@parcel__watcher--watcher-2.5.6.tgz,0.32,0.04,0.005306763
run_270_repetition_28,DONE,brotli,brotli/babel-plugin-transform-exponentiation-operator--babel-plugin-transform-exponentiation-operator-6.24.1.tar.br,0.26,0.03,0.003955221
run_170_repetition_14,DONE,zopfli,zopfli/react-dom--react-dom-19.2.6.tgz,3.51,0.4,0.055023039
run_117_repetition_14,DONE,xz,xz/tar--tar-7.5.15.tar.xz,1.66,0.2,0.025883921
run_138_repetition_10,DONE,zopfli,zopfli/@types__uuid--uuid-11.0.0.tgz,0.23,0.03,0.003392681
run_150_repetition_26,DONE,zopfli,zopfli/eslint-plugin-import--eslint-plugin-import-2.32.0.tgz,1.14,0.14,0.01761571
run_133_repetition_19,DONE,zopfli,zopfli/@opentelemetry__semantic-conventions--semantic-conventions-1.41.1.tgz,4.96,0.59,0.077905849
run_56_repetition_18,DONE,npm,npm/ethers--ethers-6.16.0.tgz,6.99,0.81,0.107656857
run_248_repetition_17,DONE,zstd,zstd/whatwg-mimetype--whatwg-mimetype-5.0.0.tar.zst,0.26,0.03,0.003576778
run_83_repetition_14,DONE,xz,xz/date-fns--date-fns-4.3.0.tar.xz,9.66,1.15,0.151699229
run_35_repetition_15,DONE,npm,npm/@eslint__eslintrc--eslintrc-3.3.5.tgz,0.64,0.07,0.009665426
run_162_repetition_27,DONE,zopfli,zopfli/lodash-es--lodash-es-4.18.1.tgz,0.9,0.11,0.013917931
run_133_repetition_15,DONE,zopfli,zopfli/@opentelemetry__semantic-conventions--semantic-conventions-1.41.1.tgz,4.96,0.58,0.077948915
run_77_repetition_1,DONE,xz,xz/assert-plus--assert-plus-1.0.0.tar.xz,0.26,0.03,0.004323702
run_296_repetition_17,DONE,brotli,brotli/react-dom--react-dom-19.2.6.tar.br,1.19,0.14,0.018737224
run_133_repetition_27,DONE,zopfli,zopfli/@opentelemetry__semantic-conventions--semantic-conventions-1.41.1.tgz,4.95,0.59,0.077592285
run_192_repetition_10,DONE,zstd,zstd/@eslint__eslintrc--eslintrc-3.3.5.tar.zst,0.39,0.04,0.005269678
run_160_repetition_17,DONE,zopfli,zopfli/libphonenumber-js--libphonenumber-js-1.13.3.tgz,5.66,0.68,0.089204482
run_29_repetition_0,DONE,npm,npm/@parcel__watcher--watcher-2.5.6.tgz,0.45,0.05,0.006359158
run_173_repetition_20,DONE,zopfli,zopfli/resize-observer-polyfill--resize-observer-polyfill-1.5.1.tgz,0.32,0.04,0.005031493
run_129_repetition_1,DONE,zopfli,zopfli/@eslint__eslintrc--eslintrc-3.3.5.tgz,0.57,0.07,0.009200541
run_101_repetition_24,DONE,xz,xz/node-notifier--node-notifier-10.0.1.tar.xz,8.4,0.99,0.131588598
run_233_repetition_21,DONE,zstd,zstd/react-dom--react-dom-19.2.6.tar.zst,1.16,0.14,0.017632891
run_57_repetition_4,DONE,npm,npm/date-fns--date-fns-4.3.0.tgz,16.17,1.89,0.251129816
run_183_repetition_22,DONE,zopfli,zopfli/watchpack-chokidar2--watchpack-chokidar2-2.0.1.tgz,0.23,0.03,0.003321604
run_132_repetition_26,DONE,zopfli,zopfli/@next__swc-linux-arm64-musl--swc-linux-arm64-musl-16.2.6.tgz,74.01,8.75,1.165586902
run_153_repetition_28,DONE,zopfli,zopfli/got--got-15.0.5.tgz,0.48,0.05,0.006931934
run_234_repetition_21,DONE,zstd,zstd/react-error-overlay--react-error-overlay-6.1.0.tar.zst,0.36,0.04,0.005290106
run_1_repetition_12,DONE,npm,npm/client-only--client-only-0.0.1.tgz,0.29,0.03,0.004402172
run_197_repetition_2,DONE,zstd,zstd/@parcel__watcher--watcher-2.5.6.tar.zst,0.3,0.03,0.00411244
run_217_repetition_7,DONE,zstd,zstd/has-to-string-tag-x--has-to-string-tag-x-2.1.2.tar.zst,0.26,0.03,0.003889664
run_93_repetition_24,DONE,xz,xz/html-escaper--html-escaper-3.0.3.tar.xz,0.32,0.04,0.004820928
run_201_repetition_3,DONE,zstd,zstd/@types__uuid--uuid-11.0.0.tar.zst,0.23,0.02,0.003303934
run_156_repetition_7,DONE,zopfli,zopfli/html-escaper--html-escaper-3.0.3.tgz,0.26,0.03,0.003982471
run_46_repetition_11,DONE,npm,npm/@modelcontextprotocol__sdk--sdk-1.29.0.tgz,2.25,0.26,0.034437578
run_187_repetition_19,DONE,zopfli,zopfli/workbox-streams--workbox-streams-7.4.1.tgz,0.32,0.04,0.004821909
run_59_repetition_12,DONE,npm,npm/typescript--typescript-6.0.3.tgz,11.2,1.31,0.174987857
run_255_repetition_25,DONE,brotli,brotli/@eslint__eslintrc--eslintrc-3.3.5.tar.br,0.45,0.05,0.006759835
run_203_repetition_19,DONE,zstd,zstd/assert-plus--assert-plus-1.0.0.tar.zst,0.2,0.02,0.00335015
run_83_repetition_1,DONE,xz,xz/date-fns--date-fns-4.3.0.tar.xz,9.58,1.13,0.150607391
run_72_repetition_17,DONE,xz,xz/@radix-ui__primitive--primitive-1.1.3.tar.xz,0.25,0.03,0.004053913
run_176_repetition_19,DONE,zopfli,zopfli/split2--split2-4.2.0.tgz,0.26,0.03,0.003878214
run_109_repetition_3,DONE,xz,xz/remove-trailing-separator--remove-trailing-separator-1.1.0.tar.xz,0.29,0.04,0.004136058
run_40_repetition_22,DONE,npm,npm/ts-node--ts-node-10.9.2.tgz,0.78,0.09,0.011826467
run_70_repetition_4,DONE,xz,xz/@opentelemetry__semantic-conventions--semantic-conventions-1.41.1.tar.xz,3.03,0.36,0.04763249
run_166_repetition_4,DONE,zopfli,zopfli/prettier--prettier-3.8.3.tgz,4.92,0.58,0.077237656
run_4_repetition_24,DONE,npm,npm/@types__glob--glob-9.0.0.tgz,0.38,0.05,0.005684222
run_161_repetition_16,DONE,zopfli,zopfli/linkify-it--linkify-it-5.0.1.tgz,0.29,0.03,0.004248508
run_295_repetition_1,DONE,brotli,brotli/protobufjs--protobufjs-8.4.2.tar.br,0.83,0.1,0.012938105
run_26_repetition_26,DONE,npm,npm/workbox-streams--workbox-streams-7.4.1.tgz,0.39,0.05,0.006260711
run_14_repetition_5,DONE,npm,npm/split2--split2-4.2.0.tgz,0.32,0.04,0.005044671
run_273_repetition_21,DONE,brotli,brotli/dom-accessibility-api--dom-accessibility-api-0.7.1.tar.br,0.35,0.04,0.005403603
run_208_repetition_15,DONE,zstd,zstd/client-only--client-only-0.0.1.tar.zst,0.19,0.02,0.003340896
run_28_repetition_19,DONE,npm,npm/resize-observer-polyfill--resize-observer-polyfill-1.5.1.tgz,0.42,0.05,0.005991179
run_297_repetition_13,DONE,brotli,brotli/react-error-overlay--react-error-overlay-6.1.0.tar.br,0.46,0.05,0.006912342
run_276_repetition_29,DONE,brotli,brotli/eslint-plugin-import--eslint-plugin-import-2.32.0.tar.br,0.77,0.09,0.011325247
run_14_repetition_14,DONE,npm,npm/split2--split2-4.2.0.tgz,0.33,0.04,0.004894716
run_133_repetition_29,DONE,zopfli,zopfli/@opentelemetry__semantic-conventions--semantic-conventions-1.41.1.tgz,4.91,0.58,0.07753925
run_279_repetition_11,DONE,brotli,brotli/got--got-15.0.5.tar.br,0.36,0.04,0.005819041
run_204_repetition_27,DONE,zstd,zstd/aws-sdk--aws-sdk-2.1693.0.tar.zst,15.19,1.78,0.224409462
run_291_repetition_11,DONE,brotli,brotli/path-dirname--path-dirname-1.0.2.tar.br,0.26,0.03,0.003918464
run_250_repetition_10,DONE,zstd,zstd/workbox-streams--workbox-streams-7.4.1.tar.zst,0.25,0.03,0.0042288
run_54_repetition_20,DONE,npm,npm/node-notifier--node-notifier-10.0.1.tgz,3.33,0.39,0.051681173
run_209_repetition_24,DONE,zstd,zstd/date-fns--date-fns-4.3.0.tar.zst,3.94,0.46,0.057446041
run_74_repetition_10,DONE,xz,xz/@types__glob--glob-9.0.0.tar.xz,0.29,0.03,0.003874246
run_109_repetition_25,DONE,xz,xz/remove-trailing-separator--remove-trailing-separator-1.1.0.tar.xz,0.26,0.03,0.004155043
run_9_repetition_27,DONE,npm,npm/remove-trailing-separator--remove-trailing-separator-1.1.0.tgz,0.3,0.03,0.004575542
run_217_repetition_0,DONE,zstd,zstd/has-to-string-tag-x--has-to-string-tag-x-2.1.2.tar.zst,0.26,0.03,0.003968858
run_62_repetition_15,DONE,npm,npm/@next__swc-linux-arm64-musl--swc-linux-arm64-musl-16.2.6.tgz,70.14,8.3,1.097666106
run_106_repetition_29,DONE,xz,xz/protobufjs--protobufjs-8.4.2.tar.xz,1.82,0.22,0.028527813
run_180_repetition_1,DONE,zopfli,zopfli/tar--tar-7.5.15.tgz,1.53,0.18,0.024115063
run_299_repetition_24,DONE,brotli,brotli/resize-observer-polyfill--resize-observer-polyfill-1.5.1.tar.br,0.32,0.04,0.00465334
run_10_repetition_7,DONE,npm,npm/path-dirname--path-dirname-1.0.2.tgz,0.33,0.04,0.004409526
run_45_repetition_23,DONE,npm,npm/prismjs--prismjs-1.30.0.tgz,1.9,0.22,0.028808548
run_62_repetition_10,DONE,npm,npm/@next__swc-linux-arm64-musl--swc-linux-arm64-musl-16.2.6.tgz,70.35,8.32,1.098444093
run_228_repetition_5,DONE,zstd,zstd/path-dirname--path-dirname-1.0.2.tar.zst,0.26,0.03,0.003383803
run_80_repetition_11,DONE,xz,xz/babel-plugin-check-es2015-constants--babel-plugin-check-es2015-constants-6.22.0.tar.xz,0.32,0.04,0.004270267
run_247_repetition_9,DONE,zstd,zstd/webpack--webpack-5.107.1.tar.zst,1.54,0.18,0.022579207
run_111_repetition_6,DONE,xz,xz/shallowequal--shallowequal-1.1.0.tar.xz,0.29,0.03,0.004080219
run_244_repetition_0,DONE,zstd,zstd/ts-node--ts-node-10.9.2.tar.zst,0.39,0.05,0.006358361
run_257_repetition_7,DONE,brotli,brotli/@modelcontextprotocol__sdk--sdk-1.29.0.tar.br,1.1,0.13,0.016267806
run_251_repetition_19,DONE,zstd,zstd/xml2js--xml2js-0.6.2.tar.zst,0.95,0.11,0.014377194
run_293_repetition_0,DONE,brotli,brotli/prismjs--prismjs-1.30.0.tar.br,1.1,0.12,0.016322026
run_222_repetition_7,DONE,zstd,zstd/jiti--jiti-2.7.0.tar.zst,0.64,0.08,0.009499282
run_0_repetition_27,DONE,npm,npm/watchpack-chokidar2--watchpack-chokidar2-2.0.1.tgz,0.29,0.04,0.004466463
run_156_repetition_4,DONE,zopfli,zopfli/html-escaper--html-escaper-3.0.3.tgz,0.26,0.03,0.003959797
run_217_repetition_15,DONE,zstd,zstd/has-to-string-tag-x--has-to-string-tag-x-2.1.2.tar.zst,0.26,0.03,0.003881824
run_99_repetition_22,DONE,xz,xz/lodash-es--lodash-es-4.18.1.tar.xz,1.05,0.12,0.015924736
run_312_repetition_26,DONE,brotli,brotli/workbox-routing--workbox-routing-7.4.1.tar.br,0.36,0.04,0.005318547
run_284_repetition_19,DONE,brotli,brotli/immer--immer-11.1.8.tar.br,0.45,0.05,0.00684344
run_140_repetition_6,DONE,zopfli,zopfli/assert-plus--assert-plus-1.0.0.tgz,0.26,0.03,0.003758557
run_173_repetition_11,DONE,zopfli,zopfli/resize-observer-polyfill--resize-observer-polyfill-1.5.1.tgz,0.32,0.04,0.005099399
run_85_repetition_18,DONE,xz,xz/encoding-sniffer--encoding-sniffer-1.0.2.tar.xz,0.38,0.05,0.005798647
run_260_repetition_9,DONE,brotli,brotli/@parcel__watcher--watcher-2.5.6.tar.br,0.33,0.04,0.005195825
run_33_repetition_18,DONE,npm,npm/got--got-15.0.5.tgz,0.52,0.06,0.007713563
run_274_repetition_0,DONE,brotli,brotli/encoding-sniffer--encoding-sniffer-1.0.2.tar.br,0.32,0.04,0.004639211
run_108_repetition_3,DONE,xz,xz/react-error-overlay--react-error-overlay-6.1.0.tar.xz,0.96,0.11,0.014450317
run_44_repetition_28,DONE,npm,npm/tar--tar-7.5.15.tgz,1.55,0.18,0.023473651
run_168_repetition_16,DONE,zopfli,zopfli/prop-types--prop-types-15.8.1.tgz,0.32,0.04,0.004541583
run_226_repetition_16,DONE,zstd,zstd/next--next-16.2.6.tar.zst,20.92,2.48,0.309365424
run_83_repetition_6,DONE,xz,xz/date-fns--date-fns-4.3.0.tar.xz,9.75,1.17,0.152426821
run_97_repetition_18,DONE,xz,xz/libphonenumber-js--libphonenumber-js-1.13.3.tar.xz,4.26,0.5,0.066704596
run_205_repetition_14,DONE,zstd,zstd/babel-helper-get-function-arity--babel-helper-get-function-arity-6.24.1.tar.zst,0.23,0.03,0.003386018
run_192_repetition_6,DONE,zstd,zstd/@eslint__eslintrc--eslintrc-3.3.5.tar.zst,0.36,0.04,0.005338561
run_178_repetition_14,DONE,zopfli,zopfli/style-loader--style-loader-4.0.0.tgz,0.31,0.03,0.004397407
run_244_repetition_5,DONE,zstd,zstd/ts-node--ts-node-10.9.2.tar.zst,0.45,0.05,0.006436957
run_144_repetition_26,DONE,zopfli,zopfli/babel-plugin-transform-exponentiation-operator--babel-plugin-transform-exponentiation-operator-6.24.1.tgz,0.23,0.03,0.003629502
run_141_repetition_4,DONE,zopfli,zopfli/aws-sdk--aws-sdk-2.1693.0.tgz,38.29,4.57,0.60499457
run_146_repetition_11,DONE,zopfli,zopfli/date-fns--date-fns-4.3.0.tgz,12.27,1.46,0.193012433
run_13_repetition_14,DONE,npm,npm/assert-plus--assert-plus-1.0.0.tgz,0.32,0.04,0.004656444
run_246_repetition_22,DONE,zstd,zstd/watchpack-chokidar2--watchpack-chokidar2-2.0.1.tar.zst,0.2,0.02,0.003328467
run_27_repetition_12,DONE,npm,npm/has-to-string-tag-x--has-to-string-tag-x-2.1.2.tgz,0.33,0.04,0.005260939
run_18_repetition_16,DONE,npm,npm/fetch-blob--fetch-blob-4.0.0.tgz,0.33,0.04,0.004880365
run_33_repetition_27,DONE,npm,npm/got--got-15.0.5.tgz,0.52,0.06,0.007563319
run_100_repetition_28,DONE,xz,xz/next--next-16.2.6.tar.xz,73.23,8.58,1.144827788
run_124_repetition_16,DONE,xz,xz/workbox-streams--workbox-streams-7.4.1.tar.xz,0.42,0.05,0.006256719
run_223_repetition_29,DONE,zstd,zstd/libphonenumber-js--libphonenumber-js-1.13.3.tar.zst,1.66,0.19,0.024132879
run_118_repetition_10,DONE,xz,xz/ts-node--ts-node-10.9.2.tar.xz,1.06,0.13,0.01684268
run_24_repetition_23,DONE,npm,npm/@sindresorhus__is--is-8.1.0.tgz,0.32,0.04,0.005187736
run_14_repetition_2,DONE,npm,npm/split2--split2-4.2.0.tgz,0.32,0.04,0.004905574
run_61_repetition_4,DONE,npm,npm/next--next-16.2.6.tgz,79.75,9.39,1.239804053
run_275_repetition_29,DONE,brotli,brotli/eslint-config-react-app--eslint-config-react-app-7.0.1.tar.br,0.26,0.03,0.004135781
run_285_repetition_22,DONE,brotli,brotli/jiti--jiti-2.7.0.tar.br,0.8,0.09,0.011955116
run_91_repetition_27,DONE,xz,xz/has-to-string-tag-x--has-to-string-tag-x-2.1.2.tar.xz,0.39,0.05,0.005807026
run_123_repetition_21,DONE,xz,xz/workbox-routing--workbox-routing-7.4.1.tar.xz,0.54,0.06,0.008243758
run_26_repetition_12,DONE,npm,npm/workbox-streams--workbox-streams-7.4.1.tgz,0.39,0.05,0.005928664
run_253_repetition_21,DONE,brotli,brotli/@babel__plugin-transform-regexp-modifiers--plugin-transform-regexp-modifiers-7.28.6.tar.br,0.25,0.03,0.004200885
run_164_repetition_15,DONE,zopfli,zopfli/node-notifier--node-notifier-10.0.1.tgz,3.39,0.4,0.053733783
run_87_repetition_1,DONE,xz,xz/eslint-plugin-import--eslint-plugin-import-2.32.0.tar.xz,1.98,0.23,0.030866682
run_283_repetition_20,DONE,brotli,brotli/iconv-lite--iconv-lite-0.7.2.tar.br,0.51,0.06,0.007650246
run_226_repetition_11,DONE,zstd,zstd/next--next-16.2.6.tar.zst,21.01,2.49,0.309213388
run_163_repetition_19,DONE,zopfli,zopfli/next--next-16.2.6.tgz,81.3,9.63,1.281146306
run_52_repetition_24,DONE,npm,npm/@opentelemetry__semantic-conventions--semantic-conventions-1.41.1.tgz,4.77,0.56,0.074545694
run_123_repetition_18,DONE,xz,xz/workbox-routing--workbox-routing-7.4.1.tar.xz,0.51,0.06,0.008331475
run_131_repetition_29,DONE,zopfli,zopfli/@modelcontextprotocol__sdk--sdk-1.29.0.tgz,2.54,0.3,0.039493303
run_93_repetition_13,DONE,xz,xz/html-escaper--html-escaper-3.0.3.tar.xz,0.26,0.03,0.003881114
run_171_repetition_2,DONE,zopfli,zopfli/react-error-overlay--react-error-overlay-6.1.0.tgz,0.54,0.06,0.007857458
run_109_repetition_6,DONE,xz,xz/remove-trailing-separator--remove-trailing-separator-1.1.0.tar.xz,0.25,0.03,0.003949327
run_65_repetition_12,DONE,xz,xz/@esbuild__linux-ia32--linux-ia32-0.28.0.tar.xz,21.49,2.51,0.337620127
run_69_repetition_11,DONE,xz,xz/@next__swc-linux-arm64-musl--swc-linux-arm64-musl-16.2.6.tar.xz,154.68,18.01,2.422593869
run_201_repetition_9,DONE,zstd,zstd/@types__uuid--uuid-11.0.0.tar.zst,0.22,0.03,0.003324464
run_31_repetition_21,DONE,npm,npm/dom-accessibility-api--dom-accessibility-api-0.7.1.tgz,0.45,0.05,0.007367774
run_297_repetition_21,DONE,brotli,brotli/react-error-overlay--react-error-overlay-6.1.0.tar.br,0.48,0.05,0.006937173
run_314_repetition_26,DONE,brotli,brotli/xml2js--xml2js-0.6.2.tar.br,1.28,0.15,0.019943512
run_127_repetition_22,DONE,zopfli,zopfli/@babel__plugin-transform-regexp-modifiers--plugin-transform-regexp-modifiers-7.28.6.tgz,0.26,0.03,0.003584943
run_245_repetition_7,DONE,zstd,zstd/typescript--typescript-6.0.3.tar.zst,3.96,0.46,0.058786244
run_297_repetition_0,DONE,brotli,brotli/react-error-overlay--react-error-overlay-6.1.0.tar.br,0.45,0.05,0.006874855
run_232_repetition_22,DONE,zstd,zstd/protobufjs--protobufjs-8.4.2.tar.zst,0.74,0.09,0.011082764
run_305_repetition_6,DONE,brotli,brotli/tailwindcss--tailwindcss-4.3.0.tar.br,0.51,0.06,0.007253142
run_254_repetition_15,DONE,brotli,brotli/@esbuild__linux-ia32--linux-ia32-0.28.0.tar.br,5.62,0.67,0.087892222
run_96_repetition_1,DONE,xz,xz/jiti--jiti-2.7.0.tar.xz,2.1,0.25,0.03294076
run_198_repetition_18,DONE,zstd,zstd/@radix-ui__primitive--primitive-1.1.3.tar.zst,0.19,0.02,0.003382826
run_310_repetition_22,DONE,brotli,brotli/webpack--webpack-5.107.1.tar.br,1.87,0.22,0.029063185
run_280_repetition_27,DONE,brotli,brotli/has-to-string-tag-x--has-to-string-tag-x-2.1.2.tar.br,0.36,0.04,0.004741704
run_61_repetition_7,DONE,npm,npm/next--next-16.2.6.tgz,79.91,9.44,1.242953137
run_48_repetition_2,DONE,npm,npm/highlight.js--highlight.js-11.11.1.tgz,3.97,0.46,0.060651556
run_253_repetition_17,DONE,brotli,brotli/@babel__plugin-transform-regexp-modifiers--plugin-transform-regexp-modifiers-7.28.6.tar.br,0.25,0.03,0.003893789
run_282_repetition_13,DONE,brotli,brotli/html-escaper--html-escaper-3.0.3.tar.br,0.29,0.03,0.004072657
run_97_repetition_21,DONE,xz,xz/libphonenumber-js--libphonenumber-js-1.13.3.tar.xz,4.25,0.5,0.066568788
run_307_repetition_23,DONE,brotli,brotli/ts-node--ts-node-10.9.2.tar.br,0.51,0.06,0.007997242
run_266_repetition_5,DONE,brotli,brotli/assert-plus--assert-plus-1.0.0.tar.br,0.26,0.03,0.004088309
run_299_repetition_10,DONE,brotli,brotli/resize-observer-polyfill--resize-observer-polyfill-1.5.1.tar.br,0.32,0.03,0.004754348
run_70_repetition_9,DONE,xz,xz/@opentelemetry__semantic-conventions--semantic-conventions-1.41.1.tar.xz,3.0,0.36,0.04693756
run_59_repetition_20,DONE,npm,npm/typescript--typescript-6.0.3.tgz,11.18,1.31,0.174393423
run_193_repetition_1,DONE,zstd,zstd/@ethersproject__abstract-signer--abstract-signer-5.8.0.tar.zst,0.29,0.03,0.003897444
run_179_repetition_11,DONE,zopfli,zopfli/tailwindcss--tailwindcss-4.3.0.tgz,0.7,0.08,0.010477473
run_98_repetition_3,DONE,xz,xz/linkify-it--linkify-it-5.0.1.tar.xz,0.29,0.04,0.004552031
run_149_repetition_29,DONE,zopfli,zopfli/eslint-config-react-app--eslint-config-react-app-7.0.1.tgz,0.29,0.03,0.00406758
run_191_repetition_12,DONE,zstd,zstd/@esbuild__linux-ia32--linux-ia32-0.28.0.tar.zst,3.16,0.37,0.047277294
run_27_repetition_8,DONE,npm,npm/has-to-string-tag-x--has-to-string-tag-x-2.1.2.tgz,0.36,0.04,0.005506349
run_2_repetition_10,DONE,npm,npm/babel-helper-get-function-arity--babel-helper-get-function-arity-6.24.1.tgz,0.29,0.03,0.004402948
run_84_repetition_19,DONE,xz,xz/dom-accessibility-api--dom-accessibility-api-0.7.1.tar.xz,0.52,0.06,0.007659671
run_265_repetition_4,DONE,brotli,brotli/@vue__reactivity--reactivity-3.5.34.tar.br,0.39,0.04,0.005183936
run_120_repetition_3,DONE,xz,xz/watchpack-chokidar2--watchpack-chokidar2-2.0.1.tar.xz,0.26,0.03,0.003722818
run_291_repetition_8,DONE,brotli,brotli/path-dirname--path-dirname-1.0.2.tar.br,0.26,0.03,0.003734118
run_42_repetition_22,DONE,npm,npm/eslint-plugin-import--eslint-plugin-import-2.32.0.tgz,1.14,0.13,0.017056131
run_200_repetition_16,DONE,zstd,zstd/@types__glob--glob-9.0.0.tar.zst,0.23,0.02,0.00338402
run_202_repetition_21,DONE,zstd,zstd/@vue__reactivity--reactivity-3.5.34.tar.zst,0.32,0.03,0.004343827
run_66_repetition_1,DONE,xz,xz/@eslint__eslintrc--eslintrc-3.3.5.tar.xz,0.64,0.08,0.010004914
run_58_repetition_2,DONE,npm,npm/@esbuild__linux-ia32--linux-ia32-0.28.0.tgz,7.35,0.86,0.114706492
run_13_repetition_12,DONE,npm,npm/assert-plus--assert-plus-1.0.0.tgz,0.29,0.03,0.004805363
run_91_repetition_5,DONE,xz,xz/has-to-string-tag-x--has-to-string-tag-x-2.1.2.tar.xz,0.38,0.05,0.005768051
run_217_repetition_29,DONE,zstd,zstd/has-to-string-tag-x--has-to-string-tag-x-2.1.2.tar.zst,0.26,0.03,0.003901335
run_111_repetition_2,DONE,xz,xz/shallowequal--shallowequal-1.1.0.tar.xz,0.29,0.03,0.004145895
run_17_repetition_1,DONE,npm,npm/source-list-map--source-list-map-2.0.1.tgz,0.35,0.04,0.004963449
run_300_repetition_7,DONE,brotli,brotli/shallowequal--shallowequal-1.1.0.tar.br,0.25,0.03,0.003980048
run_197_repetition_23,DONE,zstd,zstd/@parcel__watcher--watcher-2.5.6.tar.zst,0.29,0.03,0.004373641
run_242_repetition_25,DONE,zstd,zstd/tailwindcss--tailwindcss-4.3.0.tar.zst,0.42,0.05,0.005945205
run_60_repetition_26,DONE,npm,npm/aws-sdk--aws-sdk-2.1693.0.tgz,37.33,4.42,0.585117938
run_134_repetition_3,DONE,zopfli,zopfli/@parcel__watcher--watcher-2.5.6.tgz,0.31,0.04,0.005268284
run_122_repetition_18,DONE,xz,xz/whatwg-mimetype--whatwg-mimetype-5.0.0.tar.xz,0.32,0.04,0.005035251
run_49_repetition_2,DONE,npm,npm/xml2js--xml2js-0.6.2.tgz,2.08,0.25,0.032938173
run_158_repetition_11,DONE,zopfli,zopfli/immer--immer-11.1.8.tgz,0.73,0.09,0.011714948
run_313_repetition_1,DONE,brotli,brotli/workbox-streams--workbox-streams-7.4.1.tar.br,0.35,0.04,0.005130892
run_283_repetition_6,DONE,brotli,brotli/iconv-lite--iconv-lite-0.7.2.tar.br,0.48,0.06,0.007440886
run_310_repetition_23,DONE,brotli,brotli/webpack--webpack-5.107.1.tar.br,1.92,0.23,0.029675487
run_183_repetition_26,DONE,zopfli,zopfli/watchpack-chokidar2--watchpack-chokidar2-2.0.1.tgz,0.26,0.03,0.003826166
run_169_repetition_18,DONE,zopfli,zopfli/protobufjs--protobufjs-8.4.2.tgz,1.9,0.23,0.029984165
run_12_repetition_23,DONE,npm,npm/@radix-ui__primitive--primitive-1.1.3.tgz,0.32,0.04,0.004903278
run_144_repetition_16,DONE,zopfli,zopfli/babel-plugin-transform-exponentiation-operator--babel-plugin-transform-exponentiation-operator-6.24.1.tgz,0.26,0.03,0.003860187
run_164_repetition_5,DONE,zopfli,zopfli/node-notifier--node-notifier-10.0.1.tgz,3.44,0.4,0.053723973
run_300_repetition_26,DONE,brotli,brotli/shallowequal--shallowequal-1.1.0.tar.br,0.29,0.03,0.004185605
run_231_repetition_3,DONE,zstd,zstd/prop-types--prop-types-15.8.1.tar.zst,0.23,0.03,0.003699067
run_280_repetition_15,DONE,brotli,brotli/has-to-string-tag-x--has-to-string-tag-x-2.1.2.tar.br,0.32,0.04,0.004885526
run_293_repetition_5,DONE,brotli,brotli/prismjs--prismjs-1.30.0.tar.br,1.02,0.12,0.015826449
run_151_repetition_25,DONE,zopfli,zopfli/ethers--ethers-6.16.0.tgz,7.41,0.88,0.116333239
run_277_repetition_4,DONE,brotli,brotli/ethers--ethers-6.16.0.tar.br,2.71,0.32,0.041705253
run_145_repetition_12,DONE,zopfli,zopfli/client-only--client-only-0.0.1.tgz,0.26,0.03,0.003651839
run_107_repetition_0,DONE,xz,xz/react-dom--react-dom-19.2.6.tar.xz,2.52,0.3,0.039240687
run_207_repetition_0,DONE,zstd,zstd/babel-plugin-transform-exponentiation-operator--babel-plugin-transform-exponentiation-operator-6.24.1.tar.zst,0.23,0.03,0.003419422
run_117_repetition_13,DONE,xz,xz/tar--tar-7.5.15.tar.xz,1.62,0.19,0.025533006
run_225_repetition_23,DONE,zstd,zstd/lodash-es--lodash-es-4.18.1.tar.zst,0.48,0.06,0.007303197
run_294_repetition_7,DONE,brotli,brotli/prop-types--prop-types-15.8.1.tar.br,0.29,0.03,0.004526339
run_102_repetition_2,DONE,xz,xz/path-dirname--path-dirname-1.0.2.tar.xz,0.29,0.03,0.004049659
run_288_repetition_9,DONE,brotli,brotli/lodash-es--lodash-es-4.18.1.tar.br,0.55,0.06,0.008856345
run_309_repetition_19,DONE,brotli,brotli/watchpack-chokidar2--watchpack-chokidar2-2.0.1.tar.br,0.26,0.03,0.003653635
run_66_repetition_6,DONE,xz,xz/@eslint__eslintrc--eslintrc-3.3.5.tar.xz,0.67,0.08,0.010347351
run_136_repetition_7,DONE,zopfli,zopfli/@sindresorhus__is--is-8.1.0.tgz,0.36,0.04,0.004912946
run_298_repetition_8,DONE,brotli,brotli/remove-trailing-separator--remove-trailing-separator-1.1.0.tar.br,0.26,0.03,0.00406656
run_2_repetition_28,DONE,npm,npm/babel-helper-get-function-arity--babel-helper-get-function-arity-6.24.1.tgz,0.32,0.04,0.00458692
run_18_repetition_2,DONE,npm,npm/fetch-blob--fetch-blob-4.0.0.tgz,0.36,0.04,0.005073207
run_312_repetition_5,DONE,brotli,brotli/workbox-routing--workbox-routing-7.4.1.tar.br,0.32,0.04,0.005268753
run_146_repetition_4,DONE,zopfli,zopfli/date-fns--date-fns-4.3.0.tgz,12.26,1.46,0.193233535
run_239_repetition_21,DONE,zstd,zstd/split2--split2-4.2.0.tar.zst,0.32,0.04,0.00426597
run_179_repetition_20,DONE,zopfli,zopfli/tailwindcss--tailwindcss-4.3.0.tgz,0.64,0.08,0.010415118
run_107_repetition_20,DONE,xz,xz/react-dom--react-dom-19.2.6.tar.xz,2.55,0.3,0.039206498
run_132_repetition_4,DONE,zopfli,zopfli/@next__swc-linux-arm64-musl--swc-linux-arm64-musl-16.2.6.tgz,73.98,8.73,1.165522321
run_9_repetition_14,DONE,npm,npm/remove-trailing-separator--remove-trailing-separator-1.1.0.tgz,0.31,0.03,0.0045525
run_33_repetition_16,DONE,npm,npm/got--got-15.0.5.tgz,0.49,0.06,0.007771589
run_149_repetition_14,DONE,zopfli,zopfli/eslint-config-react-app--eslint-config-react-app-7.0.1.tgz,0.3,0.03,0.004066847
run_274_repetition_8,DONE,brotli,brotli/encoding-sniffer--encoding-sniffer-1.0.2.tar.br,0.33,0.03,0.004541941
run_107_repetition_24,DONE,xz,xz/react-dom--react-dom-19.2.6.tar.xz,2.5,0.29,0.039109772
run_35_repetition_16,DONE,npm,npm/@eslint__eslintrc--eslintrc-3.3.5.tgz,0.65,0.07,0.009571
run_91_repetition_26,DONE,xz,xz/has-to-string-tag-x--has-to-string-tag-x-2.1.2.tar.xz,0.39,0.05,0.00581299
run_286_repetition_9,DONE,brotli,brotli/libphonenumber-js--libphonenumber-js-1.13.3.tar.br,1.9,0.23,0.029379712
run_200_repetition_19,DONE,zstd,zstd/@types__glob--glob-9.0.0.tar.zst,0.19,0.02,0.003370689
run_37_repetition_7,DONE,npm,npm/@aws-cdk__cloud-assembly-schema--cloud-assembly-schema-53.27.0.tgz,0.71,0.08,0.010788334
run_89_repetition_9,DONE,xz,xz/fetch-blob--fetch-blob-4.0.0.tar.xz,0.32,0.04,0.004566706
run_278_repetition_21,DONE,brotli,brotli/fetch-blob--fetch-blob-4.0.0.tar.br,0.26,0.03,0.004115341
run_145_repetition_5,DONE,zopfli,zopfli/client-only--client-only-0.0.1.tgz,0.22,0.03,0.003689621
run_115_repetition_2,DONE,xz,xz/style-loader--style-loader-4.0.0.tar.xz,0.35,0.04,0.005165435
run_152_repetition_12,DONE,zopfli,zopfli/fetch-blob--fetch-blob-4.0.0.tgz,0.32,0.04,0.004406646
run_290_repetition_29,DONE,brotli,brotli/node-notifier--node-notifier-10.0.1.tar.br,2.53,0.3,0.039387545
run_200_repetition_9,DONE,zstd,zstd/@types__glob--glob-9.0.0.tar.zst,0.26,0.03,0.003348204
run_166_repetition_3,DONE,zopfli,zopfli/prettier--prettier-3.8.3.tgz,4.94,0.59,0.077709105
run_35_repetition_5,DONE,npm,npm/@eslint__eslintrc--eslintrc-3.3.5.tgz,0.65,0.08,0.009466456
run_279_repetition_9,DONE,brotli,brotli/got--got-15.0.5.tar.br,0.38,0.05,0.006109291
run_250_repetition_2,DONE,zstd,zstd/workbox-streams--workbox-streams-7.4.1.tar.zst,0.26,0.03,0.004070229
run_196_repetition_8,DONE,zstd,zstd/@opentelemetry__semantic-conventions--semantic-conventions-1.41.1.tar.zst,1.65,0.2,0.024868954
run_193_repetition_13,DONE,zstd,zstd/@ethersproject__abstract-signer--abstract-signer-5.8.0.tar.zst,0.29,0.03,0.003777904
run_293_repetition_2,DONE,brotli,brotli/prismjs--prismjs-1.30.0.tar.br,1.06,0.13,0.015872865
run_129_repetition_17,DONE,zopfli,zopfli/@eslint__eslintrc--eslintrc-3.3.5.tgz,0.64,0.07,0.009192448
run_263_repetition_17,DONE,brotli,brotli/@types__glob--glob-9.0.0.tar.br,0.26,0.03,0.003829782
run_74_repetition_3,DONE,xz,xz/@types__glob--glob-9.0.0.tar.xz,0.3,0.03,0.004414737
run_53_repetition_19,DONE,npm,npm/libphonenumber-js--libphonenumber-js-1.13.3.tgz,5.36,0.61,0.08202516
run_153_repetition_12,DONE,zopfli,zopfli/got--got-15.0.5.tgz,0.46,0.05,0.006887629
run_314_repetition_23,DONE,brotli,brotli/xml2js--xml2js-0.6.2.tar.br,1.33,0.16,0.02016828
run_242_repetition_11,DONE,zstd,zstd/tailwindcss--tailwindcss-4.3.0.tar.zst,0.39,0.04,0.005962148
run_252_repetition_20,DONE,brotli,brotli/@aws-cdk__cloud-assembly-schema--cloud-assembly-schema-53.27.0.tar.br,0.51,0.06,0.007884998
run_236_repetition_27,DONE,zstd,zstd/resize-observer-polyfill--resize-observer-polyfill-1.5.1.tar.zst,0.26,0.03,0.003917427
run_41_repetition_11,DONE,npm,npm/immer--immer-11.1.8.tgz,0.77,0.09,0.01223843
run_291_repetition_9,DONE,brotli,brotli/path-dirname--path-dirname-1.0.2.tar.br,0.29,0.03,0.004030164
run_50_repetition_14,DONE,npm,npm/react-dom--react-dom-19.2.6.tgz,3.53,0.41,0.054593101
run_240_repetition_21,DONE,zstd,zstd/strict-uri-encode--strict-uri-encode-2.0.0.tar.zst,0.23,0.03,0.003320115
run_236_repetition_21,DONE,zstd,zstd/resize-observer-polyfill--resize-observer-polyfill-1.5.1.tar.zst,0.26,0.03,0.004087564
run_15_repetition_5,DONE,npm,npm/html-escaper--html-escaper-3.0.3.tgz,0.3,0.03,0.004737366
run_6_repetition_25,DONE,npm,npm/babel-plugin-check-es2015-constants--babel-plugin-check-es2015-constants-6.22.0.tgz,0.32,0.04,0.004790853
run_127_repetition_20,DONE,zopfli,zopfli/@babel__plugin-transform-regexp-modifiers--plugin-transform-regexp-modifiers-7.28.6.tgz,0.26,0.03,0.00351291
run_71_repetition_27,DONE,xz,xz/@parcel__watcher--watcher-2.5.6.tar.xz,0.45,0.05,0.006730014
run_90_repetition_3,DONE,xz,xz/got--got-15.0.5.tar.xz,0.68,0.08,0.009986119
run_297_repetition_8,DONE,brotli,brotli/react-error-overlay--react-error-overlay-6.1.0.tar.br,0.46,0.05,0.006899102
run_37_repetition_13,DONE,npm,npm/@aws-cdk__cloud-assembly-schema--cloud-assembly-schema-53.27.0.tgz,0.71,0.08,0.010843528
run_218_repetition_7,DONE,zstd,zstd/highlight.js--highlight.js-11.11.1.tar.zst,1.27,0.15,0.018804015
run_242_repetition_1,DONE,zstd,zstd/tailwindcss--tailwindcss-4.3.0.tar.zst,0.36,0.04,0.005790544
run_217_repetition_17,DONE,zstd,zstd/has-to-string-tag-x--has-to-string-tag-x-2.1.2.tar.zst,0.25,0.03,0.003941194
run_299_repetition_15,DONE,brotli,brotli/resize-observer-polyfill--resize-observer-polyfill-1.5.1.tar.br,0.35,0.04,0.005281351
run_103_repetition_13,DONE,xz,xz/prettier--prettier-3.8.3.tar.xz,6.56,0.77,0.10305414
run_298_repetition_13,DONE,brotli,brotli/remove-trailing-separator--remove-trailing-separator-1.1.0.tar.br,0.29,0.03,0.003755693
run_98_repetition_11,DONE,xz,xz/linkify-it--linkify-it-5.0.1.tar.xz,0.35,0.04,0.005085518
run_192_repetition_19,DONE,zstd,zstd/@eslint__eslintrc--eslintrc-3.3.5.tar.zst,0.36,0.04,0.005269112
run_153_repetition_6,DONE,zopfli,zopfli/got--got-15.0.5.tgz,0.44,0.05,0.006801172
run_23_repetition_18,DONE,npm,npm/prop-types--prop-types-15.8.1.tgz,0.32,0.04,0.005195431
run_139_repetition_9,DONE,zopfli,zopfli/@vue__reactivity--reactivity-3.5.34.tgz,0.45,0.05,0.00670487
run_48_repetition_25,DONE,npm,npm/highlight.js--highlight.js-11.11.1.tgz,3.96,0.46,0.060619897
run_31_repetition_4,DONE,npm,npm/dom-accessibility-api--dom-accessibility-api-0.7.1.tgz,0.46,0.05,0.007193626
run_131_repetition_26,DONE,zopfli,zopfli/@modelcontextprotocol__sdk--sdk-1.29.0.tgz,2.51,0.3,0.039431274
run_103_repetition_23,DONE,xz,xz/prettier--prettier-3.8.3.tar.xz,6.55,0.77,0.103166642
run_74_repetition_19,DONE,xz,xz/@types__glob--glob-9.0.0.tar.xz,0.22,0.03,0.003674401
run_30_repetition_1,DONE,npm,npm/workbox-routing--workbox-routing-7.4.1.tgz,0.46,0.05,0.006806158
run_224_repetition_14,DONE,zstd,zstd/linkify-it--linkify-it-5.0.1.tar.zst,0.26,0.03,0.003615443
run_70_repetition_7,DONE,xz,xz/@opentelemetry__semantic-conventions--semantic-conventions-1.41.1.tar.xz,3.07,0.36,0.047617449
run_194_repetition_9,DONE,zstd,zstd/@modelcontextprotocol__sdk--sdk-1.29.0.tar.zst,1.03,0.12,0.015082122
run_279_repetition_8,DONE,brotli,brotli/got--got-15.0.5.tar.br,0.38,0.04,0.005869884
run_268_repetition_14,DONE,brotli,brotli/babel-helper-get-function-arity--babel-helper-get-function-arity-6.24.1.tar.br,0.26,0.03,0.003866526
run_191_repetition_14,DONE,zstd,zstd/@esbuild__linux-ia32--linux-ia32-0.28.0.tar.zst,3.13,0.36,0.046601108
run_97_repetition_3,DONE,xz,xz/libphonenumber-js--libphonenumber-js-1.13.3.tar.xz,4.34,0.51,0.067198971
run_294_repetition_4,DONE,brotli,brotli/prop-types--prop-types-15.8.1.tar.br,0.3,0.03,0.004399002
run_12_repetition_1,DONE,npm,npm/@radix-ui__primitive--primitive-1.1.3.tgz,0.32,0.04,0.004833668
run_126_repetition_15,DONE,zopfli,zopfli/@aws-cdk__cloud-assembly-schema--cloud-assembly-schema-53.27.0.tgz,0.68,0.08,0.010262778
run_266_repetition_27,DONE,brotli,brotli/assert-plus--assert-plus-1.0.0.tar.br,0.29,0.03,0.003882781
run_297_repetition_12,DONE,brotli,brotli/react-error-overlay--react-error-overlay-6.1.0.tar.br,0.45,0.05,0.006852569
run_297_repetition_29,DONE,brotli,brotli/react-error-overlay--react-error-overlay-6.1.0.tar.br,0.46,0.05,0.006792742
run_2_repetition_18,DONE,npm,npm/babel-helper-get-function-arity--babel-helper-get-function-arity-6.24.1.tgz,0.33,0.04,0.00445782
run_173_repetition_5,DONE,zopfli,zopfli/resize-observer-polyfill--resize-observer-polyfill-1.5.1.tgz,0.31,0.04,0.005078028
run_188_repetition_13,DONE,zopfli,zopfli/xml2js--xml2js-0.6.2.tgz,2.04,0.24,0.031941918
run_263_repetition_4,DONE,brotli,brotli/@types__glob--glob-9.0.0.tar.br,0.29,0.04,0.003977932
run_139_repetition_21,DONE,zopfli,zopfli/@vue__reactivity--reactivity-3.5.34.tgz,0.38,0.05,0.006362301
run_276_repetition_9,DONE,brotli,brotli/eslint-plugin-import--eslint-plugin-import-2.32.0.tar.br,0.79,0.1,0.012144206
run_77_repetition_7,DONE,xz,xz/assert-plus--assert-plus-1.0.0.tar.xz,0.29,0.03,0.004402141
run_245_repetition_11,DONE,zstd,zstd/typescript--typescript-6.0.3.tar.zst,3.96,0.47,0.05907041
run_39_repetition_8,DONE,npm,npm/iconv-lite--iconv-lite-0.7.2.tgz,0.55,0.06,0.008315416
run_49_repetition_19,DONE,npm,npm/xml2js--xml2js-0.6.2.tgz,2.08,0.25,0.032325709
run_25_repetition_1,DONE,npm,npm/encoding-sniffer--encoding-sniffer-1.0.2.tgz,0.39,0.05,0.005487445
run_285_repetition_18,DONE,brotli,brotli/jiti--jiti-2.7.0.tar.br,0.81,0.09,0.012289067
run_227_repetition_16,DONE,zstd,zstd/node-notifier--node-notifier-10.0.1.tar.zst,1.49,0.17,0.022085745
run_305_repetition_14,DONE,brotli,brotli/tailwindcss--tailwindcss-4.3.0.tar.br,0.48,0.06,0.007341904
run_56_repetition_28,DONE,npm,npm/ethers--ethers-6.16.0.tgz,6.97,0.82,0.107594333
run_216_repetition_4,DONE,zstd,zstd/got--got-15.0.5.tar.zst,0.32,0.04,0.004890724
run_30_repetition_15,DONE,npm,npm/workbox-routing--workbox-routing-7.4.1.tgz,0.46,0.05,0.006883344
run_70_repetition_2,DONE,xz,xz/@opentelemetry__semantic-conventions--semantic-conventions-1.41.1.tar.xz,3.04,0.36,0.047349344
run_260_repetition_12,DONE,brotli,brotli/@parcel__watcher--watcher-2.5.6.tar.br,0.36,0.04,0.005520846
run_173_repetition_6,DONE,zopfli,zopfli/resize-observer-polyfill--resize-observer-polyfill-1.5.1.tgz,0.32,0.04,0.00494533
run_193_repetition_16,DONE,zstd,zstd/@ethersproject__abstract-signer--abstract-signer-5.8.0.tar.zst,0.26,0.03,0.003895692
run_257_repetition_26,DONE,brotli,brotli/@modelcontextprotocol__sdk--sdk-1.29.0.tar.br,1.06,0.13,0.016249765
run_80_repetition_22,DONE,xz,xz/babel-plugin-check-es2015-constants--babel-plugin-check-es2015-constants-6.22.0.tar.xz,0.23,0.03,0.004060304
run_122_repetition_1,DONE,xz,xz/whatwg-mimetype--whatwg-mimetype-5.0.0.tar.xz,0.32,0.04,0.005379199
run_256_repetition_20,DONE,brotli,brotli/@ethersproject__abstract-signer--abstract-signer-5.8.0.tar.br,0.29,0.03,0.004515101
run_196_repetition_23,DONE,zstd,zstd/@opentelemetry__semantic-conventions--semantic-conventions-1.41.1.tar.zst,1.59,0.19,0.024538619
run_254_repetition_25,DONE,brotli,brotli/@esbuild__linux-ia32--linux-ia32-0.28.0.tar.br,5.6,0.66,0.087704475
run_41_repetition_23,DONE,npm,npm/immer--immer-11.1.8.tgz,0.84,0.1,0.012272336
run_171_repetition_11,DONE,zopfli,zopfli/react-error-overlay--react-error-overlay-6.1.0.tgz,0.45,0.05,0.00749228
run_263_repetition_5,DONE,brotli,brotli/@types__glob--glob-9.0.0.tar.br,0.25,0.03,0.003890082
run_63_repetition_3,DONE,xz,xz/@aws-cdk__cloud-assembly-schema--cloud-assembly-schema-53.27.0.tar.xz,0.99,0.11,0.015335976
run_200_repetition_0,DONE,zstd,zstd/@types__glob--glob-9.0.0.tar.zst,0.23,0.03,0.003346364
run_200_repetition_25,DONE,zstd,zstd/@types__glob--glob-9.0.0.tar.zst,0.26,0.03,0.003598857
run_147_repetition_22,DONE,zopfli,zopfli/dom-accessibility-api--dom-accessibility-api-0.7.1.tgz,0.39,0.04,0.006256325
run_149_repetition_11,DONE,zopfli,zopfli/eslint-config-react-app--eslint-config-react-app-7.0.1.tgz,0.26,0.03,0.004066068
run_287_repetition_21,DONE,brotli,brotli/linkify-it--linkify-it-5.0.1.tar.br,0.27,0.03,0.00430629
run_54_repetition_27,DONE,npm,npm/node-notifier--node-notifier-10.0.1.tgz,3.32,0.39,0.051802915
run_192_repetition_26,DONE,zstd,zstd/@eslint__eslintrc--eslintrc-3.3.5.tar.zst,0.33,0.04,0.005253636
run_8_repetition_5,DONE,npm,npm/@babel__plugin-transform-regexp-modifiers--plugin-transform-regexp-modifiers-7.28.6.tgz,0.32,0.04,0.004778028
run_140_repetition_23,DONE,zopfli,zopfli/assert-plus--assert-plus-1.0.0.tgz,0.26,0.03,0.004019581
run_59_repetition_9,DONE,npm,npm/typescript--typescript-6.0.3.tgz,11.16,1.33,0.174411944
run_13_repetition_20,DONE,npm,npm/assert-plus--assert-plus-1.0.0.tgz,0.32,0.04,0.004741941
run_58_repetition_10,DONE,npm,npm/@esbuild__linux-ia32--linux-ia32-0.28.0.tgz,7.37,0.85,0.114892165
run_25_repetition_26,DONE,npm,npm/encoding-sniffer--encoding-sniffer-1.0.2.tgz,0.39,0.05,0.00577521
run_268_repetition_22,DONE,brotli,brotli/babel-helper-get-function-arity--babel-helper-get-function-arity-6.24.1.tar.br,0.26,0.03,0.004046759
run_42_repetition_26,DONE,npm,npm/eslint-plugin-import--eslint-plugin-import-2.32.0.tgz,1.13,0.13,0.017275027
run_6_repetition_17,DONE,npm,npm/babel-plugin-check-es2015-constants--babel-plugin-check-es2015-constants-6.22.0.tgz,0.33,0.04,0.004649202
run_186_repetition_15,DONE,zopfli,zopfli/workbox-routing--workbox-routing-7.4.1.tgz,0.41,0.05,0.006505087
run_199_repetition_1,DONE,zstd,zstd/@sindresorhus__is--is-8.1.0.tar.zst,0.26,0.03,0.003886779
run_24_repetition_29,DONE,npm,npm/@sindresorhus__is--is-8.1.0.tgz,0.35,0.04,0.005137333
run_112_repetition_14,DONE,xz,xz/source-list-map--source-list-map-2.0.1.tar.xz,0.32,0.04,0.00443316
run_287_repetition_19,DONE,brotli,brotli/linkify-it--linkify-it-5.0.1.tar.br,0.32,0.04,0.004390719
run_37_repetition_23,DONE,npm,npm/@aws-cdk__cloud-assembly-schema--cloud-assembly-schema-53.27.0.tgz,0.71,0.08,0.010648347
run_175_repetition_7,DONE,zopfli,zopfli/source-list-map--source-list-map-2.0.1.tgz,0.25,0.03,0.004239221
run_154_repetition_5,DONE,zopfli,zopfli/has-to-string-tag-x--has-to-string-tag-x-2.1.2.tgz,0.32,0.04,0.00503392
run_199_repetition_9,DONE,zstd,zstd/@sindresorhus__is--is-8.1.0.tar.zst,0.26,0.03,0.003940099
run_226_repetition_5,DONE,zstd,zstd/next--next-16.2.6.tar.zst,20.87,2.48,0.308822712
run_237_repetition_2,DONE,zstd,zstd/shallowequal--shallowequal-1.1.0.tar.zst,0.22,0.03,0.003439354
run_61_repetition_24,DONE,npm,npm/next--next-16.2.6.tgz,79.54,9.44,1.23747107
run_48_repetition_13,DONE,npm,npm/highlight.js--highlight.js-11.11.1.tgz,3.99,0.47,0.06057197
run_232_repetition_5,DONE,zstd,zstd/protobufjs--protobufjs-8.4.2.tar.zst,0.76,0.09,0.012763723
run_29_repetition_20,DONE,npm,npm/@parcel__watcher--watcher-2.5.6.tgz,0.39,0.05,0.006195079
run_113_repetition_20,DONE,xz,xz/split2--split2-4.2.0.tar.xz,0.32,0.04,0.004141293
run_73_repetition_15,DONE,xz,xz/@sindresorhus__is--is-8.1.0.tar.xz,0.36,0.04,0.005502236
run_101_repetition_7,DONE,xz,xz/node-notifier--node-notifier-10.0.1.tar.xz,8.38,0.99,0.131402912
run_312_repetition_8,DONE,brotli,brotli/workbox-routing--workbox-routing-7.4.1.tar.br,0.39,0.04,0.005523297
run_264_repetition_3,DONE,brotli,brotli/@types__uuid--uuid-11.0.0.tar.br,0.29,0.03,0.003834444
run_157_repetition_8,DONE,zopfli,zopfli/iconv-lite--iconv-lite-0.7.2.tgz,0.51,0.06,0.007784553
run_107_repetition_26,DONE,xz,xz/react-dom--react-dom-19.2.6.tar.xz,2.49,0.29,0.039125035
run_106_repetition_28,DONE,xz,xz/protobufjs--protobufjs-8.4.2.tar.xz,1.79,0.21,0.028314412
run_194_repetition_18,DONE,zstd,zstd/@modelcontextprotocol__sdk--sdk-1.29.0.tar.zst,0.97,0.12,0.014660034
run_45_repetition_26,DONE,npm,npm/prismjs--prismjs-1.30.0.tgz,1.87,0.21,0.029005863
run_2_repetition_3,DONE,npm,npm/babel-helper-get-function-arity--babel-helper-get-function-arity-6.24.1.tgz,0.32,0.04,0.004764451
run_40_repetition_26,DONE,npm,npm/ts-node--ts-node-10.9.2.tgz,0.78,0.09,0.011758938
run_286_repetition_6,DONE,brotli,brotli/libphonenumber-js--libphonenumber-js-1.13.3.tar.br,1.87,0.23,0.02901271
run_184_repetition_6,DONE,zopfli,zopfli/webpack--webpack-5.107.1.tgz,3.7,0.43,0.057878091
run_125_repetition_24,DONE,xz,xz/xml2js--xml2js-0.6.2.tar.xz,4.08,0.47,0.063972505
run_64_repetition_21,DONE,xz,xz/@babel__plugin-transform-regexp-modifiers--plugin-transform-regexp-modifiers-7.28.6.tar.xz,0.3,0.03,0.004066456
run_314_repetition_20,DONE,brotli,brotli/xml2js--xml2js-0.6.2.tar.br,1.29,0.15,0.019732349
run_99_repetition_21,DONE,xz,xz/lodash-es--lodash-es-4.18.1.tar.xz,1.02,0.12,0.015706566
run_149_repetition_26,DONE,zopfli,zopfli/eslint-config-react-app--eslint-config-react-app-7.0.1.tgz,0.26,0.03,0.004012274
run_50_repetition_7,DONE,npm,npm/react-dom--react-dom-19.2.6.tgz,3.48,0.4,0.05450841
run_46_repetition_26,DONE,npm,npm/@modelcontextprotocol__sdk--sdk-1.29.0.tgz,2.23,0.26,0.03423023
run_235_repetition_8,DONE,zstd,zstd/remove-trailing-separator--remove-trailing-separator-1.1.0.tar.zst,0.23,0.03,0.003262958
run_94_repetition_12,DONE,xz,xz/iconv-lite--iconv-lite-0.7.2.tar.xz,1.12,0.13,0.017384216
run_273_repetition_24,DONE,brotli,brotli/dom-accessibility-api--dom-accessibility-api-0.7.1.tar.br,0.36,0.04,0.00525273
run_232_repetition_11,DONE,zstd,zstd/protobufjs--protobufjs-8.4.2.tar.zst,0.72,0.08,0.011055012
run_67_repetition_2,DONE,xz,xz/@ethersproject__abstract-signer--abstract-signer-5.8.0.tar.xz,0.36,0.04,0.005246953
run_152_repetition_23,DONE,zopfli,zopfli/fetch-blob--fetch-blob-4.0.0.tgz,0.29,0.03,0.003455893
run_282_repetition_25,DONE,brotli,brotli/html-escaper--html-escaper-3.0.3.tar.br,0.26,0.03,0.004077482
run_45_repetition_10,DONE,npm,npm/prismjs--prismjs-1.30.0.tgz,1.9,0.22,0.029008684
run_276_repetition_1,DONE,brotli,brotli/eslint-plugin-import--eslint-plugin-import-2.32.0.tar.br,0.77,0.09,0.011313157
run_161_repetition_17,DONE,zopfli,zopfli/linkify-it--linkify-it-5.0.1.tgz,0.26,0.03,0.004179116
run_35_repetition_28,DONE,npm,npm/@eslint__eslintrc--eslintrc-3.3.5.tgz,0.58,0.07,0.009536479
run_219_repetition_25,DONE,zstd,zstd/html-escaper--html-escaper-3.0.3.tar.zst,0.26,0.03,0.003486767
run_262_repetition_8,DONE,brotli,brotli/@sindresorhus__is--is-8.1.0.tar.br,0.29,0.03,0.004350144
run_129_repetition_4,DONE,zopfli,zopfli/@eslint__eslintrc--eslintrc-3.3.5.tgz,0.58,0.07,0.009393849
run_231_repetition_20,DONE,zstd,zstd/prop-types--prop-types-15.8.1.tar.zst,0.23,0.03,0.003694206
run_290_repetition_11,DONE,brotli,brotli/node-notifier--node-notifier-10.0.1.tar.br,2.55,0.3,0.0394359
run_57_repetition_26,DONE,npm,npm/date-fns--date-fns-4.3.0.tgz,16.11,1.87,0.250528066
run_40_repetition_1,DONE,npm,npm/ts-node--ts-node-10.9.2.tgz,0.71,0.08,0.011418039
run_25_repetition_4,DONE,npm,npm/encoding-sniffer--encoding-sniffer-1.0.2.tgz,0.39,0.05,0.005782643
run_220_repetition_10,DONE,zstd,zstd/iconv-lite--iconv-lite-0.7.2.tar.zst,0.33,0.04,0.005364186
run_115_repetition_1,DONE,xz,xz/style-loader--style-loader-4.0.0.tar.xz,0.36,0.04,0.004853715
run_267_repetition_4,DONE,brotli,brotli/aws-sdk--aws-sdk-2.1693.0.tar.br,12.95,1.58,0.200337981
run_79_repetition_18,DONE,xz,xz/babel-helper-get-function-arity--babel-helper-get-function-arity-6.24.1.tar.xz,0.27,0.03,0.003626935
run_79_repetition_14,DONE,xz,xz/babel-helper-get-function-arity--babel-helper-get-function-arity-6.24.1.tar.xz,0.29,0.03,0.003823939
run_3_repetition_5,DONE,npm,npm/@types__uuid--uuid-11.0.0.tgz,0.36,0.04,0.005251689
run_305_repetition_7,DONE,brotli,brotli/tailwindcss--tailwindcss-4.3.0.tar.br,0.48,0.05,0.006990392
run_190_repetition_4,DONE,zstd,zstd/@babel__plugin-transform-regexp-modifiers--plugin-transform-regexp-modifiers-7.28.6.tar.zst,0.2,0.02,0.003348285
run_263_repetition_26,DONE,brotli,brotli/@types__glob--glob-9.0.0.tar.br,0.26,0.03,0.003855024
run_248_repetition_4,DONE,zstd,zstd/whatwg-mimetype--whatwg-mimetype-5.0.0.tar.zst,0.26,0.03,0.003509136
run_169_repetition_17,DONE,zopfli,zopfli/protobufjs--protobufjs-8.4.2.tgz,1.91,0.22,0.029777457
run_257_repetition_15,DONE,brotli,brotli/@modelcontextprotocol__sdk--sdk-1.29.0.tar.br,1.07,0.12,0.01647643
run_66_repetition_9,DONE,xz,xz/@eslint__eslintrc--eslintrc-3.3.5.tar.xz,0.67,0.08,0.010189449
run_66_repetition_0,DONE,xz,xz/@eslint__eslintrc--eslintrc-3.3.5.tar.xz,0.64,0.08,0.010289054
run_7_repetition_28,DONE,npm,npm/strict-uri-encode--strict-uri-encode-2.0.0.tgz,0.29,0.03,0.004614612
run_24_repetition_28,DONE,npm,npm/@sindresorhus__is--is-8.1.0.tgz,0.32,0.04,0.005323554
run_38_repetition_24,DONE,npm,npm/tailwindcss--tailwindcss-4.3.0.tgz,0.71,0.08,0.010796341
run_103_repetition_19,DONE,xz,xz/prettier--prettier-3.8.3.tar.xz,6.58,0.76,0.103095637
run_134_repetition_2,DONE,zopfli,zopfli/@parcel__watcher--watcher-2.5.6.tgz,0.32,0.04,0.0051062
run_237_repetition_29,DONE,zstd,zstd/shallowequal--shallowequal-1.1.0.tar.zst,0.23,0.03,0.003357035
run_95_repetition_18,DONE,xz,xz/immer--immer-11.1.8.tar.xz,0.77,0.09,0.011747446
run_17_repetition_7,DONE,npm,npm/source-list-map--source-list-map-2.0.1.tgz,0.36,0.04,0.005233961
run_32_repetition_10,DONE,npm,npm/@vue__reactivity--reactivity-3.5.34.tgz,0.52,0.06,0.007409724
run_201_repetition_26,DONE,zstd,zstd/@types__uuid--uuid-11.0.0.tar.zst,0.26,0.03,0.003387824
run_281_repetition_9,DONE,brotli,brotli/highlight.js--highlight.js-11.11.1.tar.br,1.58,0.19,0.0242845
run_250_repetition_25,DONE,zstd,zstd/workbox-streams--workbox-streams-7.4.1.tar.zst,0.29,0.03,0.004092795
run_148_repetition_11,DONE,zopfli,zopfli/encoding-sniffer--encoding-sniffer-1.0.2.tgz,0.29,0.03,0.004852633
run_17_repetition_19,DONE,npm,npm/source-list-map--source-list-map-2.0.1.tgz,0.33,0.04,0.00489087
run_7_repetition_20,DONE,npm,npm/strict-uri-encode--strict-uri-encode-2.0.0.tgz,0.29,0.03,0.004691879
run_57_repetition_18,DONE,npm,npm/date-fns--date-fns-4.3.0.tgz,16.27,1.89,0.25157114
run_215_repetition_20,DONE,zstd,zstd/fetch-blob--fetch-blob-4.0.0.tar.zst,0.23,0.03,0.003513782
run_143_repetition_26,DONE,zopfli,zopfli/babel-plugin-check-es2015-constants--babel-plugin-check-es2015-constants-6.22.0.tgz,0.19,0.02,0.003574221
run_197_repetition_17,DONE,zstd,zstd/@parcel__watcher--watcher-2.5.6.tar.zst,0.26,0.03,0.004103422
run_119_repetition_9,DONE,xz,xz/typescript--typescript-6.0.3.tar.xz,13.54,1.58,0.211797783
run_241_repetition_12,DONE,zstd,zstd/style-loader--style-loader-4.0.0.tar.zst,0.2,0.02,0.003484281
run_15_repetition_13,DONE,npm,npm/html-escaper--html-escaper-3.0.3.tgz,0.35,0.04,0.005125009
run_0_repetition_10,DONE,npm,npm/watchpack-chokidar2--watchpack-chokidar2-2.0.1.tgz,0.32,0.03,0.004618811
run_41_repetition_17,DONE,npm,npm/immer--immer-11.1.8.tgz,0.84,0.09,0.012493617
run_250_repetition_7,DONE,zstd,zstd/workbox-streams--workbox-streams-7.4.1.tar.zst,0.29,0.03,0.004505057
run_119_repetition_13,DONE,xz,xz/typescript--typescript-6.0.3.tar.xz,13.48,1.59,0.211370752
run_132_repetition_9,DONE,zopfli,zopfli/@next__swc-linux-arm64-musl--swc-linux-arm64-musl-16.2.6.tgz,74.02,8.77,1.164691205
run_15_repetition_17,DONE,npm,npm/html-escaper--html-escaper-3.0.3.tgz,0.32,0.04,0.004870307
run_211_repetition_28,DONE,zstd,zstd/encoding-sniffer--encoding-sniffer-1.0.2.tar.zst,0.26,0.03,0.003999143
run_202_repetition_24,DONE,zstd,zstd/@vue__reactivity--reactivity-3.5.34.tar.zst,0.33,0.03,0.004438871
run_270_repetition_13,DONE,brotli,brotli/babel-plugin-transform-exponentiation-operator--babel-plugin-transform-exponentiation-operator-6.24.1.tar.br,0.23,0.03,0.003772798
run_170_repetition_13,DONE,zopfli,zopfli/react-dom--react-dom-19.2.6.tgz,3.48,0.41,0.055062584
run_191_repetition_19,DONE,zstd,zstd/@esbuild__linux-ia32--linux-ia32-0.28.0.tar.zst,3.04,0.35,0.046307908
run_166_repetition_2,DONE,zopfli,zopfli/prettier--prettier-3.8.3.tgz,4.87,0.57,0.077271383
run_72_repetition_8,DONE,xz,xz/@radix-ui__primitive--primitive-1.1.3.tar.xz,0.26,0.03,0.004108721
run_134_repetition_7,DONE,zopfli,zopfli/@parcel__watcher--watcher-2.5.6.tgz,0.38,0.05,0.005368781
run_131_repetition_5,DONE,zopfli,zopfli/@modelcontextprotocol__sdk--sdk-1.29.0.tgz,2.5,0.29,0.039298988
run_311_repetition_1,DONE,brotli,brotli/whatwg-mimetype--whatwg-mimetype-5.0.0.tar.br,0.29,0.03,0.00399532
run_32_repetition_2,DONE,npm,npm/@vue__reactivity--reactivity-3.5.34.tgz,0.49,0.06,0.007223515
run_198_repetition_11,DONE,zstd,zstd/@radix-ui__primitive--primitive-1.1.3.tar.zst,0.23,0.03,0.003340206
run_161_repetition_7,DONE,zopfli,zopfli/linkify-it--linkify-it-5.0.1.tgz,0.26,0.03,0.003858006
run_143_repetition_3,DONE,zopfli,zopfli/babel-plugin-check-es2015-constants--babel-plugin-check-es2015-constants-6.22.0.tgz,0.26,0.03,0.0036844
run_227_repetition_7,DONE,zstd,zstd/node-notifier--node-notifier-10.0.1.tar.zst,1.43,0.16,0.021090644
run_210_repetition_9,DONE,zstd,zstd/dom-accessibility-api--dom-accessibility-api-0.7.1.tar.zst,0.26,0.03,0.004490892
run_80_repetition_23,DONE,xz,xz/babel-plugin-check-es2015-constants--babel-plugin-check-es2015-constants-6.22.0.tar.xz,0.26,0.03,0.003675665
run_312_repetition_12,DONE,brotli,brotli/workbox-routing--workbox-routing-7.4.1.tar.br,0.36,0.04,0.005586679
run_87_repetition_24,DONE,xz,xz/eslint-plugin-import--eslint-plugin-import-2.32.0.tar.xz,1.96,0.23,0.030887103
run_129_repetition_10,DONE,zopfli,zopfli/@eslint__eslintrc--eslintrc-3.3.5.tgz,0.58,0.07,0.009046974
run_203_repetition_1,DONE,zstd,zstd/assert-plus--assert-plus-1.0.0.tar.zst,0.23,0.03,0.003395078
run_286_repetition_25,DONE,brotli,brotli/libphonenumber-js--libphonenumber-js-1.13.3.tar.br,1.92,0.23,0.029736403
run_227_repetition_0,DONE,zstd,zstd/node-notifier--node-notifier-10.0.1.tar.zst,1.4,0.16,0.021335679
run_21_repetition_22,DONE,npm,npm/style-loader--style-loader-4.0.0.tgz,0.36,0.04,0.005237456
run_55_repetition_10,DONE,npm,npm/prettier--prettier-3.8.3.tgz,4.8,0.58,0.074755542
run_206_repetition_4,DONE,zstd,zstd/babel-plugin-check-es2015-constants--babel-plugin-check-es2015-constants-6.22.0.tar.zst,0.25,0.03,0.003370848
run_71_repetition_5,DONE,xz,xz/@parcel__watcher--watcher-2.5.6.tar.xz,0.45,0.05,0.006842753
run_113_repetition_18,DONE,xz,xz/split2--split2-4.2.0.tar.xz,0.29,0.03,0.004069632
run_132_repetition_14,DONE,zopfli,zopfli/@next__swc-linux-arm64-musl--swc-linux-arm64-musl-16.2.6.tgz,73.99,8.77,1.164815546
run_54_repetition_1,DONE,npm,npm/node-notifier--node-notifier-10.0.1.tgz,3.3,0.39,0.05175502
run_83_repetition_22,DONE,xz,xz/date-fns--date-fns-4.3.0.tar.xz,9.79,1.16,0.152611777
run_249_repetition_13,DONE,zstd,zstd/workbox-routing--workbox-routing-7.4.1.tar.zst,0.29,0.03,0.004436679
run_64_repetition_10,DONE,xz,xz/@babel__plugin-transform-regexp-modifiers--plugin-transform-regexp-modifiers-7.28.6.tar.xz,0.26,0.03,0.003845224
run_159_repetition_29,DONE,zopfli,zopfli/jiti--jiti-2.7.0.tgz,1.18,0.14,0.018290233
run_95_repetition_3,DONE,xz,xz/immer--immer-11.1.8.tar.xz,0.73,0.09,0.011574771
run_265_repetition_26,DONE,brotli,brotli/@vue__reactivity--reactivity-3.5.34.tar.br,0.36,0.04,0.005302586
run_300_repetition_18,DONE,brotli,brotli/shallowequal--shallowequal-1.1.0.tar.br,0.25,0.03,0.003858565
run_236_repetition_1,DONE,zstd,zstd/resize-observer-polyfill--resize-observer-polyfill-1.5.1.tar.zst,0.29,0.03,0.003925288
run_9_repetition_23,DONE,npm,npm/remove-trailing-separator--remove-trailing-separator-1.1.0.tgz,0.32,0.03,0.004527901
run_310_repetition_12,DONE,brotli,brotli/webpack--webpack-5.107.1.tar.br,1.9,0.22,0.029353421
run_125_repetition_23,DONE,xz,xz/xml2js--xml2js-0.6.2.tar.xz,4.09,0.48,0.063960052
run_265_repetition_5,DONE,brotli,brotli/@vue__reactivity--reactivity-3.5.34.tar.br,0.36,0.04,0.005468047
run_90_repetition_5,DONE,xz,xz/got--got-15.0.5.tar.xz,0.65,0.08,0.010324417
run_61_repetition_10,DONE,npm,npm/next--next-16.2.6.tgz,79.63,9.33,1.239179121
run_304_repetition_4,DONE,brotli,brotli/style-loader--style-loader-4.0.0.tar.br,0.3,0.03,0.004357448
run_148_repetition_14,DONE,zopfli,zopfli/encoding-sniffer--encoding-sniffer-1.0.2.tgz,0.35,0.04,0.004932198
run_25_repetition_10,DONE,npm,npm/encoding-sniffer--encoding-sniffer-1.0.2.tgz,0.39,0.05,0.005675992
run_221_repetition_17,DONE,zstd,zstd/immer--immer-11.1.8.tar.zst,0.38,0.05,0.006299073
run_77_repetition_10,DONE,xz,xz/assert-plus--assert-plus-1.0.0.tar.xz,0.26,0.03,0.004127549
run_303_repetition_0,DONE,brotli,brotli/strict-uri-encode--strict-uri-encode-2.0.0.tar.br,0.26,0.03,0.004059259
run_261_repetition_19,DONE,brotli,brotli/@radix-ui__primitive--primitive-1.1.3.tar.br,0.29,0.03,0.003915064
run_127_repetition_10,DONE,zopfli,zopfli/@babel__plugin-transform-regexp-modifiers--plugin-transform-regexp-modifiers-7.28.6.tgz,0.26,0.03,0.003736415
run_161_repetition_8,DONE,zopfli,zopfli/linkify-it--linkify-it-5.0.1.tgz,0.25,0.03,0.004126935
run_213_repetition_15,DONE,zstd,zstd/eslint-plugin-import--eslint-plugin-import-2.32.0.tar.zst,0.58,0.07,0.008882243
run_62_repetition_0,DONE,npm,npm/@next__swc-linux-arm64-musl--swc-linux-arm64-musl-16.2.6.tgz,71.21,8.3,1.098790325
run_221_repetition_10,DONE,zstd,zstd/immer--immer-11.1.8.tar.zst,0.39,0.05,0.005763343
run_183_repetition_14,DONE,zopfli,zopfli/watchpack-chokidar2--watchpack-chokidar2-2.0.1.tgz,0.26,0.03,0.003842882
run_262_repetition_10,DONE,brotli,brotli/@sindresorhus__is--is-8.1.0.tar.br,0.32,0.04,0.004561625
run_243_repetition_23,DONE,zstd,zstd/tar--tar-7.5.15.tar.zst,0.68,0.08,0.009760585
run_208_repetition_26,DONE,zstd,zstd/client-only--client-only-0.0.1.tar.zst,0.2,0.02,0.003310823
run_284_repetition_22,DONE,brotli,brotli/immer--immer-11.1.8.tar.br,0.44,0.05,0.006817337
run_182_repetition_28,DONE,zopfli,zopfli/typescript--typescript-6.0.3.tgz,11.25,1.35,0.177484074
run_278_repetition_4,DONE,brotli,brotli/fetch-blob--fetch-blob-4.0.0.tar.br,0.32,0.04,0.004477975
run_141_repetition_2,DONE,zopfli,zopfli/aws-sdk--aws-sdk-2.1693.0.tgz,38.21,4.58,0.605292
run_134_repetition_6,DONE,zopfli,zopfli/@parcel__watcher--watcher-2.5.6.tgz,0.36,0.04,0.005546078
run_295_repetition_8,DONE,brotli,brotli/protobufjs--protobufjs-8.4.2.tar.br,0.87,0.1,0.013100029
run_264_repetition_6,DONE,brotli,brotli/@types__uuid--uuid-11.0.0.tar.br,0.26,0.03,0.00401354
run_180_repetition_0,DONE,zopfli,zopfli/tar--tar-7.5.15.tgz,1.53,0.18,0.023916357
run_82_repetition_5,DONE,xz,xz/client-only--client-only-0.0.1.tar.xz,0.23,0.03,0.003817402
run_33_repetition_10,DONE,npm,npm/got--got-15.0.5.tgz,0.48,0.06,0.007716035
run_149_repetition_21,DONE,zopfli,zopfli/eslint-config-react-app--eslint-config-react-app-7.0.1.tgz,0.29,0.03,0.003726549
run_62_repetition_5,DONE,npm,npm/@next__swc-linux-arm64-musl--swc-linux-arm64-musl-16.2.6.tgz,69.85,8.26,1.097069993
run_132_repetition_7,DONE,zopfli,zopfli/@next__swc-linux-arm64-musl--swc-linux-arm64-musl-16.2.6.tgz,73.85,8.7,1.16557246
run_81_repetition_10,DONE,xz,xz/babel-plugin-transform-exponentiation-operator--babel-plugin-transform-exponentiation-operator-6.24.1.tar.xz,0.22,0.03,0.003629988
run_245_repetition_12,DONE,zstd,zstd/typescript--typescript-6.0.3.tar.zst,3.9,0.46,0.058019064
run_75_repetition_16,DONE,xz,xz/@types__uuid--uuid-11.0.0.tar.xz,0.23,0.03,0.003740464
run_261_repetition_6,DONE,brotli,brotli/@radix-ui__primitive--primitive-1.1.3.tar.br,0.32,0.04,0.00450156
run_228_repetition_21,DONE,zstd,zstd/path-dirname--path-dirname-1.0.2.tar.zst,0.26,0.03,0.003436197
run_263_repetition_1,DONE,brotli,brotli/@types__glob--glob-9.0.0.tar.br,0.29,0.03,0.004079586
run_24_repetition_24,DONE,npm,npm/@sindresorhus__is--is-8.1.0.tgz,0.29,0.04,0.005167229
run_114_repetition_10,DONE,xz,xz/strict-uri-encode--strict-uri-encode-2.0.0.tar.xz,0.26,0.03,0.00388575
run_235_repetition_13,DONE,zstd,zstd/remove-trailing-separator--remove-trailing-separator-1.1.0.tar.zst,0.19,0.02,0.003432923
run_194_repetition_4,DONE,zstd,zstd/@modelcontextprotocol__sdk--sdk-1.29.0.tar.zst,0.96,0.11,0.014628186
run_25_repetition_3,DONE,npm,npm/encoding-sniffer--encoding-sniffer-1.0.2.tgz,0.42,0.04,0.005951959
run_40_repetition_0,DONE,npm,npm/ts-node--ts-node-10.9.2.tgz,0.74,0.09,0.011723813
run_47_repetition_0,DONE,npm,npm/protobufjs--protobufjs-8.4.2.tgz,1.91,0.22,0.029315181
run_291_repetition_2,DONE,brotli,brotli/path-dirname--path-dirname-1.0.2.tar.br,0.2,0.03,0.003904198
run_100_repetition_10,DONE,xz,xz/next--next-16.2.6.tar.xz,73.37,8.55,1.145456689
run_212_repetition_24,DONE,zstd,zstd/eslint-config-react-app--eslint-config-react-app-7.0.1.tar.zst,0.22,0.03,0.003368178
run_220_repetition_15,DONE,zstd,zstd/iconv-lite--iconv-lite-0.7.2.tar.zst,0.36,0.04,0.005344437
run_129_repetition_19,DONE,zopfli,zopfli/@eslint__eslintrc--eslintrc-3.3.5.tgz,0.64,0.08,0.009475247
run_159_repetition_0,DONE,zopfli,zopfli/jiti--jiti-2.7.0.tgz,1.21,0.14,0.018464251
run_113_repetition_4,DONE,xz,xz/split2--split2-4.2.0.tar.xz,0.28,0.03,0.004352565
run_6_repetition_2,DONE,npm,npm/babel-plugin-check-es2015-constants--babel-plugin-check-es2015-constants-6.22.0.tgz,0.33,0.04,0.004733227
run_278_repetition_10,DONE,brotli,brotli/fetch-blob--fetch-blob-4.0.0.tar.br,0.26,0.03,0.00399409
run_34_repetition_19,DONE,npm,npm/react-error-overlay--react-error-overlay-6.1.0.tgz,0.52,0.06,0.008105907
run_235_repetition_15,DONE,zstd,zstd/remove-trailing-separator--remove-trailing-separator-1.1.0.tar.zst,0.19,0.02,0.003360511
run_311_repetition_14,DONE,brotli,brotli/whatwg-mimetype--whatwg-mimetype-5.0.0.tar.br,0.3,0.03,0.004198288
run_243_repetition_0,DONE,zstd,zstd/tar--tar-7.5.15.tar.zst,0.65,0.08,0.009777084
run_230_repetition_26,DONE,zstd,zstd/prismjs--prismjs-1.30.0.tar.zst,0.82,0.09,0.012127669
run_301_repetition_17,DONE,brotli,brotli/source-list-map--source-list-map-2.0.1.tar.br,0.3,0.03,0.004023466
run_276_repetition_16,DONE,brotli,brotli/eslint-plugin-import--eslint-plugin-import-2.32.0.tar.br,0.7,0.09,0.011536747
run_118_repetition_6,DONE,xz,xz/ts-node--ts-node-10.9.2.tar.xz,1.09,0.13,0.017076528
run_62_repetition_7,DONE,npm,npm/@next__swc-linux-arm64-musl--swc-linux-arm64-musl-16.2.6.tgz,70.17,8.28,1.09824172
run_31_repetition_3,DONE,npm,npm/dom-accessibility-api--dom-accessibility-api-0.7.1.tgz,0.49,0.06,0.007090675
run_144_repetition_10,DONE,zopfli,zopfli/babel-plugin-transform-exponentiation-operator--babel-plugin-transform-exponentiation-operator-6.24.1.tgz,0.26,0.03,0.003770154
run_147_repetition_0,DONE,zopfli,zopfli/dom-accessibility-api--dom-accessibility-api-0.7.1.tgz,0.41,0.05,0.006498015
run_208_repetition_23,DONE,zstd,zstd/client-only--client-only-0.0.1.tar.zst,0.26,0.03,0.003460797
run_302_repetition_14,DONE,brotli,brotli/split2--split2-4.2.0.tar.br,0.27,0.03,0.003818087
run_231_repetition_11,DONE,zstd,zstd/prop-types--prop-types-15.8.1.tar.zst,0.26,0.03,0.003749875
run_298_repetition_19,DONE,brotli,brotli/remove-trailing-separator--remove-trailing-separator-1.1.0.tar.br,0.26,0.03,0.003886721
run_107_repetition_14,DONE,xz,xz/react-dom--react-dom-19.2.6.tar.xz,2.56,0.31,0.039184094
run_110_repetition_12,DONE,xz,xz/resize-observer-polyfill--resize-observer-polyfill-1.5.1.tar.xz,0.39,0.05,0.005475749
run_292_repetition_19,DONE,brotli,brotli/prettier--prettier-3.8.3.tar.br,2.18,0.26,0.033642383
run_289_repetition_24,DONE,brotli,brotli/next--next-16.2.6.tar.br,23.17,2.8,0.353107546
run_68_repetition_3,DONE,xz,xz/@modelcontextprotocol__sdk--sdk-1.29.0.tar.xz,2.3,0.27,0.03594389
run_91_repetition_10,DONE,xz,xz/has-to-string-tag-x--has-to-string-tag-x-2.1.2.tar.xz,0.38,0.05,0.005756628
run_177_repetition_19,DONE,zopfli,zopfli/strict-uri-encode--strict-uri-encode-2.0.0.tgz,0.23,0.02,0.003546725
run_182_repetition_26,DONE,zopfli,zopfli/typescript--typescript-6.0.3.tgz,11.32,1.34,0.177881353
run_207_repetition_2,DONE,zstd,zstd/babel-plugin-transform-exponentiation-operator--babel-plugin-transform-exponentiation-operator-6.24.1.tar.zst,0.26,0.03,0.003453685
run_79_repetition_10,DONE,xz,xz/babel-helper-get-function-arity--babel-helper-get-function-arity-6.24.1.tar.xz,0.26,0.03,0.004084944
run_98_repetition_19,DONE,xz,xz/linkify-it--linkify-it-5.0.1.tar.xz,0.32,0.04,0.004683943
run_233_repetition_7,DONE,zstd,zstd/react-dom--react-dom-19.2.6.tar.zst,1.16,0.14,0.01761571
run_42_repetition_18,DONE,npm,npm/eslint-plugin-import--eslint-plugin-import-2.32.0.tgz,1.1,0.13,0.017039966
run_140_repetition_12,DONE,zopfli,zopfli/assert-plus--assert-plus-1.0.0.tgz,0.26,0.03,0.003858003
run_276_repetition_12,DONE,brotli,brotli/eslint-plugin-import--eslint-plugin-import-2.32.0.tar.br,0.77,0.09,0.011829458
run_16_repetition_2,DONE,npm,npm/eslint-config-react-app--eslint-config-react-app-7.0.1.tgz,0.32,0.04,0.00477751
run_177_repetition_9,DONE,zopfli,zopfli/strict-uri-encode--strict-uri-encode-2.0.0.tgz,0.19,0.02,0.0034496
run_117_repetition_5,DONE,xz,xz/tar--tar-7.5.15.tar.xz,1.65,0.19,0.025573293
run_103_repetition_17,DONE,xz,xz/prettier--prettier-3.8.3.tar.xz,6.55,0.77,0.103153883
run_163_repetition_14,DONE,zopfli,zopfli/next--next-16.2.6.tgz,81.03,9.65,1.281105432
run_227_repetition_2,DONE,zstd,zstd/node-notifier--node-notifier-10.0.1.tar.zst,1.45,0.17,0.021531842
run_49_repetition_1,DONE,npm,npm/xml2js--xml2js-0.6.2.tgz,2.06,0.24,0.032128778
run_229_repetition_19,DONE,zstd,zstd/prettier--prettier-3.8.3.tar.zst,1.67,0.19,0.0247314
run_278_repetition_17,DONE,brotli,brotli/fetch-blob--fetch-blob-4.0.0.tar.br,0.26,0.03,0.004195003
run_147_repetition_28,DONE,zopfli,zopfli/dom-accessibility-api--dom-accessibility-api-0.7.1.tgz,0.38,0.04,0.006292304
run_275_repetition_15,DONE,brotli,brotli/eslint-config-react-app--eslint-config-react-app-7.0.1.tar.br,0.32,0.04,0.004490793
run_93_repetition_23,DONE,xz,xz/html-escaper--html-escaper-3.0.3.tar.xz,0.3,0.03,0.004132607
run_42_repetition_16,DONE,npm,npm/eslint-plugin-import--eslint-plugin-import-2.32.0.tgz,1.14,0.13,0.017207314
run_309_repetition_7,DONE,brotli,brotli/watchpack-chokidar2--watchpack-chokidar2-2.0.1.tar.br,0.28,0.03,0.004151617
run_105_repetition_10,DONE,xz,xz/prop-types--prop-types-15.8.1.tar.xz,0.39,0.04,0.005638052
run_162_repetition_12,DONE,zopfli,zopfli/lodash-es--lodash-es-4.18.1.tgz,0.89,0.11,0.013843398
run_93_repetition_6,DONE,xz,xz/html-escaper--html-escaper-3.0.3.tar.xz,0.26,0.03,0.004577485
run_81_repetition_11,DONE,xz,xz/babel-plugin-transform-exponentiation-operator--babel-plugin-transform-exponentiation-operator-6.24.1.tar.xz,0.26,0.03,0.003868899
run_246_repetition_16,DONE,zstd,zstd/watchpack-chokidar2--watchpack-chokidar2-2.0.1.tar.zst,0.19,0.02,0.003408038
run_192_repetition_16,DONE,zstd,zstd/@eslint__eslintrc--eslintrc-3.3.5.tar.zst,0.35,0.04,0.005308118
run_170_repetition_22,DONE,zopfli,zopfli/react-dom--react-dom-19.2.6.tgz,3.52,0.42,0.055154183
run_273_repetition_1,DONE,brotli,brotli/dom-accessibility-api--dom-accessibility-api-0.7.1.tar.br,0.38,0.05,0.00563315
run_230_repetition_11,DONE,zstd,zstd/prismjs--prismjs-1.30.0.tar.zst,0.83,0.1,0.012175654
run_63_repetition_25,DONE,xz,xz/@aws-cdk__cloud-assembly-schema--cloud-assembly-schema-53.27.0.tar.xz,0.99,0.12,0.015585916
run_136_repetition_25,DONE,zopfli,zopfli/@sindresorhus__is--is-8.1.0.tgz,0.31,0.03,0.004661642
run_30_repetition_20,DONE,npm,npm/workbox-routing--workbox-routing-7.4.1.tgz,0.52,0.06,0.007651491
run_55_repetition_15,DONE,npm,npm/prettier--prettier-3.8.3.tgz,4.79,0.57,0.075053182
run_208_repetition_20,DONE,zstd,zstd/client-only--client-only-0.0.1.tar.zst,0.23,0.03,0.003357294
run_76_repetition_17,DONE,xz,xz/@vue__reactivity--reactivity-3.5.34.tar.xz,0.48,0.06,0.00760927
run_248_repetition_21,DONE,zstd,zstd/whatwg-mimetype--whatwg-mimetype-5.0.0.tar.zst,0.22,0.03,0.003612061
run_121_repetition_20,DONE,xz,xz/webpack--webpack-5.107.1.tar.xz,5.61,0.67,0.088060309
run_132_repetition_16,DONE,zopfli,zopfli/@next__swc-linux-arm64-musl--swc-linux-arm64-musl-16.2.6.tgz,73.99,8.79,1.164826738
run_304_repetition_8,DONE,brotli,brotli/style-loader--style-loader-4.0.0.tar.br,0.26,0.03,0.004305747
run_264_repetition_28,DONE,brotli,brotli/@types__uuid--uuid-11.0.0.tar.br,0.26,0.03,0.0038515
run_301_repetition_5,DONE,brotli,brotli/source-list-map--source-list-map-2.0.1.tar.br,0.25,0.03,0.003911672
run_99_repetition_27,DONE,xz,xz/lodash-es--lodash-es-4.18.1.tar.xz,1.03,0.12,0.016093362
run_30_repetition_14,DONE,npm,npm/workbox-routing--workbox-routing-7.4.1.tgz,0.45,0.05,0.006938564
run_27_repetition_20,DONE,npm,npm/has-to-string-tag-x--has-to-string-tag-x-2.1.2.tgz,0.38,0.05,0.005684251
run_18_repetition_22,DONE,npm,npm/fetch-blob--fetch-blob-4.0.0.tgz,0.33,0.04,0.004890508
run_314_repetition_13,DONE,brotli,brotli/xml2js--xml2js-0.6.2.tar.br,1.29,0.15,0.019953599
run_313_repetition_18,DONE,brotli,brotli/workbox-streams--workbox-streams-7.4.1.tar.br,0.32,0.04,0.004941164
run_80_repetition_25,DONE,xz,xz/babel-plugin-check-es2015-constants--babel-plugin-check-es2015-constants-6.22.0.tar.xz,0.26,0.03,0.003902748
run_278_repetition_28,DONE,brotli,brotli/fetch-blob--fetch-blob-4.0.0.tar.br,0.29,0.03,0.004503078
run_175_repetition_10,DONE,zopfli,zopfli/source-list-map--source-list-map-2.0.1.tgz,0.26,0.03,0.003862052
run_258_repetition_16,DONE,brotli,brotli/@next__swc-linux-arm64-musl--swc-linux-arm64-musl-16.2.6.tar.br,40.4,4.83,0.630771248
run_310_repetition_9,DONE,brotli,brotli/webpack--webpack-5.107.1.tar.br,1.89,0.22,0.028902111
run_138_repetition_14,DONE,zopfli,zopfli/@types__uuid--uuid-11.0.0.tgz,0.26,0.03,0.003660907
run_252_repetition_0,DONE,brotli,brotli/@aws-cdk__cloud-assembly-schema--cloud-assembly-schema-53.27.0.tar.br,0.51,0.06,0.007638725
run_292_repetition_2,DONE,brotli,brotli/prettier--prettier-3.8.3.tar.br,2.18,0.26,0.033407284
run_162_repetition_29,DONE,zopfli,zopfli/lodash-es--lodash-es-4.18.1.tgz,0.89,0.1,0.013693218
run_50_repetition_5,DONE,npm,npm/react-dom--react-dom-19.2.6.tgz,3.51,0.41,0.054546689
run_48_repetition_21,DONE,npm,npm/highlight.js--highlight.js-11.11.1.tgz,3.96,0.46,0.060369788
run_244_repetition_16,DONE,zstd,zstd/ts-node--ts-node-10.9.2.tar.zst,0.43,0.05,0.006331433
run_55_repetition_14,DONE,npm,npm/prettier--prettier-3.8.3.tgz,4.78,0.57,0.074856281
run_264_repetition_14,DONE,brotli,brotli/@types__uuid--uuid-11.0.0.tar.br,0.29,0.03,0.004047735
run_184_repetition_10,DONE,zopfli,zopfli/webpack--webpack-5.107.1.tgz,3.65,0.43,0.057874714
run_35_repetition_27,DONE,npm,npm/@eslint__eslintrc--eslintrc-3.3.5.tgz,0.67,0.08,0.009672542
run_14_repetition_8,DONE,npm,npm/split2--split2-4.2.0.tgz,0.33,0.04,0.004719798
run_310_repetition_19,DONE,brotli,brotli/webpack--webpack-5.107.1.tar.br,1.86,0.22,0.028840669
run_56_repetition_15,DONE,npm,npm/ethers--ethers-6.16.0.tgz,6.93,0.81,0.107101948
run_3_repetition_29,DONE,npm,npm/@types__uuid--uuid-11.0.0.tgz,0.36,0.04,0.005231188
run_248_repetition_11,DONE,zstd,zstd/whatwg-mimetype--whatwg-mimetype-5.0.0.tar.zst,0.23,0.03,0.003571009
run_82_repetition_4,DONE,xz,xz/client-only--client-only-0.0.1.tar.xz,0.26,0.03,0.003727428
run_122_repetition_17,DONE,xz,xz/whatwg-mimetype--whatwg-mimetype-5.0.0.tar.xz,0.34,0.04,0.00484163
run_123_repetition_26,DONE,xz,xz/workbox-routing--workbox-routing-7.4.1.tar.xz,0.54,0.07,0.00832104
run_59_repetition_6,DONE,npm,npm/typescript--typescript-6.0.3.tgz,11.21,1.33,0.175325177
run_109_repetition_2,DONE,xz,xz/remove-trailing-separator--remove-trailing-separator-1.1.0.tar.xz,0.3,0.03,0.004514281
run_292_repetition_10,DONE,brotli,brotli/prettier--prettier-3.8.3.tar.br,2.18,0.26,0.033621448
run_298_repetition_3,DONE,brotli,brotli/remove-trailing-separator--remove-trailing-separator-1.1.0.tar.br,0.26,0.03,0.004101337
run_77_repetition_27,DONE,xz,xz/assert-plus--assert-plus-1.0.0.tar.xz,0.3,0.03,0.004111654
run_303_repetition_9,DONE,brotli,brotli/strict-uri-encode--strict-uri-encode-2.0.0.tar.br,0.26,0.03,0.004041749
run_142_repetition_26,DONE,zopfli,zopfli/babel-helper-get-function-arity--babel-helper-get-function-arity-6.24.1.tgz,0.23,0.03,0.003678844
run_141_repetition_29,DONE,zopfli,zopfli/aws-sdk--aws-sdk-2.1693.0.tgz,38.33,4.54,0.605160054
run_247_repetition_2,DONE,zstd,zstd/webpack--webpack-5.107.1.tar.zst,1.54,0.18,0.022461926
run_170_repetition_15,DONE,zopfli,zopfli/react-dom--react-dom-19.2.6.tgz,3.56,0.42,0.05520813
run_53_repetition_13,DONE,npm,npm/libphonenumber-js--libphonenumber-js-1.13.3.tgz,5.3,0.63,0.081630979
run_90_repetition_28,DONE,xz,xz/got--got-15.0.5.tar.xz,0.64,0.08,0.010078966
run_96_repetition_3,DONE,xz,xz/jiti--jiti-2.7.0.tar.xz,2.17,0.26,0.033475771
run_155_repetition_21,DONE,zopfli,zopfli/highlight.js--highlight.js-11.11.1.tgz,3.58,0.42,0.056120142
run_33_repetition_14,DONE,npm,npm/got--got-15.0.5.tgz,0.52,0.06,0.007848002
run_75_repetition_1,DONE,xz,xz/@types__uuid--uuid-11.0.0.tar.xz,0.26,0.03,0.003959938
run_249_repetition_7,DONE,zstd,zstd/workbox-routing--workbox-routing-7.4.1.tar.zst,0.33,0.03,0.004625059
run_264_repetition_24,DONE,brotli,brotli/@types__uuid--uuid-11.0.0.tar.br,0.23,0.03,0.003498563
run_152_repetition_8,DONE,zopfli,zopfli/fetch-blob--fetch-blob-4.0.0.tgz,0.22,0.02,0.003746464
run_133_repetition_17,DONE,zopfli,zopfli/@opentelemetry__semantic-conventions--semantic-conventions-1.41.1.tgz,4.93,0.6,0.077677298
run_63_repetition_0,DONE,xz,xz/@aws-cdk__cloud-assembly-schema--cloud-assembly-schema-53.27.0.tar.xz,1.03,0.12,0.015544644
run_29_repetition_14,DONE,npm,npm/@parcel__watcher--watcher-2.5.6.tgz,0.39,0.05,0.00604655
run_272_repetition_12,DONE,brotli,brotli/date-fns--date-fns-4.3.0.tar.br,3.8,0.46,0.058809415
run_109_repetition_4,DONE,xz,xz/remove-trailing-separator--remove-trailing-separator-1.1.0.tar.xz,0.26,0.03,0.003949001
run_178_repetition_23,DONE,zopfli,zopfli/style-loader--style-loader-4.0.0.tgz,0.3,0.03,0.004267691
run_15_repetition_27,DONE,npm,npm/html-escaper--html-escaper-3.0.3.tgz,0.36,0.04,0.005012452
run_54_repetition_23,DONE,npm,npm/node-notifier--node-notifier-10.0.1.tgz,3.36,0.4,0.051811404
run_267_repetition_1,DONE,brotli,brotli/aws-sdk--aws-sdk-2.1693.0.tar.br,12.95,1.59,0.200340462
run_195_repetition_18,DONE,zstd,zstd/@next__swc-linux-arm64-musl--swc-linux-arm64-musl-16.2.6.tar.zst,30.29,3.57,0.455706549
run_204_repetition_28,DONE,zstd,zstd/aws-sdk--aws-sdk-2.1693.0.tar.zst,15.21,1.78,0.22492621
run_313_repetition_10,DONE,brotli,brotli/workbox-streams--workbox-streams-7.4.1.tar.br,0.35,0.04,0.004721361
run_147_repetition_3,DONE,zopfli,zopfli/dom-accessibility-api--dom-accessibility-api-0.7.1.tgz,0.42,0.05,0.006306517
run_228_repetition_25,DONE,zstd,zstd/path-dirname--path-dirname-1.0.2.tar.zst,0.23,0.03,0.003556787
run_310_repetition_21,DONE,brotli,brotli/webpack--webpack-5.107.1.tar.br,1.9,0.22,0.029107602
run_73_repetition_14,DONE,xz,xz/@sindresorhus__is--is-8.1.0.tar.xz,0.39,0.04,0.005808711
run_159_repetition_26,DONE,zopfli,zopfli/jiti--jiti-2.7.0.tgz,1.18,0.14,0.018277844
run_34_repetition_7,DONE,npm,npm/react-error-overlay--react-error-overlay-6.1.0.tgz,0.55,0.06,0.008470193
run_312_repetition_2,DONE,brotli,brotli/workbox-routing--workbox-routing-7.4.1.tar.br,0.39,0.04,0.00585672
run_84_repetition_4,DONE,xz,xz/dom-accessibility-api--dom-accessibility-api-0.7.1.tar.xz,0.48,0.06,0.007705189
run_128_repetition_25,DONE,zopfli,zopfli/@esbuild__linux-ia32--linux-ia32-0.28.0.tgz,7.61,0.91,0.119372199
run_91_repetition_15,DONE,xz,xz/has-to-string-tag-x--has-to-string-tag-x-2.1.2.tar.xz,0.42,0.05,0.006115198
run_19_repetition_4,DONE,npm,npm/whatwg-mimetype--whatwg-mimetype-5.0.0.tgz,0.33,0.04,0.004883055
run_215_repetition_24,DONE,zstd,zstd/fetch-blob--fetch-blob-4.0.0.tar.zst,0.23,0.03,0.003447875
run_24_repetition_16,DONE,npm,npm/@sindresorhus__is--is-8.1.0.tgz,0.35,0.04,0.005295209
run_201_repetition_19,DONE,zstd,zstd/@types__uuid--uuid-11.0.0.tar.zst,0.26,0.03,0.003271566
run_47_repetition_19,DONE,npm,npm/protobufjs--protobufjs-8.4.2.tgz,1.93,0.23,0.029427329
run_120_repetition_15,DONE,xz,xz/watchpack-chokidar2--watchpack-chokidar2-2.0.1.tar.xz,0.26,0.03,0.003978235
run_313_repetition_6,DONE,brotli,brotli/workbox-streams--workbox-streams-7.4.1.tar.br,0.35,0.04,0.005072159
run_142_repetition_15,DONE,zopfli,zopfli/babel-helper-get-function-arity--babel-helper-get-function-arity-6.24.1.tgz,0.26,0.03,0.003741039
run_261_repetition_8,DONE,brotli,brotli/@radix-ui__primitive--primitive-1.1.3.tar.br,0.26,0.03,0.004147034
run_114_repetition_21,DONE,xz,xz/strict-uri-encode--strict-uri-encode-2.0.0.tar.xz,0.26,0.03,0.003994104
run_229_repetition_20,DONE,zstd,zstd/prettier--prettier-3.8.3.tar.zst,1.71,0.2,0.025452405
run_34_repetition_28,DONE,npm,npm/react-error-overlay--react-error-overlay-6.1.0.tgz,0.51,0.06,0.008257262
run_290_repetition_20,DONE,brotli,brotli/node-notifier--node-notifier-10.0.1.tar.br,2.56,0.3,0.03934679
run_273_repetition_18,DONE,brotli,brotli/dom-accessibility-api--dom-accessibility-api-0.7.1.tar.br,0.38,0.04,0.005564972
run_24_repetition_4,DONE,npm,npm/@sindresorhus__is--is-8.1.0.tgz,0.36,0.04,0.005368337
run_225_repetition_14,DONE,zstd,zstd/lodash-es--lodash-es-4.18.1.tar.zst,0.52,0.06,0.0075957
run_296_repetition_23,DONE,brotli,brotli/react-dom--react-dom-19.2.6.tar.br,1.2,0.14,0.018449918
run_7_repetition_8,DONE,npm,npm/strict-uri-encode--strict-uri-encode-2.0.0.tgz,0.29,0.03,0.004567524
run_309_repetition_20,DONE,brotli,brotli/watchpack-chokidar2--watchpack-chokidar2-2.0.1.tar.br,0.26,0.03,0.003908329
run_83_repetition_23,DONE,xz,xz/date-fns--date-fns-4.3.0.tar.xz,9.85,1.17,0.154805727
run_124_repetition_28,DONE,xz,xz/workbox-streams--workbox-streams-7.4.1.tar.xz,0.45,0.05,0.006569885
run_160_repetition_5,DONE,zopfli,zopfli/libphonenumber-js--libphonenumber-js-1.13.3.tgz,5.72,0.68,0.089447483
run_11_repetition_24,DONE,npm,npm/shallowequal--shallowequal-1.1.0.tgz,0.32,0.03,0.004611329
run_98_repetition_24,DONE,xz,xz/linkify-it--linkify-it-5.0.1.tar.xz,0.32,0.04,0.00506269
run_4_repetition_20,DONE,npm,npm/@types__glob--glob-9.0.0.tgz,0.39,0.05,0.005585062
run_58_repetition_7,DONE,npm,npm/@esbuild__linux-ia32--linux-ia32-0.28.0.tgz,7.33,0.87,0.114823354
run_268_repetition_8,DONE,brotli,brotli/babel-helper-get-function-arity--babel-helper-get-function-arity-6.24.1.tar.br,0.26,0.03,0.003856793
run_207_repetition_17,DONE,zstd,zstd/babel-plugin-transform-exponentiation-operator--babel-plugin-transform-exponentiation-operator-6.24.1.tar.zst,0.23,0.03,0.003442683
run_142_repetition_7,DONE,zopfli,zopfli/babel-helper-get-function-arity--babel-helper-get-function-arity-6.24.1.tgz,0.26,0.03,0.003742249
run_209_repetition_13,DONE,zstd,zstd/date-fns--date-fns-4.3.0.tar.zst,3.85,0.45,0.057181985
run_309_repetition_12,DONE,brotli,brotli/watchpack-chokidar2--watchpack-chokidar2-2.0.1.tar.br,0.25,0.03,0.00395214
run_79_repetition_22,DONE,xz,xz/babel-helper-get-function-arity--babel-helper-get-function-arity-6.24.1.tar.xz,0.26,0.03,0.00409472
run_90_repetition_6,DONE,xz,xz/got--got-15.0.5.tar.xz,0.64,0.08,0.010366034
run_25_repetition_12,DONE,npm,npm/encoding-sniffer--encoding-sniffer-1.0.2.tgz,0.39,0.05,0.005633914
run_107_repetition_1,DONE,xz,xz/react-dom--react-dom-19.2.6.tar.xz,2.52,0.3,0.039141452
run_305_repetition_15,DONE,brotli,brotli/tailwindcss--tailwindcss-4.3.0.tar.br,0.48,0.06,0.007503634
run_183_repetition_3,DONE,zopfli,zopfli/watchpack-chokidar2--watchpack-chokidar2-2.0.1.tgz,0.26,0.03,0.003452859
run_30_repetition_17,DONE,npm,npm/workbox-routing--workbox-routing-7.4.1.tgz,0.46,0.05,0.007021772
run_311_repetition_26,DONE,brotli,brotli/whatwg-mimetype--whatwg-mimetype-5.0.0.tar.br,0.29,0.03,0.004383262
run_238_repetition_11,DONE,zstd,zstd/source-list-map--source-list-map-2.0.1.tar.zst,0.23,0.03,0.00359389
run_48_repetition_18,DONE,npm,npm/highlight.js--highlight.js-11.11.1.tgz,3.91,0.45,0.060509308
run_238_repetition_17,DONE,zstd,zstd/source-list-map--source-list-map-2.0.1.tar.zst,0.26,0.03,0.003424571
run_27_repetition_24,DONE,npm,npm/has-to-string-tag-x--has-to-string-tag-x-2.1.2.tgz,0.36,0.04,0.005322145
run_311_repetition_10,DONE,brotli,brotli/whatwg-mimetype--whatwg-mimetype-5.0.0.tar.br,0.29,0.03,0.004367236
run_298_repetition_16,DONE,brotli,brotli/remove-trailing-separator--remove-trailing-separator-1.1.0.tar.br,0.26,0.03,0.004038323
run_67_repetition_1,DONE,xz,xz/@ethersproject__abstract-signer--abstract-signer-5.8.0.tar.xz,0.32,0.04,0.005281592
run_44_repetition_24,DONE,npm,npm/tar--tar-7.5.15.tgz,1.49,0.18,0.023052015
run_178_repetition_27,DONE,zopfli,zopfli/style-loader--style-loader-4.0.0.tgz,0.26,0.03,0.004338932
run_311_repetition_9,DONE,brotli,brotli/whatwg-mimetype--whatwg-mimetype-5.0.0.tar.br,0.26,0.03,0.00421219
run_242_repetition_26,DONE,zstd,zstd/tailwindcss--tailwindcss-4.3.0.tar.zst,0.39,0.05,0.006127906
run_153_repetition_4,DONE,zopfli,zopfli/got--got-15.0.5.tgz,0.46,0.05,0.006906685
run_36_repetition_14,DONE,npm,npm/lodash-es--lodash-es-4.18.1.tgz,1.56,0.18,0.023981355
run_148_repetition_6,DONE,zopfli,zopfli/encoding-sniffer--encoding-sniffer-1.0.2.tgz,0.32,0.04,0.005020494
run_176_repetition_5,DONE,zopfli,zopfli/split2--split2-4.2.0.tgz,0.24,0.03,0.003658214
run_133_repetition_14,DONE,zopfli,zopfli/@opentelemetry__semantic-conventions--semantic-conventions-1.41.1.tgz,5.01,0.59,0.078212365
run_284_repetition_16,DONE,brotli,brotli/immer--immer-11.1.8.tar.br,0.45,0.05,0.007239894
run_218_repetition_14,DONE,zstd,zstd/highlight.js--highlight.js-11.11.1.tar.zst,1.28,0.15,0.018860501
run_8_repetition_13,DONE,npm,npm/@babel__plugin-transform-regexp-modifiers--plugin-transform-regexp-modifiers-7.28.6.tgz,0.29,0.03,0.004679084
run_284_repetition_21,DONE,brotli,brotli/immer--immer-11.1.8.tar.br,0.48,0.05,0.007031619
run_68_repetition_26,DONE,xz,xz/@modelcontextprotocol__sdk--sdk-1.29.0.tar.xz,2.31,0.27,0.035964221
run_253_repetition_7,DONE,brotli,brotli/@babel__plugin-transform-regexp-modifiers--plugin-transform-regexp-modifiers-7.28.6.tar.br,0.25,0.03,0.003849137
run_55_repetition_2,DONE,npm,npm/prettier--prettier-3.8.3.tgz,4.82,0.57,0.074816067
run_191_repetition_13,DONE,zstd,zstd/@esbuild__linux-ia32--linux-ia32-0.28.0.tar.zst,3.03,0.35,0.046411982
run_260_repetition_10,DONE,brotli,brotli/@parcel__watcher--watcher-2.5.6.tar.br,0.32,0.04,0.004818819
run_193_repetition_19,DONE,zstd,zstd/@ethersproject__abstract-signer--abstract-signer-5.8.0.tar.zst,0.26,0.03,0.00385316
run_182_repetition_4,DONE,zopfli,zopfli/typescript--typescript-6.0.3.tgz,11.34,1.34,0.177525686
run_197_repetition_15,DONE,zstd,zstd/@parcel__watcher--watcher-2.5.6.tar.zst,0.29,0.03,0.004308858
run_211_repetition_9,DONE,zstd,zstd/encoding-sniffer--encoding-sniffer-1.0.2.tar.zst,0.26,0.03,0.003981282
run_295_repetition_29,DONE,brotli,brotli/protobufjs--protobufjs-8.4.2.tar.br,0.87,0.1,0.013113672
run_26_repetition_22,DONE,npm,npm/workbox-streams--workbox-streams-7.4.1.tgz,0.39,0.05,0.006112013
run_123_repetition_0,DONE,xz,xz/workbox-routing--workbox-routing-7.4.1.tar.xz,0.51,0.06,0.007852576
run_29_repetition_19,DONE,npm,npm/@parcel__watcher--watcher-2.5.6.tgz,0.42,0.05,0.005991826
run_70_repetition_5,DONE,xz,xz/@opentelemetry__semantic-conventions--semantic-conventions-1.41.1.tar.xz,3.08,0.37,0.047689595
run_261_repetition_1,DONE,brotli,brotli/@radix-ui__primitive--primitive-1.1.3.tar.br,0.26,0.03,0.003941474
run_183_repetition_17,DONE,zopfli,zopfli/watchpack-chokidar2--watchpack-chokidar2-2.0.1.tgz,0.23,0.03,0.003404471
run_118_repetition_15,DONE,xz,xz/ts-node--ts-node-10.9.2.tar.xz,1.08,0.13,0.0171807
run_46_repetition_25,DONE,npm,npm/@modelcontextprotocol__sdk--sdk-1.29.0.tgz,2.27,0.26,0.034224156
run_94_repetition_16,DONE,xz,xz/iconv-lite--iconv-lite-0.7.2.tar.xz,1.13,0.13,0.017289738
run_107_repetition_21,DONE,xz,xz/react-dom--react-dom-19.2.6.tar.xz,2.53,0.3,0.03947006
run_2_repetition_4,DONE,npm,npm/babel-helper-get-function-arity--babel-helper-get-function-arity-6.24.1.tgz,0.3,0.04,0.004422349
run_166_repetition_19,DONE,zopfli,zopfli/prettier--prettier-3.8.3.tgz,4.93,0.58,0.076945808
run_203_repetition_23,DONE,zstd,zstd/assert-plus--assert-plus-1.0.0.tar.zst,0.2,0.02,0.003470515
run_266_repetition_24,DONE,brotli,brotli/assert-plus--assert-plus-1.0.0.tar.br,0.26,0.03,0.004187677
run_90_repetition_13,DONE,xz,xz/got--got-15.0.5.tar.xz,0.64,0.08,0.010188498
run_193_repetition_12,DONE,zstd,zstd/@ethersproject__abstract-signer--abstract-signer-5.8.0.tar.zst,0.26,0.03,0.003743095
run_109_repetition_20,DONE,xz,xz/remove-trailing-separator--remove-trailing-separator-1.1.0.tar.xz,0.29,0.03,0.003962275
run_197_repetition_24,DONE,zstd,zstd/@parcel__watcher--watcher-2.5.6.tar.zst,0.26,0.03,0.004218496
run_166_repetition_23,DONE,zopfli,zopfli/prettier--prettier-3.8.3.tgz,4.94,0.58,0.077173552
run_125_repetition_9,DONE,xz,xz/xml2js--xml2js-0.6.2.tar.xz,4.11,0.49,0.064094932
run_186_repetition_19,DONE,zopfli,zopfli/workbox-routing--workbox-routing-7.4.1.tgz,0.42,0.05,0.006153102
run_63_repetition_6,DONE,xz,xz/@aws-cdk__cloud-assembly-schema--cloud-assembly-schema-53.27.0.tar.xz,0.99,0.12,0.015704061
run_80_repetition_12,DONE,xz,xz/babel-plugin-check-es2015-constants--babel-plugin-check-es2015-constants-6.22.0.tar.xz,0.22,0.03,0.003635841
run_227_repetition_27,DONE,zstd,zstd/node-notifier--node-notifier-10.0.1.tar.zst,1.41,0.16,0.021018439
run_272_repetition_10,DONE,brotli,brotli/date-fns--date-fns-4.3.0.tar.br,3.78,0.46,0.058234324
run_50_repetition_2,DONE,npm,npm/react-dom--react-dom-19.2.6.tgz,3.52,0.42,0.054605729
run_141_repetition_27,DONE,zopfli,zopfli/aws-sdk--aws-sdk-2.1693.0.tgz,38.46,4.55,0.605302054
run_256_repetition_23,DONE,brotli,brotli/@ethersproject__abstract-signer--abstract-signer-5.8.0.tar.br,0.33,0.04,0.00441273
run_197_repetition_26,DONE,zstd,zstd/@parcel__watcher--watcher-2.5.6.tar.zst,0.27,0.03,0.004241809
run_18_repetition_10,DONE,npm,npm/fetch-blob--fetch-blob-4.0.0.tgz,0.32,0.04,0.004863475
run_136_repetition_16,DONE,zopfli,zopfli/@sindresorhus__is--is-8.1.0.tgz,0.32,0.04,0.004618883
run_239_repetition_7,DONE,zstd,zstd/split2--split2-4.2.0.tar.zst,0.23,0.02,0.003579319
run_59_repetition_7,DONE,npm,npm/typescript--typescript-6.0.3.tgz,11.29,1.33,0.175871176
run_282_repetition_7,DONE,brotli,brotli/html-escaper--html-escaper-3.0.3.tar.br,0.26,0.03,0.004367646
run_189_repetition_0,DONE,zstd,zstd/@aws-cdk__cloud-assembly-schema--cloud-assembly-schema-53.27.0.tar.zst,0.42,0.05,0.006198464
run_180_repetition_3,DONE,zopfli,zopfli/tar--tar-7.5.15.tgz,1.56,0.18,0.023881517
run_175_repetition_26,DONE,zopfli,zopfli/source-list-map--source-list-map-2.0.1.tgz,0.32,0.03,0.003971591
run_146_repetition_20,DONE,zopfli,zopfli/date-fns--date-fns-4.3.0.tgz,12.31,1.46,0.19342891
run_49_repetition_23,DONE,npm,npm/xml2js--xml2js-0.6.2.tgz,2.05,0.24,0.032247285
run_26_repetition_2,DONE,npm,npm/workbox-streams--workbox-streams-7.4.1.tgz,0.39,0.04,0.00575729
run_279_repetition_7,DONE,brotli,brotli/got--got-15.0.5.tar.br,0.42,0.05,0.005932328
run_258_repetition_21,DONE,brotli,brotli/@next__swc-linux-arm64-musl--swc-linux-arm64-musl-16.2.6.tar.br,40.49,4.88,0.630982183
run_286_repetition_1,DONE,brotli,brotli/libphonenumber-js--libphonenumber-js-1.13.3.tar.br,1.93,0.23,0.029774477
run_11_repetition_18,DONE,npm,npm/shallowequal--shallowequal-1.1.0.tgz,0.3,0.04,0.004521407
run_289_repetition_12,DONE,brotli,brotli/next--next-16.2.6.tar.br,22.59,2.76,0.350319192
run_195_repetition_1,DONE,zstd,zstd/@next__swc-linux-arm64-musl--swc-linux-arm64-musl-16.2.6.tar.zst,29.64,3.51,0.44671622
run_302_repetition_13,DONE,brotli,brotli/split2--split2-4.2.0.tar.br,0.29,0.03,0.004019048
run_187_repetition_27,DONE,zopfli,zopfli/workbox-streams--workbox-streams-7.4.1.tgz,0.28,0.04,0.004702445
run_169_repetition_9,DONE,zopfli,zopfli/protobufjs--protobufjs-8.4.2.tgz,1.93,0.23,0.030014057
run_16_repetition_15,DONE,npm,npm/eslint-config-react-app--eslint-config-react-app-7.0.1.tgz,0.3,0.03,0.004864332
run_245_repetition_2,DONE,zstd,zstd/typescript--typescript-6.0.3.tar.zst,3.94,0.46,0.058370958
run_37_repetition_4,DONE,npm,npm/@aws-cdk__cloud-assembly-schema--cloud-assembly-schema-53.27.0.tgz,0.72,0.08,0.010626984
run_183_repetition_19,DONE,zopfli,zopfli/watchpack-chokidar2--watchpack-chokidar2-2.0.1.tgz,0.23,0.03,0.003453383
run_166_repetition_18,DONE,zopfli,zopfli/prettier--prettier-3.8.3.tgz,4.89,0.58,0.07716402
run_94_repetition_23,DONE,xz,xz/iconv-lite--iconv-lite-0.7.2.tar.xz,1.11,0.13,0.017183323
run_23_repetition_10,DONE,npm,npm/prop-types--prop-types-15.8.1.tgz,0.4,0.04,0.005291804
run_180_repetition_25,DONE,zopfli,zopfli/tar--tar-7.5.15.tgz,1.54,0.18,0.024151655
run_117_repetition_28,DONE,xz,xz/tar--tar-7.5.15.tar.xz,1.66,0.2,0.025743033
run_233_repetition_2,DONE,zstd,zstd/react-dom--react-dom-19.2.6.tar.zst,1.16,0.14,0.01783972
run_143_repetition_29,DONE,zopfli,zopfli/babel-plugin-check-es2015-constants--babel-plugin-check-es2015-constants-6.22.0.tgz,0.26,0.03,0.003889857
run_210_repetition_15,DONE,zstd,zstd/dom-accessibility-api--dom-accessibility-api-0.7.1.tar.zst,0.26,0.03,0.004438274
run_88_repetition_21,DONE,xz,xz/ethers--ethers-6.16.0.tar.xz,6.71,0.79,0.104629872
run_289_repetition_21,DONE,brotli,brotli/next--next-16.2.6.tar.br,22.7,2.77,0.351089722
run_296_repetition_18,DONE,brotli,brotli/react-dom--react-dom-19.2.6.tar.br,1.23,0.15,0.018593811
run_47_repetition_25,DONE,npm,npm/protobufjs--protobufjs-8.4.2.tgz,1.87,0.22,0.029282257
run_286_repetition_0,DONE,brotli,brotli/libphonenumber-js--libphonenumber-js-1.13.3.tar.br,1.87,0.22,0.028995785
run_165_repetition_27,DONE,zopfli,zopfli/path-dirname--path-dirname-1.0.2.tgz,0.23,0.03,0.003467568
run_235_repetition_23,DONE,zstd,zstd/remove-trailing-separator--remove-trailing-separator-1.1.0.tar.zst,0.23,0.03,0.003421626
run_176_repetition_12,DONE,zopfli,zopfli/split2--split2-4.2.0.tgz,0.25,0.03,0.003757281
run_88_repetition_0,DONE,xz,xz/ethers--ethers-6.16.0.tar.xz,6.73,0.8,0.105339884
run_221_repetition_20,DONE,zstd,zstd/immer--immer-11.1.8.tar.zst,0.39,0.05,0.005696465
run_148_repetition_15,DONE,zopfli,zopfli/encoding-sniffer--encoding-sniffer-1.0.2.tgz,0.32,0.04,0.004727782
run_28_repetition_4,DONE,npm,npm/resize-observer-polyfill--resize-observer-polyfill-1.5.1.tgz,0.43,0.05,0.00620507
run_288_repetition_11,DONE,brotli,brotli/lodash-es--lodash-es-4.18.1.tar.br,0.58,0.07,0.008649562
run_257_repetition_24,DONE,brotli,brotli/@modelcontextprotocol__sdk--sdk-1.29.0.tar.br,1.06,0.12,0.0165759
run_48_repetition_9,DONE,npm,npm/highlight.js--highlight.js-11.11.1.tgz,3.97,0.46,0.060634647
run_228_repetition_14,DONE,zstd,zstd/path-dirname--path-dirname-1.0.2.tar.zst,0.23,0.03,0.00336899
run_308_repetition_23,DONE,brotli,brotli/typescript--typescript-6.0.3.tar.br,4.21,0.5,0.065481882
run_137_repetition_16,DONE,zopfli,zopfli/@types__glob--glob-9.0.0.tgz,0.26,0.03,0.00368772
run_151_repetition_10,DONE,zopfli,zopfli/ethers--ethers-6.16.0.tgz,7.41,0.87,0.116714374
run_136_repetition_9,DONE,zopfli,zopfli/@sindresorhus__is--is-8.1.0.tgz,0.32,0.04,0.004766808
run_135_repetition_8,DONE,zopfli,zopfli/@radix-ui__primitive--primitive-1.1.3.tgz,0.23,0.03,0.003615064
run_156_repetition_20,DONE,zopfli,zopfli/html-escaper--html-escaper-3.0.3.tgz,0.26,0.03,0.003919834
run_260_repetition_20,DONE,brotli,brotli/@parcel__watcher--watcher-2.5.6.tar.br,0.39,0.04,0.004888
run_230_repetition_3,DONE,zstd,zstd/prismjs--prismjs-1.30.0.tar.zst,0.82,0.09,0.012088695
run_0_repetition_12,DONE,npm,npm/watchpack-chokidar2--watchpack-chokidar2-2.0.1.tgz,0.33,0.04,0.004594091
run_118_repetition_2,DONE,xz,xz/ts-node--ts-node-10.9.2.tar.xz,1.08,0.13,0.016964118
run_310_repetition_27,DONE,brotli,brotli/webpack--webpack-5.107.1.tar.br,1.89,0.22,0.029118418
run_108_repetition_26,DONE,xz,xz/react-error-overlay--react-error-overlay-6.1.0.tar.xz,0.95,0.11,0.014488061
run_229_repetition_27,DONE,zstd,zstd/prettier--prettier-3.8.3.tar.zst,1.68,0.19,0.024895689
run_303_repetition_16,DONE,brotli,brotli/strict-uri-encode--strict-uri-encode-2.0.0.tar.br,0.29,0.04,0.003974681
run_80_repetition_24,DONE,xz,xz/babel-plugin-check-es2015-constants--babel-plugin-check-es2015-constants-6.22.0.tar.xz,0.26,0.03,0.004044347
run_16_repetition_14,DONE,npm,npm/eslint-config-react-app--eslint-config-react-app-7.0.1.tgz,0.35,0.04,0.004860086
run_26_repetition_29,DONE,npm,npm/workbox-streams--workbox-streams-7.4.1.tgz,0.39,0.05,0.005872413
run_136_repetition_20,DONE,zopfli,zopfli/@sindresorhus__is--is-8.1.0.tgz,0.32,0.04,0.004604177
run_251_repetition_8,DONE,zstd,zstd/xml2js--xml2js-0.6.2.tar.zst,0.92,0.11,0.014357151
run_75_repetition_9,DONE,xz,xz/@types__uuid--uuid-11.0.0.tar.xz,0.26,0.03,0.003872066
run_111_repetition_23,DONE,xz,xz/shallowequal--shallowequal-1.1.0.tar.xz,0.28,0.04,0.004469467
run_195_repetition_2,DONE,zstd,zstd/@next__swc-linux-arm64-musl--swc-linux-arm64-musl-16.2.6.tar.zst,29.52,3.46,0.447159328
run_64_repetition_15,DONE,xz,xz/@babel__plugin-transform-regexp-modifiers--plugin-transform-regexp-modifiers-7.28.6.tar.xz,0.29,0.03,0.003922742
run_23_repetition_8,DONE,npm,npm/prop-types--prop-types-15.8.1.tgz,0.32,0.04,0.005104469
run_76_repetition_24,DONE,xz,xz/@vue__reactivity--reactivity-3.5.34.tar.xz,0.45,0.05,0.007390543
run_105_repetition_8,DONE,xz,xz/prop-types--prop-types-15.8.1.tar.xz,0.39,0.05,0.005662262
run_222_repetition_20,DONE,zstd,zstd/jiti--jiti-2.7.0.tar.zst,0.62,0.07,0.009441837
run_293_repetition_3,DONE,brotli,brotli/prismjs--prismjs-1.30.0.tar.br,1.03,0.12,0.016088729
run_306_repetition_21,DONE,brotli,brotli/tar--tar-7.5.15.tar.br,0.77,0.09,0.011758073
run_200_repetition_11,DONE,zstd,zstd/@types__glob--glob-9.0.0.tar.zst,0.26,0.03,0.003428921
run_91_repetition_20,DONE,xz,xz/has-to-string-tag-x--has-to-string-tag-x-2.1.2.tar.xz,0.38,0.05,0.005642775
run_108_repetition_20,DONE,xz,xz/react-error-overlay--react-error-overlay-6.1.0.tar.xz,0.9,0.1,0.014321865
run_217_repetition_14,DONE,zstd,zstd/has-to-string-tag-x--has-to-string-tag-x-2.1.2.tar.zst,0.27,0.03,0.003974542
run_25_repetition_18,DONE,npm,npm/encoding-sniffer--encoding-sniffer-1.0.2.tgz,0.39,0.05,0.005770962
run_145_repetition_3,DONE,zopfli,zopfli/client-only--client-only-0.0.1.tgz,0.23,0.03,0.003371033
run_136_repetition_5,DONE,zopfli,zopfli/@sindresorhus__is--is-8.1.0.tgz,0.32,0.04,0.004858456
run_0_repetition_3,DONE,npm,npm/watchpack-chokidar2--watchpack-chokidar2-2.0.1.tgz,0.32,0.04,0.004623812
run_212_repetition_21,DONE,zstd,zstd/eslint-config-react-app--eslint-config-react-app-7.0.1.tar.zst,0.23,0.03,0.003407783
run_204_repetition_14,DONE,zstd,zstd/aws-sdk--aws-sdk-2.1693.0.tar.zst,14.86,1.74,0.219986547
run_192_repetition_27,DONE,zstd,zstd/@eslint__eslintrc--eslintrc-3.3.5.tar.zst,0.38,0.05,0.005627861
run_5_repetition_2,DONE,npm,npm/babel-plugin-transform-exponentiation-operator--babel-plugin-transform-exponentiation-operator-6.24.1.tgz,0.22,0.03,0.004351283
run_93_repetition_26,DONE,xz,xz/html-escaper--html-escaper-3.0.3.tar.xz,0.29,0.03,0.004499635
run_0_repetition_20,DONE,npm,npm/watchpack-chokidar2--watchpack-chokidar2-2.0.1.tgz,0.29,0.03,0.004531084
run_27_repetition_10,DONE,npm,npm/has-to-string-tag-x--has-to-string-tag-x-2.1.2.tgz,0.36,0.04,0.0052805
run_154_repetition_1,DONE,zopfli,zopfli/has-to-string-tag-x--has-to-string-tag-x-2.1.2.tgz,0.29,0.03,0.00468632
run_89_repetition_11,DONE,xz,xz/fetch-blob--fetch-blob-4.0.0.tar.xz,0.29,0.04,0.004483799
run_238_repetition_1,DONE,zstd,zstd/source-list-map--source-list-map-2.0.1.tar.zst,0.26,0.03,0.003929742
run_201_repetition_2,DONE,zstd,zstd/@types__uuid--uuid-11.0.0.tar.zst,0.26,0.03,0.003639759
run_91_repetition_21,DONE,xz,xz/has-to-string-tag-x--has-to-string-tag-x-2.1.2.tar.xz,0.39,0.04,0.0058276
run_33_repetition_29,DONE,npm,npm/got--got-15.0.5.tgz,0.52,0.06,0.007565631
run_103_repetition_9,DONE,xz,xz/prettier--prettier-3.8.3.tar.xz,6.57,0.77,0.10310008
run_28_repetition_23,DONE,npm,npm/resize-observer-polyfill--resize-observer-polyfill-1.5.1.tgz,0.39,0.05,0.005746189
run_143_repetition_2,DONE,zopfli,zopfli/babel-plugin-check-es2015-constants--babel-plugin-check-es2015-constants-6.22.0.tgz,0.26,0.03,0.003816678
run_188_repetition_1,DONE,zopfli,zopfli/xml2js--xml2js-0.6.2.tgz,2.06,0.25,0.031915194
run_274_repetition_3,DONE,brotli,brotli/encoding-sniffer--encoding-sniffer-1.0.2.tar.br,0.29,0.03,0.004549602
run_230_repetition_13,DONE,zstd,zstd/prismjs--prismjs-1.30.0.tar.zst,0.83,0.1,0.01201193
run_63_repetition_17,DONE,xz,xz/@aws-cdk__cloud-assembly-schema--cloud-assembly-schema-53.27.0.tar.xz,0.96,0.11,0.015550717
run_223_repetition_2,DONE,zstd,zstd/libphonenumber-js--libphonenumber-js-1.13.3.tar.zst,1.65,0.19,0.024819263
run_270_repetition_18,DONE,brotli,brotli/babel-plugin-transform-exponentiation-operator--babel-plugin-transform-exponentiation-operator-6.24.1.tar.br,0.26,0.03,0.003801975
run_278_repetition_22,DONE,brotli,brotli/fetch-blob--fetch-blob-4.0.0.tar.br,0.26,0.03,0.003850075
run_191_repetition_1,DONE,zstd,zstd/@esbuild__linux-ia32--linux-ia32-0.28.0.tar.zst,3.11,0.36,0.046450753
run_200_repetition_13,DONE,zstd,zstd/@types__glob--glob-9.0.0.tar.zst,0.23,0.03,0.003331177
run_75_repetition_14,DONE,xz,xz/@types__uuid--uuid-11.0.0.tar.xz,0.27,0.03,0.003834979
run_241_repetition_24,DONE,zstd,zstd/style-loader--style-loader-4.0.0.tar.zst,0.23,0.03,0.003636737
run_299_repetition_26,DONE,brotli,brotli/resize-observer-polyfill--resize-observer-polyfill-1.5.1.tar.br,0.32,0.04,0.004477461
run_32_repetition_19,DONE,npm,npm/@vue__reactivity--reactivity-3.5.34.tgz,0.49,0.05,0.007207374
run_177_repetition_0,DONE,zopfli,zopfli/strict-uri-encode--strict-uri-encode-2.0.0.tgz,0.25,0.03,0.003470512
run_303_repetition_17,DONE,brotli,brotli/strict-uri-encode--strict-uri-encode-2.0.0.tar.br,0.26,0.03,0.003879258
run_52_repetition_27,DONE,npm,npm/@opentelemetry__semantic-conventions--semantic-conventions-1.41.1.tgz,4.79,0.56,0.074838658
run_146_repetition_24,DONE,zopfli,zopfli/date-fns--date-fns-4.3.0.tgz,12.18,1.45,0.193276787
run_58_repetition_23,DONE,npm,npm/@esbuild__linux-ia32--linux-ia32-0.28.0.tgz,7.3,0.87,0.114800218
run_73_repetition_1,DONE,xz,xz/@sindresorhus__is--is-8.1.0.tar.xz,0.36,0.04,0.005581892
run_281_repetition_15,DONE,brotli,brotli/highlight.js--highlight.js-11.11.1.tar.br,1.54,0.19,0.024163094
run_57_repetition_24,DONE,npm,npm/date-fns--date-fns-4.3.0.tgz,16.18,1.91,0.25197328
run_186_repetition_22,DONE,zopfli,zopfli/workbox-routing--workbox-routing-7.4.1.tgz,0.45,0.05,0.00616591
run_304_repetition_20,DONE,brotli,brotli/style-loader--style-loader-4.0.0.tar.br,0.29,0.04,0.004098198
run_56_repetition_14,DONE,npm,npm/ethers--ethers-6.16.0.tgz,6.96,0.82,0.107337441
run_174_repetition_0,DONE,zopfli,zopfli/shallowequal--shallowequal-1.1.0.tgz,0.2,0.02,0.003363258
run_75_repetition_29,DONE,xz,xz/@types__uuid--uuid-11.0.0.tar.xz,0.29,0.03,0.003911336
run_6_repetition_7,DONE,npm,npm/babel-plugin-check-es2015-constants--babel-plugin-check-es2015-constants-6.22.0.tgz,0.29,0.03,0.004731334
run_162_repetition_5,DONE,zopfli,zopfli/lodash-es--lodash-es-4.18.1.tgz,0.89,0.11,0.013961331
run_302_repetition_22,DONE,brotli,brotli/split2--split2-4.2.0.tar.br,0.3,0.03,0.004241827
run_310_repetition_10,DONE,brotli,brotli/webpack--webpack-5.107.1.tar.br,1.86,0.22,0.028814207
run_208_repetition_24,DONE,zstd,zstd/client-only--client-only-0.0.1.tar.zst,0.23,0.03,0.003500096
run_293_repetition_24,DONE,brotli,brotli/prismjs--prismjs-1.30.0.tar.br,1.02,0.12,0.015883515
run_243_repetition_13,DONE,zstd,zstd/tar--tar-7.5.15.tar.zst,0.65,0.08,0.009637754
run_67_repetition_29,DONE,xz,xz/@ethersproject__abstract-signer--abstract-signer-5.8.0.tar.xz,0.35,0.04,0.005390774
run_62_repetition_14,DONE,npm,npm/@next__swc-linux-arm64-musl--swc-linux-arm64-musl-16.2.6.tgz,70.21,8.38,1.098647604
run_37_repetition_21,DONE,npm,npm/@aws-cdk__cloud-assembly-schema--cloud-assembly-schema-53.27.0.tgz,0.71,0.08,0.01072565
run_18_repetition_28,DONE,npm,npm/fetch-blob--fetch-blob-4.0.0.tgz,0.31,0.04,0.00505003
run_74_repetition_26,DONE,xz,xz/@types__glob--glob-9.0.0.tar.xz,0.26,0.03,0.003819376
run_311_repetition_28,DONE,brotli,brotli/whatwg-mimetype--whatwg-mimetype-5.0.0.tar.br,0.29,0.04,0.004081263
run_144_repetition_6,DONE,zopfli,zopfli/babel-plugin-transform-exponentiation-operator--babel-plugin-transform-exponentiation-operator-6.24.1.tgz,0.26,0.03,0.003565907
run_159_repetition_2,DONE,zopfli,zopfli/jiti--jiti-2.7.0.tgz,1.21,0.14,0.018499389
run_39_repetition_25,DONE,npm,npm/iconv-lite--iconv-lite-0.7.2.tgz,0.56,0.07,0.008257405
run_248_repetition_20,DONE,zstd,zstd/whatwg-mimetype--whatwg-mimetype-5.0.0.tar.zst,0.23,0.03,0.003693991
run_60_repetition_24,DONE,npm,npm/aws-sdk--aws-sdk-2.1693.0.tgz,37.74,4.54,0.587959588
run_235_repetition_3,DONE,zstd,zstd/remove-trailing-separator--remove-trailing-separator-1.1.0.tar.zst,0.23,0.03,0.003302261
run_243_repetition_1,DONE,zstd,zstd/tar--tar-7.5.15.tar.zst,0.61,0.07,0.009722253
run_124_repetition_24,DONE,xz,xz/workbox-streams--workbox-streams-7.4.1.tar.xz,0.42,0.05,0.006500304
run_4_repetition_2,DONE,npm,npm/@types__glob--glob-9.0.0.tgz,0.32,0.04,0.005300822
run_313_repetition_0,DONE,brotli,brotli/workbox-streams--workbox-streams-7.4.1.tar.br,0.29,0.03,0.00465363
run_266_repetition_15,DONE,brotli,brotli/assert-plus--assert-plus-1.0.0.tar.br,0.26,0.03,0.003962706
run_96_repetition_5,DONE,xz,xz/jiti--jiti-2.7.0.tar.xz,2.14,0.25,0.03295376
run_218_repetition_27,DONE,zstd,zstd/highlight.js--highlight.js-11.11.1.tar.zst,1.3,0.15,0.019367537
run_185_repetition_21,DONE,zopfli,zopfli/whatwg-mimetype--whatwg-mimetype-5.0.0.tgz,0.29,0.04,0.004069175
run_141_repetition_20,DONE,zopfli,zopfli/aws-sdk--aws-sdk-2.1693.0.tgz,38.2,4.57,0.605345823
run_158_repetition_14,DONE,zopfli,zopfli/immer--immer-11.1.8.tgz,0.8,0.09,0.012029785
run_151_repetition_27,DONE,zopfli,zopfli/ethers--ethers-6.16.0.tgz,7.37,0.88,0.116112155
run_309_repetition_27,DONE,brotli,brotli/watchpack-chokidar2--watchpack-chokidar2-2.0.1.tar.br,0.23,0.03,0.00370784
run_269_repetition_8,DONE,brotli,brotli/babel-plugin-check-es2015-constants--babel-plugin-check-es2015-constants-6.22.0.tar.br,0.29,0.03,0.003977283
run_36_repetition_23,DONE,npm,npm/lodash-es--lodash-es-4.18.1.tgz,1.53,0.18,0.023680301
run_205_repetition_28,DONE,zstd,zstd/babel-helper-get-function-arity--babel-helper-get-function-arity-6.24.1.tar.zst,0.23,0.03,0.003409027
run_154_repetition_21,DONE,zopfli,zopfli/has-to-string-tag-x--has-to-string-tag-x-2.1.2.tgz,0.32,0.04,0.004748715
run_92_repetition_7,DONE,xz,xz/highlight.js--highlight.js-11.11.1.tar.xz,3.86,0.46,0.060600911
run_249_repetition_19,DONE,zstd,zstd/workbox-routing--workbox-routing-7.4.1.tar.zst,0.32,0.04,0.004861147
run_27_repetition_2,DONE,npm,npm/has-to-string-tag-x--has-to-string-tag-x-2.1.2.tgz,0.35,0.04,0.005193463
run_235_repetition_22,DONE,zstd,zstd/remove-trailing-separator--remove-trailing-separator-1.1.0.tar.zst,0.23,0.03,0.003393407
run_165_repetition_11,DONE,zopfli,zopfli/path-dirname--path-dirname-1.0.2.tgz,0.26,0.03,0.0037869
run_69_repetition_3,DONE,xz,xz/@next__swc-linux-arm64-musl--swc-linux-arm64-musl-16.2.6.tar.xz,154.53,18.26,2.420470222
run_211_repetition_8,DONE,zstd,zstd/encoding-sniffer--encoding-sniffer-1.0.2.tar.zst,0.3,0.03,0.003979137
run_153_repetition_20,DONE,zopfli,zopfli/got--got-15.0.5.tgz,0.45,0.05,0.00684022
run_200_repetition_24,DONE,zstd,zstd/@types__glob--glob-9.0.0.tar.zst,0.26,0.03,0.003446481
run_20_repetition_17,DONE,npm,npm/linkify-it--linkify-it-5.0.1.tgz,0.32,0.04,0.005059941
run_143_repetition_16,DONE,zopfli,zopfli/babel-plugin-check-es2015-constants--babel-plugin-check-es2015-constants-6.22.0.tgz,0.26,0.03,0.003598984
run_220_repetition_6,DONE,zstd,zstd/iconv-lite--iconv-lite-0.7.2.tar.zst,0.38,0.05,0.005295376
run_288_repetition_18,DONE,brotli,brotli/lodash-es--lodash-es-4.18.1.tar.br,0.55,0.06,0.008398954
run_299_repetition_7,DONE,brotli,brotli/resize-observer-polyfill--resize-observer-polyfill-1.5.1.tar.br,0.32,0.04,0.004740744
run_181_repetition_22,DONE,zopfli,zopfli/ts-node--ts-node-10.9.2.tgz,0.74,0.08,0.011014774
run_122_repetition_4,DONE,xz,xz/whatwg-mimetype--whatwg-mimetype-5.0.0.tar.xz,0.32,0.04,0.005104475
run_101_repetition_13,DONE,xz,xz/node-notifier--node-notifier-10.0.1.tar.xz,8.45,0.98,0.132060723
run_6_repetition_23,DONE,npm,npm/babel-plugin-check-es2015-constants--babel-plugin-check-es2015-constants-6.22.0.tgz,0.3,0.04,0.004566517
run_130_repetition_29,DONE,zopfli,zopfli/@ethersproject__abstract-signer--abstract-signer-5.8.0.tgz,0.32,0.04,0.004545317
run_32_repetition_18,DONE,npm,npm/@vue__reactivity--reactivity-3.5.34.tgz,0.45,0.05,0.007346982
run_230_repetition_9,DONE,zstd,zstd/prismjs--prismjs-1.30.0.tar.zst,0.8,0.09,0.011948762
run_306_repetition_15,DONE,brotli,brotli/tar--tar-7.5.15.tar.br,0.77,0.09,0.011669167
run_28_repetition_25,DONE,npm,npm/resize-observer-polyfill--resize-observer-polyfill-1.5.1.tgz,0.36,0.04,0.005723
run_132_repetition_29,DONE,zopfli,zopfli/@next__swc-linux-arm64-musl--swc-linux-arm64-musl-16.2.6.tgz,74.09,8.85,1.165512787
run_167_repetition_11,DONE,zopfli,zopfli/prismjs--prismjs-1.30.0.tgz,1.71,0.2,0.026967259
run_39_repetition_3,DONE,npm,npm/iconv-lite--iconv-lite-0.7.2.tgz,0.52,0.06,0.008445396
run_79_repetition_0,DONE,xz,xz/babel-helper-get-function-arity--babel-helper-get-function-arity-6.24.1.tar.xz,0.25,0.03,0.003890113
run_101_repetition_28,DONE,xz,xz/node-notifier--node-notifier-10.0.1.tar.xz,8.4,0.98,0.131924091
run_273_repetition_22,DONE,brotli,brotli/dom-accessibility-api--dom-accessibility-api-0.7.1.tar.br,0.36,0.04,0.005393293
run_128_repetition_26,DONE,zopfli,zopfli/@esbuild__linux-ia32--linux-ia32-0.28.0.tgz,7.54,0.91,0.119089201
run_61_repetition_22,DONE,npm,npm/next--next-16.2.6.tgz,79.53,9.44,1.240196839
run_26_repetition_15,DONE,npm,npm/workbox-streams--workbox-streams-7.4.1.tgz,0.39,0.05,0.005601874
run_145_repetition_11,DONE,zopfli,zopfli/client-only--client-only-0.0.1.tgz,0.26,0.03,0.00385851
run_9_repetition_28,DONE,npm,npm/remove-trailing-separator--remove-trailing-separator-1.1.0.tgz,0.3,0.03,0.004401986
run_107_repetition_29,DONE,xz,xz/react-dom--react-dom-19.2.6.tar.xz,2.54,0.3,0.039486995
run_118_repetition_29,DONE,xz,xz/ts-node--ts-node-10.9.2.tar.xz,1.08,0.13,0.016947468
run_249_repetition_3,DONE,zstd,zstd/workbox-routing--workbox-routing-7.4.1.tar.zst,0.32,0.04,0.004648243
run_66_repetition_27,DONE,xz,xz/@eslint__eslintrc--eslintrc-3.3.5.tar.xz,0.64,0.08,0.010083408
run_194_repetition_25,DONE,zstd,zstd/@modelcontextprotocol__sdk--sdk-1.29.0.tar.zst,0.94,0.11,0.014657613
run_269_repetition_14,DONE,brotli,brotli/babel-plugin-check-es2015-constants--babel-plugin-check-es2015-constants-6.22.0.tar.br,0.23,0.03,0.003688326
run_164_repetition_29,DONE,zopfli,zopfli/node-notifier--node-notifier-10.0.1.tgz,3.43,0.4,0.053942202
run_249_repetition_0,DONE,zstd,zstd/workbox-routing--workbox-routing-7.4.1.tar.zst,0.28,0.03,0.004492582
run_80_repetition_6,DONE,xz,xz/babel-plugin-check-es2015-constants--babel-plugin-check-es2015-constants-6.22.0.tar.xz,0.25,0.03,0.003952379
run_275_repetition_2,DONE,brotli,brotli/eslint-config-react-app--eslint-config-react-app-7.0.1.tar.br,0.26,0.03,0.00398757
run_292_repetition_15,DONE,brotli,brotli/prettier--prettier-3.8.3.tar.br,2.23,0.27,0.034198266
run_161_repetition_15,DONE,zopfli,zopfli/linkify-it--linkify-it-5.0.1.tgz,0.28,0.03,0.004167666
run_63_repetition_15,DONE,xz,xz/@aws-cdk__cloud-assembly-schema--cloud-assembly-schema-53.27.0.tar.xz,0.99,0.11,0.015594163
run_292_repetition_17,DONE,brotli,brotli/prettier--prettier-3.8.3.tar.br,2.14,0.26,0.033649969
run_90_repetition_9,DONE,xz,xz/got--got-15.0.5.tar.xz,0.64,0.08,0.00999352
run_274_repetition_2,DONE,brotli,brotli/encoding-sniffer--encoding-sniffer-1.0.2.tar.br,0.36,0.04,0.004669335
run_223_repetition_13,DONE,zstd,zstd/libphonenumber-js--libphonenumber-js-1.13.3.tar.zst,1.69,0.2,0.02450593
run_174_repetition_23,DONE,zopfli,zopfli/shallowequal--shallowequal-1.1.0.tgz,0.26,0.03,0.003610651
run_67_repetition_28,DONE,xz,xz/@ethersproject__abstract-signer--abstract-signer-5.8.0.tar.xz,0.35,0.04,0.00536527
run_142_repetition_2,DONE,zopfli,zopfli/babel-helper-get-function-arity--babel-helper-get-function-arity-6.24.1.tgz,0.19,0.02,0.00340499
run_220_repetition_3,DONE,zstd,zstd/iconv-lite--iconv-lite-0.7.2.tar.zst,0.35,0.04,0.005318631
run_71_repetition_28,DONE,xz,xz/@parcel__watcher--watcher-2.5.6.tar.xz,0.45,0.05,0.006866192
run_198_repetition_0,DONE,zstd,zstd/@radix-ui__primitive--primitive-1.1.3.tar.zst,0.23,0.02,0.00339642
run_232_repetition_17,DONE,zstd,zstd/protobufjs--protobufjs-8.4.2.tar.zst,0.75,0.09,0.011065071
run_38_repetition_6,DONE,npm,npm/tailwindcss--tailwindcss-4.3.0.tgz,0.7,0.08,0.010774553
run_166_repetition_1,DONE,zopfli,zopfli/prettier--prettier-3.8.3.tgz,4.93,0.59,0.077175886
run_309_repetition_4,DONE,brotli,brotli/watchpack-chokidar2--watchpack-chokidar2-2.0.1.tar.br,0.26,0.03,0.003905361
run_58_repetition_12,DONE,npm,npm/@esbuild__linux-ia32--linux-ia32-0.28.0.tgz,7.36,0.87,0.114786435
run_7_repetition_7,DONE,npm,npm/strict-uri-encode--strict-uri-encode-2.0.0.tgz,0.33,0.04,0.00457589
run_99_repetition_25,DONE,xz,xz/lodash-es--lodash-es-4.18.1.tar.xz,1.02,0.12,0.015689097
run_16_repetition_22,DONE,npm,npm/eslint-config-react-app--eslint-config-react-app-7.0.1.tgz,0.32,0.04,0.004700276
run_220_repetition_1,DONE,zstd,zstd/iconv-lite--iconv-lite-0.7.2.tar.zst,0.42,0.04,0.005281005
run_129_repetition_27,DONE,zopfli,zopfli/@eslint__eslintrc--eslintrc-3.3.5.tgz,0.6,0.07,0.009011559
run_8_repetition_14,DONE,npm,npm/@babel__plugin-transform-regexp-modifiers--plugin-transform-regexp-modifiers-7.28.6.tgz,0.32,0.04,0.004697543
run_115_repetition_22,DONE,xz,xz/style-loader--style-loader-4.0.0.tar.xz,0.36,0.05,0.005236308
run_1_repetition_13,DONE,npm,npm/client-only--client-only-0.0.1.tgz,0.26,0.03,0.004372196
run_203_repetition_17,DONE,zstd,zstd/assert-plus--assert-plus-1.0.0.tar.zst,0.26,0.03,0.003428704
run_162_repetition_14,DONE,zopfli,zopfli/lodash-es--lodash-es-4.18.1.tgz,0.9,0.1,0.01380182
run_311_repetition_4,DONE,brotli,brotli/whatwg-mimetype--whatwg-mimetype-5.0.0.tar.br,0.26,0.03,0.003963278
run_0_repetition_18,DONE,npm,npm/watchpack-chokidar2--watchpack-chokidar2-2.0.1.tgz,0.32,0.04,0.004483103
run_170_repetition_21,DONE,zopfli,zopfli/react-dom--react-dom-19.2.6.tgz,3.56,0.42,0.055261622
run_268_repetition_17,DONE,brotli,brotli/babel-helper-get-function-arity--babel-helper-get-function-arity-6.24.1.tar.br,0.26,0.03,0.004034935
run_169_repetition_6,DONE,zopfli,zopfli/protobufjs--protobufjs-8.4.2.tgz,1.93,0.23,0.030483398
run_249_repetition_14,DONE,zstd,zstd/workbox-routing--workbox-routing-7.4.1.tar.zst,0.29,0.03,0.004424871
run_165_repetition_16,DONE,zopfli,zopfli/path-dirname--path-dirname-1.0.2.tgz,0.25,0.03,0.003583565
run_146_repetition_9,DONE,zopfli,zopfli/date-fns--date-fns-4.3.0.tgz,12.27,1.46,0.193085102
run_56_repetition_11,DONE,npm,npm/ethers--ethers-6.16.0.tgz,6.95,0.82,0.107720246
run_170_repetition_25,DONE,zopfli,zopfli/react-dom--react-dom-19.2.6.tgz,3.52,0.42,0.055470857
run_62_repetition_11,DONE,npm,npm/@next__swc-linux-arm64-musl--swc-linux-arm64-musl-16.2.6.tgz,70.26,8.33,1.09904799
run_194_repetition_24,DONE,zstd,zstd/@modelcontextprotocol__sdk--sdk-1.29.0.tar.zst,0.97,0.11,0.01477649
run_249_repetition_28,DONE,zstd,zstd/workbox-routing--workbox-routing-7.4.1.tar.zst,0.29,0.03,0.004408596
run_119_repetition_17,DONE,xz,xz/typescript--typescript-6.0.3.tar.xz,13.58,1.6,0.21223138
run_34_repetition_23,DONE,npm,npm/react-error-overlay--react-error-overlay-6.1.0.tgz,0.51,0.06,0.008396342
run_56_repetition_9,DONE,npm,npm/ethers--ethers-6.16.0.tgz,6.95,0.81,0.107246409
run_297_repetition_24,DONE,brotli,brotli/react-error-overlay--react-error-overlay-6.1.0.tar.br,0.49,0.06,0.007055596
run_294_repetition_9,DONE,brotli,brotli/prop-types--prop-types-15.8.1.tar.br,0.32,0.04,0.004969665
run_56_repetition_3,DONE,npm,npm/ethers--ethers-6.16.0.tgz,6.98,0.82,0.107522653
run_310_repetition_16,DONE,brotli,brotli/webpack--webpack-5.107.1.tar.br,1.89,0.22,0.029201554
run_16_repetition_12,DONE,npm,npm/eslint-config-react-app--eslint-config-react-app-7.0.1.tgz,0.31,0.04,0.004853167
run_136_repetition_3,DONE,zopfli,zopfli/@sindresorhus__is--is-8.1.0.tgz,0.26,0.03,0.004394197
run_173_repetition_21,DONE,zopfli,zopfli/resize-observer-polyfill--resize-observer-polyfill-1.5.1.tgz,0.32,0.04,0.005024007
run_58_repetition_8,DONE,npm,npm/@esbuild__linux-ia32--linux-ia32-0.28.0.tgz,7.33,0.86,0.114711828
run_141_repetition_0,DONE,zopfli,zopfli/aws-sdk--aws-sdk-2.1693.0.tgz,38.29,4.54,0.605355602
run_299_repetition_19,DONE,brotli,brotli/resize-observer-polyfill--resize-observer-polyfill-1.5.1.tar.br,0.3,0.03,0.004791492
run_88_repetition_12,DONE,xz,xz/ethers--ethers-6.16.0.tar.xz,6.72,0.79,0.105305099
run_204_repetition_16,DONE,zstd,zstd/aws-sdk--aws-sdk-2.1693.0.tar.zst,15.18,1.79,0.224975269
run_29_repetition_2,DONE,npm,npm/@parcel__watcher--watcher-2.5.6.tgz,0.39,0.05,0.005938234
run_173_repetition_2,DONE,zopfli,zopfli/resize-observer-polyfill--resize-observer-polyfill-1.5.1.tgz,0.32,0.04,0.005017989
run_37_repetition_5,DONE,npm,npm/@aws-cdk__cloud-assembly-schema--cloud-assembly-schema-53.27.0.tgz,0.71,0.08,0.010598686
run_69_repetition_29,DONE,xz,xz/@next__swc-linux-arm64-musl--swc-linux-arm64-musl-16.2.6.tar.xz,154.13,18.2,2.423787385
run_302_repetition_3,DONE,brotli,brotli/split2--split2-4.2.0.tar.br,0.29,0.04,0.004005324
run_57_repetition_0,DONE,npm,npm/date-fns--date-fns-4.3.0.tgz,16.16,1.9,0.250984527
run_214_repetition_10,DONE,zstd,zstd/ethers--ethers-6.16.0.tar.zst,2.25,0.26,0.033367556
run_157_repetition_15,DONE,zopfli,zopfli/iconv-lite--iconv-lite-0.7.2.tgz,0.54,0.06,0.007747645
run_61_repetition_15,DONE,npm,npm/next--next-16.2.6.tgz,79.58,9.38,1.23890036
run_257_repetition_6,DONE,brotli,brotli/@modelcontextprotocol__sdk--sdk-1.29.0.tar.br,1.07,0.13,0.016169223
run_306_repetition_20,DONE,brotli,brotli/tar--tar-7.5.15.tar.br,0.74,0.09,0.011554045
run_110_repetition_25,DONE,xz,xz/resize-observer-polyfill--resize-observer-polyfill-1.5.1.tar.xz,0.32,0.04,0.005592903
run_303_repetition_26,DONE,brotli,brotli/strict-uri-encode--strict-uri-encode-2.0.0.tar.br,0.26,0.03,0.004043816
run_246_repetition_15,DONE,zstd,zstd/watchpack-chokidar2--watchpack-chokidar2-2.0.1.tar.zst,0.23,0.03,0.003312849
run_260_repetition_18,DONE,brotli,brotli/@parcel__watcher--watcher-2.5.6.tar.br,0.32,0.04,0.005133839
run_104_repetition_0,DONE,xz,xz/prismjs--prismjs-1.30.0.tar.xz,2.78,0.33,0.04347267
run_209_repetition_21,DONE,zstd,zstd/date-fns--date-fns-4.3.0.tar.zst,3.94,0.46,0.057232648
run_97_repetition_2,DONE,xz,xz/libphonenumber-js--libphonenumber-js-1.13.3.tar.xz,4.31,0.52,0.067081989
run_89_repetition_16,DONE,xz,xz/fetch-blob--fetch-blob-4.0.0.tar.xz,0.32,0.04,0.004453307
run_276_repetition_0,DONE,brotli,brotli/eslint-plugin-import--eslint-plugin-import-2.32.0.tar.br,0.74,0.09,0.01138316
run_88_repetition_29,DONE,xz,xz/ethers--ethers-6.16.0.tar.xz,6.67,0.79,0.104263218
run_101_repetition_10,DONE,xz,xz/node-notifier--node-notifier-10.0.1.tar.xz,8.4,1.02,0.131467932
run_104_repetition_3,DONE,xz,xz/prismjs--prismjs-1.30.0.tar.xz,2.75,0.33,0.043226122
run_260_repetition_15,DONE,brotli,brotli/@parcel__watcher--watcher-2.5.6.tar.br,0.35,0.04,0.005097491
run_257_repetition_14,DONE,brotli,brotli/@modelcontextprotocol__sdk--sdk-1.29.0.tar.br,1.03,0.12,0.016364118
run_178_repetition_10,DONE,zopfli,zopfli/style-loader--style-loader-4.0.0.tgz,0.23,0.03,0.004268771
run_264_repetition_4,DONE,brotli,brotli/@types__uuid--uuid-11.0.0.tar.br,0.26,0.03,0.003871187
run_256_repetition_4,DONE,brotli,brotli/@ethersproject__abstract-signer--abstract-signer-5.8.0.tar.br,0.26,0.03,0.004301396
run_113_repetition_24,DONE,xz,xz/split2--split2-4.2.0.tar.xz,0.29,0.03,0.003931319
run_217_repetition_4,DONE,zstd,zstd/has-to-string-tag-x--has-to-string-tag-x-2.1.2.tar.zst,0.26,0.03,0.003880452
run_84_repetition_14,DONE,xz,xz/dom-accessibility-api--dom-accessibility-api-0.7.1.tar.xz,0.52,0.06,0.007494092
run_163_repetition_29,DONE,zopfli,zopfli/next--next-16.2.6.tgz,81.37,9.7,1.281204398
run_258_repetition_29,DONE,brotli,brotli/@next__swc-linux-arm64-musl--swc-linux-arm64-musl-16.2.6.tar.br,40.4,4.82,0.630124823
run_295_repetition_22,DONE,brotli,brotli/protobufjs--protobufjs-8.4.2.tar.br,0.81,0.1,0.012921413
run_222_repetition_24,DONE,zstd,zstd/jiti--jiti-2.7.0.tar.zst,0.61,0.07,0.009417908
run_178_repetition_6,DONE,zopfli,zopfli/style-loader--style-loader-4.0.0.tgz,0.26,0.03,0.004330064
run_214_repetition_29,DONE,zstd,zstd/ethers--ethers-6.16.0.tar.zst,2.26,0.26,0.03323644
run_55_repetition_8,DONE,npm,npm/prettier--prettier-3.8.3.tgz,4.8,0.57,0.074815702
run_249_repetition_1,DONE,zstd,zstd/workbox-routing--workbox-routing-7.4.1.tar.zst,0.32,0.04,0.00458604
run_144_repetition_22,DONE,zopfli,zopfli/babel-plugin-transform-exponentiation-operator--babel-plugin-transform-exponentiation-operator-6.24.1.tgz,0.23,0.03,0.003538846
run_134_repetition_24,DONE,zopfli,zopfli/@parcel__watcher--watcher-2.5.6.tgz,0.32,0.04,0.005149886
run_196_repetition_22,DONE,zstd,zstd/@opentelemetry__semantic-conventions--semantic-conventions-1.41.1.tar.zst,1.54,0.19,0.024408043
run_230_repetition_7,DONE,zstd,zstd/prismjs--prismjs-1.30.0.tar.zst,0.76,0.09,0.011959145
run_115_repetition_18,DONE,xz,xz/style-loader--style-loader-4.0.0.tar.xz,0.36,0.04,0.005412398
run_33_repetition_5,DONE,npm,npm/got--got-15.0.5.tgz,0.49,0.06,0.00767206
run_158_repetition_22,DONE,zopfli,zopfli/immer--immer-11.1.8.tgz,0.8,0.1,0.012085074
run_250_repetition_13,DONE,zstd,zstd/workbox-streams--workbox-streams-7.4.1.tar.zst,0.29,0.04,0.004373845
run_94_repetition_2,DONE,xz,xz/iconv-lite--iconv-lite-0.7.2.tar.xz,1.09,0.13,0.017298368
run_58_repetition_20,DONE,npm,npm/@esbuild__linux-ia32--linux-ia32-0.28.0.tgz,7.35,0.88,0.115068002
run_106_repetition_25,DONE,xz,xz/protobufjs--protobufjs-8.4.2.tar.xz,1.85,0.22,0.02869169
run_117_repetition_2,DONE,xz,xz/tar--tar-7.5.15.tar.xz,1.6,0.19,0.025584331
run_110_repetition_1,DONE,xz,xz/resize-observer-polyfill--resize-observer-polyfill-1.5.1.tar.xz,0.39,0.05,0.005573318
run_181_repetition_13,DONE,zopfli,zopfli/ts-node--ts-node-10.9.2.tgz,0.71,0.08,0.010980854
run_294_repetition_20,DONE,brotli,brotli/prop-types--prop-types-15.8.1.tar.br,0.29,0.03,0.004489551
run_294_repetition_1,DONE,brotli,brotli/prop-types--prop-types-15.8.1.tar.br,0.32,0.03,0.004266791
run_80_repetition_26,DONE,xz,xz/babel-plugin-check-es2015-constants--babel-plugin-check-es2015-constants-6.22.0.tar.xz,0.23,0.03,0.003702102
run_11_repetition_1,DONE,npm,npm/shallowequal--shallowequal-1.1.0.tgz,0.35,0.04,0.004856669
run_194_repetition_8,DONE,zstd,zstd/@modelcontextprotocol__sdk--sdk-1.29.0.tar.zst,0.95,0.11,0.014629752
run_256_repetition_11,DONE,brotli,brotli/@ethersproject__abstract-signer--abstract-signer-5.8.0.tar.br,0.3,0.03,0.00455045
run_156_repetition_3,DONE,zopfli,zopfli/html-escaper--html-escaper-3.0.3.tgz,0.29,0.03,0.00407927
run_188_repetition_14,DONE,zopfli,zopfli/xml2js--xml2js-0.6.2.tgz,2.1,0.25,0.032332296
run_25_repetition_28,DONE,npm,npm/encoding-sniffer--encoding-sniffer-1.0.2.tgz,0.42,0.05,0.005711409
run_266_repetition_19,DONE,brotli,brotli/assert-plus--assert-plus-1.0.0.tar.br,0.29,0.03,0.004159314
run_110_repetition_15,DONE,xz,xz/resize-observer-polyfill--resize-observer-polyfill-1.5.1.tar.xz,0.35,0.04,0.005648739
run_22_repetition_23,DONE,npm,npm/@ethersproject__abstract-signer--abstract-signer-5.8.0.tgz,0.36,0.04,0.005372171
run_0_repetition_24,DONE,npm,npm/watchpack-chokidar2--watchpack-chokidar2-2.0.1.tgz,0.32,0.03,0.004627897
run_173_repetition_13,DONE,zopfli,zopfli/resize-observer-polyfill--resize-observer-polyfill-1.5.1.tgz,0.32,0.04,0.005025503
run_86_repetition_3,DONE,xz,xz/eslint-config-react-app--eslint-config-react-app-7.0.1.tar.xz,0.26,0.03,0.004115616
run_93_repetition_4,DONE,xz,xz/html-escaper--html-escaper-3.0.3.tar.xz,0.29,0.03,0.004412625
run_283_repetition_5,DONE,brotli,brotli/iconv-lite--iconv-lite-0.7.2.tar.br,0.51,0.06,0.00765686
run_15_repetition_29,DONE,npm,npm/html-escaper--html-escaper-3.0.3.tgz,0.36,0.04,0.00495087
run_225_repetition_8,DONE,zstd,zstd/lodash-es--lodash-es-4.18.1.tar.zst,0.49,0.06,0.007263678
run_40_repetition_19,DONE,npm,npm/ts-node--ts-node-10.9.2.tgz,0.75,0.09,0.011862078
run_197_repetition_1,DONE,zstd,zstd/@parcel__watcher--watcher-2.5.6.tar.zst,0.26,0.03,0.004205407
run_115_repetition_25,DONE,xz,xz/style-loader--style-loader-4.0.0.tar.xz,0.33,0.04,0.005006104
run_123_repetition_2,DONE,xz,xz/workbox-routing--workbox-routing-7.4.1.tar.xz,0.52,0.06,0.008121059
run_288_repetition_2,DONE,brotli,brotli/lodash-es--lodash-es-4.18.1.tar.br,0.59,0.07,0.008737635
run_220_repetition_12,DONE,zstd,zstd/iconv-lite--iconv-lite-0.7.2.tar.zst,0.36,0.04,0.005457744
run_247_repetition_8,DONE,zstd,zstd/webpack--webpack-5.107.1.tar.zst,1.54,0.18,0.022593317
run_221_repetition_6,DONE,zstd,zstd/immer--immer-11.1.8.tar.zst,0.39,0.05,0.005876868
run_297_repetition_27,DONE,brotli,brotli/react-error-overlay--react-error-overlay-6.1.0.tar.br,0.49,0.06,0.006865218
run_110_repetition_27,DONE,xz,xz/resize-observer-polyfill--resize-observer-polyfill-1.5.1.tar.xz,0.39,0.05,0.005752538
run_61_repetition_0,DONE,npm,npm/next--next-16.2.6.tgz,79.87,9.41,1.238064039
run_238_repetition_3,DONE,zstd,zstd/source-list-map--source-list-map-2.0.1.tar.zst,0.23,0.03,0.003471237
run_248_repetition_22,DONE,zstd,zstd/whatwg-mimetype--whatwg-mimetype-5.0.0.tar.zst,0.22,0.03,0.003567868
run_183_repetition_6,DONE,zopfli,zopfli/watchpack-chokidar2--watchpack-chokidar2-2.0.1.tgz,0.26,0.03,0.003902997
run_311_repetition_11,DONE,brotli,brotli/whatwg-mimetype--whatwg-mimetype-5.0.0.tar.br,0.26,0.03,0.003970439
run_110_repetition_24,DONE,xz,xz/resize-observer-polyfill--resize-observer-polyfill-1.5.1.tar.xz,0.39,0.05,0.005693098
run_11_repetition_3,DONE,npm,npm/shallowequal--shallowequal-1.1.0.tgz,0.29,0.03,0.004819368
run_143_repetition_0,DONE,zopfli,zopfli/babel-plugin-check-es2015-constants--babel-plugin-check-es2015-constants-6.22.0.tgz,0.23,0.03,0.003540649
run_189_repetition_27,DONE,zstd,zstd/@aws-cdk__cloud-assembly-schema--cloud-assembly-schema-53.27.0.tar.zst,0.46,0.05,0.006567697
run_108_repetition_19,DONE,xz,xz/react-error-overlay--react-error-overlay-6.1.0.tar.xz,0.93,0.11,0.014380328
run_125_repetition_14,DONE,xz,xz/xml2js--xml2js-0.6.2.tar.xz,4.13,0.49,0.0641996
run_220_repetition_21,DONE,zstd,zstd/iconv-lite--iconv-lite-0.7.2.tar.zst,0.36,0.04,0.005776874
run_31_repetition_6,DONE,npm,npm/dom-accessibility-api--dom-accessibility-api-0.7.1.tgz,0.46,0.05,0.007223784
run_102_repetition_27,DONE,xz,xz/path-dirname--path-dirname-1.0.2.tar.xz,0.26,0.03,0.003894773
run_29_repetition_8,DONE,npm,npm/@parcel__watcher--watcher-2.5.6.tgz,0.39,0.05,0.005986433
run_227_repetition_4,DONE,zstd,zstd/node-notifier--node-notifier-10.0.1.tar.zst,1.4,0.16,0.021218839
run_182_repetition_17,DONE,zopfli,zopfli/typescript--typescript-6.0.3.tgz,11.31,1.32,0.177472518
run_49_repetition_5,DONE,npm,npm/xml2js--xml2js-0.6.2.tgz,2.1,0.25,0.03252703
run_32_repetition_22,DONE,npm,npm/@vue__reactivity--reactivity-3.5.34.tgz,0.45,0.05,0.00705167
run_75_repetition_19,DONE,xz,xz/@types__uuid--uuid-11.0.0.tar.xz,0.26,0.03,0.003687453
run_188_repetition_21,DONE,zopfli,zopfli/xml2js--xml2js-0.6.2.tgz,2.04,0.24,0.031741906
run_114_repetition_12,DONE,xz,xz/strict-uri-encode--strict-uri-encode-2.0.0.tar.xz,0.23,0.03,0.003808407
run_95_repetition_12,DONE,xz,xz/immer--immer-11.1.8.tar.xz,0.71,0.08,0.01140076
run_78_repetition_0,DONE,xz,xz/aws-sdk--aws-sdk-2.1693.0.tar.xz,46.22,5.46,0.721319991
run_256_repetition_0,DONE,brotli,brotli/@ethersproject__abstract-signer--abstract-signer-5.8.0.tar.br,0.3,0.03,0.004326773
run_252_repetition_12,DONE,brotli,brotli/@aws-cdk__cloud-assembly-schema--cloud-assembly-schema-53.27.0.tar.br,0.55,0.06,0.008275232
run_214_repetition_25,DONE,zstd,zstd/ethers--ethers-6.16.0.tar.zst,2.25,0.27,0.033153974
run_254_repetition_20,DONE,brotli,brotli/@esbuild__linux-ia32--linux-ia32-0.28.0.tar.br,5.62,0.67,0.08785042
run_72_repetition_13,DONE,xz,xz/@radix-ui__primitive--primitive-1.1.3.tar.xz,0.29,0.03,0.004141041
run_40_repetition_21,DONE,npm,npm/ts-node--ts-node-10.9.2.tgz,0.78,0.09,0.011860789
run_228_repetition_29,DONE,zstd,zstd/path-dirname--path-dirname-1.0.2.tar.zst,0.23,0.03,0.003395865
run_115_repetition_6,DONE,xz,xz/style-loader--style-loader-4.0.0.tar.xz,0.32,0.04,0.005080106
run_155_repetition_18,DONE,zopfli,zopfli/highlight.js--highlight.js-11.11.1.tgz,3.57,0.42,0.056033894
run_267_repetition_7,DONE,brotli,brotli/aws-sdk--aws-sdk-2.1693.0.tar.br,13.09,1.59,0.20088965
run_241_repetition_28,DONE,zstd,zstd/style-loader--style-loader-4.0.0.tar.zst,0.29,0.03,0.003612882
run_4_repetition_23,DONE,npm,npm/@types__glob--glob-9.0.0.tgz,0.35,0.04,0.005410644
run_254_repetition_23,DONE,brotli,brotli/@esbuild__linux-ia32--linux-ia32-0.28.0.tar.br,5.65,0.65,0.087827329
run_158_repetition_12,DONE,zopfli,zopfli/immer--immer-11.1.8.tgz,0.78,0.09,0.011928898
run_22_repetition_12,DONE,npm,npm/@ethersproject__abstract-signer--abstract-signer-5.8.0.tgz,0.36,0.04,0.005518409
run_140_repetition_25,DONE,zopfli,zopfli/assert-plus--assert-plus-1.0.0.tgz,0.26,0.03,0.003747054
run_185_repetition_19,DONE,zopfli,zopfli/whatwg-mimetype--whatwg-mimetype-5.0.0.tgz,0.29,0.03,0.004186057
run_221_repetition_21,DONE,zstd,zstd/immer--immer-11.1.8.tar.zst,0.39,0.04,0.005724699
run_120_repetition_29,DONE,xz,xz/watchpack-chokidar2--watchpack-chokidar2-2.0.1.tar.xz,0.19,0.02,0.003656881
run_10_repetition_6,DONE,npm,npm/path-dirname--path-dirname-1.0.2.tgz,0.26,0.03,0.004505924
run_38_repetition_18,DONE,npm,npm/tailwindcss--tailwindcss-4.3.0.tgz,0.7,0.08,0.010926985
run_285_repetition_2,DONE,brotli,brotli/jiti--jiti-2.7.0.tar.br,0.78,0.09,0.011814665
run_65_repetition_26,DONE,xz,xz/@esbuild__linux-ia32--linux-ia32-0.28.0.tar.xz,21.57,2.52,0.337636133
run_73_repetition_10,DONE,xz,xz/@sindresorhus__is--is-8.1.0.tar.xz,0.42,0.05,0.00600499
run_28_repetition_24,DONE,npm,npm/resize-observer-polyfill--resize-observer-polyfill-1.5.1.tgz,0.38,0.04,0.005959319
run_87_repetition_27,DONE,xz,xz/eslint-plugin-import--eslint-plugin-import-2.32.0.tar.xz,1.98,0.24,0.031060285
run_279_repetition_23,DONE,brotli,brotli/got--got-15.0.5.tar.br,0.39,0.05,0.005987475
run_297_repetition_28,DONE,brotli,brotli/react-error-overlay--react-error-overlay-6.1.0.tar.br,0.48,0.06,0.006941063
run_212_repetition_14,DONE,zstd,zstd/eslint-config-react-app--eslint-config-react-app-7.0.1.tar.zst,0.23,0.03,0.003455068
run_174_repetition_14,DONE,zopfli,zopfli/shallowequal--shallowequal-1.1.0.tgz,0.25,0.03,0.003755134
run_312_repetition_11,DONE,brotli,brotli/workbox-routing--workbox-routing-7.4.1.tar.br,0.42,0.05,0.006165303
run_279_repetition_15,DONE,brotli,brotli/got--got-15.0.5.tar.br,0.35,0.04,0.005817493
run_74_repetition_6,DONE,xz,xz/@types__glob--glob-9.0.0.tar.xz,0.29,0.03,0.003881083
run_14_repetition_18,DONE,npm,npm/split2--split2-4.2.0.tgz,0.32,0.03,0.004862133
run_223_repetition_9,DONE,zstd,zstd/libphonenumber-js--libphonenumber-js-1.13.3.tar.zst,1.66,0.19,0.024244137
run_280_repetition_4,DONE,brotli,brotli/has-to-string-tag-x--has-to-string-tag-x-2.1.2.tar.br,0.32,0.04,0.004535436
run_172_repetition_23,DONE,zopfli,zopfli/remove-trailing-separator--remove-trailing-separator-1.1.0.tgz,0.26,0.03,0.003554556
run_169_repetition_2,DONE,zopfli,zopfli/protobufjs--protobufjs-8.4.2.tgz,1.97,0.23,0.030569093
run_313_repetition_9,DONE,brotli,brotli/workbox-streams--workbox-streams-7.4.1.tar.br,0.33,0.04,0.004898884
run_288_repetition_0,DONE,brotli,brotli/lodash-es--lodash-es-4.18.1.tar.br,0.55,0.06,0.008691852
run_161_repetition_29,DONE,zopfli,zopfli/linkify-it--linkify-it-5.0.1.tgz,0.26,0.03,0.004419269
run_209_repetition_5,DONE,zstd,zstd/date-fns--date-fns-4.3.0.tar.zst,3.91,0.46,0.058301397
run_58_repetition_14,DONE,npm,npm/@esbuild__linux-ia32--linux-ia32-0.28.0.tgz,7.34,0.86,0.114982016
run_143_repetition_27,DONE,zopfli,zopfli/babel-plugin-check-es2015-constants--babel-plugin-check-es2015-constants-6.22.0.tgz,0.26,0.03,0.003707138
run_212_repetition_9,DONE,zstd,zstd/eslint-config-react-app--eslint-config-react-app-7.0.1.tar.zst,0.23,0.03,0.003386591
run_301_repetition_1,DONE,brotli,brotli/source-list-map--source-list-map-2.0.1.tar.br,0.28,0.03,0.00428924
run_43_repetition_15,DONE,npm,npm/jiti--jiti-2.7.0.tgz,1.22,0.14,0.018874252
run_16_repetition_16,DONE,npm,npm/eslint-config-react-app--eslint-config-react-app-7.0.1.tgz,0.32,0.04,0.004790875
run_175_repetition_12,DONE,zopfli,zopfli/source-list-map--source-list-map-2.0.1.tgz,0.26,0.03,0.003878265
run_126_repetition_2,DONE,zopfli,zopfli/@aws-cdk__cloud-assembly-schema--cloud-assembly-schema-53.27.0.tgz,0.71,0.08,0.010677893
run_257_repetition_19,DONE,brotli,brotli/@modelcontextprotocol__sdk--sdk-1.29.0.tar.br,1.09,0.13,0.01697005
run_255_repetition_14,DONE,brotli,brotli/@eslint__eslintrc--eslintrc-3.3.5.tar.br,0.45,0.05,0.007024877
run_15_repetition_10,DONE,npm,npm/html-escaper--html-escaper-3.0.3.tgz,0.32,0.04,0.005059675
run_33_repetition_8,DONE,npm,npm/got--got-15.0.5.tgz,0.52,0.06,0.007591542
run_5_repetition_3,DONE,npm,npm/babel-plugin-transform-exponentiation-operator--babel-plugin-transform-exponentiation-operator-6.24.1.tgz,0.26,0.03,0.004544124
run_264_repetition_13,DONE,brotli,brotli/@types__uuid--uuid-11.0.0.tar.br,0.22,0.03,0.00378293
run_151_repetition_15,DONE,zopfli,zopfli/ethers--ethers-6.16.0.tgz,7.37,0.88,0.116396109
run_248_repetition_27,DONE,zstd,zstd/whatwg-mimetype--whatwg-mimetype-5.0.0.tar.zst,0.23,0.03,0.003506109
run_13_repetition_27,DONE,npm,npm/assert-plus--assert-plus-1.0.0.tgz,0.32,0.04,0.004697986
run_181_repetition_21,DONE,zopfli,zopfli/ts-node--ts-node-10.9.2.tgz,0.7,0.08,0.010831773
run_220_repetition_27,DONE,zstd,zstd/iconv-lite--iconv-lite-0.7.2.tar.zst,0.35,0.04,0.005328482
run_164_repetition_9,DONE,zopfli,zopfli/node-notifier--node-notifier-10.0.1.tgz,3.43,0.41,0.053735238
run_89_repetition_15,DONE,xz,xz/fetch-blob--fetch-blob-4.0.0.tar.xz,0.26,0.04,0.004517031
run_257_repetition_10,DONE,brotli,brotli/@modelcontextprotocol__sdk--sdk-1.29.0.tar.br,1.07,0.13,0.01632085
run_256_repetition_28,DONE,brotli,brotli/@ethersproject__abstract-signer--abstract-signer-5.8.0.tar.br,0.32,0.04,0.00479941
run_19_repetition_10,DONE,npm,npm/whatwg-mimetype--whatwg-mimetype-5.0.0.tgz,0.33,0.04,0.004919558
run_269_repetition_13,DONE,brotli,brotli/babel-plugin-check-es2015-constants--babel-plugin-check-es2015-constants-6.22.0.tar.br,0.26,0.03,0.003860411
run_96_repetition_11,DONE,xz,xz/jiti--jiti-2.7.0.tar.xz,2.16,0.25,0.033094411
run_60_repetition_14,DONE,npm,npm/aws-sdk--aws-sdk-2.1693.0.tgz,37.55,4.43,0.585332621
run_73_repetition_11,DONE,xz,xz/@sindresorhus__is--is-8.1.0.tar.xz,0.38,0.05,0.005832602
run_206_repetition_27,DONE,zstd,zstd/babel-plugin-check-es2015-constants--babel-plugin-check-es2015-constants-6.22.0.tar.zst,0.22,0.03,0.003327684
run_114_repetition_15,DONE,xz,xz/strict-uri-encode--strict-uri-encode-2.0.0.tar.xz,0.23,0.03,0.003589966
run_8_repetition_8,DONE,npm,npm/@babel__plugin-transform-regexp-modifiers--plugin-transform-regexp-modifiers-7.28.6.tgz,0.33,0.04,0.00466007
run_159_repetition_6,DONE,zopfli,zopfli/jiti--jiti-2.7.0.tgz,1.18,0.14,0.018528231
run_265_repetition_18,DONE,brotli,brotli/@vue__reactivity--reactivity-3.5.34.tar.br,0.33,0.04,0.005216191
run_258_repetition_26,DONE,brotli,brotli/@next__swc-linux-arm64-musl--swc-linux-arm64-musl-16.2.6.tar.br,40.52,4.87,0.632596934
run_136_repetition_6,DONE,zopfli,zopfli/@sindresorhus__is--is-8.1.0.tgz,0.32,0.04,0.004582627
run_36_repetition_12,DONE,npm,npm/lodash-es--lodash-es-4.18.1.tgz,1.53,0.18,0.023715265
run_82_repetition_10,DONE,xz,xz/client-only--client-only-0.0.1.tar.xz,0.31,0.03,0.004103993
run_140_repetition_5,DONE,zopfli,zopfli/assert-plus--assert-plus-1.0.0.tgz,0.26,0.03,0.004083606
run_114_repetition_22,DONE,xz,xz/strict-uri-encode--strict-uri-encode-2.0.0.tar.xz,0.24,0.03,0.003641229
run_196_repetition_26,DONE,zstd,zstd/@opentelemetry__semantic-conventions--semantic-conventions-1.41.1.tar.zst,1.55,0.19,0.024093697
run_275_repetition_16,DONE,brotli,brotli/eslint-config-react-app--eslint-config-react-app-7.0.1.tar.br,0.26,0.03,0.004142827
run_186_repetition_25,DONE,zopfli,zopfli/workbox-routing--workbox-routing-7.4.1.tgz,0.41,0.05,0.006390513
run_73_repetition_3,DONE,xz,xz/@sindresorhus__is--is-8.1.0.tar.xz,0.39,0.05,0.005992069
run_295_repetition_26,DONE,brotli,brotli/protobufjs--protobufjs-8.4.2.tar.br,0.84,0.1,0.012895545
run_287_repetition_29,DONE,brotli,brotli/linkify-it--linkify-it-5.0.1.tar.br,0.29,0.03,0.004220129
run_18_repetition_4,DONE,npm,npm/fetch-blob--fetch-blob-4.0.0.tgz,0.33,0.04,0.004966123
run_150_repetition_27,DONE,zopfli,zopfli/eslint-plugin-import--eslint-plugin-import-2.32.0.tgz,1.15,0.13,0.017343296
run_142_repetition_20,DONE,zopfli,zopfli/babel-helper-get-function-arity--babel-helper-get-function-arity-6.24.1.tgz,0.26,0.03,0.003562218
run_193_repetition_14,DONE,zstd,zstd/@ethersproject__abstract-signer--abstract-signer-5.8.0.tar.zst,0.26,0.03,0.00385415
run_251_repetition_11,DONE,zstd,zstd/xml2js--xml2js-0.6.2.tar.zst,0.92,0.11,0.014297395
run_72_repetition_19,DONE,xz,xz/@radix-ui__primitive--primitive-1.1.3.tar.xz,0.32,0.04,0.00429717
run_107_repetition_2,DONE,xz,xz/react-dom--react-dom-19.2.6.tar.xz,2.53,0.3,0.03916791
run_293_repetition_13,DONE,brotli,brotli/prismjs--prismjs-1.30.0.tar.br,1.03,0.12,0.016070514
run_1_repetition_16,DONE,npm,npm/client-only--client-only-0.0.1.tgz,0.3,0.04,0.004415444
run_3_repetition_14,DONE,npm,npm/@types__uuid--uuid-11.0.0.tgz,0.36,0.04,0.005236676
run_96_repetition_13,DONE,xz,xz/jiti--jiti-2.7.0.tar.xz,2.1,0.25,0.033256505
run_166_repetition_21,DONE,zopfli,zopfli/prettier--prettier-3.8.3.tgz,4.92,0.58,0.077164864
run_163_repetition_20,DONE,zopfli,zopfli/next--next-16.2.6.tgz,81.0,9.61,1.281426911
run_111_repetition_26,DONE,xz,xz/shallowequal--shallowequal-1.1.0.tar.xz,0.25,0.03,0.00404799
run_49_repetition_11,DONE,npm,npm/xml2js--xml2js-0.6.2.tgz,2.1,0.25,0.032530284
run_136_repetition_17,DONE,zopfli,zopfli/@sindresorhus__is--is-8.1.0.tgz,0.32,0.04,0.004595407
run_226_repetition_12,DONE,zstd,zstd/next--next-16.2.6.tar.zst,20.91,2.53,0.309682554
run_86_repetition_9,DONE,xz,xz/eslint-config-react-app--eslint-config-react-app-7.0.1.tar.xz,0.32,0.04,0.00432004
run_130_repetition_6,DONE,zopfli,zopfli/@ethersproject__abstract-signer--abstract-signer-5.8.0.tgz,0.29,0.03,0.004579589
run_231_repetition_9,DONE,zstd,zstd/prop-types--prop-types-15.8.1.tar.zst,0.23,0.03,0.003623647
run_233_repetition_13,DONE,zstd,zstd/react-dom--react-dom-19.2.6.tar.zst,1.17,0.14,0.018137582
run_284_repetition_2,DONE,brotli,brotli/immer--immer-11.1.8.tar.br,0.45,0.05,0.006791696
run_310_repetition_11,DONE,brotli,brotli/webpack--webpack-5.107.1.tar.br,1.9,0.22,0.029350637
run_304_repetition_11,DONE,brotli,brotli/style-loader--style-loader-4.0.0.tar.br,0.32,0.04,0.004668252
run_241_repetition_22,DONE,zstd,zstd/style-loader--style-loader-4.0.0.tar.zst,0.22,0.03,0.003506221
run_138_repetition_3,DONE,zopfli,zopfli/@types__uuid--uuid-11.0.0.tgz,0.26,0.03,0.003690738
run_8_repetition_28,DONE,npm,npm/@babel__plugin-transform-regexp-modifiers--plugin-transform-regexp-modifiers-7.28.6.tgz,0.36,0.04,0.004844355
run_59_repetition_14,DONE,npm,npm/typescript--typescript-6.0.3.tgz,11.16,1.33,0.174315674
run_56_repetition_20,DONE,npm,npm/ethers--ethers-6.16.0.tgz,6.99,0.82,0.107515166
run_305_repetition_16,DONE,brotli,brotli/tailwindcss--tailwindcss-4.3.0.tar.br,0.52,0.06,0.007311979
run_176_repetition_4,DONE,zopfli,zopfli/split2--split2-4.2.0.tgz,0.26,0.03,0.00367122
run_267_repetition_15,DONE,brotli,brotli/aws-sdk--aws-sdk-2.1693.0.tar.br,13.0,1.59,0.200794498
run_159_repetition_12,DONE,zopfli,zopfli/jiti--jiti-2.7.0.tgz,1.21,0.14,0.018481741
run_199_repetition_29,DONE,zstd,zstd/@sindresorhus__is--is-8.1.0.tar.zst,0.26,0.03,0.003944869
run_193_repetition_28,DONE,zstd,zstd/@ethersproject__abstract-signer--abstract-signer-5.8.0.tar.zst,0.29,0.03,0.00387718
run_264_repetition_27,DONE,brotli,brotli/@types__uuid--uuid-11.0.0.tar.br,0.26,0.03,0.00392903
run_174_repetition_20,DONE,zopfli,zopfli/shallowequal--shallowequal-1.1.0.tgz,0.25,0.03,0.003624869
run_259_repetition_7,DONE,brotli,brotli/@opentelemetry__semantic-conventions--semantic-conventions-1.41.1.tar.br,1.63,0.19,0.025036826
run_128_repetition_4,DONE,zopfli,zopfli/@esbuild__linux-ia32--linux-ia32-0.28.0.tgz,7.64,0.9,0.119249798
run_70_repetition_13,DONE,xz,xz/@opentelemetry__semantic-conventions--semantic-conventions-1.41.1.tar.xz,3.05,0.36,0.04708425
run_84_repetition_18,DONE,xz,xz/dom-accessibility-api--dom-accessibility-api-0.7.1.tar.xz,0.55,0.06,0.007808233
run_291_repetition_27,DONE,brotli,brotli/path-dirname--path-dirname-1.0.2.tar.br,0.26,0.03,0.003670555
run_55_repetition_1,DONE,npm,npm/prettier--prettier-3.8.3.tgz,4.85,0.56,0.075069983
run_114_repetition_7,DONE,xz,xz/strict-uri-encode--strict-uri-encode-2.0.0.tar.xz,0.26,0.03,0.003903082
run_112_repetition_5,DONE,xz,xz/source-list-map--source-list-map-2.0.1.tar.xz,0.29,0.04,0.004657475
run_305_repetition_3,DONE,brotli,brotli/tailwindcss--tailwindcss-4.3.0.tar.br,0.45,0.05,0.007336868
run_284_repetition_18,DONE,brotli,brotli/immer--immer-11.1.8.tar.br,0.42,0.05,0.006780233
run_255_repetition_16,DONE,brotli,brotli/@eslint__eslintrc--eslintrc-3.3.5.tar.br,0.42,0.05,0.006373795
run_312_repetition_10,DONE,brotli,brotli/workbox-routing--workbox-routing-7.4.1.tar.br,0.39,0.05,0.005271324
run_215_repetition_11,DONE,zstd,zstd/fetch-blob--fetch-blob-4.0.0.tar.zst,0.23,0.02,0.003458419
run_267_repetition_16,DONE,brotli,brotli/aws-sdk--aws-sdk-2.1693.0.tar.br,13.02,1.58,0.201502898
run_163_repetition_22,DONE,zopfli,zopfli/next--next-16.2.6.tgz,81.23,9.58,1.280561597
run_235_repetition_25,DONE,zstd,zstd/remove-trailing-separator--remove-trailing-separator-1.1.0.tar.zst,0.23,0.03,0.003378039
run_102_repetition_7,DONE,xz,xz/path-dirname--path-dirname-1.0.2.tar.xz,0.26,0.03,0.003980163
run_179_repetition_17,DONE,zopfli,zopfli/tailwindcss--tailwindcss-4.3.0.tgz,0.68,0.08,0.010220119
run_265_repetition_14,DONE,brotli,brotli/@vue__reactivity--reactivity-3.5.34.tar.br,0.32,0.04,0.005210616
run_114_repetition_24,DONE,xz,xz/strict-uri-encode--strict-uri-encode-2.0.0.tar.xz,0.29,0.03,0.003972011
run_201_repetition_29,DONE,zstd,zstd/@types__uuid--uuid-11.0.0.tar.zst,0.23,0.02,0.003269963
run_83_repetition_17,DONE,xz,xz/date-fns--date-fns-4.3.0.tar.xz,9.69,1.16,0.151503041
run_76_repetition_11,DONE,xz,xz/@vue__reactivity--reactivity-3.5.34.tar.xz,0.45,0.05,0.007326432
run_230_repetition_15,DONE,zstd,zstd/prismjs--prismjs-1.30.0.tar.zst,0.8,0.09,0.012212037
run_288_repetition_3,DONE,brotli,brotli/lodash-es--lodash-es-4.18.1.tar.br,0.57,0.07,0.008693221
run_85_repetition_29,DONE,xz,xz/encoding-sniffer--encoding-sniffer-1.0.2.tar.xz,0.36,0.04,0.005643237
run_272_repetition_17,DONE,brotli,brotli/date-fns--date-fns-4.3.0.tar.br,3.83,0.47,0.059061683
run_141_repetition_26,DONE,zopfli,zopfli/aws-sdk--aws-sdk-2.1693.0.tgz,38.32,4.54,0.604913649
run_107_repetition_25,DONE,xz,xz/react-dom--react-dom-19.2.6.tar.xz,2.53,0.3,0.038967111
run_64_repetition_28,DONE,xz,xz/@babel__plugin-transform-regexp-modifiers--plugin-transform-regexp-modifiers-7.28.6.tar.xz,0.26,0.03,0.004006402
run_103_repetition_26,DONE,xz,xz/prettier--prettier-3.8.3.tar.xz,6.58,0.78,0.103155892
run_65_repetition_1,DONE,xz,xz/@esbuild__linux-ia32--linux-ia32-0.28.0.tar.xz,21.54,2.54,0.337205998
run_119_repetition_5,DONE,xz,xz/typescript--typescript-6.0.3.tar.xz,13.6,1.61,0.212646404
run_253_repetition_5,DONE,brotli,brotli/@babel__plugin-transform-regexp-modifiers--plugin-transform-regexp-modifiers-7.28.6.tar.br,0.26,0.03,0.003848239
run_8_repetition_21,DONE,npm,npm/@babel__plugin-transform-regexp-modifiers--plugin-transform-regexp-modifiers-7.28.6.tgz,0.32,0.04,0.004663881
run_121_repetition_10,DONE,xz,xz/webpack--webpack-5.107.1.tar.xz,5.55,0.66,0.086987157
run_251_repetition_2,DONE,zstd,zstd/xml2js--xml2js-0.6.2.tar.zst,0.99,0.12,0.014484063
run_43_repetition_1,DONE,npm,npm/jiti--jiti-2.7.0.tgz,1.19,0.14,0.018612159
run_300_repetition_11,DONE,brotli,brotli/shallowequal--shallowequal-1.1.0.tar.br,0.25,0.03,0.00397266
run_203_repetition_16,DONE,zstd,zstd/assert-plus--assert-plus-1.0.0.tar.zst,0.23,0.03,0.003383444
run_83_repetition_18,DONE,xz,xz/date-fns--date-fns-4.3.0.tar.xz,9.68,1.16,0.151934347
run_84_repetition_17,DONE,xz,xz/dom-accessibility-api--dom-accessibility-api-0.7.1.tar.xz,0.51,0.06,0.007543723
run_60_repetition_5,DONE,npm,npm/aws-sdk--aws-sdk-2.1693.0.tgz,37.41,4.48,0.585352307
run_30_repetition_0,DONE,npm,npm/workbox-routing--workbox-routing-7.4.1.tgz,0.46,0.05,0.006856698
run_297_repetition_7,DONE,brotli,brotli/react-error-overlay--react-error-overlay-6.1.0.tar.br,0.42,0.05,0.006580262
run_136_repetition_27,DONE,zopfli,zopfli/@sindresorhus__is--is-8.1.0.tgz,0.32,0.04,0.004626873
run_180_repetition_23,DONE,zopfli,zopfli/tar--tar-7.5.15.tgz,1.53,0.18,0.023788827
run_31_repetition_15,DONE,npm,npm/dom-accessibility-api--dom-accessibility-api-0.7.1.tgz,0.49,0.06,0.007407872
run_135_repetition_4,DONE,zopfli,zopfli/@radix-ui__primitive--primitive-1.1.3.tgz,0.29,0.03,0.003949348
run_83_repetition_20,DONE,xz,xz/date-fns--date-fns-4.3.0.tar.xz,9.68,1.14,0.150862772
run_270_repetition_1,DONE,brotli,brotli/babel-plugin-transform-exponentiation-operator--babel-plugin-transform-exponentiation-operator-6.24.1.tar.br,0.26,0.03,0.004057956
run_233_repetition_17,DONE,zstd,zstd/react-dom--react-dom-19.2.6.tar.zst,1.16,0.14,0.017580282
run_281_repetition_5,DONE,brotli,brotli/highlight.js--highlight.js-11.11.1.tar.br,1.56,0.19,0.024200732
run_248_repetition_9,DONE,zstd,zstd/whatwg-mimetype--whatwg-mimetype-5.0.0.tar.zst,0.26,0.03,0.003504322
run_273_repetition_11,DONE,brotli,brotli/dom-accessibility-api--dom-accessibility-api-0.7.1.tar.br,0.36,0.04,0.005335872
run_45_repetition_28,DONE,npm,npm/prismjs--prismjs-1.30.0.tgz,1.86,0.22,0.028988982
run_273_repetition_9,DONE,brotli,brotli/dom-accessibility-api--dom-accessibility-api-0.7.1.tar.br,0.39,0.05,0.005882091
run_206_repetition_29,DONE,zstd,zstd/babel-plugin-check-es2015-constants--babel-plugin-check-es2015-constants-6.22.0.tar.zst,0.26,0.03,0.003353293
run_93_repetition_21,DONE,xz,xz/html-escaper--html-escaper-3.0.3.tar.xz,0.32,0.04,0.004379955
run_264_repetition_20,DONE,brotli,brotli/@types__uuid--uuid-11.0.0.tar.br,0.25,0.03,0.003920922
run_238_repetition_27,DONE,zstd,zstd/source-list-map--source-list-map-2.0.1.tar.zst,0.22,0.03,0.003394268
run_261_repetition_29,DONE,brotli,brotli/@radix-ui__primitive--primitive-1.1.3.tar.br,0.3,0.03,0.004128202
run_149_repetition_28,DONE,zopfli,zopfli/eslint-config-react-app--eslint-config-react-app-7.0.1.tgz,0.25,0.03,0.003872162
run_219_repetition_8,DONE,zstd,zstd/html-escaper--html-escaper-3.0.3.tar.zst,0.26,0.03,0.003618755
run_199_repetition_13,DONE,zstd,zstd/@sindresorhus__is--is-8.1.0.tar.zst,0.26,0.03,0.003886464
run_26_repetition_24,DONE,npm,npm/workbox-streams--workbox-streams-7.4.1.tgz,0.36,0.04,0.005804547
run_6_repetition_9,DONE,npm,npm/babel-plugin-check-es2015-constants--babel-plugin-check-es2015-constants-6.22.0.tgz,0.29,0.03,0.00449732
run_262_repetition_14,DONE,brotli,brotli/@sindresorhus__is--is-8.1.0.tar.br,0.3,0.04,0.004655851
run_224_repetition_12,DONE,zstd,zstd/linkify-it--linkify-it-5.0.1.tar.zst,0.23,0.03,0.003657437
run_85_repetition_22,DONE,xz,xz/encoding-sniffer--encoding-sniffer-1.0.2.tar.xz,0.39,0.04,0.005665128
run_224_repetition_23,DONE,zstd,zstd/linkify-it--linkify-it-5.0.1.tar.zst,0.19,0.02,0.003424764
run_270_repetition_20,DONE,brotli,brotli/babel-plugin-transform-exponentiation-operator--babel-plugin-transform-exponentiation-operator-6.24.1.tar.br,0.29,0.03,0.00402618
run_236_repetition_28,DONE,zstd,zstd/resize-observer-polyfill--resize-observer-polyfill-1.5.1.tar.zst,0.26,0.03,0.003981784
run_166_repetition_26,DONE,zopfli,zopfli/prettier--prettier-3.8.3.tgz,4.97,0.59,0.077270064
run_301_repetition_13,DONE,brotli,brotli/source-list-map--source-list-map-2.0.1.tar.br,0.26,0.03,0.004162527
run_51_repetition_9,DONE,npm,npm/webpack--webpack-5.107.1.tgz,3.58,0.42,0.054545498
run_304_repetition_5,DONE,brotli,brotli/style-loader--style-loader-4.0.0.tar.br,0.29,0.04,0.00425828
run_277_repetition_8,DONE,brotli,brotli/ethers--ethers-6.16.0.tar.br,2.76,0.33,0.042589164
run_188_repetition_26,DONE,zopfli,zopfli/xml2js--xml2js-0.6.2.tgz,2.1,0.25,0.03212478
run_68_repetition_24,DONE,xz,xz/@modelcontextprotocol__sdk--sdk-1.29.0.tar.xz,2.3,0.27,0.036011398
run_212_repetition_7,DONE,zstd,zstd/eslint-config-react-app--eslint-config-react-app-7.0.1.tar.zst,0.23,0.03,0.003341991
run_44_repetition_27,DONE,npm,npm/tar--tar-7.5.15.tgz,1.49,0.18,0.023039487
run_211_repetition_20,DONE,zstd,zstd/encoding-sniffer--encoding-sniffer-1.0.2.tar.zst,0.29,0.04,0.003973896
run_116_repetition_14,DONE,xz,xz/tailwindcss--tailwindcss-4.3.0.tar.xz,0.9,0.11,0.013559417
run_176_repetition_2,DONE,zopfli,zopfli/split2--split2-4.2.0.tgz,0.29,0.03,0.003973135
run_51_repetition_7,DONE,npm,npm/webpack--webpack-5.107.1.tgz,3.59,0.41,0.05484372
run_51_repetition_27,DONE,npm,npm/webpack--webpack-5.107.1.tgz,3.55,0.41,0.054994759
run_306_repetition_6,DONE,brotli,brotli/tar--tar-7.5.15.tar.br,0.74,0.09,0.011541988
run_74_repetition_17,DONE,xz,xz/@types__glob--glob-9.0.0.tar.xz,0.26,0.03,0.003690594
run_180_repetition_24,DONE,zopfli,zopfli/tar--tar-7.5.15.tgz,1.53,0.18,0.0238614
run_211_repetition_26,DONE,zstd,zstd/encoding-sniffer--encoding-sniffer-1.0.2.tar.zst,0.33,0.04,0.004107059
run_234_repetition_18,DONE,zstd,zstd/react-error-overlay--react-error-overlay-6.1.0.tar.zst,0.36,0.04,0.005295048
run_297_repetition_4,DONE,brotli,brotli/react-error-overlay--react-error-overlay-6.1.0.tar.br,0.46,0.05,0.006825626
run_210_repetition_11,DONE,zstd,zstd/dom-accessibility-api--dom-accessibility-api-0.7.1.tar.zst,0.33,0.04,0.004505894
run_247_repetition_18,DONE,zstd,zstd/webpack--webpack-5.107.1.tar.zst,1.58,0.18,0.023003017
run_32_repetition_29,DONE,npm,npm/@vue__reactivity--reactivity-3.5.34.tgz,0.46,0.05,0.007145515
run_258_repetition_3,DONE,brotli,brotli/@next__swc-linux-arm64-musl--swc-linux-arm64-musl-16.2.6.tar.br,40.55,4.84,0.631652849
run_256_repetition_19,DONE,brotli,brotli/@ethersproject__abstract-signer--abstract-signer-5.8.0.tar.br,0.32,0.04,0.004809562
run_272_repetition_9,DONE,brotli,brotli/date-fns--date-fns-4.3.0.tar.br,3.87,0.46,0.059315673
run_31_repetition_1,DONE,npm,npm/dom-accessibility-api--dom-accessibility-api-0.7.1.tgz,0.45,0.05,0.007290218
run_181_repetition_18,DONE,zopfli,zopfli/ts-node--ts-node-10.9.2.tgz,0.71,0.08,0.01100902
run_284_repetition_10,DONE,brotli,brotli/immer--immer-11.1.8.tar.br,0.45,0.05,0.006803278
run_43_repetition_3,DONE,npm,npm/jiti--jiti-2.7.0.tgz,1.22,0.15,0.01862311
run_82_repetition_24,DONE,xz,xz/client-only--client-only-0.0.1.tar.xz,0.2,0.02,0.003476728
run_219_repetition_4,DONE,zstd,zstd/html-escaper--html-escaper-3.0.3.tar.zst,0.26,0.03,0.003379435
run_180_repetition_20,DONE,zopfli,zopfli/tar--tar-7.5.15.tgz,1.52,0.18,0.024184475
run_154_repetition_17,DONE,zopfli,zopfli/has-to-string-tag-x--has-to-string-tag-x-2.1.2.tgz,0.33,0.04,0.004841759
run_116_repetition_2,DONE,xz,xz/tailwindcss--tailwindcss-4.3.0.tar.xz,0.89,0.11,0.013813741
run_254_repetition_7,DONE,brotli,brotli/@esbuild__linux-ia32--linux-ia32-0.28.0.tar.br,5.68,0.68,0.088652451
run_66_repetition_5,DONE,xz,xz/@eslint__eslintrc--eslintrc-3.3.5.tar.xz,0.67,0.08,0.00997318
run_228_repetition_9,DONE,zstd,zstd/path-dirname--path-dirname-1.0.2.tar.zst,0.23,0.03,0.003325415
run_112_repetition_21,DONE,xz,xz/source-list-map--source-list-map-2.0.1.tar.xz,0.3,0.03,0.00456995
run_51_repetition_10,DONE,npm,npm/webpack--webpack-5.107.1.tgz,3.56,0.41,0.054509653
run_266_repetition_17,DONE,brotli,brotli/assert-plus--assert-plus-1.0.0.tar.br,0.26,0.03,0.004119175
run_303_repetition_15,DONE,brotli,brotli/strict-uri-encode--strict-uri-encode-2.0.0.tar.br,0.23,0.03,0.003751424
run_283_repetition_22,DONE,brotli,brotli/iconv-lite--iconv-lite-0.7.2.tar.br,0.52,0.06,0.007406901
run_62_repetition_29,DONE,npm,npm/@next__swc-linux-arm64-musl--swc-linux-arm64-musl-16.2.6.tgz,70.53,8.3,1.09894125
run_175_repetition_27,DONE,zopfli,zopfli/source-list-map--source-list-map-2.0.1.tgz,0.26,0.03,0.004006521
run_99_repetition_7,DONE,xz,xz/lodash-es--lodash-es-4.18.1.tar.xz,1.03,0.12,0.015993426
run_76_repetition_12,DONE,xz,xz/@vue__reactivity--reactivity-3.5.34.tar.xz,0.5,0.06,0.007713906
run_130_repetition_23,DONE,zopfli,zopfli/@ethersproject__abstract-signer--abstract-signer-5.8.0.tgz,0.26,0.03,0.004463805
run_33_repetition_12,DONE,npm,npm/got--got-15.0.5.tgz,0.45,0.05,0.007718361
run_111_repetition_25,DONE,xz,xz/shallowequal--shallowequal-1.1.0.tar.xz,0.26,0.03,0.003968523
run_125_repetition_2,DONE,xz,xz/xml2js--xml2js-0.6.2.tar.xz,4.1,0.48,0.064049811
run_121_repetition_28,DONE,xz,xz/webpack--webpack-5.107.1.tar.xz,5.63,0.66,0.087236645
run_93_repetition_17,DONE,xz,xz/html-escaper--html-escaper-3.0.3.tar.xz,0.29,0.03,0.004084771
run_283_repetition_8,DONE,brotli,brotli/iconv-lite--iconv-lite-0.7.2.tar.br,0.49,0.06,0.00709899
run_69_repetition_26,DONE,xz,xz/@next__swc-linux-arm64-musl--swc-linux-arm64-musl-16.2.6.tar.xz,155.38,18.18,2.432522261
run_232_repetition_14,DONE,zstd,zstd/protobufjs--protobufjs-8.4.2.tar.zst,0.78,0.09,0.011326843
run_280_repetition_24,DONE,brotli,brotli/has-to-string-tag-x--has-to-string-tag-x-2.1.2.tar.br,0.32,0.04,0.004534003
run_144_repetition_23,DONE,zopfli,zopfli/babel-plugin-transform-exponentiation-operator--babel-plugin-transform-exponentiation-operator-6.24.1.tgz,0.23,0.02,0.003360133
run_92_repetition_26,DONE,xz,xz/highlight.js--highlight.js-11.11.1.tar.xz,3.84,0.45,0.060385668
run_27_repetition_29,DONE,npm,npm/has-to-string-tag-x--has-to-string-tag-x-2.1.2.tgz,0.39,0.05,0.005915368
run_38_repetition_4,DONE,npm,npm/tailwindcss--tailwindcss-4.3.0.tgz,0.75,0.09,0.010943089
run_260_repetition_0,DONE,brotli,brotli/@parcel__watcher--watcher-2.5.6.tar.br,0.32,0.04,0.005044775
run_225_repetition_27,DONE,zstd,zstd/lodash-es--lodash-es-4.18.1.tar.zst,0.48,0.06,0.00746673
run_26_repetition_23,DONE,npm,npm/workbox-streams--workbox-streams-7.4.1.tgz,0.4,0.05,0.005934087
run_119_repetition_21,DONE,xz,xz/typescript--typescript-6.0.3.tar.xz,13.52,1.6,0.211441504
run_210_repetition_14,DONE,zstd,zstd/dom-accessibility-api--dom-accessibility-api-0.7.1.tar.zst,0.26,0.03,0.004530745
run_18_repetition_27,DONE,npm,npm/fetch-blob--fetch-blob-4.0.0.tgz,0.33,0.04,0.005229688
run_249_repetition_22,DONE,zstd,zstd/workbox-routing--workbox-routing-7.4.1.tar.zst,0.29,0.03,0.00442022
run_286_repetition_16,DONE,brotli,brotli/libphonenumber-js--libphonenumber-js-1.13.3.tar.br,1.87,0.22,0.028977666
run_293_repetition_14,DONE,brotli,brotli/prismjs--prismjs-1.30.0.tar.br,1.02,0.12,0.015916644
run_301_repetition_16,DONE,brotli,brotli/source-list-map--source-list-map-2.0.1.tar.br,0.26,0.03,0.004293399
run_134_repetition_27,DONE,zopfli,zopfli/@parcel__watcher--watcher-2.5.6.tgz,0.32,0.04,0.005111137
run_200_repetition_10,DONE,zstd,zstd/@types__glob--glob-9.0.0.tar.zst,0.26,0.03,0.003261824
run_112_repetition_0,DONE,xz,xz/source-list-map--source-list-map-2.0.1.tar.xz,0.26,0.03,0.004388971
run_242_repetition_29,DONE,zstd,zstd/tailwindcss--tailwindcss-4.3.0.tar.zst,0.39,0.05,0.005928946
run_221_repetition_1,DONE,zstd,zstd/immer--immer-11.1.8.tar.zst,0.39,0.05,0.005783585
run_185_repetition_5,DONE,zopfli,zopfli/whatwg-mimetype--whatwg-mimetype-5.0.0.tgz,0.29,0.04,0.004027967
run_99_repetition_6,DONE,xz,xz/lodash-es--lodash-es-4.18.1.tar.xz,1.03,0.12,0.015992602
run_33_repetition_9,DONE,npm,npm/got--got-15.0.5.tgz,0.52,0.06,0.007768094
run_15_repetition_2,DONE,npm,npm/html-escaper--html-escaper-3.0.3.tgz,0.32,0.04,0.004824146
run_276_repetition_28,DONE,brotli,brotli/eslint-plugin-import--eslint-plugin-import-2.32.0.tar.br,0.77,0.09,0.011377118
run_264_repetition_12,DONE,brotli,brotli/@types__uuid--uuid-11.0.0.tar.br,0.26,0.03,0.003698715
run_125_repetition_28,DONE,xz,xz/xml2js--xml2js-0.6.2.tar.xz,4.1,0.49,0.0637611
run_161_repetition_19,DONE,zopfli,zopfli/linkify-it--linkify-it-5.0.1.tgz,0.29,0.03,0.004324934
run_12_repetition_19,DONE,npm,npm/@radix-ui__primitive--primitive-1.1.3.tgz,0.33,0.04,0.004713028
run_90_repetition_2,DONE,xz,xz/got--got-15.0.5.tar.xz,0.62,0.07,0.009788249
run_152_repetition_13,DONE,zopfli,zopfli/fetch-blob--fetch-blob-4.0.0.tgz,0.26,0.03,0.003760243
run_226_repetition_4,DONE,zstd,zstd/next--next-16.2.6.tar.zst,21.29,2.55,0.314642855
run_102_repetition_9,DONE,xz,xz/path-dirname--path-dirname-1.0.2.tar.xz,0.28,0.03,0.004190376
run_2_repetition_24,DONE,npm,npm/babel-helper-get-function-arity--babel-helper-get-function-arity-6.24.1.tgz,0.32,0.04,0.004535169
run_249_repetition_17,DONE,zstd,zstd/workbox-routing--workbox-routing-7.4.1.tar.zst,0.32,0.04,0.004613447
run_169_repetition_7,DONE,zopfli,zopfli/protobufjs--protobufjs-8.4.2.tgz,1.94,0.23,0.029862133
run_41_repetition_5,DONE,npm,npm/immer--immer-11.1.8.tgz,0.84,0.09,0.012379099
run_284_repetition_9,DONE,brotli,brotli/immer--immer-11.1.8.tar.br,0.51,0.06,0.007223741
run_254_repetition_12,DONE,brotli,brotli/@esbuild__linux-ia32--linux-ia32-0.28.0.tar.br,5.67,0.67,0.088010659
run_311_repetition_17,DONE,brotli,brotli/whatwg-mimetype--whatwg-mimetype-5.0.0.tar.br,0.38,0.04,0.004796836
run_294_repetition_25,DONE,brotli,brotli/prop-types--prop-types-15.8.1.tar.br,0.32,0.04,0.004504395
run_238_repetition_22,DONE,zstd,zstd/source-list-map--source-list-map-2.0.1.tar.zst,0.3,0.03,0.003660387
run_261_repetition_24,DONE,brotli,brotli/@radix-ui__primitive--primitive-1.1.3.tar.br,0.26,0.03,0.004176529
run_100_repetition_24,DONE,xz,xz/next--next-16.2.6.tar.xz,72.68,8.59,1.141903241
run_46_repetition_5,DONE,npm,npm/@modelcontextprotocol__sdk--sdk-1.29.0.tgz,2.28,0.26,0.034836069
run_57_repetition_19,DONE,npm,npm/date-fns--date-fns-4.3.0.tgz,16.16,1.9,0.251019666
run_33_repetition_21,DONE,npm,npm/got--got-15.0.5.tgz,0.52,0.06,0.007708785
run_22_repetition_26,DONE,npm,npm/@ethersproject__abstract-signer--abstract-signer-5.8.0.tgz,0.38,0.05,0.005441296
run_13_repetition_9,DONE,npm,npm/assert-plus--assert-plus-1.0.0.tgz,0.33,0.04,0.004820372
run_44_repetition_14,DONE,npm,npm/tar--tar-7.5.15.tgz,1.48,0.17,0.023319797
run_39_repetition_29,DONE,npm,npm/iconv-lite--iconv-lite-0.7.2.tgz,0.55,0.07,0.008427824
run_84_repetition_7,DONE,xz,xz/dom-accessibility-api--dom-accessibility-api-0.7.1.tar.xz,0.51,0.06,0.007855801
run_66_repetition_21,DONE,xz,xz/@eslint__eslintrc--eslintrc-3.3.5.tar.xz,0.7,0.09,0.010644683
run_19_repetition_27,DONE,npm,npm/whatwg-mimetype--whatwg-mimetype-5.0.0.tgz,0.39,0.04,0.005420096
run_268_repetition_1,DONE,brotli,brotli/babel-helper-get-function-arity--babel-helper-get-function-arity-6.24.1.tar.br,0.25,0.03,0.004089448
run_101_repetition_8,DONE,xz,xz/node-notifier--node-notifier-10.0.1.tar.xz,8.45,0.98,0.132370312
run_7_repetition_25,DONE,npm,npm/strict-uri-encode--strict-uri-encode-2.0.0.tgz,0.32,0.04,0.004627171
run_266_repetition_2,DONE,brotli,brotli/assert-plus--assert-plus-1.0.0.tar.br,0.25,0.03,0.004174836
run_259_repetition_27,DONE,brotli,brotli/@opentelemetry__semantic-conventions--semantic-conventions-1.41.1.tar.br,1.68,0.2,0.02572759
run_74_repetition_14,DONE,xz,xz/@types__glob--glob-9.0.0.tar.xz,0.26,0.03,0.003982094
run_44_repetition_5,DONE,npm,npm/tar--tar-7.5.15.tgz,1.55,0.18,0.023963426
run_118_repetition_14,DONE,xz,xz/ts-node--ts-node-10.9.2.tar.xz,1.09,0.13,0.016952225
run_152_repetition_7,DONE,zopfli,zopfli/fetch-blob--fetch-blob-4.0.0.tgz,0.26,0.03,0.003874492
run_53_repetition_6,DONE,npm,npm/libphonenumber-js--libphonenumber-js-1.13.3.tgz,5.3,0.62,0.082094505
run_209_repetition_8,DONE,zstd,zstd/date-fns--date-fns-4.3.0.tar.zst,3.91,0.46,0.057760111
run_270_repetition_22,DONE,brotli,brotli/babel-plugin-transform-exponentiation-operator--babel-plugin-transform-exponentiation-operator-6.24.1.tar.br,0.29,0.03,0.004270996
run_104_repetition_29,DONE,xz,xz/prismjs--prismjs-1.30.0.tar.xz,2.76,0.32,0.043320003
run_102_repetition_24,DONE,xz,xz/path-dirname--path-dirname-1.0.2.tar.xz,0.23,0.03,0.00384201
run_278_repetition_1,DONE,brotli,brotli/fetch-blob--fetch-blob-4.0.0.tar.br,0.25,0.03,0.004172637
run_220_repetition_24,DONE,zstd,zstd/iconv-lite--iconv-lite-0.7.2.tar.zst,0.39,0.05,0.005541433
run_21_repetition_28,DONE,npm,npm/style-loader--style-loader-4.0.0.tgz,0.39,0.05,0.006304551
run_126_repetition_29,DONE,zopfli,zopfli/@aws-cdk__cloud-assembly-schema--cloud-assembly-schema-53.27.0.tgz,0.7,0.08,0.010786292
run_160_repetition_19,DONE,zopfli,zopfli/libphonenumber-js--libphonenumber-js-1.13.3.tgz,5.7,0.68,0.089378024
run_150_repetition_12,DONE,zopfli,zopfli/eslint-plugin-import--eslint-plugin-import-2.32.0.tgz,1.15,0.13,0.0177747
run_73_repetition_7,DONE,xz,xz/@sindresorhus__is--is-8.1.0.tar.xz,0.45,0.05,0.006427844
run_312_repetition_25,DONE,brotli,brotli/workbox-routing--workbox-routing-7.4.1.tar.br,0.35,0.04,0.005666263
run_193_repetition_9,DONE,zstd,zstd/@ethersproject__abstract-signer--abstract-signer-5.8.0.tar.zst,0.3,0.03,0.004002637
run_256_repetition_27,DONE,brotli,brotli/@ethersproject__abstract-signer--abstract-signer-5.8.0.tar.br,0.36,0.04,0.004984924
run_116_repetition_9,DONE,xz,xz/tailwindcss--tailwindcss-4.3.0.tar.xz,0.89,0.11,0.014086935
run_254_repetition_2,DONE,brotli,brotli/@esbuild__linux-ia32--linux-ia32-0.28.0.tar.br,5.69,0.67,0.089020244
run_255_repetition_6,DONE,brotli,brotli/@eslint__eslintrc--eslintrc-3.3.5.tar.br,0.45,0.05,0.006655793
run_204_repetition_6,DONE,zstd,zstd/aws-sdk--aws-sdk-2.1693.0.tar.zst,14.74,1.75,0.219362634
run_64_repetition_5,DONE,xz,xz/@babel__plugin-transform-regexp-modifiers--plugin-transform-regexp-modifiers-7.28.6.tar.xz,0.29,0.03,0.003929009
run_257_repetition_8,DONE,brotli,brotli/@modelcontextprotocol__sdk--sdk-1.29.0.tar.br,1.09,0.13,0.016733232
run_268_repetition_26,DONE,brotli,brotli/babel-helper-get-function-arity--babel-helper-get-function-arity-6.24.1.tar.br,0.26,0.03,0.003932028
run_159_repetition_17,DONE,zopfli,zopfli/jiti--jiti-2.7.0.tgz,1.21,0.15,0.018664498
run_288_repetition_8,DONE,brotli,brotli/lodash-es--lodash-es-4.18.1.tar.br,0.62,0.07,0.008993774
run_190_repetition_23,DONE,zstd,zstd/@babel__plugin-transform-regexp-modifiers--plugin-transform-regexp-modifiers-7.28.6.tar.zst,0.26,0.02,0.003580075
run_264_repetition_11,DONE,brotli,brotli/@types__uuid--uuid-11.0.0.tar.br,0.32,0.03,0.004269809
run_133_repetition_22,DONE,zopfli,zopfli/@opentelemetry__semantic-conventions--semantic-conventions-1.41.1.tgz,4.94,0.58,0.078225347
run_70_repetition_18,DONE,xz,xz/@opentelemetry__semantic-conventions--semantic-conventions-1.41.1.tar.xz,3.05,0.37,0.047609206
run_189_repetition_1,DONE,zstd,zstd/@aws-cdk__cloud-assembly-schema--cloud-assembly-schema-53.27.0.tar.zst,0.41,0.05,0.006365632
run_244_repetition_8,DONE,zstd,zstd/ts-node--ts-node-10.9.2.tar.zst,0.42,0.05,0.006586356
run_66_repetition_23,DONE,xz,xz/@eslint__eslintrc--eslintrc-3.3.5.tar.xz,0.71,0.08,0.010233683
run_117_repetition_12,DONE,xz,xz/tar--tar-7.5.15.tar.xz,1.7,0.2,0.026101254
run_40_repetition_5,DONE,npm,npm/ts-node--ts-node-10.9.2.tgz,0.81,0.09,0.012127636
run_301_repetition_22,DONE,brotli,brotli/source-list-map--source-list-map-2.0.1.tar.br,0.29,0.03,0.004583829
run_115_repetition_13,DONE,xz,xz/style-loader--style-loader-4.0.0.tar.xz,0.32,0.04,0.00527221
run_189_repetition_17,DONE,zstd,zstd/@aws-cdk__cloud-assembly-schema--cloud-assembly-schema-53.27.0.tar.zst,0.42,0.05,0.006379237
run_142_repetition_17,DONE,zopfli,zopfli/babel-helper-get-function-arity--babel-helper-get-function-arity-6.24.1.tgz,0.25,0.03,0.003869404
run_270_repetition_14,DONE,brotli,brotli/babel-plugin-transform-exponentiation-operator--babel-plugin-transform-exponentiation-operator-6.24.1.tar.br,0.3,0.03,0.004019853
run_227_repetition_14,DONE,zstd,zstd/node-notifier--node-notifier-10.0.1.tar.zst,1.39,0.17,0.021578739
run_135_repetition_14,DONE,zopfli,zopfli/@radix-ui__primitive--primitive-1.1.3.tgz,0.23,0.03,0.003675219
run_0_repetition_22,DONE,npm,npm/watchpack-chokidar2--watchpack-chokidar2-2.0.1.tgz,0.29,0.04,0.004526629
run_115_repetition_21,DONE,xz,xz/style-loader--style-loader-4.0.0.tar.xz,0.38,0.05,0.005078164
run_298_repetition_17,DONE,brotli,brotli/remove-trailing-separator--remove-trailing-separator-1.1.0.tar.br,0.26,0.03,0.003968698
run_165_repetition_19,DONE,zopfli,zopfli/path-dirname--path-dirname-1.0.2.tgz,0.26,0.03,0.003768012
run_87_repetition_23,DONE,xz,xz/eslint-plugin-import--eslint-plugin-import-2.32.0.tar.xz,1.98,0.24,0.030877962
run_273_repetition_25,DONE,brotli,brotli/dom-accessibility-api--dom-accessibility-api-0.7.1.tar.br,0.35,0.04,0.005566742
run_118_repetition_26,DONE,xz,xz/ts-node--ts-node-10.9.2.tar.xz,1.12,0.13,0.017237399
run_101_repetition_20,DONE,xz,xz/node-notifier--node-notifier-10.0.1.tar.xz,8.39,0.99,0.131667784
run_279_repetition_6,DONE,brotli,brotli/got--got-15.0.5.tar.br,0.45,0.05,0.006300407
run_300_repetition_1,DONE,brotli,brotli/shallowequal--shallowequal-1.1.0.tar.br,0.26,0.03,0.004286085
run_97_repetition_28,DONE,xz,xz/libphonenumber-js--libphonenumber-js-1.13.3.tar.xz,4.3,0.51,0.067528828
run_73_repetition_2,DONE,xz,xz/@sindresorhus__is--is-8.1.0.tar.xz,0.39,0.05,0.005827003
run_289_repetition_4,DONE,brotli,brotli/next--next-16.2.6.tar.br,22.58,2.76,0.350246391
run_314_repetition_21,DONE,brotli,brotli/xml2js--xml2js-0.6.2.tar.br,1.34,0.16,0.020624307
run_274_repetition_23,DONE,brotli,brotli/encoding-sniffer--encoding-sniffer-1.0.2.tar.br,0.29,0.03,0.004766019
run_106_repetition_4,DONE,xz,xz/protobufjs--protobufjs-8.4.2.tar.xz,1.82,0.21,0.02800514
run_131_repetition_16,DONE,zopfli,zopfli/@modelcontextprotocol__sdk--sdk-1.29.0.tgz,2.55,0.31,0.039455892
run_24_repetition_6,DONE,npm,npm/@sindresorhus__is--is-8.1.0.tgz,0.39,0.04,0.005386883
run_216_repetition_2,DONE,zstd,zstd/got--got-15.0.5.tar.zst,0.36,0.04,0.004941521
run_20_repetition_16,DONE,npm,npm/linkify-it--linkify-it-5.0.1.tgz,0.38,0.05,0.005285827
run_268_repetition_21,DONE,brotli,brotli/babel-helper-get-function-arity--babel-helper-get-function-arity-6.24.1.tar.br,0.26,0.03,0.0042292
run_314_repetition_16,DONE,brotli,brotli/xml2js--xml2js-0.6.2.tar.br,1.28,0.15,0.019902006
run_41_repetition_2,DONE,npm,npm/immer--immer-11.1.8.tgz,0.84,0.09,0.012218794
run_78_repetition_16,DONE,xz,xz/aws-sdk--aws-sdk-2.1693.0.tar.xz,46.23,5.51,0.72305146
run_208_repetition_27,DONE,zstd,zstd/client-only--client-only-0.0.1.tar.zst,0.23,0.03,0.003715989
run_87_repetition_13,DONE,xz,xz/eslint-plugin-import--eslint-plugin-import-2.32.0.tar.xz,1.98,0.23,0.031031544
run_314_repetition_4,DONE,brotli,brotli/xml2js--xml2js-0.6.2.tar.br,1.32,0.16,0.020287666
run_222_repetition_19,DONE,zstd,zstd/jiti--jiti-2.7.0.tar.zst,0.68,0.08,0.009715449
run_92_repetition_18,DONE,xz,xz/highlight.js--highlight.js-11.11.1.tar.xz,3.89,0.46,0.061245318
run_278_repetition_0,DONE,brotli,brotli/fetch-blob--fetch-blob-4.0.0.tar.br,0.28,0.03,0.004354666
run_293_repetition_21,DONE,brotli,brotli/prismjs--prismjs-1.30.0.tar.br,1.06,0.12,0.016359063
run_144_repetition_15,DONE,zopfli,zopfli/babel-plugin-transform-exponentiation-operator--babel-plugin-transform-exponentiation-operator-6.24.1.tgz,0.25,0.03,0.003918386
run_14_repetition_29,DONE,npm,npm/split2--split2-4.2.0.tgz,0.36,0.04,0.005095403
run_30_repetition_3,DONE,npm,npm/workbox-routing--workbox-routing-7.4.1.tgz,0.45,0.05,0.007025084
run_198_repetition_3,DONE,zstd,zstd/@radix-ui__primitive--primitive-1.1.3.tar.zst,0.25,0.03,0.00364546
run_41_repetition_10,DONE,npm,npm/immer--immer-11.1.8.tgz,0.81,0.09,0.012570984
run_261_repetition_18,DONE,brotli,brotli/@radix-ui__primitive--primitive-1.1.3.tar.br,0.29,0.03,0.004495451
run_39_repetition_15,DONE,npm,npm/iconv-lite--iconv-lite-0.7.2.tgz,0.57,0.07,0.008662112
run_185_repetition_1,DONE,zopfli,zopfli/whatwg-mimetype--whatwg-mimetype-5.0.0.tgz,0.29,0.04,0.004042314
run_11_repetition_4,DONE,npm,npm/shallowequal--shallowequal-1.1.0.tgz,0.33,0.04,0.005191471
run_283_repetition_21,DONE,brotli,brotli/iconv-lite--iconv-lite-0.7.2.tar.br,0.52,0.06,0.007736781
run_111_repetition_15,DONE,xz,xz/shallowequal--shallowequal-1.1.0.tar.xz,0.26,0.03,0.00407301
run_270_repetition_23,DONE,brotli,brotli/babel-plugin-transform-exponentiation-operator--babel-plugin-transform-exponentiation-operator-6.24.1.tar.br,0.25,0.03,0.004332113
run_43_repetition_12,DONE,npm,npm/jiti--jiti-2.7.0.tgz,1.24,0.14,0.018997276
run_23_repetition_2,DONE,npm,npm/prop-types--prop-types-15.8.1.tgz,0.35,0.04,0.005568333
run_107_repetition_3,DONE,xz,xz/react-dom--react-dom-19.2.6.tar.xz,2.49,0.3,0.03916314
run_205_repetition_24,DONE,zstd,zstd/babel-helper-get-function-arity--babel-helper-get-function-arity-6.24.1.tar.zst,0.26,0.03,0.00330857
run_145_repetition_8,DONE,zopfli,zopfli/client-only--client-only-0.0.1.tgz,0.26,0.03,0.003865463
run_23_repetition_24,DONE,npm,npm/prop-types--prop-types-15.8.1.tgz,0.36,0.04,0.005314618
run_56_repetition_5,DONE,npm,npm/ethers--ethers-6.16.0.tgz,6.98,0.81,0.107557218
run_179_repetition_19,DONE,zopfli,zopfli/tailwindcss--tailwindcss-4.3.0.tgz,0.64,0.08,0.010089271
run_86_repetition_11,DONE,xz,xz/eslint-config-react-app--eslint-config-react-app-7.0.1.tar.xz,0.32,0.04,0.004560095
run_136_repetition_22,DONE,zopfli,zopfli/@sindresorhus__is--is-8.1.0.tgz,0.26,0.03,0.00459473
run_153_repetition_7,DONE,zopfli,zopfli/got--got-15.0.5.tgz,0.51,0.06,0.006939194
run_164_repetition_1,DONE,zopfli,zopfli/node-notifier--node-notifier-10.0.1.tgz,3.43,0.4,0.053621584
run_121_repetition_2,DONE,xz,xz/webpack--webpack-5.107.1.tar.xz,5.57,0.66,0.086805013
run_163_repetition_5,DONE,zopfli,zopfli/next--next-16.2.6.tgz,81.25,9.66,1.280222645
run_210_repetition_27,DONE,zstd,zstd/dom-accessibility-api--dom-accessibility-api-0.7.1.tar.zst,0.33,0.03,0.004501089
run_108_repetition_22,DONE,xz,xz/react-error-overlay--react-error-overlay-6.1.0.tar.xz,0.92,0.11,0.014517173
run_45_repetition_11,DONE,npm,npm/prismjs--prismjs-1.30.0.tgz,1.91,0.22,0.029122476
run_109_repetition_12,DONE,xz,xz/remove-trailing-separator--remove-trailing-separator-1.1.0.tar.xz,0.26,0.03,0.004043741
run_72_repetition_23,DONE,xz,xz/@radix-ui__primitive--primitive-1.1.3.tar.xz,0.29,0.04,0.004165751
run_136_repetition_15,DONE,zopfli,zopfli/@sindresorhus__is--is-8.1.0.tgz,0.32,0.04,0.004783656
run_42_repetition_7,DONE,npm,npm/eslint-plugin-import--eslint-plugin-import-2.32.0.tgz,1.13,0.13,0.01716186
run_169_repetition_29,DONE,zopfli,zopfli/protobufjs--protobufjs-8.4.2.tgz,1.92,0.22,0.029604455
run_160_repetition_7,DONE,zopfli,zopfli/libphonenumber-js--libphonenumber-js-1.13.3.tgz,5.71,0.68,0.089567694
run_176_repetition_0,DONE,zopfli,zopfli/split2--split2-4.2.0.tgz,0.2,0.03,0.003554267
run_39_repetition_12,DONE,npm,npm/iconv-lite--iconv-lite-0.7.2.tgz,0.52,0.06,0.008023199
run_206_repetition_13,DONE,zstd,zstd/babel-plugin-check-es2015-constants--babel-plugin-check-es2015-constants-6.22.0.tar.zst,0.25,0.03,0.003555586
run_24_repetition_12,DONE,npm,npm/@sindresorhus__is--is-8.1.0.tgz,0.35,0.04,0.005182372
run_32_repetition_6,DONE,npm,npm/@vue__reactivity--reactivity-3.5.34.tgz,0.49,0.06,0.007333962
run_50_repetition_26,DONE,npm,npm/react-dom--react-dom-19.2.6.tgz,3.49,0.42,0.054651372
run_19_repetition_2,DONE,npm,npm/whatwg-mimetype--whatwg-mimetype-5.0.0.tgz,0.33,0.04,0.004912259
run_20_repetition_11,DONE,npm,npm/linkify-it--linkify-it-5.0.1.tgz,0.33,0.04,0.005110888
run_299_repetition_11,DONE,brotli,brotli/resize-observer-polyfill--resize-observer-polyfill-1.5.1.tar.br,0.32,0.03,0.004640866
run_198_repetition_5,DONE,zstd,zstd/@radix-ui__primitive--primitive-1.1.3.tar.zst,0.23,0.03,0.003414974
run_279_repetition_3,DONE,brotli,brotli/got--got-15.0.5.tar.br,0.39,0.04,0.005868927
run_105_repetition_20,DONE,xz,xz/prop-types--prop-types-15.8.1.tar.xz,0.39,0.05,0.005542779
run_301_repetition_26,DONE,brotli,brotli/source-list-map--source-list-map-2.0.1.tar.br,0.26,0.03,0.004084146
run_76_repetition_1,DONE,xz,xz/@vue__reactivity--reactivity-3.5.34.tar.xz,0.51,0.05,0.007336506
run_201_repetition_0,DONE,zstd,zstd/@types__uuid--uuid-11.0.0.tar.zst,0.2,0.02,0.00330572
run_189_repetition_13,DONE,zstd,zstd/@aws-cdk__cloud-assembly-schema--cloud-assembly-schema-53.27.0.tar.zst,0.39,0.05,0.006137796
run_41_repetition_20,DONE,npm,npm/immer--immer-11.1.8.tgz,0.84,0.1,0.012538904
run_277_repetition_23,DONE,brotli,brotli/ethers--ethers-6.16.0.tar.br,2.76,0.33,0.042489844
run_121_repetition_5,DONE,xz,xz/webpack--webpack-5.107.1.tar.xz,5.61,0.67,0.087589296
run_46_repetition_29,DONE,npm,npm/@modelcontextprotocol__sdk--sdk-1.29.0.tgz,2.25,0.25,0.034229427
run_70_repetition_14,DONE,xz,xz/@opentelemetry__semantic-conventions--semantic-conventions-1.41.1.tar.xz,3.05,0.36,0.046988879
run_14_repetition_26,DONE,npm,npm/split2--split2-4.2.0.tgz,0.33,0.04,0.004806152
run_163_repetition_3,DONE,zopfli,zopfli/next--next-16.2.6.tgz,81.21,9.56,1.280849758
run_166_repetition_8,DONE,zopfli,zopfli/prettier--prettier-3.8.3.tgz,4.89,0.58,0.076892845
run_182_repetition_11,DONE,zopfli,zopfli/typescript--typescript-6.0.3.tgz,11.24,1.35,0.178207249
run_225_repetition_6,DONE,zstd,zstd/lodash-es--lodash-es-4.18.1.tar.zst,0.49,0.06,0.007188614
run_14_repetition_20,DONE,npm,npm/split2--split2-4.2.0.tgz,0.3,0.04,0.004605398
run_100_repetition_16,DONE,xz,xz/next--next-16.2.6.tar.xz,73.14,8.58,1.145259257
run_120_repetition_22,DONE,xz,xz/watchpack-chokidar2--watchpack-chokidar2-2.0.1.tar.xz,0.29,0.03,0.003794688
run_130_repetition_19,DONE,zopfli,zopfli/@ethersproject__abstract-signer--abstract-signer-5.8.0.tgz,0.3,0.03,0.004574629
run_28_repetition_12,DONE,npm,npm/resize-observer-polyfill--resize-observer-polyfill-1.5.1.tgz,0.39,0.05,0.006243748
run_244_repetition_11,DONE,zstd,zstd/ts-node--ts-node-10.9.2.tar.zst,0.42,0.05,0.006524283
run_125_repetition_10,DONE,xz,xz/xml2js--xml2js-0.6.2.tar.xz,4.09,0.49,0.064201962
run_7_repetition_16,DONE,npm,npm/strict-uri-encode--strict-uri-encode-2.0.0.tgz,0.29,0.03,0.004436668
run_10_repetition_29,DONE,npm,npm/path-dirname--path-dirname-1.0.2.tgz,0.32,0.03,0.004619573
run_175_repetition_24,DONE,zopfli,zopfli/source-list-map--source-list-map-2.0.1.tgz,0.26,0.03,0.003730316
run_165_repetition_26,DONE,zopfli,zopfli/path-dirname--path-dirname-1.0.2.tgz,0.26,0.03,0.003645308
run_83_repetition_10,DONE,xz,xz/date-fns--date-fns-4.3.0.tar.xz,9.69,1.15,0.151423883
run_161_repetition_5,DONE,zopfli,zopfli/linkify-it--linkify-it-5.0.1.tgz,0.29,0.04,0.004377798
run_159_repetition_3,DONE,zopfli,zopfli/jiti--jiti-2.7.0.tgz,1.21,0.14,0.018341382
run_216_repetition_20,DONE,zstd,zstd/got--got-15.0.5.tar.zst,0.33,0.04,0.004722001
run_53_repetition_29,DONE,npm,npm/libphonenumber-js--libphonenumber-js-1.13.3.tgz,5.31,0.62,0.081634087
run_272_repetition_23,DONE,brotli,brotli/date-fns--date-fns-4.3.0.tar.br,3.74,0.46,0.058119768
run_67_repetition_17,DONE,xz,xz/@ethersproject__abstract-signer--abstract-signer-5.8.0.tar.xz,0.33,0.04,0.005223122
run_137_repetition_3,DONE,zopfli,zopfli/@types__glob--glob-9.0.0.tgz,0.26,0.03,0.003560201
run_212_repetition_0,DONE,zstd,zstd/eslint-config-react-app--eslint-config-react-app-7.0.1.tar.zst,0.2,0.02,0.003415179
run_184_repetition_5,DONE,zopfli,zopfli/webpack--webpack-5.107.1.tgz,3.68,0.45,0.05801853
run_194_repetition_7,DONE,zstd,zstd/@modelcontextprotocol__sdk--sdk-1.29.0.tar.zst,0.97,0.11,0.014635452
run_285_repetition_24,DONE,brotli,brotli/jiti--jiti-2.7.0.tar.br,0.77,0.09,0.012208103
run_201_repetition_4,DONE,zstd,zstd/@types__uuid--uuid-11.0.0.tar.zst,0.26,0.03,0.003259195
run_241_repetition_4,DONE,zstd,zstd/style-loader--style-loader-4.0.0.tar.zst,0.26,0.03,0.003662489
run_269_repetition_18,DONE,brotli,brotli/babel-plugin-check-es2015-constants--babel-plugin-check-es2015-constants-6.22.0.tar.br,0.26,0.03,0.003826334
run_88_repetition_27,DONE,xz,xz/ethers--ethers-6.16.0.tar.xz,6.72,0.8,0.105165301
run_164_repetition_18,DONE,zopfli,zopfli/node-notifier--node-notifier-10.0.1.tgz,3.45,0.41,0.054055279
run_12_repetition_28,DONE,npm,npm/@radix-ui__primitive--primitive-1.1.3.tgz,0.32,0.04,0.005018231
run_52_repetition_12,DONE,npm,npm/@opentelemetry__semantic-conventions--semantic-conventions-1.41.1.tgz,4.78,0.57,0.075005218
run_9_repetition_25,DONE,npm,npm/remove-trailing-separator--remove-trailing-separator-1.1.0.tgz,0.33,0.04,0.004371598
run_141_repetition_24,DONE,zopfli,zopfli/aws-sdk--aws-sdk-2.1693.0.tgz,38.35,4.6,0.605107452
run_53_repetition_1,DONE,npm,npm/libphonenumber-js--libphonenumber-js-1.13.3.tgz,5.29,0.62,0.081598593
run_181_repetition_29,DONE,zopfli,zopfli/ts-node--ts-node-10.9.2.tgz,0.74,0.09,0.011079612
run_5_repetition_13,DONE,npm,npm/babel-plugin-transform-exponentiation-operator--babel-plugin-transform-exponentiation-operator-6.24.1.tgz,0.32,0.04,0.004942409
run_83_repetition_28,DONE,xz,xz/date-fns--date-fns-4.3.0.tar.xz,9.73,1.15,0.152321367
run_74_repetition_27,DONE,xz,xz/@types__glob--glob-9.0.0.tar.xz,0.25,0.03,0.003548754
run_142_repetition_8,DONE,zopfli,zopfli/babel-helper-get-function-arity--babel-helper-get-function-arity-6.24.1.tgz,0.2,0.02,0.00344798
run_279_repetition_16,DONE,brotli,brotli/got--got-15.0.5.tar.br,0.38,0.04,0.005737564
run_106_repetition_18,DONE,xz,xz/protobufjs--protobufjs-8.4.2.tar.xz,1.82,0.21,0.028429758
run_308_repetition_29,DONE,brotli,brotli/typescript--typescript-6.0.3.tar.br,4.21,0.51,0.06538863
run_10_repetition_28,DONE,npm,npm/path-dirname--path-dirname-1.0.2.tgz,0.29,0.04,0.004588473
run_188_repetition_11,DONE,zopfli,zopfli/xml2js--xml2js-0.6.2.tgz,2.03,0.24,0.031901372
run_246_repetition_9,DONE,zstd,zstd/watchpack-chokidar2--watchpack-chokidar2-2.0.1.tar.zst,0.2,0.02,0.003315522
run_297_repetition_6,DONE,brotli,brotli/react-error-overlay--react-error-overlay-6.1.0.tar.br,0.44,0.05,0.00678486
run_168_repetition_6,DONE,zopfli,zopfli/prop-types--prop-types-15.8.1.tgz,0.32,0.04,0.004503559
run_64_repetition_13,DONE,xz,xz/@babel__plugin-transform-regexp-modifiers--plugin-transform-regexp-modifiers-7.28.6.tar.xz,0.29,0.03,0.004045489
run_255_repetition_10,DONE,brotli,brotli/@eslint__eslintrc--eslintrc-3.3.5.tar.br,0.38,0.05,0.006181667
run_221_repetition_15,DONE,zstd,zstd/immer--immer-11.1.8.tar.zst,0.36,0.04,0.005723669
run_216_repetition_23,DONE,zstd,zstd/got--got-15.0.5.tar.zst,0.29,0.04,0.004846748
run_224_repetition_9,DONE,zstd,zstd/linkify-it--linkify-it-5.0.1.tar.zst,0.26,0.03,0.003519576
run_240_repetition_23,DONE,zstd,zstd/strict-uri-encode--strict-uri-encode-2.0.0.tar.zst,0.26,0.03,0.003794927
run_213_repetition_18,DONE,zstd,zstd/eslint-plugin-import--eslint-plugin-import-2.32.0.tar.zst,0.58,0.07,0.009062349
run_216_repetition_16,DONE,zstd,zstd/got--got-15.0.5.tar.zst,0.32,0.04,0.00474232
run_37_repetition_28,DONE,npm,npm/@aws-cdk__cloud-assembly-schema--cloud-assembly-schema-53.27.0.tgz,0.71,0.08,0.010779506
run_204_repetition_4,DONE,zstd,zstd/aws-sdk--aws-sdk-2.1693.0.tar.zst,15.2,1.81,0.224963326
run_244_repetition_13,DONE,zstd,zstd/ts-node--ts-node-10.9.2.tar.zst,0.39,0.04,0.006370472
run_149_repetition_27,DONE,zopfli,zopfli/eslint-config-react-app--eslint-config-react-app-7.0.1.tgz,0.27,0.03,0.003566863
run_243_repetition_6,DONE,zstd,zstd/tar--tar-7.5.15.tar.zst,0.64,0.08,0.009913187
run_161_repetition_11,DONE,zopfli,zopfli/linkify-it--linkify-it-5.0.1.tgz,0.29,0.04,0.004191299
run_248_repetition_3,DONE,zstd,zstd/whatwg-mimetype--whatwg-mimetype-5.0.0.tar.zst,0.26,0.03,0.003575756
run_281_repetition_2,DONE,brotli,brotli/highlight.js--highlight.js-11.11.1.tar.br,1.56,0.19,0.024455671
run_233_repetition_3,DONE,zstd,zstd/react-dom--react-dom-19.2.6.tar.zst,1.16,0.14,0.018011175
run_142_repetition_27,DONE,zopfli,zopfli/babel-helper-get-function-arity--babel-helper-get-function-arity-6.24.1.tgz,0.22,0.03,0.003696682
run_268_repetition_18,DONE,brotli,brotli/babel-helper-get-function-arity--babel-helper-get-function-arity-6.24.1.tar.br,0.26,0.03,0.004029198
run_300_repetition_14,DONE,brotli,brotli/shallowequal--shallowequal-1.1.0.tar.br,0.26,0.03,0.003955274
run_236_repetition_20,DONE,zstd,zstd/resize-observer-polyfill--resize-observer-polyfill-1.5.1.tar.zst,0.29,0.03,0.003894978
run_292_repetition_29,DONE,brotli,brotli/prettier--prettier-3.8.3.tar.br,2.18,0.26,0.033828232
run_105_repetition_27,DONE,xz,xz/prop-types--prop-types-15.8.1.tar.xz,0.35,0.05,0.005567729
run_155_repetition_23,DONE,zopfli,zopfli/highlight.js--highlight.js-11.11.1.tgz,3.59,0.43,0.056237427
run_42_repetition_5,DONE,npm,npm/eslint-plugin-import--eslint-plugin-import-2.32.0.tgz,1.13,0.13,0.017379077
run_118_repetition_21,DONE,xz,xz/ts-node--ts-node-10.9.2.tar.xz,1.06,0.12,0.016736639
run_189_repetition_18,DONE,zstd,zstd/@aws-cdk__cloud-assembly-schema--cloud-assembly-schema-53.27.0.tar.zst,0.42,0.05,0.006146959
run_263_repetition_8,DONE,brotli,brotli/@types__glob--glob-9.0.0.tar.br,0.26,0.03,0.00389894
run_144_repetition_14,DONE,zopfli,zopfli/babel-plugin-transform-exponentiation-operator--babel-plugin-transform-exponentiation-operator-6.24.1.tgz,0.26,0.03,0.003689611
run_5_repetition_25,DONE,npm,npm/babel-plugin-transform-exponentiation-operator--babel-plugin-transform-exponentiation-operator-6.24.1.tgz,0.32,0.03,0.004640883
run_188_repetition_10,DONE,zopfli,zopfli/xml2js--xml2js-0.6.2.tgz,2.07,0.24,0.031820642
run_189_repetition_20,DONE,zstd,zstd/@aws-cdk__cloud-assembly-schema--cloud-assembly-schema-53.27.0.tar.zst,0.39,0.05,0.006144079
run_22_repetition_24,DONE,npm,npm/@ethersproject__abstract-signer--abstract-signer-5.8.0.tgz,0.38,0.04,0.005294893
run_29_repetition_1,DONE,npm,npm/@parcel__watcher--watcher-2.5.6.tgz,0.42,0.05,0.006190236
run_173_repetition_14,DONE,zopfli,zopfli/resize-observer-polyfill--resize-observer-polyfill-1.5.1.tgz,0.33,0.04,0.005092154
run_101_repetition_29,DONE,xz,xz/node-notifier--node-notifier-10.0.1.tar.xz,8.4,1.0,0.131442715
run_3_repetition_11,DONE,npm,npm/@types__uuid--uuid-11.0.0.tgz,0.35,0.04,0.005590086
run_182_repetition_10,DONE,zopfli,zopfli/typescript--typescript-6.0.3.tgz,11.36,1.36,0.178254266
run_48_repetition_11,DONE,npm,npm/highlight.js--highlight.js-11.11.1.tgz,3.92,0.45,0.060651356
run_259_repetition_29,DONE,brotli,brotli/@opentelemetry__semantic-conventions--semantic-conventions-1.41.1.tar.br,1.6,0.2,0.025441639
run_152_repetition_14,DONE,zopfli,zopfli/fetch-blob--fetch-blob-4.0.0.tgz,0.26,0.03,0.004028649
run_141_repetition_12,DONE,zopfli,zopfli/aws-sdk--aws-sdk-2.1693.0.tgz,38.38,4.55,0.605725031
run_157_repetition_1,DONE,zopfli,zopfli/iconv-lite--iconv-lite-0.7.2.tgz,0.51,0.06,0.007482083
run_122_repetition_21,DONE,xz,xz/whatwg-mimetype--whatwg-mimetype-5.0.0.tar.xz,0.32,0.04,0.005005459
run_281_repetition_1,DONE,brotli,brotli/highlight.js--highlight.js-11.11.1.tar.br,1.6,0.19,0.024813248
run_24_repetition_22,DONE,npm,npm/@sindresorhus__is--is-8.1.0.tgz,0.3,0.04,0.005320493
run_98_repetition_28,DONE,xz,xz/linkify-it--linkify-it-5.0.1.tar.xz,0.36,0.04,0.0048223
run_78_repetition_1,DONE,xz,xz/aws-sdk--aws-sdk-2.1693.0.tar.xz,46.44,5.5,0.724857641
run_282_repetition_3,DONE,brotli,brotli/html-escaper--html-escaper-3.0.3.tar.br,0.29,0.03,0.004330808
run_65_repetition_4,DONE,xz,xz/@esbuild__linux-ia32--linux-ia32-0.28.0.tar.xz,21.5,2.53,0.337104294
run_56_repetition_17,DONE,npm,npm/ethers--ethers-6.16.0.tgz,6.95,0.81,0.10736424
run_301_repetition_0,DONE,brotli,brotli/source-list-map--source-list-map-2.0.1.tar.br,0.26,0.03,0.003921676
run_204_repetition_23,DONE,zstd,zstd/aws-sdk--aws-sdk-2.1693.0.tar.zst,14.86,1.76,0.220260394
run_245_repetition_27,DONE,zstd,zstd/typescript--typescript-6.0.3.tar.zst,3.91,0.45,0.057219826
run_34_repetition_27,DONE,npm,npm/react-error-overlay--react-error-overlay-6.1.0.tgz,0.54,0.06,0.008063991
run_189_repetition_2,DONE,zstd,zstd/@aws-cdk__cloud-assembly-schema--cloud-assembly-schema-53.27.0.tar.zst,0.42,0.05,0.006202494
run_179_repetition_4,DONE,zopfli,zopfli/tailwindcss--tailwindcss-4.3.0.tgz,0.67,0.08,0.010208147
run_277_repetition_12,DONE,brotli,brotli/ethers--ethers-6.16.0.tar.br,2.74,0.33,0.042196193
run_242_repetition_17,DONE,zstd,zstd/tailwindcss--tailwindcss-4.3.0.tar.zst,0.38,0.05,0.005887778
run_154_repetition_8,DONE,zopfli,zopfli/has-to-string-tag-x--has-to-string-tag-x-2.1.2.tgz,0.32,0.04,0.004990971
run_101_repetition_0,DONE,xz,xz/node-notifier--node-notifier-10.0.1.tar.xz,8.38,0.98,0.131377558
run_253_repetition_13,DONE,brotli,brotli/@babel__plugin-transform-regexp-modifiers--plugin-transform-regexp-modifiers-7.28.6.tar.br,0.26,0.03,0.003705895
run_220_repetition_25,DONE,zstd,zstd/iconv-lite--iconv-lite-0.7.2.tar.zst,0.35,0.04,0.005338213
run_99_repetition_19,DONE,xz,xz/lodash-es--lodash-es-4.18.1.tar.xz,1.02,0.12,0.015945683
run_185_repetition_4,DONE,zopfli,zopfli/whatwg-mimetype--whatwg-mimetype-5.0.0.tgz,0.29,0.03,0.004327442
run_241_repetition_3,DONE,zstd,zstd/style-loader--style-loader-4.0.0.tar.zst,0.23,0.03,0.003669703
run_32_repetition_1,DONE,npm,npm/@vue__reactivity--reactivity-3.5.34.tgz,0.48,0.06,0.007295453
run_80_repetition_27,DONE,xz,xz/babel-plugin-check-es2015-constants--babel-plugin-check-es2015-constants-6.22.0.tar.xz,0.28,0.03,0.004351842
run_141_repetition_25,DONE,zopfli,zopfli/aws-sdk--aws-sdk-2.1693.0.tgz,38.44,4.57,0.60492755
run_229_repetition_16,DONE,zstd,zstd/prettier--prettier-3.8.3.tar.zst,1.67,0.2,0.024760697
run_303_repetition_13,DONE,brotli,brotli/strict-uri-encode--strict-uri-encode-2.0.0.tar.br,0.26,0.03,0.003849726
run_203_repetition_22,DONE,zstd,zstd/assert-plus--assert-plus-1.0.0.tar.zst,0.23,0.03,0.0033606
run_227_repetition_11,DONE,zstd,zstd/node-notifier--node-notifier-10.0.1.tar.zst,1.42,0.17,0.021288194
run_305_repetition_11,DONE,brotli,brotli/tailwindcss--tailwindcss-4.3.0.tar.br,0.52,0.06,0.007320166
run_226_repetition_21,DONE,zstd,zstd/next--next-16.2.6.tar.zst,20.9,2.48,0.308426769
run_149_repetition_5,DONE,zopfli,zopfli/eslint-config-react-app--eslint-config-react-app-7.0.1.tgz,0.26,0.03,0.003624112
run_214_repetition_17,DONE,zstd,zstd/ethers--ethers-6.16.0.tar.zst,2.23,0.26,0.033061909
run_222_repetition_22,DONE,zstd,zstd/jiti--jiti-2.7.0.tar.zst,0.59,0.07,0.009549599
run_204_repetition_22,DONE,zstd,zstd/aws-sdk--aws-sdk-2.1693.0.tar.zst,14.95,1.76,0.221077195
run_22_repetition_8,DONE,npm,npm/@ethersproject__abstract-signer--abstract-signer-5.8.0.tgz,0.39,0.05,0.005468787
run_13_repetition_4,DONE,npm,npm/assert-plus--assert-plus-1.0.0.tgz,0.29,0.04,0.004701136
run_1_repetition_29,DONE,npm,npm/client-only--client-only-0.0.1.tgz,0.32,0.04,0.004456624
run_146_repetition_19,DONE,zopfli,zopfli/date-fns--date-fns-4.3.0.tgz,12.28,1.46,0.193829958
run_302_repetition_29,DONE,brotli,brotli/split2--split2-4.2.0.tar.br,0.32,0.04,0.004145884
run_216_repetition_8,DONE,zstd,zstd/got--got-15.0.5.tar.zst,0.29,0.03,0.00479534
run_152_repetition_19,DONE,zopfli,zopfli/fetch-blob--fetch-blob-4.0.0.tgz,0.26,0.03,0.003889765
run_10_repetition_11,DONE,npm,npm/path-dirname--path-dirname-1.0.2.tgz,0.32,0.04,0.004731454
run_217_repetition_18,DONE,zstd,zstd/has-to-string-tag-x--has-to-string-tag-x-2.1.2.tar.zst,0.3,0.04,0.003905799
run_299_repetition_25,DONE,brotli,brotli/resize-observer-polyfill--resize-observer-polyfill-1.5.1.tar.br,0.32,0.04,0.004687194
run_52_repetition_17,DONE,npm,npm/@opentelemetry__semantic-conventions--semantic-conventions-1.41.1.tgz,4.81,0.56,0.075061776
run_135_repetition_13,DONE,zopfli,zopfli/@radix-ui__primitive--primitive-1.1.3.tgz,0.25,0.03,0.003910145
run_67_repetition_14,DONE,xz,xz/@ethersproject__abstract-signer--abstract-signer-5.8.0.tar.xz,0.32,0.04,0.005107578
run_165_repetition_23,DONE,zopfli,zopfli/path-dirname--path-dirname-1.0.2.tgz,0.23,0.03,0.003505179
run_203_repetition_5,DONE,zstd,zstd/assert-plus--assert-plus-1.0.0.tar.zst,0.23,0.03,0.003353548
run_11_repetition_16,DONE,npm,npm/shallowequal--shallowequal-1.1.0.tgz,0.32,0.04,0.004790639
run_152_repetition_16,DONE,zopfli,zopfli/fetch-blob--fetch-blob-4.0.0.tgz,0.26,0.03,0.003961345
run_196_repetition_15,DONE,zstd,zstd/@opentelemetry__semantic-conventions--semantic-conventions-1.41.1.tar.zst,1.59,0.19,0.024309289
run_234_repetition_6,DONE,zstd,zstd/react-error-overlay--react-error-overlay-6.1.0.tar.zst,0.35,0.04,0.00525854
run_100_repetition_13,DONE,xz,xz/next--next-16.2.6.tar.xz,73.01,8.61,1.144725793
run_129_repetition_12,DONE,zopfli,zopfli/@eslint__eslintrc--eslintrc-3.3.5.tgz,0.58,0.07,0.009031009
run_196_repetition_24,DONE,zstd,zstd/@opentelemetry__semantic-conventions--semantic-conventions-1.41.1.tar.zst,1.56,0.19,0.024520793
run_276_repetition_15,DONE,brotli,brotli/eslint-plugin-import--eslint-plugin-import-2.32.0.tar.br,0.77,0.09,0.011620198
run_119_repetition_20,DONE,xz,xz/typescript--typescript-6.0.3.tar.xz,13.49,1.59,0.211342578
run_295_repetition_18,DONE,brotli,brotli/protobufjs--protobufjs-8.4.2.tar.br,0.84,0.1,0.012721474
run_304_repetition_22,DONE,brotli,brotli/style-loader--style-loader-4.0.0.tar.br,0.26,0.03,0.004637201
run_169_repetition_24,DONE,zopfli,zopfli/protobufjs--protobufjs-8.4.2.tgz,1.88,0.22,0.029776817
run_31_repetition_5,DONE,npm,npm/dom-accessibility-api--dom-accessibility-api-0.7.1.tgz,0.45,0.05,0.007253888
run_238_repetition_21,DONE,zstd,zstd/source-list-map--source-list-map-2.0.1.tar.zst,0.23,0.03,0.003453877
run_302_repetition_11,DONE,brotli,brotli/split2--split2-4.2.0.tar.br,0.23,0.03,0.003810169
run_16_repetition_29,DONE,npm,npm/eslint-config-react-app--eslint-config-react-app-7.0.1.tgz,0.32,0.04,0.004809535
run_300_repetition_27,DONE,brotli,brotli/shallowequal--shallowequal-1.1.0.tar.br,0.26,0.03,0.003550156
run_75_repetition_0,DONE,xz,xz/@types__uuid--uuid-11.0.0.tar.xz,0.25,0.03,0.004116265
run_132_repetition_21,DONE,zopfli,zopfli/@next__swc-linux-arm64-musl--swc-linux-arm64-musl-16.2.6.tgz,74.03,8.77,1.164621197
run_278_repetition_29,DONE,brotli,brotli/fetch-blob--fetch-blob-4.0.0.tar.br,0.26,0.03,0.00392857
run_230_repetition_28,DONE,zstd,zstd/prismjs--prismjs-1.30.0.tar.zst,0.74,0.08,0.01185804
run_56_repetition_27,DONE,npm,npm/ethers--ethers-6.16.0.tgz,6.95,0.81,0.107500291
run_294_repetition_2,DONE,brotli,brotli/prop-types--prop-types-15.8.1.tar.br,0.29,0.03,0.004230505
run_105_repetition_19,DONE,xz,xz/prop-types--prop-types-15.8.1.tar.xz,0.38,0.05,0.005578182
run_186_repetition_3,DONE,zopfli,zopfli/workbox-routing--workbox-routing-7.4.1.tgz,0.38,0.04,0.006180633
run_178_repetition_11,DONE,zopfli,zopfli/style-loader--style-loader-4.0.0.tgz,0.3,0.03,0.003973416
run_169_repetition_10,DONE,zopfli,zopfli/protobufjs--protobufjs-8.4.2.tgz,1.91,0.22,0.029881108
run_171_repetition_13,DONE,zopfli,zopfli/react-error-overlay--react-error-overlay-6.1.0.tgz,0.51,0.06,0.007413184
run_21_repetition_0,DONE,npm,npm/style-loader--style-loader-4.0.0.tgz,0.38,0.05,0.005241479
run_38_repetition_9,DONE,npm,npm/tailwindcss--tailwindcss-4.3.0.tgz,0.68,0.08,0.010694301
run_149_repetition_15,DONE,zopfli,zopfli/eslint-config-react-app--eslint-config-react-app-7.0.1.tgz,0.26,0.03,0.003647437
run_92_repetition_6,DONE,xz,xz/highlight.js--highlight.js-11.11.1.tar.xz,3.89,0.46,0.060806969
run_126_repetition_12,DONE,zopfli,zopfli/@aws-cdk__cloud-assembly-schema--cloud-assembly-schema-53.27.0.tgz,0.7,0.09,0.010737725
run_109_repetition_17,DONE,xz,xz/remove-trailing-separator--remove-trailing-separator-1.1.0.tar.xz,0.29,0.03,0.004035784
run_160_repetition_20,DONE,zopfli,zopfli/libphonenumber-js--libphonenumber-js-1.13.3.tgz,5.61,0.67,0.08932486
run_37_repetition_17,DONE,npm,npm/@aws-cdk__cloud-assembly-schema--cloud-assembly-schema-53.27.0.tgz,0.65,0.08,0.01053162
run_38_repetition_10,DONE,npm,npm/tailwindcss--tailwindcss-4.3.0.tgz,0.71,0.08,0.010750929
run_96_repetition_4,DONE,xz,xz/jiti--jiti-2.7.0.tar.xz,2.11,0.25,0.032848506
run_18_repetition_1,DONE,npm,npm/fetch-blob--fetch-blob-4.0.0.tgz,0.32,0.04,0.004849615
run_149_repetition_0,DONE,zopfli,zopfli/eslint-config-react-app--eslint-config-react-app-7.0.1.tgz,0.25,0.03,0.00360226
run_154_repetition_29,DONE,zopfli,zopfli/has-to-string-tag-x--has-to-string-tag-x-2.1.2.tgz,0.32,0.03,0.004782402
run_209_repetition_7,DONE,zstd,zstd/date-fns--date-fns-4.3.0.tar.zst,3.89,0.46,0.057474567
run_25_repetition_11,DONE,npm,npm/encoding-sniffer--encoding-sniffer-1.0.2.tgz,0.39,0.05,0.005924322
run_309_repetition_15,DONE,brotli,brotli/watchpack-chokidar2--watchpack-chokidar2-2.0.1.tar.br,0.26,0.03,0.004016961
run_67_repetition_24,DONE,xz,xz/@ethersproject__abstract-signer--abstract-signer-5.8.0.tar.xz,0.32,0.04,0.005068464
run_111_repetition_7,DONE,xz,xz/shallowequal--shallowequal-1.1.0.tar.xz,0.29,0.03,0.004103499
run_244_repetition_2,DONE,zstd,zstd/ts-node--ts-node-10.9.2.tar.zst,0.42,0.05,0.006475382
run_69_repetition_6,DONE,xz,xz/@next__swc-linux-arm64-musl--swc-linux-arm64-musl-16.2.6.tar.xz,154.68,18.16,2.424116217
run_241_repetition_11,DONE,zstd,zstd/style-loader--style-loader-4.0.0.tar.zst,0.27,0.03,0.003818367
run_137_repetition_4,DONE,zopfli,zopfli/@types__glob--glob-9.0.0.tgz,0.25,0.03,0.003458653
run_23_repetition_21,DONE,npm,npm/prop-types--prop-types-15.8.1.tgz,0.36,0.04,0.005123313
run_2_repetition_25,DONE,npm,npm/babel-helper-get-function-arity--babel-helper-get-function-arity-6.24.1.tgz,0.32,0.04,0.004919647
run_133_repetition_6,DONE,zopfli,zopfli/@opentelemetry__semantic-conventions--semantic-conventions-1.41.1.tgz,4.96,0.59,0.077800047
run_102_repetition_0,DONE,xz,xz/path-dirname--path-dirname-1.0.2.tar.xz,0.29,0.03,0.003882303
run_18_repetition_11,DONE,npm,npm/fetch-blob--fetch-blob-4.0.0.tgz,0.35,0.04,0.005069359
run_145_repetition_18,DONE,zopfli,zopfli/client-only--client-only-0.0.1.tgz,0.23,0.03,0.003466638
run_159_repetition_24,DONE,zopfli,zopfli/jiti--jiti-2.7.0.tgz,1.19,0.14,0.018274737
run_183_repetition_2,DONE,zopfli,zopfli/watchpack-chokidar2--watchpack-chokidar2-2.0.1.tgz,0.25,0.03,0.003569121
run_45_repetition_21,DONE,npm,npm/prismjs--prismjs-1.30.0.tgz,1.93,0.22,0.029570648
run_139_repetition_26,DONE,zopfli,zopfli/@vue__reactivity--reactivity-3.5.34.tgz,0.48,0.05,0.007007714
run_156_repetition_10,DONE,zopfli,zopfli/html-escaper--html-escaper-3.0.3.tgz,0.25,0.03,0.003966037
run_61_repetition_9,DONE,npm,npm/next--next-16.2.6.tgz,79.61,9.39,1.239414033
run_97_repetition_19,DONE,xz,xz/libphonenumber-js--libphonenumber-js-1.13.3.tar.xz,4.27,0.5,0.06679817
run_167_repetition_13,DONE,zopfli,zopfli/prismjs--prismjs-1.30.0.tgz,1.74,0.21,0.027259794
run_69_repetition_25,DONE,xz,xz/@next__swc-linux-arm64-musl--swc-linux-arm64-musl-16.2.6.tar.xz,153.85,18.02,2.422034591
run_160_repetition_22,DONE,zopfli,zopfli/libphonenumber-js--libphonenumber-js-1.13.3.tgz,5.63,0.67,0.088973134
run_59_repetition_24,DONE,npm,npm/typescript--typescript-6.0.3.tgz,11.12,1.31,0.174521048
run_238_repetition_13,DONE,zstd,zstd/source-list-map--source-list-map-2.0.1.tar.zst,0.22,0.03,0.00349305
run_164_repetition_19,DONE,zopfli,zopfli/node-notifier--node-notifier-10.0.1.tgz,3.42,0.41,0.053697175
run_291_repetition_26,DONE,brotli,brotli/path-dirname--path-dirname-1.0.2.tar.br,0.29,0.03,0.003942002
run_185_repetition_27,DONE,zopfli,zopfli/whatwg-mimetype--whatwg-mimetype-5.0.0.tgz,0.26,0.03,0.004044198
run_270_repetition_8,DONE,brotli,brotli/babel-plugin-transform-exponentiation-operator--babel-plugin-transform-exponentiation-operator-6.24.1.tar.br,0.26,0.03,0.003896889
run_300_repetition_28,DONE,brotli,brotli/shallowequal--shallowequal-1.1.0.tar.br,0.29,0.04,0.004015479
run_313_repetition_23,DONE,brotli,brotli/workbox-streams--workbox-streams-7.4.1.tar.br,0.32,0.04,0.004825367
run_32_repetition_8,DONE,npm,npm/@vue__reactivity--reactivity-3.5.34.tgz,0.49,0.06,0.007031833
run_48_repetition_4,DONE,npm,npm/highlight.js--highlight.js-11.11.1.tgz,4.0,0.46,0.060818456
run_23_repetition_28,DONE,npm,npm/prop-types--prop-types-15.8.1.tgz,0.33,0.04,0.005003121
run_17_repetition_8,DONE,npm,npm/source-list-map--source-list-map-2.0.1.tgz,0.32,0.04,0.005117041
run_314_repetition_12,DONE,brotli,brotli/xml2js--xml2js-0.6.2.tar.br,1.25,0.15,0.019832812
run_64_repetition_17,DONE,xz,xz/@babel__plugin-transform-regexp-modifiers--plugin-transform-regexp-modifiers-7.28.6.tar.xz,0.26,0.03,0.004041683
run_80_repetition_2,DONE,xz,xz/babel-plugin-check-es2015-constants--babel-plugin-check-es2015-constants-6.22.0.tar.xz,0.26,0.03,0.003999736
run_161_repetition_24,DONE,zopfli,zopfli/linkify-it--linkify-it-5.0.1.tgz,0.26,0.03,0.003936789
run_73_repetition_9,DONE,xz,xz/@sindresorhus__is--is-8.1.0.tar.xz,0.38,0.05,0.006018917
run_170_repetition_16,DONE,zopfli,zopfli/react-dom--react-dom-19.2.6.tgz,3.5,0.42,0.054974923
run_83_repetition_15,DONE,xz,xz/date-fns--date-fns-4.3.0.tar.xz,9.68,1.14,0.151364395
run_56_repetition_7,DONE,npm,npm/ethers--ethers-6.16.0.tgz,6.92,0.82,0.107228931
run_140_repetition_9,DONE,zopfli,zopfli/assert-plus--assert-plus-1.0.0.tgz,0.25,0.03,0.003494283
run_291_repetition_18,DONE,brotli,brotli/path-dirname--path-dirname-1.0.2.tar.br,0.26,0.03,0.003677578
run_276_repetition_19,DONE,brotli,brotli/eslint-plugin-import--eslint-plugin-import-2.32.0.tar.br,0.77,0.09,0.011395282
run_79_repetition_24,DONE,xz,xz/babel-helper-get-function-arity--babel-helper-get-function-arity-6.24.1.tar.xz,0.26,0.03,0.003815835
run_5_repetition_21,DONE,npm,npm/babel-plugin-transform-exponentiation-operator--babel-plugin-transform-exponentiation-operator-6.24.1.tgz,0.32,0.04,0.004849176
run_194_repetition_22,DONE,zstd,zstd/@modelcontextprotocol__sdk--sdk-1.29.0.tar.zst,0.97,0.12,0.014574968
run_194_repetition_14,DONE,zstd,zstd/@modelcontextprotocol__sdk--sdk-1.29.0.tar.zst,0.97,0.12,0.014897089
run_86_repetition_23,DONE,xz,xz/eslint-config-react-app--eslint-config-react-app-7.0.1.tar.xz,0.26,0.03,0.004238789
run_26_repetition_6,DONE,npm,npm/workbox-streams--workbox-streams-7.4.1.tgz,0.39,0.05,0.005899531
run_33_repetition_4,DONE,npm,npm/got--got-15.0.5.tgz,0.52,0.06,0.007559974
run_93_repetition_7,DONE,xz,xz/html-escaper--html-escaper-3.0.3.tar.xz,0.32,0.04,0.004324442
run_48_repetition_3,DONE,npm,npm/highlight.js--highlight.js-11.11.1.tgz,3.97,0.47,0.060944779
run_269_repetition_24,DONE,brotli,brotli/babel-plugin-check-es2015-constants--babel-plugin-check-es2015-constants-6.22.0.tar.br,0.26,0.03,0.004266201
run_105_repetition_16,DONE,xz,xz/prop-types--prop-types-15.8.1.tar.xz,0.32,0.04,0.00534467
run_134_repetition_18,DONE,zopfli,zopfli/@parcel__watcher--watcher-2.5.6.tgz,0.35,0.04,0.005667568
run_198_repetition_7,DONE,zstd,zstd/@radix-ui__primitive--primitive-1.1.3.tar.zst,0.23,0.03,0.003586916
run_240_repetition_10,DONE,zstd,zstd/strict-uri-encode--strict-uri-encode-2.0.0.tar.zst,0.23,0.03,0.003361384
run_234_repetition_8,DONE,zstd,zstd/react-error-overlay--react-error-overlay-6.1.0.tar.zst,0.35,0.04,0.005214013
run_30_repetition_23,DONE,npm,npm/workbox-routing--workbox-routing-7.4.1.tgz,0.49,0.06,0.00734653
run_214_repetition_9,DONE,zstd,zstd/ethers--ethers-6.16.0.tar.zst,2.33,0.27,0.033939982
run_6_repetition_10,DONE,npm,npm/babel-plugin-check-es2015-constants--babel-plugin-check-es2015-constants-6.22.0.tgz,0.29,0.03,0.004684184
run_79_repetition_16,DONE,xz,xz/babel-helper-get-function-arity--babel-helper-get-function-arity-6.24.1.tar.xz,0.28,0.03,0.00402763
run_218_repetition_16,DONE,zstd,zstd/highlight.js--highlight.js-11.11.1.tar.zst,1.3,0.15,0.019294969
run_197_repetition_7,DONE,zstd,zstd/@parcel__watcher--watcher-2.5.6.tar.zst,0.29,0.03,0.004114723
run_11_repetition_12,DONE,npm,npm/shallowequal--shallowequal-1.1.0.tgz,0.32,0.04,0.004584904
run_126_repetition_27,DONE,zopfli,zopfli/@aws-cdk__cloud-assembly-schema--cloud-assembly-schema-53.27.0.tgz,0.7,0.08,0.010645821
run_301_repetition_7,DONE,brotli,brotli/source-list-map--source-list-map-2.0.1.tar.br,0.29,0.03,0.004045698
run_30_repetition_19,DONE,npm,npm/workbox-routing--workbox-routing-7.4.1.tgz,0.45,0.05,0.006894258
run_303_repetition_8,DONE,brotli,brotli/strict-uri-encode--strict-uri-encode-2.0.0.tar.br,0.25,0.03,0.003989418
run_231_repetition_28,DONE,zstd,zstd/prop-types--prop-types-15.8.1.tar.zst,0.25,0.03,0.003871475
run_172_repetition_5,DONE,zopfli,zopfli/remove-trailing-separator--remove-trailing-separator-1.1.0.tgz,0.25,0.03,0.003764198
run_26_repetition_20,DONE,npm,npm/workbox-streams--workbox-streams-7.4.1.tgz,0.39,0.05,0.006102055
run_34_repetition_9,DONE,npm,npm/react-error-overlay--react-error-overlay-6.1.0.tgz,0.52,0.06,0.008207813
run_45_repetition_1,DONE,npm,npm/prismjs--prismjs-1.30.0.tgz,1.9,0.22,0.028879041
run_273_repetition_3,DONE,brotli,brotli/dom-accessibility-api--dom-accessibility-api-0.7.1.tar.br,0.39,0.04,0.005703213
run_222_repetition_1,DONE,zstd,zstd/jiti--jiti-2.7.0.tar.zst,0.64,0.08,0.009490308
run_190_repetition_5,DONE,zstd,zstd/@babel__plugin-transform-regexp-modifiers--plugin-transform-regexp-modifiers-7.28.6.tar.zst,0.26,0.03,0.003474448
run_135_repetition_18,DONE,zopfli,zopfli/@radix-ui__primitive--primitive-1.1.3.tgz,0.26,0.03,0.003946271
run_157_repetition_18,DONE,zopfli,zopfli/iconv-lite--iconv-lite-0.7.2.tgz,0.51,0.06,0.008118087
run_72_repetition_28,DONE,xz,xz/@radix-ui__primitive--primitive-1.1.3.tar.xz,0.29,0.03,0.004271326
run_78_repetition_7,DONE,xz,xz/aws-sdk--aws-sdk-2.1693.0.tar.xz,45.93,5.46,0.720252566
run_210_repetition_0,DONE,zstd,zstd/dom-accessibility-api--dom-accessibility-api-0.7.1.tar.zst,0.29,0.04,0.00448304
run_140_repetition_0,DONE,zopfli,zopfli/assert-plus--assert-plus-1.0.0.tgz,0.23,0.03,0.003484722
run_172_repetition_17,DONE,zopfli,zopfli/remove-trailing-separator--remove-trailing-separator-1.1.0.tgz,0.26,0.03,0.003647246
run_224_repetition_4,DONE,zstd,zstd/linkify-it--linkify-it-5.0.1.tar.zst,0.26,0.03,0.003510806
run_272_repetition_16,DONE,brotli,brotli/date-fns--date-fns-4.3.0.tar.br,3.8,0.47,0.058856068
run_238_repetition_19,DONE,zstd,zstd/source-list-map--source-list-map-2.0.1.tar.zst,0.23,0.02,0.003353583
run_213_repetition_0,DONE,zstd,zstd/eslint-plugin-import--eslint-plugin-import-2.32.0.tar.zst,0.61,0.07,0.008992706
run_298_repetition_7,DONE,brotli,brotli/remove-trailing-separator--remove-trailing-separator-1.1.0.tar.br,0.3,0.03,0.004199075
run_98_repetition_22,DONE,xz,xz/linkify-it--linkify-it-5.0.1.tar.xz,0.32,0.04,0.004887225
run_304_repetition_7,DONE,brotli,brotli/style-loader--style-loader-4.0.0.tar.br,0.32,0.04,0.004450379
run_115_repetition_27,DONE,xz,xz/style-loader--style-loader-4.0.0.tar.xz,0.36,0.04,0.005407102
run_298_repetition_11,DONE,brotli,brotli/remove-trailing-separator--remove-trailing-separator-1.1.0.tar.br,0.26,0.03,0.004095217
run_230_repetition_0,DONE,zstd,zstd/prismjs--prismjs-1.30.0.tar.zst,0.79,0.09,0.011759053
run_84_repetition_9,DONE,xz,xz/dom-accessibility-api--dom-accessibility-api-0.7.1.tar.xz,0.51,0.06,0.007741052
run_87_repetition_29,DONE,xz,xz/eslint-plugin-import--eslint-plugin-import-2.32.0.tar.xz,2.01,0.24,0.031144799
run_229_repetition_15,DONE,zstd,zstd/prettier--prettier-3.8.3.tar.zst,1.7,0.2,0.025337285
run_295_repetition_19,DONE,brotli,brotli/protobufjs--protobufjs-8.4.2.tar.br,0.83,0.1,0.012753736
run_60_repetition_10,DONE,npm,npm/aws-sdk--aws-sdk-2.1693.0.tgz,37.41,4.46,0.584416525
run_108_repetition_10,DONE,xz,xz/react-error-overlay--react-error-overlay-6.1.0.tar.xz,0.93,0.11,0.014252975
run_173_repetition_0,DONE,zopfli,zopfli/resize-observer-polyfill--resize-observer-polyfill-1.5.1.tgz,0.32,0.04,0.004943922
run_205_repetition_25,DONE,zstd,zstd/babel-helper-get-function-arity--babel-helper-get-function-arity-6.24.1.tar.zst,0.19,0.02,0.003478534
run_108_repetition_12,DONE,xz,xz/react-error-overlay--react-error-overlay-6.1.0.tar.xz,0.96,0.11,0.01430258
run_59_repetition_13,DONE,npm,npm/typescript--typescript-6.0.3.tgz,11.13,1.32,0.173848729
run_161_repetition_14,DONE,zopfli,zopfli/linkify-it--linkify-it-5.0.1.tgz,0.26,0.03,0.003895503
run_8_repetition_18,DONE,npm,npm/@babel__plugin-transform-regexp-modifiers--plugin-transform-regexp-modifiers-7.28.6.tgz,0.32,0.04,0.004826709
run_73_repetition_17,DONE,xz,xz/@sindresorhus__is--is-8.1.0.tar.xz,0.38,0.05,0.005601803
run_195_repetition_7,DONE,zstd,zstd/@next__swc-linux-arm64-musl--swc-linux-arm64-musl-16.2.6.tar.zst,29.49,3.49,0.447316667
run_300_repetition_10,DONE,brotli,brotli/shallowequal--shallowequal-1.1.0.tar.br,0.25,0.03,0.003903132
run_167_repetition_5,DONE,zopfli,zopfli/prismjs--prismjs-1.30.0.tgz,1.72,0.2,0.02687461
run_36_repetition_9,DONE,npm,npm/lodash-es--lodash-es-4.18.1.tgz,1.58,0.19,0.023986433
run_117_repetition_24,DONE,xz,xz/tar--tar-7.5.15.tar.xz,1.66,0.19,0.025313654
run_227_repetition_29,DONE,zstd,zstd/node-notifier--node-notifier-10.0.1.tar.zst,1.39,0.16,0.021073022
run_0_repetition_1,DONE,npm,npm/watchpack-chokidar2--watchpack-chokidar2-2.0.1.tgz,0.29,0.03,0.004498021
run_253_repetition_4,DONE,brotli,brotli/@babel__plugin-transform-regexp-modifiers--plugin-transform-regexp-modifiers-7.28.6.tar.br,0.26,0.03,0.003980231
run_42_repetition_20,DONE,npm,npm/eslint-plugin-import--eslint-plugin-import-2.32.0.tgz,1.09,0.13,0.017048108
run_292_repetition_16,DONE,brotli,brotli/prettier--prettier-3.8.3.tar.br,2.15,0.25,0.033245277
run_251_repetition_4,DONE,zstd,zstd/xml2js--xml2js-0.6.2.tar.zst,0.96,0.11,0.014434109
run_196_repetition_25,DONE,zstd,zstd/@opentelemetry__semantic-conventions--semantic-conventions-1.41.1.tar.zst,1.61,0.19,0.024599705
run_148_repetition_22,DONE,zopfli,zopfli/encoding-sniffer--encoding-sniffer-1.0.2.tgz,0.35,0.04,0.005132976
run_32_repetition_14,DONE,npm,npm/@vue__reactivity--reactivity-3.5.34.tgz,0.49,0.06,0.007130805
run_90_repetition_22,DONE,xz,xz/got--got-15.0.5.tar.xz,0.64,0.08,0.010093212
run_99_repetition_28,DONE,xz,xz/lodash-es--lodash-es-4.18.1.tar.xz,1.03,0.12,0.015810654
run_26_repetition_8,DONE,npm,npm/workbox-streams--workbox-streams-7.4.1.tgz,0.39,0.05,0.005765378
run_203_repetition_2,DONE,zstd,zstd/assert-plus--assert-plus-1.0.0.tar.zst,0.23,0.03,0.003430533
run_270_repetition_0,DONE,brotli,brotli/babel-plugin-transform-exponentiation-operator--babel-plugin-transform-exponentiation-operator-6.24.1.tar.br,0.26,0.03,0.003763997
run_273_repetition_17,DONE,brotli,brotli/dom-accessibility-api--dom-accessibility-api-0.7.1.tar.br,0.35,0.04,0.00541945
run_82_repetition_20,DONE,xz,xz/client-only--client-only-0.0.1.tar.xz,0.29,0.03,0.003980905
run_201_repetition_12,DONE,zstd,zstd/@types__uuid--uuid-11.0.0.tar.zst,0.26,0.03,0.003314081
run_124_repetition_8,DONE,xz,xz/workbox-streams--workbox-streams-7.4.1.tar.xz,0.44,0.05,0.00643417
run_187_repetition_12,DONE,zopfli,zopfli/workbox-streams--workbox-streams-7.4.1.tgz,0.36,0.04,0.005024748
run_259_repetition_23,DONE,brotli,brotli/@opentelemetry__semantic-conventions--semantic-conventions-1.41.1.tar.br,1.64,0.2,0.02549054
run_37_repetition_1,DONE,npm,npm/@aws-cdk__cloud-assembly-schema--cloud-assembly-schema-53.27.0.tgz,0.71,0.08,0.010853322
run_300_repetition_4,DONE,brotli,brotli/shallowequal--shallowequal-1.1.0.tar.br,0.25,0.03,0.004036826
run_71_repetition_4,DONE,xz,xz/@parcel__watcher--watcher-2.5.6.tar.xz,0.45,0.05,0.006900869
run_251_repetition_23,DONE,zstd,zstd/xml2js--xml2js-0.6.2.tar.zst,0.91,0.11,0.014356381
run_245_repetition_15,DONE,zstd,zstd/typescript--typescript-6.0.3.tar.zst,3.91,0.47,0.058607757
run_100_repetition_9,DONE,xz,xz/next--next-16.2.6.tar.xz,73.08,8.76,1.14463344
run_95_repetition_20,DONE,xz,xz/immer--immer-11.1.8.tar.xz,0.74,0.09,0.011551294
run_278_repetition_8,DONE,brotli,brotli/fetch-blob--fetch-blob-4.0.0.tar.br,0.29,0.03,0.004289337
run_87_repetition_12,DONE,xz,xz/eslint-plugin-import--eslint-plugin-import-2.32.0.tar.xz,2.01,0.24,0.031141687
run_71_repetition_10,DONE,xz,xz/@parcel__watcher--watcher-2.5.6.tar.xz,0.45,0.05,0.006895057
run_130_repetition_21,DONE,zopfli,zopfli/@ethersproject__abstract-signer--abstract-signer-5.8.0.tgz,0.32,0.04,0.004743592
run_68_repetition_18,DONE,xz,xz/@modelcontextprotocol__sdk--sdk-1.29.0.tar.xz,2.3,0.28,0.035813941
run_80_repetition_21,DONE,xz,xz/babel-plugin-check-es2015-constants--babel-plugin-check-es2015-constants-6.22.0.tar.xz,0.29,0.04,0.003845834
run_181_repetition_15,DONE,zopfli,zopfli/ts-node--ts-node-10.9.2.tgz,0.72,0.09,0.011239375
run_198_repetition_24,DONE,zstd,zstd/@radix-ui__primitive--primitive-1.1.3.tar.zst,0.23,0.03,0.003477137
run_204_repetition_1,DONE,zstd,zstd/aws-sdk--aws-sdk-2.1693.0.tar.zst,15.1,1.78,0.224302435
run_173_repetition_9,DONE,zopfli,zopfli/resize-observer-polyfill--resize-observer-polyfill-1.5.1.tgz,0.32,0.04,0.005092956
run_52_repetition_1,DONE,npm,npm/@opentelemetry__semantic-conventions--semantic-conventions-1.41.1.tgz,4.81,0.58,0.075213431
run_14_repetition_7,DONE,npm,npm/split2--split2-4.2.0.tgz,0.35,0.04,0.004863613
run_248_repetition_14,DONE,zstd,zstd/whatwg-mimetype--whatwg-mimetype-5.0.0.tar.zst,0.25,0.03,0.00367677
run_290_repetition_17,DONE,brotli,brotli/node-notifier--node-notifier-10.0.1.tar.br,2.52,0.3,0.039448198
run_164_repetition_17,DONE,zopfli,zopfli/node-notifier--node-notifier-10.0.1.tgz,3.4,0.4,0.053594616
run_191_repetition_22,DONE,zstd,zstd/@esbuild__linux-ia32--linux-ia32-0.28.0.tar.zst,3.13,0.36,0.046879444
run_135_repetition_9,DONE,zopfli,zopfli/@radix-ui__primitive--primitive-1.1.3.tgz,0.26,0.03,0.003812639
run_166_repetition_16,DONE,zopfli,zopfli/prettier--prettier-3.8.3.tgz,4.9,0.58,0.077380116
run_81_repetition_5,DONE,xz,xz/babel-plugin-transform-exponentiation-operator--babel-plugin-transform-exponentiation-operator-6.24.1.tar.xz,0.25,0.03,0.004153293
run_163_repetition_28,DONE,zopfli,zopfli/next--next-16.2.6.tgz,80.8,9.66,1.281654848
run_120_repetition_12,DONE,xz,xz/watchpack-chokidar2--watchpack-chokidar2-2.0.1.tar.xz,0.29,0.04,0.00408695
run_160_repetition_27,DONE,zopfli,zopfli/libphonenumber-js--libphonenumber-js-1.13.3.tgz,5.66,0.67,0.089374399
run_42_repetition_23,DONE,npm,npm/eslint-plugin-import--eslint-plugin-import-2.32.0.tgz,1.13,0.13,0.017357724
run_202_repetition_29,DONE,zstd,zstd/@vue__reactivity--reactivity-3.5.34.tar.zst,0.29,0.03,0.004420836
run_221_repetition_13,DONE,zstd,zstd/immer--immer-11.1.8.tar.zst,0.39,0.04,0.005697605
run_13_repetition_17,DONE,npm,npm/assert-plus--assert-plus-1.0.0.tgz,0.32,0.04,0.004975599
run_202_repetition_3,DONE,zstd,zstd/@vue__reactivity--reactivity-3.5.34.tar.zst,0.33,0.03,0.00447507
run_60_repetition_28,DONE,npm,npm/aws-sdk--aws-sdk-2.1693.0.tgz,37.39,4.45,0.585397454
run_175_repetition_25,DONE,zopfli,zopfli/source-list-map--source-list-map-2.0.1.tgz,0.24,0.03,0.003757913
run_97_repetition_4,DONE,xz,xz/libphonenumber-js--libphonenumber-js-1.13.3.tar.xz,4.28,0.52,0.06693058
run_253_repetition_20,DONE,brotli,brotli/@babel__plugin-transform-regexp-modifiers--plugin-transform-regexp-modifiers-7.28.6.tar.br,0.26,0.03,0.004229242
run_42_repetition_4,DONE,npm,npm/eslint-plugin-import--eslint-plugin-import-2.32.0.tgz,1.1,0.13,0.017110491
run_147_repetition_27,DONE,zopfli,zopfli/dom-accessibility-api--dom-accessibility-api-0.7.1.tgz,0.42,0.05,0.006322826
run_265_repetition_20,DONE,brotli,brotli/@vue__reactivity--reactivity-3.5.34.tar.br,0.39,0.04,0.005145629
run_104_repetition_4,DONE,xz,xz/prismjs--prismjs-1.30.0.tar.xz,2.75,0.33,0.043081646
run_123_repetition_25,DONE,xz,xz/workbox-routing--workbox-routing-7.4.1.tar.xz,0.57,0.07,0.008263335
run_308_repetition_10,DONE,brotli,brotli/typescript--typescript-6.0.3.tar.br,4.23,0.51,0.065498777
run_53_repetition_21,DONE,npm,npm/libphonenumber-js--libphonenumber-js-1.13.3.tgz,5.28,0.62,0.082018258
run_19_repetition_22,DONE,npm,npm/whatwg-mimetype--whatwg-mimetype-5.0.0.tgz,0.32,0.04,0.004928887
run_303_repetition_23,DONE,brotli,brotli/strict-uri-encode--strict-uri-encode-2.0.0.tar.br,0.26,0.03,0.00398163
run_102_repetition_12,DONE,xz,xz/path-dirname--path-dirname-1.0.2.tar.xz,0.29,0.03,0.004018231
run_117_repetition_15,DONE,xz,xz/tar--tar-7.5.15.tar.xz,1.62,0.19,0.025479675
run_189_repetition_23,DONE,zstd,zstd/@aws-cdk__cloud-assembly-schema--cloud-assembly-schema-53.27.0.tar.zst,0.42,0.05,0.006215684
run_313_repetition_27,DONE,brotli,brotli/workbox-streams--workbox-streams-7.4.1.tar.br,0.36,0.04,0.004771878
run_238_repetition_26,DONE,zstd,zstd/source-list-map--source-list-map-2.0.1.tar.zst,0.23,0.03,0.003492562
run_104_repetition_22,DONE,xz,xz/prismjs--prismjs-1.30.0.tar.xz,2.78,0.32,0.04338567
run_187_repetition_25,DONE,zopfli,zopfli/workbox-streams--workbox-streams-7.4.1.tgz,0.35,0.04,0.005029186
run_3_repetition_2,DONE,npm,npm/@types__uuid--uuid-11.0.0.tgz,0.36,0.04,0.005282786
run_221_repetition_12,DONE,zstd,zstd/immer--immer-11.1.8.tar.zst,0.38,0.04,0.005763016
run_233_repetition_14,DONE,zstd,zstd/react-dom--react-dom-19.2.6.tar.zst,1.16,0.14,0.017589763
run_18_repetition_7,DONE,npm,npm/fetch-blob--fetch-blob-4.0.0.tgz,0.32,0.04,0.004915574
run_151_repetition_21,DONE,zopfli,zopfli/ethers--ethers-6.16.0.tgz,7.4,0.86,0.116246246
run_119_repetition_8,DONE,xz,xz/typescript--typescript-6.0.3.tar.xz,13.47,1.6,0.211235767
run_215_repetition_13,DONE,zstd,zstd/fetch-blob--fetch-blob-4.0.0.tar.zst,0.26,0.03,0.003573126
run_225_repetition_20,DONE,zstd,zstd/lodash-es--lodash-es-4.18.1.tar.zst,0.48,0.06,0.00723531
run_172_repetition_29,DONE,zopfli,zopfli/remove-trailing-separator--remove-trailing-separator-1.1.0.tgz,0.23,0.03,0.003711954
run_300_repetition_20,DONE,brotli,brotli/shallowequal--shallowequal-1.1.0.tar.br,0.25,0.03,0.004028205
run_89_repetition_12,DONE,xz,xz/fetch-blob--fetch-blob-4.0.0.tar.xz,0.26,0.03,0.004371495
run_313_repetition_16,DONE,brotli,brotli/workbox-streams--workbox-streams-7.4.1.tar.br,0.36,0.04,0.004765298
run_14_repetition_21,DONE,npm,npm/split2--split2-4.2.0.tgz,0.29,0.04,0.004861179
run_100_repetition_15,DONE,xz,xz/next--next-16.2.6.tar.xz,73.11,8.66,1.146775202
run_81_repetition_6,DONE,xz,xz/babel-plugin-transform-exponentiation-operator--babel-plugin-transform-exponentiation-operator-6.24.1.tar.xz,0.32,0.04,0.004049833
run_147_repetition_17,DONE,zopfli,zopfli/dom-accessibility-api--dom-accessibility-api-0.7.1.tgz,0.38,0.05,0.006178983
run_116_repetition_16,DONE,xz,xz/tailwindcss--tailwindcss-4.3.0.tar.xz,0.83,0.1,0.013683942
run_150_repetition_7,DONE,zopfli,zopfli/eslint-plugin-import--eslint-plugin-import-2.32.0.tgz,1.15,0.14,0.017874095
run_119_repetition_1,DONE,xz,xz/typescript--typescript-6.0.3.tar.xz,13.46,1.6,0.211172584
run_160_repetition_3,DONE,zopfli,zopfli/libphonenumber-js--libphonenumber-js-1.13.3.tgz,5.65,0.67,0.089062151
run_233_repetition_27,DONE,zstd,zstd/react-dom--react-dom-19.2.6.tar.zst,1.15,0.14,0.017609538
run_5_repetition_28,DONE,npm,npm/babel-plugin-transform-exponentiation-operator--babel-plugin-transform-exponentiation-operator-6.24.1.tgz,0.32,0.04,0.004601725
run_97_repetition_16,DONE,xz,xz/libphonenumber-js--libphonenumber-js-1.13.3.tar.xz,4.22,0.5,0.066345373
run_143_repetition_11,DONE,zopfli,zopfli/babel-plugin-check-es2015-constants--babel-plugin-check-es2015-constants-6.22.0.tgz,0.23,0.03,0.003578351
run_160_repetition_6,DONE,zopfli,zopfli/libphonenumber-js--libphonenumber-js-1.13.3.tgz,5.65,0.67,0.088949844
run_3_repetition_21,DONE,npm,npm/@types__uuid--uuid-11.0.0.tgz,0.35,0.04,0.005578854
run_201_repetition_17,DONE,zstd,zstd/@types__uuid--uuid-11.0.0.tar.zst,0.23,0.03,0.003605417
run_230_repetition_25,DONE,zstd,zstd/prismjs--prismjs-1.30.0.tar.zst,0.8,0.09,0.011845174
run_108_repetition_5,DONE,xz,xz/react-error-overlay--react-error-overlay-6.1.0.tar.xz,0.92,0.11,0.014324364
run_146_repetition_3,DONE,zopfli,zopfli/date-fns--date-fns-4.3.0.tgz,12.26,1.46,0.193192323
run_58_repetition_25,DONE,npm,npm/@esbuild__linux-ia32--linux-ia32-0.28.0.tgz,7.33,0.86,0.114774743
run_268_repetition_6,DONE,brotli,brotli/babel-helper-get-function-arity--babel-helper-get-function-arity-6.24.1.tar.br,0.26,0.03,0.003965944
run_7_repetition_12,DONE,npm,npm/strict-uri-encode--strict-uri-encode-2.0.0.tgz,0.32,0.04,0.004395117
run_206_repetition_15,DONE,zstd,zstd/babel-plugin-check-es2015-constants--babel-plugin-check-es2015-constants-6.22.0.tar.zst,0.27,0.03,0.003293167
run_167_repetition_0,DONE,zopfli,zopfli/prismjs--prismjs-1.30.0.tgz,1.78,0.21,0.027185037
run_253_repetition_14,DONE,brotli,brotli/@babel__plugin-transform-regexp-modifiers--plugin-transform-regexp-modifiers-7.28.6.tar.br,0.26,0.03,0.003858972
run_197_repetition_4,DONE,zstd,zstd/@parcel__watcher--watcher-2.5.6.tar.zst,0.28,0.03,0.004157457
run_21_repetition_14,DONE,npm,npm/style-loader--style-loader-4.0.0.tgz,0.36,0.04,0.005260406
run_239_repetition_0,DONE,zstd,zstd/split2--split2-4.2.0.tar.zst,0.23,0.03,0.003446318
run_115_repetition_12,DONE,xz,xz/style-loader--style-loader-4.0.0.tar.xz,0.32,0.04,0.004972324
run_308_repetition_2,DONE,brotli,brotli/typescript--typescript-6.0.3.tar.br,4.13,0.5,0.064713196
run_108_repetition_24,DONE,xz,xz/react-error-overlay--react-error-overlay-6.1.0.tar.xz,0.95,0.12,0.014263172
run_2_repetition_8,DONE,npm,npm/babel-helper-get-function-arity--babel-helper-get-function-arity-6.24.1.tgz,0.32,0.04,0.004452293
run_128_repetition_3,DONE,zopfli,zopfli/@esbuild__linux-ia32--linux-ia32-0.28.0.tgz,7.56,0.88,0.118916793
run_136_repetition_19,DONE,zopfli,zopfli/@sindresorhus__is--is-8.1.0.tgz,0.31,0.04,0.004674947
run_126_repetition_0,DONE,zopfli,zopfli/@aws-cdk__cloud-assembly-schema--cloud-assembly-schema-53.27.0.tgz,0.7,0.08,0.010665088
run_203_repetition_4,DONE,zstd,zstd/assert-plus--assert-plus-1.0.0.tar.zst,0.23,0.03,0.003601011
run_229_repetition_25,DONE,zstd,zstd/prettier--prettier-3.8.3.tar.zst,1.66,0.2,0.024782746
run_100_repetition_27,DONE,xz,xz/next--next-16.2.6.tar.xz,73.15,8.71,1.147020639
run_148_repetition_21,DONE,zopfli,zopfli/encoding-sniffer--encoding-sniffer-1.0.2.tgz,0.32,0.04,0.004914618
run_6_repetition_1,DONE,npm,npm/babel-plugin-check-es2015-constants--babel-plugin-check-es2015-constants-6.22.0.tgz,0.32,0.04,0.004582631
run_65_repetition_29,DONE,xz,xz/@esbuild__linux-ia32--linux-ia32-0.28.0.tar.xz,21.53,2.55,0.337572301
run_102_repetition_16,DONE,xz,xz/path-dirname--path-dirname-1.0.2.tar.xz,0.29,0.03,0.004073083
run_274_repetition_7,DONE,brotli,brotli/encoding-sniffer--encoding-sniffer-1.0.2.tar.br,0.35,0.04,0.004851145
run_189_repetition_25,DONE,zstd,zstd/@aws-cdk__cloud-assembly-schema--cloud-assembly-schema-53.27.0.tar.zst,0.45,0.06,0.006312689
run_161_repetition_20,DONE,zopfli,zopfli/linkify-it--linkify-it-5.0.1.tgz,0.32,0.04,0.004371031
run_304_repetition_27,DONE,brotli,brotli/style-loader--style-loader-4.0.0.tar.br,0.26,0.03,0.004344238
run_61_repetition_6,DONE,npm,npm/next--next-16.2.6.tgz,79.41,9.36,1.239546332
run_238_repetition_18,DONE,zstd,zstd/source-list-map--source-list-map-2.0.1.tar.zst,0.22,0.03,0.003473316
run_108_repetition_16,DONE,xz,xz/react-error-overlay--react-error-overlay-6.1.0.tar.xz,0.96,0.11,0.014419176
run_198_repetition_29,DONE,zstd,zstd/@radix-ui__primitive--primitive-1.1.3.tar.zst,0.23,0.02,0.003391826
run_88_repetition_5,DONE,xz,xz/ethers--ethers-6.16.0.tar.xz,6.73,0.79,0.10502369
run_196_repetition_1,DONE,zstd,zstd/@opentelemetry__semantic-conventions--semantic-conventions-1.41.1.tar.zst,1.53,0.19,0.024486863
run_11_repetition_26,DONE,npm,npm/shallowequal--shallowequal-1.1.0.tgz,0.35,0.04,0.005193969
run_178_repetition_7,DONE,zopfli,zopfli/style-loader--style-loader-4.0.0.tgz,0.33,0.04,0.004362105
run_289_repetition_27,DONE,brotli,brotli/next--next-16.2.6.tar.br,22.68,2.75,0.352036641
run_146_repetition_21,DONE,zopfli,zopfli/date-fns--date-fns-4.3.0.tgz,12.25,1.43,0.193143561
run_282_repetition_24,DONE,brotli,brotli/html-escaper--html-escaper-3.0.3.tar.br,0.32,0.04,0.004367798
run_285_repetition_1,DONE,brotli,brotli/jiti--jiti-2.7.0.tar.br,0.8,0.1,0.01218967
run_255_repetition_22,DONE,brotli,brotli/@eslint__eslintrc--eslintrc-3.3.5.tar.br,0.39,0.05,0.006278122
run_274_repetition_10,DONE,brotli,brotli/encoding-sniffer--encoding-sniffer-1.0.2.tar.br,0.32,0.04,0.004631533
run_114_repetition_28,DONE,xz,xz/strict-uri-encode--strict-uri-encode-2.0.0.tar.xz,0.26,0.03,0.003805663
run_23_repetition_27,DONE,npm,npm/prop-types--prop-types-15.8.1.tgz,0.36,0.04,0.004947103
run_274_repetition_26,DONE,brotli,brotli/encoding-sniffer--encoding-sniffer-1.0.2.tar.br,0.29,0.04,0.00482488
run_277_repetition_24,DONE,brotli,brotli/ethers--ethers-6.16.0.tar.br,2.7,0.32,0.042001796
run_97_repetition_23,DONE,xz,xz/libphonenumber-js--libphonenumber-js-1.13.3.tar.xz,4.24,0.5,0.066719377
run_46_repetition_12,DONE,npm,npm/@modelcontextprotocol__sdk--sdk-1.29.0.tgz,2.27,0.26,0.034658531
run_218_repetition_11,DONE,zstd,zstd/highlight.js--highlight.js-11.11.1.tar.zst,1.27,0.15,0.019149841
run_103_repetition_2,DONE,xz,xz/prettier--prettier-3.8.3.tar.xz,6.56,0.78,0.103211374
run_133_repetition_4,DONE,zopfli,zopfli/@opentelemetry__semantic-conventions--semantic-conventions-1.41.1.tgz,4.91,0.59,0.077668583
run_46_repetition_13,DONE,npm,npm/@modelcontextprotocol__sdk--sdk-1.29.0.tgz,2.27,0.26,0.034824353
run_178_repetition_12,DONE,zopfli,zopfli/style-loader--style-loader-4.0.0.tgz,0.32,0.03,0.004233142
run_225_repetition_17,DONE,zstd,zstd/lodash-es--lodash-es-4.18.1.tar.zst,0.48,0.06,0.00733613
run_78_repetition_3,DONE,xz,xz/aws-sdk--aws-sdk-2.1693.0.tar.xz,46.05,5.41,0.721714405
run_276_repetition_10,DONE,brotli,brotli/eslint-plugin-import--eslint-plugin-import-2.32.0.tar.br,0.76,0.09,0.011675802
run_54_repetition_16,DONE,npm,npm/node-notifier--node-notifier-10.0.1.tgz,3.31,0.38,0.051901812
run_205_repetition_26,DONE,zstd,zstd/babel-helper-get-function-arity--babel-helper-get-function-arity-6.24.1.tar.zst,0.22,0.03,0.003352493
run_249_repetition_23,DONE,zstd,zstd/workbox-routing--workbox-routing-7.4.1.tar.zst,0.32,0.04,0.004503536
run_218_repetition_2,DONE,zstd,zstd/highlight.js--highlight.js-11.11.1.tar.zst,1.3,0.15,0.01934753
run_57_repetition_5,DONE,npm,npm/date-fns--date-fns-4.3.0.tgz,16.25,1.88,0.25253488
run_210_repetition_12,DONE,zstd,zstd/dom-accessibility-api--dom-accessibility-api-0.7.1.tar.zst,0.32,0.04,0.00456193
run_303_repetition_11,DONE,brotli,brotli/strict-uri-encode--strict-uri-encode-2.0.0.tar.br,0.32,0.04,0.004248781
run_292_repetition_12,DONE,brotli,brotli/prettier--prettier-3.8.3.tar.br,2.12,0.25,0.033531009
run_267_repetition_24,DONE,brotli,brotli/aws-sdk--aws-sdk-2.1693.0.tar.br,12.93,1.57,0.200418208
run_99_repetition_8,DONE,xz,xz/lodash-es--lodash-es-4.18.1.tar.xz,1.02,0.12,0.015946121
run_112_repetition_26,DONE,xz,xz/source-list-map--source-list-map-2.0.1.tar.xz,0.32,0.04,0.004353418
run_276_repetition_20,DONE,brotli,brotli/eslint-plugin-import--eslint-plugin-import-2.32.0.tar.br,0.74,0.08,0.011186943
run_162_repetition_20,DONE,zopfli,zopfli/lodash-es--lodash-es-4.18.1.tgz,0.89,0.11,0.013796823
run_135_repetition_20,DONE,zopfli,zopfli/@radix-ui__primitive--primitive-1.1.3.tgz,0.24,0.03,0.003697258
run_300_repetition_15,DONE,brotli,brotli/shallowequal--shallowequal-1.1.0.tar.br,0.26,0.03,0.003956355
run_298_repetition_2,DONE,brotli,brotli/remove-trailing-separator--remove-trailing-separator-1.1.0.tar.br,0.33,0.03,0.004105331
run_162_repetition_21,DONE,zopfli,zopfli/lodash-es--lodash-es-4.18.1.tgz,0.86,0.1,0.013923621
run_177_repetition_26,DONE,zopfli,zopfli/strict-uri-encode--strict-uri-encode-2.0.0.tgz,0.26,0.03,0.003695841
run_210_repetition_6,DONE,zstd,zstd/dom-accessibility-api--dom-accessibility-api-0.7.1.tar.zst,0.32,0.04,0.004801992
run_290_repetition_9,DONE,brotli,brotli/node-notifier--node-notifier-10.0.1.tar.br,2.55,0.3,0.039443112
run_233_repetition_28,DONE,zstd,zstd/react-dom--react-dom-19.2.6.tar.zst,1.15,0.14,0.018071785
run_311_repetition_22,DONE,brotli,brotli/whatwg-mimetype--whatwg-mimetype-5.0.0.tar.br,0.25,0.03,0.003912063
run_179_repetition_18,DONE,zopfli,zopfli/tailwindcss--tailwindcss-4.3.0.tgz,0.63,0.08,0.010339373
run_19_repetition_3,DONE,npm,npm/whatwg-mimetype--whatwg-mimetype-5.0.0.tgz,0.32,0.04,0.005009387
run_10_repetition_12,DONE,npm,npm/path-dirname--path-dirname-1.0.2.tgz,0.29,0.03,0.004717799
run_205_repetition_12,DONE,zstd,zstd/babel-helper-get-function-arity--babel-helper-get-function-arity-6.24.1.tar.zst,0.27,0.03,0.003289063
run_217_repetition_2,DONE,zstd,zstd/has-to-string-tag-x--has-to-string-tag-x-2.1.2.tar.zst,0.23,0.03,0.003916014
run_133_repetition_18,DONE,zopfli,zopfli/@opentelemetry__semantic-conventions--semantic-conventions-1.41.1.tgz,4.91,0.58,0.077839462
run_149_repetition_18,DONE,zopfli,zopfli/eslint-config-react-app--eslint-config-react-app-7.0.1.tgz,0.25,0.03,0.00392603
run_213_repetition_3,DONE,zstd,zstd/eslint-plugin-import--eslint-plugin-import-2.32.0.tar.zst,0.58,0.07,0.008904964
run_204_repetition_17,DONE,zstd,zstd/aws-sdk--aws-sdk-2.1693.0.tar.zst,15.15,1.8,0.22509898
run_194_repetition_0,DONE,zstd,zstd/@modelcontextprotocol__sdk--sdk-1.29.0.tar.zst,0.93,0.11,0.014633762
run_5_repetition_8,DONE,npm,npm/babel-plugin-transform-exponentiation-operator--babel-plugin-transform-exponentiation-operator-6.24.1.tgz,0.32,0.04,0.004874881
run_258_repetition_18,DONE,brotli,brotli/@next__swc-linux-arm64-musl--swc-linux-arm64-musl-16.2.6.tar.br,40.23,4.84,0.629954737
