PackageName,Status,InputPath,OutputPath,OutputBytes,ElapsedMilliseconds
@adobe__css-tools--css-tools-4.5.0,repacked,../data/unpacked_2500/@adobe__css-tools--css-tools-4.5.0,../data/repacked_xz_2500/@adobe__css-tools--css-tools-4.5.0.tar.xz,34288,87.02575000643265
@adraffy__ens-normalize--ens-normalize-1.11.1,repacked,../data/unpacked_2500/@adraffy__ens-normalize--ens-normalize-1.11.1,../data/repacked_xz_2500/@adraffy__ens-normalize--ens-normalize-1.11.1.tar.xz,48692,54.34149999928195
@alloc__quick-lru--quick-lru-5.2.0,repacked,../data/unpacked_2500/@alloc__quick-lru--quick-lru-5.2.0,../data/repacked_xz_2500/@alloc__quick-lru--quick-lru-5.2.0.tar.xz,4448,12.105625006370246
@ant-design__colors--colors-8.0.1,repacked,../data/unpacked_2500/@ant-design__colors--colors-8.0.1,../data/repacked_xz_2500/@ant-design__colors--colors-8.0.1.tar.xz,7308,23.015417013084516
@aws-cdk__cloud-assembly-schema--cloud-assembly-schema-53.27.0,repacked,../data/unpacked_2500/@aws-cdk__cloud-assembly-schema--cloud-assembly-schema-53.27.0,../data/repacked_xz_2500/@aws-cdk__cloud-assembly-schema--cloud-assembly-schema-53.27.0.tar.xz,117496,181.66133400518447
@aws-crypto__crc32--crc32-5.2.0,repacked,../data/unpacked_2500/@aws-crypto__crc32--crc32-5.2.0,../data/repacked_xz_2500/@aws-crypto__crc32--crc32-5.2.0.tar.xz,10084,23.239791989908554
@aws-crypto__ie11-detection--ie11-detection-4.0.0,repacked,../data/unpacked_2500/@aws-crypto__ie11-detection--ie11-detection-4.0.0,../data/repacked_xz_2500/@aws-crypto__ie11-detection--ie11-detection-4.0.0.tar.xz,8804,22.999291992164217
@aws-crypto__sha256-browser--sha256-browser-5.2.0,repacked,../data/unpacked_2500/@aws-crypto__sha256-browser--sha256-browser-5.2.0,../data/repacked_xz_2500/@aws-crypto__sha256-browser--sha256-browser-5.2.0.tar.xz,10828,28.684290999080986
@aws-crypto__sha256-js--sha256-js-5.2.0,repacked,../data/unpacked_2500/@aws-crypto__sha256-js--sha256-js-5.2.0,../data/repacked_xz_2500/@aws-crypto__sha256-js--sha256-js-5.2.0.tar.xz,18368,40.81320800469257
@aws-crypto__supports-web-crypto--supports-web-crypto-5.2.0,repacked,../data/unpacked_2500/@aws-crypto__supports-web-crypto--supports-web-crypto-5.2.0,../data/repacked_xz_2500/@aws-crypto__supports-web-crypto--supports-web-crypto-5.2.0.tar.xz,8188,20.877000002656132
@aws-crypto__util--util-5.2.0,repacked,../data/unpacked_2500/@aws-crypto__util--util-5.2.0,../data/repacked_xz_2500/@aws-crypto__util--util-5.2.0.tar.xz,8928,27.129833004437387
@aws-sdk__abort-controller--abort-controller-3.374.0,repacked,../data/unpacked_2500/@aws-sdk__abort-controller--abort-controller-3.374.0,../data/repacked_xz_2500/@aws-sdk__abort-controller--abort-controller-3.374.0.tar.xz,5476,14.046040989342146
@aws-sdk__client-sso--client-sso-3.1053.0,repacked,../data/unpacked_2500/@aws-sdk__client-sso--client-sso-3.1053.0,../data/repacked_xz_2500/@aws-sdk__client-sso--client-sso-3.1053.0.tar.xz,26924,72.16358400182799
@aws-sdk__client-sso-oidc--client-sso-oidc-3.1053.0,repacked,../data/unpacked_2500/@aws-sdk__client-sso-oidc--client-sso-oidc-3.1053.0,../data/repacked_xz_2500/@aws-sdk__client-sso-oidc--client-sso-oidc-3.1053.0.tar.xz,34280,79.52470799500588
@aws-sdk__client-sts--client-sts-3.1053.0,repacked,../data/unpacked_2500/@aws-sdk__client-sts--client-sts-3.1053.0,../data/repacked_xz_2500/@aws-sdk__client-sts--client-sts-3.1053.0.tar.xz,53724,114.9203750101151
@aws-sdk__config-resolver--config-resolver-3.374.0,repacked,../data/unpacked_2500/@aws-sdk__config-resolver--config-resolver-3.374.0,../data/repacked_xz_2500/@aws-sdk__config-resolver--config-resolver-3.374.0.tar.xz,5496,13.876333992811851
@aws-sdk__core--core-3.974.13,repacked,../data/unpacked_2500/@aws-sdk__core--core-3.974.13,../data/repacked_xz_2500/@aws-sdk__core--core-3.974.13.tar.xz,56516,228.60704200866167
@aws-sdk__credential-provider-env--credential-provider-env-3.972.39,repacked,../data/unpacked_2500/@aws-sdk__credential-provider-env--credential-provider-env-3.972.39,../data/repacked_xz_2500/@aws-sdk__credential-provider-env--credential-provider-env-3.972.39.tar.xz,6628,15.78854200488422
@aws-sdk__credential-provider-http--credential-provider-http-3.972.41,repacked,../data/unpacked_2500/@aws-sdk__credential-provider-http--credential-provider-http-3.972.41,../data/repacked_xz_2500/@aws-sdk__credential-provider-http--credential-provider-http-3.972.41.tar.xz,6032,23.348500006250106
@aws-sdk__credential-provider-imds--credential-provider-imds-3.374.0,repacked,../data/unpacked_2500/@aws-sdk__credential-provider-imds--credential-provider-imds-3.374.0,../data/repacked_xz_2500/@aws-sdk__credential-provider-imds--credential-provider-imds-3.374.0.tar.xz,5596,13.76087500830181
@aws-sdk__credential-provider-ini--credential-provider-ini-3.972.43,repacked,../data/unpacked_2500/@aws-sdk__credential-provider-ini--credential-provider-ini-3.972.43,../data/repacked_xz_2500/@aws-sdk__credential-provider-ini--credential-provider-ini-3.972.43.tar.xz,11296,28.19949999684468
@aws-sdk__credential-provider-login--credential-provider-login-3.972.43,repacked,../data/unpacked_2500/@aws-sdk__credential-provider-login--credential-provider-login-3.972.43,../data/repacked_xz_2500/@aws-sdk__credential-provider-login--credential-provider-login-3.972.43.tar.xz,6648,20.449291987461038
@aws-sdk__credential-provider-node--credential-provider-node-3.972.44,repacked,../data/unpacked_2500/@aws-sdk__credential-provider-node--credential-provider-node-3.972.44,../data/repacked_xz_2500/@aws-sdk__credential-provider-node--credential-provider-node-3.972.44.tar.xz,9956,21.691832997021265
@aws-sdk__credential-provider-process--credential-provider-process-3.972.39,repacked,../data/unpacked_2500/@aws-sdk__credential-provider-process--credential-provider-process-3.972.39,../data/repacked_xz_2500/@aws-sdk__credential-provider-process--credential-provider-process-3.972.39.tar.xz,7468,19.44358300534077
@aws-sdk__credential-provider-sso--credential-provider-sso-3.972.43,repacked,../data/unpacked_2500/@aws-sdk__credential-provider-sso--credential-provider-sso-3.972.43,../data/repacked_xz_2500/@aws-sdk__credential-provider-sso--credential-provider-sso-3.972.43.tar.xz,9280,23.970542009919882
@aws-sdk__credential-provider-web-identity--credential-provider-web-identity-3.972.43,repacked,../data/unpacked_2500/@aws-sdk__credential-provider-web-identity--credential-provider-web-identity-3.972.43,../data/repacked_xz_2500/@aws-sdk__credential-provider-web-identity--credential-provider-web-identity-3.972.43.tar.xz,9608,20.318084003520198
@aws-sdk__fetch-http-handler--fetch-http-handler-3.374.0,repacked,../data/unpacked_2500/@aws-sdk__fetch-http-handler--fetch-http-handler-3.374.0,../data/repacked_xz_2500/@aws-sdk__fetch-http-handler--fetch-http-handler-3.374.0.tar.xz,5480,14.442666986724362
@aws-sdk__hash-node--hash-node-3.374.0,repacked,../data/unpacked_2500/@aws-sdk__hash-node--hash-node-3.374.0,../data/repacked_xz_2500/@aws-sdk__hash-node--hash-node-3.374.0.tar.xz,5512,14.388042007340118
@aws-sdk__invalid-dependency--invalid-dependency-3.374.0,repacked,../data/unpacked_2500/@aws-sdk__invalid-dependency--invalid-dependency-3.374.0,../data/repacked_xz_2500/@aws-sdk__invalid-dependency--invalid-dependency-3.374.0.tar.xz,5472,13.870084003428929
@aws-sdk__is-array-buffer--is-array-buffer-3.374.0,repacked,../data/unpacked_2500/@aws-sdk__is-array-buffer--is-array-buffer-3.374.0,../data/repacked_xz_2500/@aws-sdk__is-array-buffer--is-array-buffer-3.374.0.tar.xz,5516,13.867333007510751
@aws-sdk__middleware-content-length--middleware-content-length-3.374.0,repacked,../data/unpacked_2500/@aws-sdk__middleware-content-length--middleware-content-length-3.374.0,../data/repacked_xz_2500/@aws-sdk__middleware-content-length--middleware-content-length-3.374.0.tar.xz,5452,13.313667004695162
@aws-sdk__middleware-endpoint--middleware-endpoint-3.374.0,repacked,../data/unpacked_2500/@aws-sdk__middleware-endpoint--middleware-endpoint-3.374.0,../data/repacked_xz_2500/@aws-sdk__middleware-endpoint--middleware-endpoint-3.374.0.tar.xz,5472,13.39824999740813
@aws-sdk__middleware-host-header--middleware-host-header-3.972.14,repacked,../data/unpacked_2500/@aws-sdk__middleware-host-header--middleware-host-header-3.972.14,../data/repacked_xz_2500/@aws-sdk__middleware-host-header--middleware-host-header-3.972.14.tar.xz,5396,13.542500004405156
@aws-sdk__middleware-logger--middleware-logger-3.972.13,repacked,../data/unpacked_2500/@aws-sdk__middleware-logger--middleware-logger-3.972.13,../data/repacked_xz_2500/@aws-sdk__middleware-logger--middleware-logger-3.972.13.tar.xz,5328,13.402541997493245
@aws-sdk__middleware-recursion-detection--middleware-recursion-detection-3.972.15,repacked,../data/unpacked_2500/@aws-sdk__middleware-recursion-detection--middleware-recursion-detection-3.972.15,../data/repacked_xz_2500/@aws-sdk__middleware-recursion-detection--middleware-recursion-detection-3.972.15.tar.xz,5568,13.105999998515472
@aws-sdk__middleware-retry--middleware-retry-3.374.0,repacked,../data/unpacked_2500/@aws-sdk__middleware-retry--middleware-retry-3.374.0,../data/repacked_xz_2500/@aws-sdk__middleware-retry--middleware-retry-3.374.0.tar.xz,5504,14.195208001183346
@aws-sdk__middleware-sdk-sts--middleware-sdk-sts-3.972.13,repacked,../data/unpacked_2500/@aws-sdk__middleware-sdk-sts--middleware-sdk-sts-3.972.13,../data/repacked_xz_2500/@aws-sdk__middleware-sdk-sts--middleware-sdk-sts-3.972.13.tar.xz,6152,13.828249997459352
@aws-sdk__middleware-serde--middleware-serde-3.374.0,repacked,../data/unpacked_2500/@aws-sdk__middleware-serde--middleware-serde-3.374.0,../data/repacked_xz_2500/@aws-sdk__middleware-serde--middleware-serde-3.374.0.tar.xz,5440,14.07112501328811
@aws-sdk__middleware-signing--middleware-signing-3.972.13,repacked,../data/unpacked_2500/@aws-sdk__middleware-signing--middleware-signing-3.972.13,../data/repacked_xz_2500/@aws-sdk__middleware-signing--middleware-signing-3.972.13.tar.xz,9512,23.0604590033181
@aws-sdk__middleware-stack--middleware-stack-3.374.0,repacked,../data/unpacked_2500/@aws-sdk__middleware-stack--middleware-stack-3.374.0,../data/repacked_xz_2500/@aws-sdk__middleware-stack--middleware-stack-3.374.0.tar.xz,6488,14.306333992863074
@aws-sdk__middleware-user-agent--middleware-user-agent-3.972.43,repacked,../data/unpacked_2500/@aws-sdk__middleware-user-agent--middleware-user-agent-3.972.43,../data/repacked_xz_2500/@aws-sdk__middleware-user-agent--middleware-user-agent-3.972.43.tar.xz,5404,13.205291994381696
@aws-sdk__nested-clients--nested-clients-3.997.11,repacked,../data/unpacked_2500/@aws-sdk__nested-clients--nested-clients-3.997.11,../data/repacked_xz_2500/@aws-sdk__nested-clients--nested-clients-3.997.11.tar.xz,60040,243.1747090013232
@aws-sdk__node-config-provider--node-config-provider-3.374.0,repacked,../data/unpacked_2500/@aws-sdk__node-config-provider--node-config-provider-3.374.0,../data/repacked_xz_2500/@aws-sdk__node-config-provider--node-config-provider-3.374.0.tar.xz,5496,14.534417001414113
@aws-sdk__node-http-handler--node-http-handler-3.374.0,repacked,../data/unpacked_2500/@aws-sdk__node-http-handler--node-http-handler-3.374.0,../data/repacked_xz_2500/@aws-sdk__node-http-handler--node-http-handler-3.374.0.tar.xz,5500,13.59579199925065
@aws-sdk__property-provider--property-provider-3.374.0,repacked,../data/unpacked_2500/@aws-sdk__property-provider--property-provider-3.374.0,../data/repacked_xz_2500/@aws-sdk__property-provider--property-provider-3.374.0.tar.xz,5476,14.874457992846146
@aws-sdk__protocol-http--protocol-http-3.374.0,repacked,../data/unpacked_2500/@aws-sdk__protocol-http--protocol-http-3.374.0,../data/repacked_xz_2500/@aws-sdk__protocol-http--protocol-http-3.374.0.tar.xz,5440,13.013000003411435
@aws-sdk__querystring-builder--querystring-builder-3.374.0,repacked,../data/unpacked_2500/@aws-sdk__querystring-builder--querystring-builder-3.374.0,../data/repacked_xz_2500/@aws-sdk__querystring-builder--querystring-builder-3.374.0.tar.xz,5484,13.535042002331465
@aws-sdk__querystring-parser--querystring-parser-3.374.0,repacked,../data/unpacked_2500/@aws-sdk__querystring-parser--querystring-parser-3.374.0,../data/repacked_xz_2500/@aws-sdk__querystring-parser--querystring-parser-3.374.0.tar.xz,5496,13.69262499792967
@aws-sdk__region-config-resolver--region-config-resolver-3.972.17,repacked,../data/unpacked_2500/@aws-sdk__region-config-resolver--region-config-resolver-3.972.17,../data/repacked_xz_2500/@aws-sdk__region-config-resolver--region-config-resolver-3.972.17.tar.xz,5764,13.65283400809858
@aws-sdk__service-error-classification--service-error-classification-3.374.0,repacked,../data/unpacked_2500/@aws-sdk__service-error-classification--service-error-classification-3.374.0,../data/repacked_xz_2500/@aws-sdk__service-error-classification--service-error-classification-3.374.0.tar.xz,5444,15.195750005659647
@aws-sdk__shared-ini-file-loader--shared-ini-file-loader-3.374.0,repacked,../data/unpacked_2500/@aws-sdk__shared-ini-file-loader--shared-ini-file-loader-3.374.0,../data/repacked_xz_2500/@aws-sdk__shared-ini-file-loader--shared-ini-file-loader-3.374.0.tar.xz,6128,14.239167008781806
@aws-sdk__signature-v4--signature-v4-3.374.0,repacked,../data/unpacked_2500/@aws-sdk__signature-v4--signature-v4-3.374.0,../data/repacked_xz_2500/@aws-sdk__signature-v4--signature-v4-3.374.0.tar.xz,5528,13.452709012199193
@aws-sdk__signature-v4-multi-region--signature-v4-multi-region-3.996.28,repacked,../data/unpacked_2500/@aws-sdk__signature-v4-multi-region--signature-v4-multi-region-3.996.28,../data/repacked_xz_2500/@aws-sdk__signature-v4-multi-region--signature-v4-multi-region-3.996.28.tar.xz,8604,21.030916992458515
@aws-sdk__smithy-client--smithy-client-3.374.0,repacked,../data/unpacked_2500/@aws-sdk__smithy-client--smithy-client-3.374.0,../data/repacked_xz_2500/@aws-sdk__smithy-client--smithy-client-3.374.0.tar.xz,6616,15.504666007473134
@aws-sdk__token-providers--token-providers-3.1053.0,repacked,../data/unpacked_2500/@aws-sdk__token-providers--token-providers-3.1053.0,../data/repacked_xz_2500/@aws-sdk__token-providers--token-providers-3.1053.0.tar.xz,10156,24.38591601094231
@aws-sdk__types--types-3.973.9,repacked,../data/unpacked_2500/@aws-sdk__types--types-3.973.9,../data/repacked_xz_2500/@aws-sdk__types--types-3.973.9.tar.xz,13840,54.17062499327585
@aws-sdk__url-parser--url-parser-3.374.0,repacked,../data/unpacked_2500/@aws-sdk__url-parser--url-parser-3.374.0,../data/repacked_xz_2500/@aws-sdk__url-parser--url-parser-3.374.0.tar.xz,5460,13.705667006433941
@aws-sdk__util-base64--util-base64-3.374.0,repacked,../data/unpacked_2500/@aws-sdk__util-base64--util-base64-3.374.0,../data/repacked_xz_2500/@aws-sdk__util-base64--util-base64-3.374.0.tar.xz,5516,13.851208001142368
@aws-sdk__util-body-length-browser--util-body-length-browser-3.374.0,repacked,../data/unpacked_2500/@aws-sdk__util-body-length-browser--util-body-length-browser-3.374.0,../data/repacked_xz_2500/@aws-sdk__util-body-length-browser--util-body-length-browser-3.374.0.tar.xz,5492,13.949665997643024
@aws-sdk__util-body-length-node--util-body-length-node-3.374.0,repacked,../data/unpacked_2500/@aws-sdk__util-body-length-node--util-body-length-node-3.374.0,../data/repacked_xz_2500/@aws-sdk__util-body-length-node--util-body-length-node-3.374.0.tar.xz,5536,13.482333000865765
@aws-sdk__util-buffer-from--util-buffer-from-3.374.0,repacked,../data/unpacked_2500/@aws-sdk__util-buffer-from--util-buffer-from-3.374.0,../data/repacked_xz_2500/@aws-sdk__util-buffer-from--util-buffer-from-3.374.0.tar.xz,5508,13.3505419944413
@aws-sdk__util-config-provider--util-config-provider-3.374.0,repacked,../data/unpacked_2500/@aws-sdk__util-config-provider--util-config-provider-3.374.0,../data/repacked_xz_2500/@aws-sdk__util-config-provider--util-config-provider-3.374.0.tar.xz,5472,13.4406669967575
@aws-sdk__util-defaults-mode-browser--util-defaults-mode-browser-3.374.0,repacked,../data/unpacked_2500/@aws-sdk__util-defaults-mode-browser--util-defaults-mode-browser-3.374.0,../data/repacked_xz_2500/@aws-sdk__util-defaults-mode-browser--util-defaults-mode-browser-3.374.0.tar.xz,5524,13.37637500546407
@aws-sdk__util-defaults-mode-node--util-defaults-mode-node-3.374.0,repacked,../data/unpacked_2500/@aws-sdk__util-defaults-mode-node--util-defaults-mode-node-3.374.0,../data/repacked_xz_2500/@aws-sdk__util-defaults-mode-node--util-defaults-mode-node-3.374.0.tar.xz,5480,14.160499995341524
@aws-sdk__util-endpoints--util-endpoints-3.996.12,repacked,../data/unpacked_2500/@aws-sdk__util-endpoints--util-endpoints-3.996.12,../data/repacked_xz_2500/@aws-sdk__util-endpoints--util-endpoints-3.996.12.tar.xz,5688,13.445042000967078
@aws-sdk__util-hex-encoding--util-hex-encoding-3.374.0,repacked,../data/unpacked_2500/@aws-sdk__util-hex-encoding--util-hex-encoding-3.374.0,../data/repacked_xz_2500/@aws-sdk__util-hex-encoding--util-hex-encoding-3.374.0.tar.xz,5488,13.651916000526398
@aws-sdk__util-locate-window--util-locate-window-3.965.5,repacked,../data/unpacked_2500/@aws-sdk__util-locate-window--util-locate-window-3.965.5,../data/repacked_xz_2500/@aws-sdk__util-locate-window--util-locate-window-3.965.5.tar.xz,5620,13.317167002242059
@aws-sdk__util-middleware--util-middleware-3.374.0,repacked,../data/unpacked_2500/@aws-sdk__util-middleware--util-middleware-3.374.0,../data/repacked_xz_2500/@aws-sdk__util-middleware--util-middleware-3.374.0.tar.xz,5544,14.382624998688698
@aws-sdk__util-retry--util-retry-3.374.0,repacked,../data/unpacked_2500/@aws-sdk__util-retry--util-retry-3.374.0,../data/repacked_xz_2500/@aws-sdk__util-retry--util-retry-3.374.0.tar.xz,6128,14.755374999367632
@aws-sdk__util-uri-escape--util-uri-escape-3.374.0,repacked,../data/unpacked_2500/@aws-sdk__util-uri-escape--util-uri-escape-3.374.0,../data/repacked_xz_2500/@aws-sdk__util-uri-escape--util-uri-escape-3.374.0.tar.xz,5480,13.764125003945082
@aws-sdk__util-user-agent-browser--util-user-agent-browser-3.972.14,repacked,../data/unpacked_2500/@aws-sdk__util-user-agent-browser--util-user-agent-browser-3.972.14,../data/repacked_xz_2500/@aws-sdk__util-user-agent-browser--util-user-agent-browser-3.972.14.tar.xz,5756,12.73504200798925
@aws-sdk__util-user-agent-node--util-user-agent-node-3.973.29,repacked,../data/unpacked_2500/@aws-sdk__util-user-agent-node--util-user-agent-node-3.973.29,../data/repacked_xz_2500/@aws-sdk__util-user-agent-node--util-user-agent-node-3.973.29.tar.xz,5656,12.351167009910569
@aws-sdk__util-utf8--util-utf8-3.374.0,repacked,../data/unpacked_2500/@aws-sdk__util-utf8--util-utf8-3.374.0,../data/repacked_xz_2500/@aws-sdk__util-utf8--util-utf8-3.374.0.tar.xz,5504,13.352542009670287
@aws-sdk__util-utf8-browser--util-utf8-browser-3.259.0,repacked,../data/unpacked_2500/@aws-sdk__util-utf8-browser--util-utf8-browser-3.259.0,../data/repacked_xz_2500/@aws-sdk__util-utf8-browser--util-utf8-browser-3.259.0.tar.xz,6620,17.447749996790662
@aws-sdk__util-utf8-node--util-utf8-node-3.259.0,repacked,../data/unpacked_2500/@aws-sdk__util-utf8-node--util-utf8-node-3.259.0,../data/repacked_xz_2500/@aws-sdk__util-utf8-node--util-utf8-node-3.259.0.tar.xz,5724,13.830333002260886
@aws-sdk__xml-builder--xml-builder-3.972.25,repacked,../data/unpacked_2500/@aws-sdk__xml-builder--xml-builder-3.972.25,../data/repacked_xz_2500/@aws-sdk__xml-builder--xml-builder-3.972.25.tar.xz,12300,29.986916997586377
@aws__lambda-invoke-store--lambda-invoke-store-0.2.4,repacked,../data/unpacked_2500/@aws__lambda-invoke-store--lambda-invoke-store-0.2.4,../data/repacked_xz_2500/@aws__lambda-invoke-store--lambda-invoke-store-0.2.4.tar.xz,8108,16.04954100912437
@azure__abort-controller--abort-controller-2.1.2,repacked,../data/unpacked_2500/@azure__abort-controller--abort-controller-2.1.2,../data/repacked_xz_2500/@azure__abort-controller--abort-controller-2.1.2.tar.xz,5940,27.955625002505258
@azure__core-util--core-util-1.13.1,repacked,../data/unpacked_2500/@azure__core-util--core-util-1.13.1,../data/repacked_xz_2500/@azure__core-util--core-util-1.13.1.tar.xz,11920,52.77433400624432
@azure__logger--logger-1.3.0,repacked,../data/unpacked_2500/@azure__logger--logger-1.3.0,../data/repacked_xz_2500/@azure__logger--logger-1.3.0.tar.xz,6072,18.375791012658738
@babel__code-frame--code-frame-7.29.0,repacked,../data/unpacked_2500/@babel__code-frame--code-frame-7.29.0,../data/repacked_xz_2500/@babel__code-frame--code-frame-7.29.0.tar.xz,9796,16.894499989575706
@babel__compat-data--compat-data-7.29.3,repacked,../data/unpacked_2500/@babel__compat-data--compat-data-7.29.3,../data/repacked_xz_2500/@babel__compat-data--compat-data-7.29.3.tar.xz,5664,19.273083002190106
@babel__core--core-7.29.0,repacked,../data/unpacked_2500/@babel__core--core-7.29.0,../data/repacked_xz_2500/@babel__core--core-7.29.0.tar.xz,149960,227.3065829940606
@babel__eslint-parser--eslint-parser-7.28.6,repacked,../data/unpacked_2500/@babel__eslint-parser--eslint-parser-7.28.6,../data/repacked_xz_2500/@babel__eslint-parser--eslint-parser-7.28.6.tar.xz,30572,50.80991699651349
@babel__generator--generator-7.29.1,repacked,../data/unpacked_2500/@babel__generator--generator-7.29.1,../data/repacked_xz_2500/@babel__generator--generator-7.29.1.tar.xz,89904,140.00533299986273
@babel__helper-annotate-as-pure--helper-annotate-as-pure-7.27.3,repacked,../data/unpacked_2500/@babel__helper-annotate-as-pure--helper-annotate-as-pure-7.27.3,../data/repacked_xz_2500/@babel__helper-annotate-as-pure--helper-annotate-as-pure-7.27.3.tar.xz,2296,9.056124996277504
@babel__helper-compilation-targets--helper-compilation-targets-7.28.6,repacked,../data/unpacked_2500/@babel__helper-compilation-targets--helper-compilation-targets-7.28.6,../data/repacked_xz_2500/@babel__helper-compilation-targets--helper-compilation-targets-7.28.6.tar.xz,13844,23.05862499633804
@babel__helper-create-class-features-plugin--helper-create-class-features-plugin-7.29.3,repacked,../data/unpacked_2500/@babel__helper-create-class-features-plugin--helper-create-class-features-plugin-7.29.3,../data/repacked_xz_2500/@babel__helper-create-class-features-plugin--helper-create-class-features-plugin-7.29.3.tar.xz,75892,106.90458399767522
@babel__helper-create-regexp-features-plugin--helper-create-regexp-features-plugin-7.28.5,repacked,../data/unpacked_2500/@babel__helper-create-regexp-features-plugin--helper-create-regexp-features-plugin-7.28.5,../data/repacked_xz_2500/@babel__helper-create-regexp-features-plugin--helper-create-regexp-features-plugin-7.28.5.tar.xz,7612,16.72408300510142
@babel__helper-define-polyfill-provider--helper-define-polyfill-provider-0.6.8,repacked,../data/unpacked_2500/@babel__helper-define-polyfill-provider--helper-define-polyfill-provider-0.6.8,../data/repacked_xz_2500/@babel__helper-define-polyfill-provider--helper-define-polyfill-provider-0.6.8.tar.xz,29640,59.71125001087785
@babel__helper-globals--helper-globals-7.28.0,repacked,../data/unpacked_2500/@babel__helper-globals--helper-globals-7.28.0,../data/repacked_xz_2500/@babel__helper-globals--helper-globals-7.28.0.tar.xz,6592,13.902124992455356
@babel__helper-member-expression-to-functions--helper-member-expression-to-functions-7.28.5,repacked,../data/unpacked_2500/@babel__helper-member-expression-to-functions--helper-member-expression-to-functions-7.28.5,../data/repacked_xz_2500/@babel__helper-member-expression-to-functions--helper-member-expression-to-functions-7.28.5.tar.xz,12688,20.950417005224153
@babel__helper-module-imports--helper-module-imports-7.28.6,repacked,../data/unpacked_2500/@babel__helper-module-imports--helper-module-imports-7.28.6,../data/repacked_xz_2500/@babel__helper-module-imports--helper-module-imports-7.28.6.tar.xz,12860,22.14512501086574
@babel__helper-module-transforms--helper-module-transforms-7.28.6,repacked,../data/unpacked_2500/@babel__helper-module-transforms--helper-module-transforms-7.28.6,../data/repacked_xz_2500/@babel__helper-module-transforms--helper-module-transforms-7.28.6.tar.xz,32448,44.53729200758971
@babel__helper-optimise-call-expression--helper-optimise-call-expression-7.27.1,repacked,../data/unpacked_2500/@babel__helper-optimise-call-expression--helper-optimise-call-expression-7.27.1,../data/repacked_xz_2500/@babel__helper-optimise-call-expression--helper-optimise-call-expression-7.27.1.tar.xz,2756,9.491208998952061
@babel__helper-plugin-utils--helper-plugin-utils-7.28.6,repacked,../data/unpacked_2500/@babel__helper-plugin-utils--helper-plugin-utils-7.28.6,../data/repacked_xz_2500/@babel__helper-plugin-utils--helper-plugin-utils-7.28.6.tar.xz,4444,10.372124990681186
@babel__helper-remap-async-to-generator--helper-remap-async-to-generator-7.27.1,repacked,../data/unpacked_2500/@babel__helper-remap-async-to-generator--helper-remap-async-to-generator-7.27.1,../data/repacked_xz_2500/@babel__helper-remap-async-to-generator--helper-remap-async-to-generator-7.27.1.tar.xz,3772,10.031958008767106
@babel__helper-replace-supers--helper-replace-supers-7.28.6,repacked,../data/unpacked_2500/@babel__helper-replace-supers--helper-replace-supers-7.28.6,../data/repacked_xz_2500/@babel__helper-replace-supers--helper-replace-supers-7.28.6.tar.xz,8724,15.865790992393158
@babel__helper-skip-transparent-expression-wrappers--helper-skip-transparent-expression-wrappers-7.27.1,repacked,../data/unpacked_2500/@babel__helper-skip-transparent-expression-wrappers--helper-skip-transparent-expression-wrappers-7.27.1,../data/repacked_xz_2500/@babel__helper-skip-transparent-expression-wrappers--helper-skip-transparent-expression-wrappers-7.27.1.tar.xz,2656,9.35383299656678
@babel__helper-string-parser--helper-string-parser-7.27.1,repacked,../data/unpacked_2500/@babel__helper-string-parser--helper-string-parser-7.27.1,../data/repacked_xz_2500/@babel__helper-string-parser--helper-string-parser-7.27.1.tar.xz,7948,15.042792001622729
@babel__helper-validator-identifier--helper-validator-identifier-7.28.5,repacked,../data/unpacked_2500/@babel__helper-validator-identifier--helper-validator-identifier-7.28.5,../data/repacked_xz_2500/@babel__helper-validator-identifier--helper-validator-identifier-7.28.5.tar.xz,11608,19.372291993931867
@babel__helper-validator-option--helper-validator-option-7.27.1,repacked,../data/unpacked_2500/@babel__helper-validator-option--helper-validator-option-7.27.1,../data/repacked_xz_2500/@babel__helper-validator-option--helper-validator-option-7.27.1.tar.xz,4368,11.995583001407795
@babel__helper-wrap-function--helper-wrap-function-7.28.6,repacked,../data/unpacked_2500/@babel__helper-wrap-function--helper-wrap-function-7.28.6,../data/repacked_xz_2500/@babel__helper-wrap-function--helper-wrap-function-7.28.6.tar.xz,5800,12.5454999943031
@babel__helpers--helpers-7.29.2,repacked,../data/unpacked_2500/@babel__helpers--helpers-7.29.2,../data/repacked_xz_2500/@babel__helpers--helpers-7.29.2.tar.xz,126572,257.5660830043489
@babel__highlight--highlight-7.25.9,repacked,../data/unpacked_2500/@babel__highlight--highlight-7.25.9,../data/repacked_xz_2500/@babel__highlight--highlight-7.25.9.tar.xz,6716,13.717084002564661
@babel__parser--parser-7.29.3,repacked,../data/unpacked_2500/@babel__parser--parser-7.29.3,../data/repacked_xz_2500/@babel__parser--parser-7.29.3.tar.xz,321756,477.4986670090584
@babel__plugin-bugfix-firefox-class-in-computed-class-key--plugin-bugfix-firefox-class-in-computed-class-key-7.28.5,repacked,../data/unpacked_2500/@babel__plugin-bugfix-firefox-class-in-computed-class-key--plugin-bugfix-firefox-class-in-computed-class-key-7.28.5,../data/repacked_xz_2500/@babel__plugin-bugfix-firefox-class-in-computed-class-key--plugin-bugfix-firefox-class-in-computed-class-key-7.28.5.tar.xz,4312,10.672292002709582
@babel__plugin-bugfix-safari-class-field-initializer-scope--plugin-bugfix-safari-class-field-initializer-scope-7.27.1,repacked,../data/unpacked_2500/@babel__plugin-bugfix-safari-class-field-initializer-scope--plugin-bugfix-safari-class-field-initializer-scope-7.27.1,../data/repacked_xz_2500/@babel__plugin-bugfix-safari-class-field-initializer-scope--plugin-bugfix-safari-class-field-initializer-scope-7.27.1.tar.xz,3608,9.86191698757466
@babel__plugin-bugfix-safari-id-destructuring-collision-in-function-expression--plugin-bugfix-safari-id-destructuring-collision-in-function-expression-7.27.1,repacked,../data/unpacked_2500/@babel__plugin-bugfix-safari-id-destructuring-collision-in-function-expression--plugin-bugfix-safari-id-destructuring-collision-in-function-expression-7.27.1,../data/repacked_xz_2500/@babel__plugin-bugfix-safari-id-destructuring-collision-in-function-expression--plugin-bugfix-safari-id-destructuring-collision-in-function-expression-7.27.1.tar.xz,3240,8.89104200177826
@babel__plugin-bugfix-safari-rest-destructuring-rhs-array--plugin-bugfix-safari-rest-destructuring-rhs-array-7.29.3,repacked,../data/unpacked_2500/@babel__plugin-bugfix-safari-rest-destructuring-rhs-array--plugin-bugfix-safari-rest-destructuring-rhs-array-7.29.3,../data/repacked_xz_2500/@babel__plugin-bugfix-safari-rest-destructuring-rhs-array--plugin-bugfix-safari-rest-destructuring-rhs-array-7.29.3.tar.xz,3920,10.37420799548272
@babel__plugin-bugfix-v8-spread-parameters-in-optional-chaining--plugin-bugfix-v8-spread-parameters-in-optional-chaining-7.27.1,repacked,../data/unpacked_2500/@babel__plugin-bugfix-v8-spread-parameters-in-optional-chaining--plugin-bugfix-v8-spread-parameters-in-optional-chaining-7.27.1,../data/repacked_xz_2500/@babel__plugin-bugfix-v8-spread-parameters-in-optional-chaining--plugin-bugfix-v8-spread-parameters-in-optional-chaining-7.27.1.tar.xz,3824,10.169957997277379
@babel__plugin-bugfix-v8-static-class-fields-redefine-readonly--plugin-bugfix-v8-static-class-fields-redefine-readonly-7.28.6,repacked,../data/unpacked_2500/@babel__plugin-bugfix-v8-static-class-fields-redefine-readonly--plugin-bugfix-v8-static-class-fields-redefine-readonly-7.28.6,../data/repacked_xz_2500/@babel__plugin-bugfix-v8-static-class-fields-redefine-readonly--plugin-bugfix-v8-static-class-fields-redefine-readonly-7.28.6.tar.xz,7628,13.120791991241276
@babel__plugin-proposal-class-properties--plugin-proposal-class-properties-7.18.6,repacked,../data/unpacked_2500/@babel__plugin-proposal-class-properties--plugin-proposal-class-properties-7.18.6,../data/repacked_xz_2500/@babel__plugin-proposal-class-properties--plugin-proposal-class-properties-7.18.6.tar.xz,1892,8.050792006542906
@babel__plugin-proposal-decorators--plugin-proposal-decorators-7.29.0,repacked,../data/unpacked_2500/@babel__plugin-proposal-decorators--plugin-proposal-decorators-7.29.0,../data/repacked_xz_2500/@babel__plugin-proposal-decorators--plugin-proposal-decorators-7.29.0.tar.xz,9860,16.439875005744398
@babel__plugin-proposal-nullish-coalescing-operator--plugin-proposal-nullish-coalescing-operator-7.18.6,repacked,../data/unpacked_2500/@babel__plugin-proposal-nullish-coalescing-operator--plugin-proposal-nullish-coalescing-operator-7.18.6,../data/repacked_xz_2500/@babel__plugin-proposal-nullish-coalescing-operator--plugin-proposal-nullish-coalescing-operator-7.18.6.tar.xz,2200,8.024124996154569
@babel__plugin-proposal-numeric-separator--plugin-proposal-numeric-separator-7.18.6,repacked,../data/unpacked_2500/@babel__plugin-proposal-numeric-separator--plugin-proposal-numeric-separator-7.18.6,../data/repacked_xz_2500/@babel__plugin-proposal-numeric-separator--plugin-proposal-numeric-separator-7.18.6.tar.xz,1944,7.718459004536271
@babel__plugin-proposal-object-rest-spread--plugin-proposal-object-rest-spread-7.20.7,repacked,../data/unpacked_2500/@babel__plugin-proposal-object-rest-spread--plugin-proposal-object-rest-spread-7.20.7,../data/repacked_xz_2500/@babel__plugin-proposal-object-rest-spread--plugin-proposal-object-rest-spread-7.20.7.tar.xz,15600,22.67424999445211
@babel__plugin-proposal-optional-chaining--plugin-proposal-optional-chaining-7.21.0,repacked,../data/unpacked_2500/@babel__plugin-proposal-optional-chaining--plugin-proposal-optional-chaining-7.21.0,../data/repacked_xz_2500/@babel__plugin-proposal-optional-chaining--plugin-proposal-optional-chaining-7.21.0.tar.xz,8696,14.55116699798964
@babel__plugin-proposal-private-methods--plugin-proposal-private-methods-7.18.6,repacked,../data/unpacked_2500/@babel__plugin-proposal-private-methods--plugin-proposal-private-methods-7.18.6,../data/repacked_xz_2500/@babel__plugin-proposal-private-methods--plugin-proposal-private-methods-7.18.6.tar.xz,1864,8.26504199358169
@babel__plugin-proposal-private-property-in-object--plugin-proposal-private-property-in-object-7.21.11,repacked,../data/unpacked_2500/@babel__plugin-proposal-private-property-in-object--plugin-proposal-private-property-in-object-7.21.11,../data/repacked_xz_2500/@babel__plugin-proposal-private-property-in-object--plugin-proposal-private-property-in-object-7.21.11.tar.xz,6064,11.653083012788557
@babel__plugin-syntax-async-generators--plugin-syntax-async-generators-7.8.4,repacked,../data/unpacked_2500/@babel__plugin-syntax-async-generators--plugin-syntax-async-generators-7.8.4,../data/repacked_xz_2500/@babel__plugin-syntax-async-generators--plugin-syntax-async-generators-7.8.4.tar.xz,1676,7.7602079982170835
@babel__plugin-syntax-bigint--plugin-syntax-bigint-7.8.3,repacked,../data/unpacked_2500/@babel__plugin-syntax-bigint--plugin-syntax-bigint-7.8.3,../data/repacked_xz_2500/@babel__plugin-syntax-bigint--plugin-syntax-bigint-7.8.3.tar.xz,1672,7.386625002254732
@babel__plugin-syntax-class-properties--plugin-syntax-class-properties-7.12.13,repacked,../data/unpacked_2500/@babel__plugin-syntax-class-properties--plugin-syntax-class-properties-7.12.13,../data/repacked_xz_2500/@babel__plugin-syntax-class-properties--plugin-syntax-class-properties-7.12.13.tar.xz,1712,7.6169999956618994
@babel__plugin-syntax-class-static-block--plugin-syntax-class-static-block-7.14.5,repacked,../data/unpacked_2500/@babel__plugin-syntax-class-static-block--plugin-syntax-class-static-block-7.14.5,../data/repacked_xz_2500/@babel__plugin-syntax-class-static-block--plugin-syntax-class-static-block-7.14.5.tar.xz,1748,7.345124991843477
@babel__plugin-syntax-decorators--plugin-syntax-decorators-7.28.6,repacked,../data/unpacked_2500/@babel__plugin-syntax-decorators--plugin-syntax-decorators-7.28.6,../data/repacked_xz_2500/@babel__plugin-syntax-decorators--plugin-syntax-decorators-7.28.6.tar.xz,3832,9.883665989036672
@babel__plugin-syntax-dynamic-import--plugin-syntax-dynamic-import-7.8.3,repacked,../data/unpacked_2500/@babel__plugin-syntax-dynamic-import--plugin-syntax-dynamic-import-7.8.3,../data/repacked_xz_2500/@babel__plugin-syntax-dynamic-import--plugin-syntax-dynamic-import-7.8.3.tar.xz,1668,7.734583006822504
@babel__plugin-syntax-flow--plugin-syntax-flow-7.28.6,repacked,../data/unpacked_2500/@babel__plugin-syntax-flow--plugin-syntax-flow-7.28.6,../data/repacked_xz_2500/@babel__plugin-syntax-flow--plugin-syntax-flow-7.28.6.tar.xz,2876,8.940792002249509
@babel__plugin-syntax-import-assertions--plugin-syntax-import-assertions-7.28.6,repacked,../data/unpacked_2500/@babel__plugin-syntax-import-assertions--plugin-syntax-import-assertions-7.28.6,../data/repacked_xz_2500/@babel__plugin-syntax-import-assertions--plugin-syntax-import-assertions-7.28.6.tar.xz,2728,8.723083010409027
@babel__plugin-syntax-import-attributes--plugin-syntax-import-attributes-7.28.6,repacked,../data/unpacked_2500/@babel__plugin-syntax-import-attributes--plugin-syntax-import-attributes-7.28.6,../data/repacked_xz_2500/@babel__plugin-syntax-import-attributes--plugin-syntax-import-attributes-7.28.6.tar.xz,2840,8.960959006799385
@babel__plugin-syntax-import-meta--plugin-syntax-import-meta-7.10.4,repacked,../data/unpacked_2500/@babel__plugin-syntax-import-meta--plugin-syntax-import-meta-7.10.4,../data/repacked_xz_2500/@babel__plugin-syntax-import-meta--plugin-syntax-import-meta-7.10.4.tar.xz,1728,7.941957999719307
@babel__plugin-syntax-json-strings--plugin-syntax-json-strings-7.8.3,repacked,../data/unpacked_2500/@babel__plugin-syntax-json-strings--plugin-syntax-json-strings-7.8.3,../data/repacked_xz_2500/@babel__plugin-syntax-json-strings--plugin-syntax-json-strings-7.8.3.tar.xz,1700,7.375000001047738
@babel__plugin-syntax-jsx--plugin-syntax-jsx-7.28.6,repacked,../data/unpacked_2500/@babel__plugin-syntax-jsx--plugin-syntax-jsx-7.28.6,../data/repacked_xz_2500/@babel__plugin-syntax-jsx--plugin-syntax-jsx-7.28.6.tar.xz,2384,8.153167000273243
@babel__plugin-syntax-logical-assignment-operators--plugin-syntax-logical-assignment-operators-7.10.4,repacked,../data/unpacked_2500/@babel__plugin-syntax-logical-assignment-operators--plugin-syntax-logical-assignment-operators-7.10.4,../data/repacked_xz_2500/@babel__plugin-syntax-logical-assignment-operators--plugin-syntax-logical-assignment-operators-7.10.4.tar.xz,1736,7.6320840016705915
@babel__plugin-syntax-nullish-coalescing-operator--plugin-syntax-nullish-coalescing-operator-7.8.3,repacked,../data/unpacked_2500/@babel__plugin-syntax-nullish-coalescing-operator--plugin-syntax-nullish-coalescing-operator-7.8.3,../data/repacked_xz_2500/@babel__plugin-syntax-nullish-coalescing-operator--plugin-syntax-nullish-coalescing-operator-7.8.3.tar.xz,1680,7.457916988641955
@babel__plugin-syntax-numeric-separator--plugin-syntax-numeric-separator-7.10.4,repacked,../data/unpacked_2500/@babel__plugin-syntax-numeric-separator--plugin-syntax-numeric-separator-7.10.4,../data/repacked_xz_2500/@babel__plugin-syntax-numeric-separator--plugin-syntax-numeric-separator-7.10.4.tar.xz,1772,7.95362499775365
@babel__plugin-syntax-object-rest-spread--plugin-syntax-object-rest-spread-7.8.3,repacked,../data/unpacked_2500/@babel__plugin-syntax-object-rest-spread--plugin-syntax-object-rest-spread-7.8.3,../data/repacked_xz_2500/@babel__plugin-syntax-object-rest-spread--plugin-syntax-object-rest-spread-7.8.3.tar.xz,1676,8.160708996001631
@babel__plugin-syntax-optional-catch-binding--plugin-syntax-optional-catch-binding-7.8.3,repacked,../data/unpacked_2500/@babel__plugin-syntax-optional-catch-binding--plugin-syntax-optional-catch-binding-7.8.3,../data/repacked_xz_2500/@babel__plugin-syntax-optional-catch-binding--plugin-syntax-optional-catch-binding-7.8.3.tar.xz,1680,7.715625004493631
@babel__plugin-syntax-optional-chaining--plugin-syntax-optional-chaining-7.8.3,repacked,../data/unpacked_2500/@babel__plugin-syntax-optional-chaining--plugin-syntax-optional-chaining-7.8.3,../data/repacked_xz_2500/@babel__plugin-syntax-optional-chaining--plugin-syntax-optional-chaining-7.8.3.tar.xz,1672,8.351083000889048
@babel__plugin-syntax-private-property-in-object--plugin-syntax-private-property-in-object-7.14.5,repacked,../data/unpacked_2500/@babel__plugin-syntax-private-property-in-object--plugin-syntax-private-property-in-object-7.14.5,../data/repacked_xz_2500/@babel__plugin-syntax-private-property-in-object--plugin-syntax-private-property-in-object-7.14.5.tar.xz,1764,8.631667005829513
@babel__plugin-syntax-top-level-await--plugin-syntax-top-level-await-7.14.5,repacked,../data/unpacked_2500/@babel__plugin-syntax-top-level-await--plugin-syntax-top-level-await-7.14.5,../data/repacked_xz_2500/@babel__plugin-syntax-top-level-await--plugin-syntax-top-level-await-7.14.5.tar.xz,1752,8.49495800503064
@babel__plugin-syntax-typescript--plugin-syntax-typescript-7.28.6,repacked,../data/unpacked_2500/@babel__plugin-syntax-typescript--plugin-syntax-typescript-7.28.6,../data/repacked_xz_2500/@babel__plugin-syntax-typescript--plugin-syntax-typescript-7.28.6.tar.xz,3184,9.349958010716364
@babel__plugin-syntax-unicode-sets-regex--plugin-syntax-unicode-sets-regex-7.18.6,repacked,../data/unpacked_2500/@babel__plugin-syntax-unicode-sets-regex--plugin-syntax-unicode-sets-regex-7.18.6,../data/repacked_xz_2500/@babel__plugin-syntax-unicode-sets-regex--plugin-syntax-unicode-sets-regex-7.18.6.tar.xz,1916,7.871082998462953
@babel__plugin-transform-arrow-functions--plugin-transform-arrow-functions-7.27.1,repacked,../data/unpacked_2500/@babel__plugin-transform-arrow-functions--plugin-transform-arrow-functions-7.27.1,../data/repacked_xz_2500/@babel__plugin-transform-arrow-functions--plugin-transform-arrow-functions-7.27.1.tar.xz,2752,8.992041999590583
@babel__plugin-transform-async-generator-functions--plugin-transform-async-generator-functions-7.29.0,repacked,../data/unpacked_2500/@babel__plugin-transform-async-generator-functions--plugin-transform-async-generator-functions-7.29.0,../data/repacked_xz_2500/@babel__plugin-transform-async-generator-functions--plugin-transform-async-generator-functions-7.29.0.tar.xz,6268,13.278124999487773
@babel__plugin-transform-async-to-generator--plugin-transform-async-to-generator-7.28.6,repacked,../data/unpacked_2500/@babel__plugin-transform-async-to-generator--plugin-transform-async-to-generator-7.28.6,../data/repacked_xz_2500/@babel__plugin-transform-async-to-generator--plugin-transform-async-to-generator-7.28.6.tar.xz,3168,9.921832999680191
@babel__plugin-transform-block-scoped-functions--plugin-transform-block-scoped-functions-7.27.1,repacked,../data/unpacked_2500/@babel__plugin-transform-block-scoped-functions--plugin-transform-block-scoped-functions-7.27.1,../data/repacked_xz_2500/@babel__plugin-transform-block-scoped-functions--plugin-transform-block-scoped-functions-7.27.1.tar.xz,3168,9.198667001328431
@babel__plugin-transform-block-scoping--plugin-transform-block-scoping-7.28.6,repacked,../data/unpacked_2500/@babel__plugin-transform-block-scoping--plugin-transform-block-scoping-7.28.6,../data/repacked_xz_2500/@babel__plugin-transform-block-scoping--plugin-transform-block-scoping-7.28.6.tar.xz,19944,29.6071250049863
@babel__plugin-transform-class-properties--plugin-transform-class-properties-7.28.6,repacked,../data/unpacked_2500/@babel__plugin-transform-class-properties--plugin-transform-class-properties-7.28.6,../data/repacked_xz_2500/@babel__plugin-transform-class-properties--plugin-transform-class-properties-7.28.6.tar.xz,2564,8.851667007547803
@babel__plugin-transform-class-static-block--plugin-transform-class-static-block-7.28.6,repacked,../data/unpacked_2500/@babel__plugin-transform-class-static-block--plugin-transform-class-static-block-7.28.6,../data/repacked_xz_2500/@babel__plugin-transform-class-static-block--plugin-transform-class-static-block-7.28.6.tar.xz,7404,13.668707993929274
@babel__plugin-transform-classes--plugin-transform-classes-7.28.6,repacked,../data/unpacked_2500/@babel__plugin-transform-classes--plugin-transform-classes-7.28.6,../data/repacked_xz_2500/@babel__plugin-transform-classes--plugin-transform-classes-7.28.6.tar.xz,20408,30.11404200515244
@babel__plugin-transform-computed-properties--plugin-transform-computed-properties-7.28.6,repacked,../data/unpacked_2500/@babel__plugin-transform-computed-properties--plugin-transform-computed-properties-7.28.6,../data/repacked_xz_2500/@babel__plugin-transform-computed-properties--plugin-transform-computed-properties-7.28.6.tar.xz,6524,13.173250001273118
@babel__plugin-transform-destructuring--plugin-transform-destructuring-7.28.5,repacked,../data/unpacked_2500/@babel__plugin-transform-destructuring--plugin-transform-destructuring-7.28.5,../data/repacked_xz_2500/@babel__plugin-transform-destructuring--plugin-transform-destructuring-7.28.5.tar.xz,18312,26.67875000042841
@babel__plugin-transform-dotall-regex--plugin-transform-dotall-regex-7.28.6,repacked,../data/unpacked_2500/@babel__plugin-transform-dotall-regex--plugin-transform-dotall-regex-7.28.6,../data/repacked_xz_2500/@babel__plugin-transform-dotall-regex--plugin-transform-dotall-regex-7.28.6.tar.xz,2268,8.822292002150789
@babel__plugin-transform-duplicate-keys--plugin-transform-duplicate-keys-7.27.1,repacked,../data/unpacked_2500/@babel__plugin-transform-duplicate-keys--plugin-transform-duplicate-keys-7.27.1,../data/repacked_xz_2500/@babel__plugin-transform-duplicate-keys--plugin-transform-duplicate-keys-7.27.1.tar.xz,3352,9.787916002096608
@babel__plugin-transform-duplicate-named-capturing-groups-regex--plugin-transform-duplicate-named-capturing-groups-regex-7.29.0,repacked,../data/unpacked_2500/@babel__plugin-transform-duplicate-named-capturing-groups-regex--plugin-transform-duplicate-named-capturing-groups-regex-7.29.0,../data/repacked_xz_2500/@babel__plugin-transform-duplicate-named-capturing-groups-regex--plugin-transform-duplicate-named-capturing-groups-regex-7.29.0.tar.xz,2592,9.215749989380129
@babel__plugin-transform-dynamic-import--plugin-transform-dynamic-import-7.27.1,repacked,../data/unpacked_2500/@babel__plugin-transform-dynamic-import--plugin-transform-dynamic-import-7.27.1,../data/repacked_xz_2500/@babel__plugin-transform-dynamic-import--plugin-transform-dynamic-import-7.27.1.tar.xz,2848,9.383708005771041
@babel__plugin-transform-explicit-resource-management--plugin-transform-explicit-resource-management-7.28.6,repacked,../data/unpacked_2500/@babel__plugin-transform-explicit-resource-management--plugin-transform-explicit-resource-management-7.28.6,../data/repacked_xz_2500/@babel__plugin-transform-explicit-resource-management--plugin-transform-explicit-resource-management-7.28.6.tar.xz,7304,14.838375005638227
@babel__plugin-transform-exponentiation-operator--plugin-transform-exponentiation-operator-7.28.6,repacked,../data/unpacked_2500/@babel__plugin-transform-exponentiation-operator--plugin-transform-exponentiation-operator-7.28.6,../data/repacked_xz_2500/@babel__plugin-transform-exponentiation-operator--plugin-transform-exponentiation-operator-7.28.6.tar.xz,4196,11.314917006529868
@babel__plugin-transform-export-namespace-from--plugin-transform-export-namespace-from-7.27.1,repacked,../data/unpacked_2500/@babel__plugin-transform-export-namespace-from--plugin-transform-export-namespace-from-7.27.1,../data/repacked_xz_2500/@babel__plugin-transform-export-namespace-from--plugin-transform-export-namespace-from-7.27.1.tar.xz,3228,9.539749997202307
@babel__plugin-transform-flow-strip-types--plugin-transform-flow-strip-types-7.27.1,repacked,../data/unpacked_2500/@babel__plugin-transform-flow-strip-types--plugin-transform-flow-strip-types-7.27.1,../data/repacked_xz_2500/@babel__plugin-transform-flow-strip-types--plugin-transform-flow-strip-types-7.27.1.tar.xz,5272,12.458749988581985
@babel__plugin-transform-for-of--plugin-transform-for-of-7.27.1,repacked,../data/unpacked_2500/@babel__plugin-transform-for-of--plugin-transform-for-of-7.27.1,../data/repacked_xz_2500/@babel__plugin-transform-for-of--plugin-transform-for-of-7.27.1.tar.xz,10656,18.17099998879712
@babel__plugin-transform-function-name--plugin-transform-function-name-7.27.1,repacked,../data/unpacked_2500/@babel__plugin-transform-function-name--plugin-transform-function-name-7.27.1,../data/repacked_xz_2500/@babel__plugin-transform-function-name--plugin-transform-function-name-7.27.1.tar.xz,2972,9.23237499955576
@babel__plugin-transform-json-strings--plugin-transform-json-strings-7.28.6,repacked,../data/unpacked_2500/@babel__plugin-transform-json-strings--plugin-transform-json-strings-7.28.6,../data/repacked_xz_2500/@babel__plugin-transform-json-strings--plugin-transform-json-strings-7.28.6.tar.xz,2916,9.172083999146707
@babel__plugin-transform-literals--plugin-transform-literals-7.27.1,repacked,../data/unpacked_2500/@babel__plugin-transform-literals--plugin-transform-literals-7.27.1,../data/repacked_xz_2500/@babel__plugin-transform-literals--plugin-transform-literals-7.27.1.tar.xz,2372,8.784125006059185
@babel__plugin-transform-logical-assignment-operators--plugin-transform-logical-assignment-operators-7.28.6,repacked,../data/unpacked_2500/@babel__plugin-transform-logical-assignment-operators--plugin-transform-logical-assignment-operators-7.28.6,../data/repacked_xz_2500/@babel__plugin-transform-logical-assignment-operators--plugin-transform-logical-assignment-operators-7.28.6.tar.xz,3372,9.571417002007365
@babel__plugin-transform-member-expression-literals--plugin-transform-member-expression-literals-7.27.1,repacked,../data/unpacked_2500/@babel__plugin-transform-member-expression-literals--plugin-transform-member-expression-literals-7.27.1,../data/repacked_xz_2500/@babel__plugin-transform-member-expression-literals--plugin-transform-member-expression-literals-7.27.1.tar.xz,2488,8.944249988417141
@babel__plugin-transform-modules-amd--plugin-transform-modules-amd-7.27.1,repacked,../data/unpacked_2500/@babel__plugin-transform-modules-amd--plugin-transform-modules-amd-7.27.1,../data/repacked_xz_2500/@babel__plugin-transform-modules-amd--plugin-transform-modules-amd-7.27.1.tar.xz,6188,13.136875000782311
@babel__plugin-transform-modules-commonjs--plugin-transform-modules-commonjs-7.28.6,repacked,../data/unpacked_2500/@babel__plugin-transform-modules-commonjs--plugin-transform-modules-commonjs-7.28.6,../data/repacked_xz_2500/@babel__plugin-transform-modules-commonjs--plugin-transform-modules-commonjs-7.28.6.tar.xz,10736,18.443666005623527
@babel__plugin-transform-modules-systemjs--plugin-transform-modules-systemjs-7.29.4,repacked,../data/unpacked_2500/@babel__plugin-transform-modules-systemjs--plugin-transform-modules-systemjs-7.29.4,../data/repacked_xz_2500/@babel__plugin-transform-modules-systemjs--plugin-transform-modules-systemjs-7.29.4.tar.xz,13736,22.12287500151433
@babel__plugin-transform-modules-umd--plugin-transform-modules-umd-7.27.1,repacked,../data/unpacked_2500/@babel__plugin-transform-modules-umd--plugin-transform-modules-umd-7.27.1,../data/repacked_xz_2500/@babel__plugin-transform-modules-umd--plugin-transform-modules-umd-7.27.1.tar.xz,6928,14.449875001446344
@babel__plugin-transform-named-capturing-groups-regex--plugin-transform-named-capturing-groups-regex-7.29.0,repacked,../data/unpacked_2500/@babel__plugin-transform-named-capturing-groups-regex--plugin-transform-named-capturing-groups-regex-7.29.0,../data/repacked_xz_2500/@babel__plugin-transform-named-capturing-groups-regex--plugin-transform-named-capturing-groups-regex-7.29.0.tar.xz,2444,8.89379100408405
@babel__plugin-transform-new-target--plugin-transform-new-target-7.27.1,repacked,../data/unpacked_2500/@babel__plugin-transform-new-target--plugin-transform-new-target-7.27.1,../data/repacked_xz_2500/@babel__plugin-transform-new-target--plugin-transform-new-target-7.27.1.tar.xz,3736,9.78895800653845
@babel__plugin-transform-nullish-coalescing-operator--plugin-transform-nullish-coalescing-operator-7.28.6,repacked,../data/unpacked_2500/@babel__plugin-transform-nullish-coalescing-operator--plugin-transform-nullish-coalescing-operator-7.28.6,../data/repacked_xz_2500/@babel__plugin-transform-nullish-coalescing-operator--plugin-transform-nullish-coalescing-operator-7.28.6.tar.xz,3952,9.954666995326988
@babel__plugin-transform-numeric-separator--plugin-transform-numeric-separator-7.28.6,repacked,../data/unpacked_2500/@babel__plugin-transform-numeric-separator--plugin-transform-numeric-separator-7.28.6,../data/repacked_xz_2500/@babel__plugin-transform-numeric-separator--plugin-transform-numeric-separator-7.28.6.tar.xz,2760,9.175416998914443
@babel__plugin-transform-object-rest-spread--plugin-transform-object-rest-spread-7.28.6,repacked,../data/unpacked_2500/@babel__plugin-transform-object-rest-spread--plugin-transform-object-rest-spread-7.28.6,../data/repacked_xz_2500/@babel__plugin-transform-object-rest-spread--plugin-transform-object-rest-spread-7.28.6.tar.xz,19732,27.378290993510745
@babel__plugin-transform-object-super--plugin-transform-object-super-7.27.1,repacked,../data/unpacked_2500/@babel__plugin-transform-object-super--plugin-transform-object-super-7.27.1,../data/repacked_xz_2500/@babel__plugin-transform-object-super--plugin-transform-object-super-7.27.1.tar.xz,3616,9.843542007729411
@babel__plugin-transform-optional-catch-binding--plugin-transform-optional-catch-binding-7.28.6,repacked,../data/unpacked_2500/@babel__plugin-transform-optional-catch-binding--plugin-transform-optional-catch-binding-7.28.6,../data/repacked_xz_2500/@babel__plugin-transform-optional-catch-binding--plugin-transform-optional-catch-binding-7.28.6.tar.xz,2504,9.03420899703633
@babel__plugin-transform-optional-chaining--plugin-transform-optional-chaining-7.28.6,repacked,../data/unpacked_2500/@babel__plugin-transform-optional-chaining--plugin-transform-optional-chaining-7.28.6,../data/repacked_xz_2500/@babel__plugin-transform-optional-chaining--plugin-transform-optional-chaining-7.28.6.tar.xz,9868,15.516125000431202
@babel__plugin-transform-parameters--plugin-transform-parameters-7.27.7,repacked,../data/unpacked_2500/@babel__plugin-transform-parameters--plugin-transform-parameters-7.27.7,../data/repacked_xz_2500/@babel__plugin-transform-parameters--plugin-transform-parameters-7.27.7.tar.xz,16036,23.9884170005098
@babel__plugin-transform-private-methods--plugin-transform-private-methods-7.28.6,repacked,../data/unpacked_2500/@babel__plugin-transform-private-methods--plugin-transform-private-methods-7.28.6,../data/repacked_xz_2500/@babel__plugin-transform-private-methods--plugin-transform-private-methods-7.28.6.tar.xz,2528,9.054666006704792
@babel__plugin-transform-private-property-in-object--plugin-transform-private-property-in-object-7.28.6,repacked,../data/unpacked_2500/@babel__plugin-transform-private-property-in-object--plugin-transform-private-property-in-object-7.28.6,../data/repacked_xz_2500/@babel__plugin-transform-private-property-in-object--plugin-transform-private-property-in-object-7.28.6.tar.xz,6200,12.771999987307936
@babel__plugin-transform-property-literals--plugin-transform-property-literals-7.27.1,repacked,../data/unpacked_2500/@babel__plugin-transform-property-literals--plugin-transform-property-literals-7.27.1,../data/repacked_xz_2500/@babel__plugin-transform-property-literals--plugin-transform-property-literals-7.27.1.tar.xz,2448,8.771249995334074
@babel__plugin-transform-react-constant-elements--plugin-transform-react-constant-elements-7.27.1,repacked,../data/unpacked_2500/@babel__plugin-transform-react-constant-elements--plugin-transform-react-constant-elements-7.27.1,../data/repacked_xz_2500/@babel__plugin-transform-react-constant-elements--plugin-transform-react-constant-elements-7.27.1.tar.xz,7108,13.342999998712912
@babel__plugin-transform-react-display-name--plugin-transform-react-display-name-7.28.0,repacked,../data/unpacked_2500/@babel__plugin-transform-react-display-name--plugin-transform-react-display-name-7.28.0,../data/repacked_xz_2500/@babel__plugin-transform-react-display-name--plugin-transform-react-display-name-7.28.0.tar.xz,4464,10.869083998841234
@babel__plugin-transform-react-jsx--plugin-transform-react-jsx-7.28.6,repacked,../data/unpacked_2500/@babel__plugin-transform-react-jsx--plugin-transform-react-jsx-7.28.6,../data/repacked_xz_2500/@babel__plugin-transform-react-jsx--plugin-transform-react-jsx-7.28.6.tar.xz,17936,26.497999991988763
@babel__plugin-transform-react-jsx-development--plugin-transform-react-jsx-development-7.27.1,repacked,../data/unpacked_2500/@babel__plugin-transform-react-jsx-development--plugin-transform-react-jsx-development-7.27.1,../data/repacked_xz_2500/@babel__plugin-transform-react-jsx-development--plugin-transform-react-jsx-development-7.27.1.tar.xz,2004,8.150792011292651
@babel__plugin-transform-react-pure-annotations--plugin-transform-react-pure-annotations-7.27.1,repacked,../data/unpacked_2500/@babel__plugin-transform-react-pure-annotations--plugin-transform-react-pure-annotations-7.27.1,../data/repacked_xz_2500/@babel__plugin-transform-react-pure-annotations--plugin-transform-react-pure-annotations-7.27.1.tar.xz,3472,11.57441601390019
@babel__plugin-transform-regenerator--plugin-transform-regenerator-7.29.0,repacked,../data/unpacked_2500/@babel__plugin-transform-regenerator--plugin-transform-regenerator-7.29.0,../data/repacked_xz_2500/@babel__plugin-transform-regenerator--plugin-transform-regenerator-7.29.0.tar.xz,39212,54.39358300645836
@babel__plugin-transform-regexp-modifiers--plugin-transform-regexp-modifiers-7.28.6,repacked,../data/unpacked_2500/@babel__plugin-transform-regexp-modifiers--plugin-transform-regexp-modifiers-7.28.6,../data/repacked_xz_2500/@babel__plugin-transform-regexp-modifiers--plugin-transform-regexp-modifiers-7.28.6.tar.xz,2260,8.613250000053085
@babel__plugin-transform-reserved-words--plugin-transform-reserved-words-7.27.1,repacked,../data/unpacked_2500/@babel__plugin-transform-reserved-words--plugin-transform-reserved-words-7.27.1,../data/repacked_xz_2500/@babel__plugin-transform-reserved-words--plugin-transform-reserved-words-7.27.1.tar.xz,2320,8.316999999806285
@babel__plugin-transform-runtime--plugin-transform-runtime-7.29.0,repacked,../data/unpacked_2500/@babel__plugin-transform-runtime--plugin-transform-runtime-7.29.0,../data/repacked_xz_2500/@babel__plugin-transform-runtime--plugin-transform-runtime-7.29.0.tar.xz,10740,20.74812499631662
@babel__plugin-transform-shorthand-properties--plugin-transform-shorthand-properties-7.27.1,repacked,../data/unpacked_2500/@babel__plugin-transform-shorthand-properties--plugin-transform-shorthand-properties-7.27.1,../data/repacked_xz_2500/@babel__plugin-transform-shorthand-properties--plugin-transform-shorthand-properties-7.27.1.tar.xz,2844,9.411209000973031
@babel__plugin-transform-spread--plugin-transform-spread-7.28.6,repacked,../data/unpacked_2500/@babel__plugin-transform-spread--plugin-transform-spread-7.28.6,../data/repacked_xz_2500/@babel__plugin-transform-spread--plugin-transform-spread-7.28.6.tar.xz,6660,13.433125001029111
@babel__plugin-transform-sticky-regex--plugin-transform-sticky-regex-7.27.1,repacked,../data/unpacked_2500/@babel__plugin-transform-sticky-regex--plugin-transform-sticky-regex-7.27.1,../data/repacked_xz_2500/@babel__plugin-transform-sticky-regex--plugin-transform-sticky-regex-7.27.1.tar.xz,2452,8.763291989453137
@babel__plugin-transform-template-literals--plugin-transform-template-literals-7.27.1,repacked,../data/unpacked_2500/@babel__plugin-transform-template-literals--plugin-transform-template-literals-7.27.1,../data/repacked_xz_2500/@babel__plugin-transform-template-literals--plugin-transform-template-literals-7.27.1.tar.xz,5312,12.22904100723099
@babel__plugin-transform-typeof-symbol--plugin-transform-typeof-symbol-7.27.1,repacked,../data/unpacked_2500/@babel__plugin-transform-typeof-symbol--plugin-transform-typeof-symbol-7.27.1,../data/repacked_xz_2500/@babel__plugin-transform-typeof-symbol--plugin-transform-typeof-symbol-7.27.1.tar.xz,3936,10.146999993594363
@babel__plugin-transform-typescript--plugin-transform-typescript-7.28.6,repacked,../data/unpacked_2500/@babel__plugin-transform-typescript--plugin-transform-typescript-7.28.6,../data/repacked_xz_2500/@babel__plugin-transform-typescript--plugin-transform-typescript-7.28.6.tar.xz,29780,39.86058299778961
@babel__plugin-transform-unicode-escapes--plugin-transform-unicode-escapes-7.27.1,repacked,../data/unpacked_2500/@babel__plugin-transform-unicode-escapes--plugin-transform-unicode-escapes-7.27.1,../data/repacked_xz_2500/@babel__plugin-transform-unicode-escapes--plugin-transform-unicode-escapes-7.27.1.tar.xz,4716,11.722541006747633
@babel__plugin-transform-unicode-property-regex--plugin-transform-unicode-property-regex-7.28.6,repacked,../data/unpacked_2500/@babel__plugin-transform-unicode-property-regex--plugin-transform-unicode-property-regex-7.28.6,../data/repacked_xz_2500/@babel__plugin-transform-unicode-property-regex--plugin-transform-unicode-property-regex-7.28.6.tar.xz,2536,9.124500007601455
@babel__plugin-transform-unicode-regex--plugin-transform-unicode-regex-7.27.1,repacked,../data/unpacked_2500/@babel__plugin-transform-unicode-regex--plugin-transform-unicode-regex-7.27.1,../data/repacked_xz_2500/@babel__plugin-transform-unicode-regex--plugin-transform-unicode-regex-7.27.1.tar.xz,2180,8.017667001695372
@babel__plugin-transform-unicode-sets-regex--plugin-transform-unicode-sets-regex-7.28.6,repacked,../data/unpacked_2500/@babel__plugin-transform-unicode-sets-regex--plugin-transform-unicode-sets-regex-7.28.6,../data/repacked_xz_2500/@babel__plugin-transform-unicode-sets-regex--plugin-transform-unicode-sets-regex-7.28.6.tar.xz,2512,8.857292006723583
@babel__preset-env--preset-env-7.29.5,repacked,../data/unpacked_2500/@babel__preset-env--preset-env-7.29.5,../data/repacked_xz_2500/@babel__preset-env--preset-env-7.29.5.tar.xz,31168,50.42370800219942
@babel__preset-modules--preset-modules-0.1.6,repacked,../data/unpacked_2500/@babel__preset-modules--preset-modules-0.1.6,../data/repacked_xz_2500/@babel__preset-modules--preset-modules-0.1.6.tar.xz,10380,22.408417004044168
@babel__preset-react--preset-react-7.28.5,repacked,../data/unpacked_2500/@babel__preset-react--preset-react-7.28.5,../data/repacked_xz_2500/@babel__preset-react--preset-react-7.28.5.tar.xz,4188,11.576457996852696
@babel__preset-typescript--preset-typescript-7.28.5,repacked,../data/unpacked_2500/@babel__preset-typescript--preset-typescript-7.28.5,../data/repacked_xz_2500/@babel__preset-typescript--preset-typescript-7.28.5.tar.xz,7036,13.768415999948047
@babel__runtime--runtime-7.29.2,repacked,../data/unpacked_2500/@babel__runtime--runtime-7.29.2,../data/repacked_xz_2500/@babel__runtime--runtime-7.29.2.tar.xz,30268,102.51004200836178
@babel__runtime-corejs3--runtime-corejs3-7.29.2,repacked,../data/unpacked_2500/@babel__runtime-corejs3--runtime-corejs3-7.29.2,../data/repacked_xz_2500/@babel__runtime-corejs3--runtime-corejs3-7.29.2.tar.xz,39848,183.5241670050891
@babel__template--template-7.28.6,repacked,../data/unpacked_2500/@babel__template--template-7.28.6,../data/repacked_xz_2500/@babel__template--template-7.28.6.tar.xz,16536,27.20808400772512
@babel__traverse--traverse-7.29.0,repacked,../data/unpacked_2500/@babel__traverse--traverse-7.29.0,../data/repacked_xz_2500/@babel__traverse--traverse-7.29.0.tar.xz,134260,193.58016600017436
@babel__types--types-7.29.0,repacked,../data/unpacked_2500/@babel__types--types-7.29.0,../data/repacked_xz_2500/@babel__types--types-7.29.0.tar.xz,223324,469.6304999961285
@bcoe__v8-coverage--v8-coverage-1.0.2,repacked,../data/unpacked_2500/@bcoe__v8-coverage--v8-coverage-1.0.2,../data/repacked_xz_2500/@bcoe__v8-coverage--v8-coverage-1.0.2.tar.xz,7032,14.687083006720059
@colors__colors--colors-1.6.0,repacked,../data/unpacked_2500/@colors__colors--colors-1.6.0,../data/repacked_xz_2500/@colors__colors--colors-1.6.0.tar.xz,11200,20.5101250030566
@cspotcode__source-map-support--source-map-support-0.8.1,repacked,../data/unpacked_2500/@cspotcode__source-map-support--source-map-support-0.8.1,../data/repacked_xz_2500/@cspotcode__source-map-support--source-map-support-0.8.1.tar.xz,29352,30.236582999350503
@csstools__normalize.css--normalize.css-12.1.1,repacked,../data/unpacked_2500/@csstools__normalize.css--normalize.css-12.1.1,../data/repacked_xz_2500/@csstools__normalize.css--normalize.css-12.1.1.tar.xz,5676,11.410500010242686
@csstools__postcss-cascade-layers--postcss-cascade-layers-6.0.0,repacked,../data/unpacked_2500/@csstools__postcss-cascade-layers--postcss-cascade-layers-6.0.0,../data/repacked_xz_2500/@csstools__postcss-cascade-layers--postcss-cascade-layers-6.0.0.tar.xz,6516,12.845250006648712
@csstools__postcss-color-function--postcss-color-function-5.0.4,repacked,../data/unpacked_2500/@csstools__postcss-color-function--postcss-color-function-5.0.4,../data/repacked_xz_2500/@csstools__postcss-color-function--postcss-color-function-5.0.4.tar.xz,3488,9.750291996169835
@csstools__postcss-font-format-keywords--postcss-font-format-keywords-5.0.0,repacked,../data/unpacked_2500/@csstools__postcss-font-format-keywords--postcss-font-format-keywords-5.0.0,../data/repacked_xz_2500/@csstools__postcss-font-format-keywords--postcss-font-format-keywords-5.0.0.tar.xz,3244,9.077499998966232
@csstools__postcss-hwb-function--postcss-hwb-function-5.0.4,repacked,../data/unpacked_2500/@csstools__postcss-hwb-function--postcss-hwb-function-5.0.4,../data/repacked_xz_2500/@csstools__postcss-hwb-function--postcss-hwb-function-5.0.4.tar.xz,3016,9.204417001456022
@csstools__postcss-ic-unit--postcss-ic-unit-5.0.1,repacked,../data/unpacked_2500/@csstools__postcss-ic-unit--postcss-ic-unit-5.0.1,../data/repacked_xz_2500/@csstools__postcss-ic-unit--postcss-ic-unit-5.0.1.tar.xz,3204,9.542333995341323
@csstools__postcss-is-pseudo-class--postcss-is-pseudo-class-6.0.0,repacked,../data/unpacked_2500/@csstools__postcss-is-pseudo-class--postcss-is-pseudo-class-6.0.0,../data/repacked_xz_2500/@csstools__postcss-is-pseudo-class--postcss-is-pseudo-class-6.0.0.tar.xz,6384,12.864292002632283
@csstools__postcss-nested-calc--postcss-nested-calc-5.0.0,repacked,../data/unpacked_2500/@csstools__postcss-nested-calc--postcss-nested-calc-5.0.0,../data/repacked_xz_2500/@csstools__postcss-nested-calc--postcss-nested-calc-5.0.0.tar.xz,2860,9.293874987633899
@csstools__postcss-normalize-display-values--postcss-normalize-display-values-5.0.1,repacked,../data/unpacked_2500/@csstools__postcss-normalize-display-values--postcss-normalize-display-values-5.0.1,../data/repacked_xz_2500/@csstools__postcss-normalize-display-values--postcss-normalize-display-values-5.0.1.tar.xz,3396,10.4572079872014
@csstools__postcss-oklab-function--postcss-oklab-function-5.0.4,repacked,../data/unpacked_2500/@csstools__postcss-oklab-function--postcss-oklab-function-5.0.4,../data/repacked_xz_2500/@csstools__postcss-oklab-function--postcss-oklab-function-5.0.4.tar.xz,4004,10.289958998328075
@csstools__postcss-progressive-custom-properties--postcss-progressive-custom-properties-5.1.0,repacked,../data/unpacked_2500/@csstools__postcss-progressive-custom-properties--postcss-progressive-custom-properties-5.1.0,../data/repacked_xz_2500/@csstools__postcss-progressive-custom-properties--postcss-progressive-custom-properties-5.1.0.tar.xz,5272,12.35074999567587
@csstools__postcss-stepped-value-functions--postcss-stepped-value-functions-5.0.3,repacked,../data/unpacked_2500/@csstools__postcss-stepped-value-functions--postcss-stepped-value-functions-5.0.3,../data/repacked_xz_2500/@csstools__postcss-stepped-value-functions--postcss-stepped-value-functions-5.0.3.tar.xz,2952,9.596542004146613
@csstools__postcss-text-decoration-shorthand--postcss-text-decoration-shorthand-5.0.3,repacked,../data/unpacked_2500/@csstools__postcss-text-decoration-shorthand--postcss-text-decoration-shorthand-5.0.3,../data/repacked_xz_2500/@csstools__postcss-text-decoration-shorthand--postcss-text-decoration-shorthand-5.0.3.tar.xz,3612,10.332125006243587
@csstools__postcss-trigonometric-functions--postcss-trigonometric-functions-5.0.3,repacked,../data/unpacked_2500/@csstools__postcss-trigonometric-functions--postcss-trigonometric-functions-5.0.3,../data/repacked_xz_2500/@csstools__postcss-trigonometric-functions--postcss-trigonometric-functions-5.0.3.tar.xz,3372,9.786500013433397
@csstools__postcss-unset-value--postcss-unset-value-5.0.0,repacked,../data/unpacked_2500/@csstools__postcss-unset-value--postcss-unset-value-5.0.0,../data/repacked_xz_2500/@csstools__postcss-unset-value--postcss-unset-value-5.0.0.tar.xz,4856,10.644249996403232
@csstools__selector-specificity--selector-specificity-6.0.0,repacked,../data/unpacked_2500/@csstools__selector-specificity--selector-specificity-6.0.0,../data/repacked_xz_2500/@csstools__selector-specificity--selector-specificity-6.0.0.tar.xz,3700,10.780500000691973
@dabh__diagnostics--diagnostics-2.0.8,repacked,../data/unpacked_2500/@dabh__diagnostics--diagnostics-2.0.8,../data/repacked_xz_2500/@dabh__diagnostics--diagnostics-2.0.8.tar.xz,10236,19.75549999042414
@emnapi__runtime--runtime-1.10.0,repacked,../data/unpacked_2500/@emnapi__runtime--runtime-1.10.0,../data/repacked_xz_2500/@emnapi__runtime--runtime-1.10.0.tar.xz,30584,75.4943330102833
@emotion__babel-plugin--babel-plugin-11.13.5,repacked,../data/unpacked_2500/@emotion__babel-plugin--babel-plugin-11.13.5,../data/repacked_xz_2500/@emotion__babel-plugin--babel-plugin-11.13.5.tar.xz,20748,37.798499994096346
@emotion__cache--cache-11.14.0,repacked,../data/unpacked_2500/@emotion__cache--cache-11.14.0,../data/repacked_xz_2500/@emotion__cache--cache-11.14.0.tar.xz,14548,42.114209005376324
@emotion__hash--hash-0.9.2,repacked,../data/unpacked_2500/@emotion__hash--hash-0.9.2,../data/repacked_xz_2500/@emotion__hash--hash-0.9.2.tar.xz,3160,13.74962500995025
@emotion__is-prop-valid--is-prop-valid-1.4.0,repacked,../data/unpacked_2500/@emotion__is-prop-valid--is-prop-valid-1.4.0,../data/repacked_xz_2500/@emotion__is-prop-valid--is-prop-valid-1.4.0.tar.xz,7692,15.018499994766898
@emotion__memoize--memoize-0.9.0,repacked,../data/unpacked_2500/@emotion__memoize--memoize-0.9.0,../data/repacked_xz_2500/@emotion__memoize--memoize-0.9.0.tar.xz,2428,11.658834002446383
@emotion__react--react-11.14.0,repacked,../data/unpacked_2500/@emotion__react--react-11.14.0,../data/repacked_xz_2500/@emotion__react--react-11.14.0.tar.xz,67760,143.99066699843388
@emotion__serialize--serialize-1.3.3,repacked,../data/unpacked_2500/@emotion__serialize--serialize-1.3.3,../data/repacked_xz_2500/@emotion__serialize--serialize-1.3.3.tar.xz,8052,19.700666001881473
@emotion__sheet--sheet-1.4.0,repacked,../data/unpacked_2500/@emotion__sheet--sheet-1.4.0,../data/repacked_xz_2500/@emotion__sheet--sheet-1.4.0.tar.xz,6032,16.551833992707543
@emotion__styled--styled-11.14.1,repacked,../data/unpacked_2500/@emotion__styled--styled-11.14.1,../data/repacked_xz_2500/@emotion__styled--styled-11.14.1.tar.xz,27996,56.9925419986248
@emotion__stylis--stylis-0.8.5,repacked,../data/unpacked_2500/@emotion__stylis--stylis-0.8.5,../data/repacked_xz_2500/@emotion__stylis--stylis-0.8.5.tar.xz,11052,29.71712499856949
@emotion__unitless--unitless-0.10.0,repacked,../data/unpacked_2500/@emotion__unitless--unitless-0.10.0,../data/repacked_xz_2500/@emotion__unitless--unitless-0.10.0.tar.xz,2776,11.510625001392327
@emotion__use-insertion-effect-with-fallbacks--use-insertion-effect-with-fallbacks-1.2.0,repacked,../data/unpacked_2500/@emotion__use-insertion-effect-with-fallbacks--use-insertion-effect-with-fallbacks-1.2.0,../data/repacked_xz_2500/@emotion__use-insertion-effect-with-fallbacks--use-insertion-effect-with-fallbacks-1.2.0.tar.xz,3336,13.572708994615823
@emotion__utils--utils-1.4.2,repacked,../data/unpacked_2500/@emotion__utils--utils-1.4.2,../data/repacked_xz_2500/@emotion__utils--utils-1.4.2.tar.xz,4124,15.226208008243702
@emotion__weak-memoize--weak-memoize-0.4.0,repacked,../data/unpacked_2500/@emotion__weak-memoize--weak-memoize-0.4.0,../data/repacked_xz_2500/@emotion__weak-memoize--weak-memoize-0.4.0.tar.xz,2872,11.609082997892983
@esbuild__aix-ppc64--aix-ppc64-0.28.0,repacked,../data/unpacked_2500/@esbuild__aix-ppc64--aix-ppc64-0.28.0,../data/repacked_xz_2500/@esbuild__aix-ppc64--aix-ppc64-0.28.0.tar.xz,3130660,3210.79433299019
@esbuild__android-arm--android-arm-0.28.0,repacked,../data/unpacked_2500/@esbuild__android-arm--android-arm-0.28.0,../data/repacked_xz_2500/@esbuild__android-arm--android-arm-0.28.0.tar.xz,2611164,3915.675874988665
@esbuild__android-arm64--android-arm64-0.28.0,repacked,../data/unpacked_2500/@esbuild__android-arm64--android-arm64-0.28.0,../data/repacked_xz_2500/@esbuild__android-arm64--android-arm64-0.28.0.tar.xz,3192316,3002.823624992743
@esbuild__android-x64--android-x64-0.28.0,repacked,../data/unpacked_2500/@esbuild__android-x64--android-x64-0.28.0,../data/repacked_xz_2500/@esbuild__android-x64--android-x64-0.28.0.tar.xz,2611088,3914.454375000787
@esbuild__darwin-arm64--darwin-arm64-0.28.0,repacked,../data/unpacked_2500/@esbuild__darwin-arm64--darwin-arm64-0.28.0,../data/repacked_xz_2500/@esbuild__darwin-arm64--darwin-arm64-0.28.0.tar.xz,3186184,2629.3688340083463
@esbuild__darwin-x64--darwin-x64-0.28.0,repacked,../data/unpacked_2500/@esbuild__darwin-x64--darwin-x64-0.28.0,../data/repacked_xz_2500/@esbuild__darwin-x64--darwin-x64-0.28.0.tar.xz,3672708,3068.6832920036977
@esbuild__freebsd-arm64--freebsd-arm64-0.28.0,repacked,../data/unpacked_2500/@esbuild__freebsd-arm64--freebsd-arm64-0.28.0,../data/repacked_xz_2500/@esbuild__freebsd-arm64--freebsd-arm64-0.28.0.tar.xz,3052336,2638.175375002902
@esbuild__freebsd-x64--freebsd-x64-0.28.0,repacked,../data/unpacked_2500/@esbuild__freebsd-x64--freebsd-x64-0.28.0,../data/repacked_xz_2500/@esbuild__freebsd-x64--freebsd-x64-0.28.0.tar.xz,3621732,3454.5697499997914
@esbuild__linux-arm--linux-arm-0.28.0,repacked,../data/unpacked_2500/@esbuild__linux-arm--linux-arm-0.28.0,../data/repacked_xz_2500/@esbuild__linux-arm--linux-arm-0.28.0.tar.xz,3172828,3073.96150000568
@esbuild__linux-arm64--linux-arm64-0.28.0,repacked,../data/unpacked_2500/@esbuild__linux-arm64--linux-arm64-0.28.0,../data/repacked_xz_2500/@esbuild__linux-arm64--linux-arm64-0.28.0.tar.xz,3068404,2698.0719590064837
@esbuild__linux-ia32--linux-ia32-0.28.0,repacked,../data/unpacked_2500/@esbuild__linux-ia32--linux-ia32-0.28.0,../data/repacked_xz_2500/@esbuild__linux-ia32--linux-ia32-0.28.0.tar.xz,3417336,2923.078207997605
@esbuild__linux-loong64--linux-loong64-0.28.0,repacked,../data/unpacked_2500/@esbuild__linux-loong64--linux-loong64-0.28.0,../data/repacked_xz_2500/@esbuild__linux-loong64--linux-loong64-0.28.0.tar.xz,3201544,2949.854292004602
@esbuild__linux-mips64el--linux-mips64el-0.28.0,repacked,../data/unpacked_2500/@esbuild__linux-mips64el--linux-mips64el-0.28.0,../data/repacked_xz_2500/@esbuild__linux-mips64el--linux-mips64el-0.28.0.tar.xz,2856116,3296.3950419944013
@esbuild__linux-ppc64--linux-ppc64-0.28.0,repacked,../data/unpacked_2500/@esbuild__linux-ppc64--linux-ppc64-0.28.0,../data/repacked_xz_2500/@esbuild__linux-ppc64--linux-ppc64-0.28.0.tar.xz,3083024,2865.5255420017056
@esbuild__linux-riscv64--linux-riscv64-0.28.0,repacked,../data/unpacked_2500/@esbuild__linux-riscv64--linux-riscv64-0.28.0,../data/repacked_xz_2500/@esbuild__linux-riscv64--linux-riscv64-0.28.0.tar.xz,3385008,2438.480457989499
@esbuild__linux-s390x--linux-s390x-0.28.0,repacked,../data/unpacked_2500/@esbuild__linux-s390x--linux-s390x-0.28.0,../data/repacked_xz_2500/@esbuild__linux-s390x--linux-s390x-0.28.0.tar.xz,3313400,3136.0325000132434
@esbuild__linux-x64--linux-x64-0.28.0,repacked,../data/unpacked_2500/@esbuild__linux-x64--linux-x64-0.28.0,../data/repacked_xz_2500/@esbuild__linux-x64--linux-x64-0.28.0.tar.xz,3639636,3099.191957997391
@esbuild__netbsd-x64--netbsd-x64-0.28.0,repacked,../data/unpacked_2500/@esbuild__netbsd-x64--netbsd-x64-0.28.0,../data/repacked_xz_2500/@esbuild__netbsd-x64--netbsd-x64-0.28.0.tar.xz,3610640,3125.5141669971636
@esbuild__openbsd-x64--openbsd-x64-0.28.0,repacked,../data/unpacked_2500/@esbuild__openbsd-x64--openbsd-x64-0.28.0,../data/repacked_xz_2500/@esbuild__openbsd-x64--openbsd-x64-0.28.0.tar.xz,3615560,3247.3004159983248
@esbuild__sunos-x64--sunos-x64-0.28.0,repacked,../data/unpacked_2500/@esbuild__sunos-x64--sunos-x64-0.28.0,../data/repacked_xz_2500/@esbuild__sunos-x64--sunos-x64-0.28.0.tar.xz,3619348,3226.138375001028
@esbuild__win32-arm64--win32-arm64-0.28.0,repacked,../data/unpacked_2500/@esbuild__win32-arm64--win32-arm64-0.28.0,../data/repacked_xz_2500/@esbuild__win32-arm64--win32-arm64-0.28.0.tar.xz,3094372,2740.541374994791
@esbuild__win32-ia32--win32-ia32-0.28.0,repacked,../data/unpacked_2500/@esbuild__win32-ia32--win32-ia32-0.28.0,../data/repacked_xz_2500/@esbuild__win32-ia32--win32-ia32-0.28.0.tar.xz,3544876,2995.5421249906067
@esbuild__win32-x64--win32-x64-0.28.0,repacked,../data/unpacked_2500/@esbuild__win32-x64--win32-x64-0.28.0,../data/repacked_xz_2500/@esbuild__win32-x64--win32-x64-0.28.0.tar.xz,3698328,3297.5847080087988
@eslint-community__eslint-utils--eslint-utils-4.9.1,repacked,../data/unpacked_2500/@eslint-community__eslint-utils--eslint-utils-4.9.1,../data/repacked_xz_2500/@eslint-community__eslint-utils--eslint-utils-4.9.1.tar.xz,32248,85.58070799335837
@eslint-community__regexpp--regexpp-4.12.2,repacked,../data/unpacked_2500/@eslint-community__regexpp--regexpp-4.12.2,../data/repacked_xz_2500/@eslint-community__regexpp--regexpp-4.12.2.tar.xz,35448,81.48433300084434
@eslint__eslintrc--eslintrc-3.3.5,repacked,../data/unpacked_2500/@eslint__eslintrc--eslintrc-3.3.5,../data/repacked_xz_2500/@eslint__eslintrc--eslintrc-3.3.5.tar.xz,60632,141.7333330027759
@eslint__js--js-10.0.1,repacked,../data/unpacked_2500/@eslint__js--js-10.0.1,../data/repacked_xz_2500/@eslint__js--js-10.0.1.tar.xz,4544,13.863917003618553
@ethersproject__abi--abi-5.8.0,repacked,../data/unpacked_2500/@ethersproject__abi--abi-5.8.0,../data/repacked_xz_2500/@ethersproject__abi--abi-5.8.0.tar.xz,48076,150.07887499814387
@ethersproject__abstract-provider--abstract-provider-5.8.0,repacked,../data/unpacked_2500/@ethersproject__abstract-provider--abstract-provider-5.8.0,../data/repacked_xz_2500/@ethersproject__abstract-provider--abstract-provider-5.8.0.tar.xz,10188,27.59870799491182
@ethersproject__abstract-signer--abstract-signer-5.8.0,repacked,../data/unpacked_2500/@ethersproject__abstract-signer--abstract-signer-5.8.0,../data/repacked_xz_2500/@ethersproject__abstract-signer--abstract-signer-5.8.0.tar.xz,13028,31.567708996590227
@ethersproject__address--address-5.8.0,repacked,../data/unpacked_2500/@ethersproject__address--address-5.8.0,../data/repacked_xz_2500/@ethersproject__address--address-5.8.0.tar.xz,6740,21.076250006444752
@ethersproject__base64--base64-5.8.0,repacked,../data/unpacked_2500/@ethersproject__base64--base64-5.8.0,../data/repacked_xz_2500/@ethersproject__base64--base64-5.8.0.tar.xz,3996,20.58354100154247
@ethersproject__bignumber--bignumber-5.8.0,repacked,../data/unpacked_2500/@ethersproject__bignumber--bignumber-5.8.0,../data/repacked_xz_2500/@ethersproject__bignumber--bignumber-5.8.0.tar.xz,16036,44.26579199207481
@ethersproject__bytes--bytes-5.8.0,repacked,../data/unpacked_2500/@ethersproject__bytes--bytes-5.8.0,../data/repacked_xz_2500/@ethersproject__bytes--bytes-5.8.0.tar.xz,9992,27.93895899958443
@ethersproject__constants--constants-5.8.0,repacked,../data/unpacked_2500/@ethersproject__constants--constants-5.8.0,../data/repacked_xz_2500/@ethersproject__constants--constants-5.8.0.tar.xz,5124,28.95137498853728
@ethersproject__hash--hash-5.8.0,repacked,../data/unpacked_2500/@ethersproject__hash--hash-5.8.0,../data/repacked_xz_2500/@ethersproject__hash--hash-5.8.0.tar.xz,38616,70.06383300176822
@ethersproject__keccak256--keccak256-5.8.0,repacked,../data/unpacked_2500/@ethersproject__keccak256--keccak256-5.8.0,../data/repacked_xz_2500/@ethersproject__keccak256--keccak256-5.8.0.tar.xz,3300,15.367458006949164
@ethersproject__logger--logger-5.8.0,repacked,../data/unpacked_2500/@ethersproject__logger--logger-5.8.0,../data/repacked_xz_2500/@ethersproject__logger--logger-5.8.0.tar.xz,9704,23.94537499640137
@ethersproject__networks--networks-5.8.0,repacked,../data/unpacked_2500/@ethersproject__networks--networks-5.8.0,../data/repacked_xz_2500/@ethersproject__networks--networks-5.8.0.tar.xz,7428,23.949541995534673
@ethersproject__properties--properties-5.8.0,repacked,../data/unpacked_2500/@ethersproject__properties--properties-5.8.0,../data/repacked_xz_2500/@ethersproject__properties--properties-5.8.0.tar.xz,7200,20.338582995464094
@ethersproject__rlp--rlp-5.8.0,repacked,../data/unpacked_2500/@ethersproject__rlp--rlp-5.8.0,../data/repacked_xz_2500/@ethersproject__rlp--rlp-5.8.0.tar.xz,5656,18.788333996781148
@ethersproject__sha2--sha2-5.8.0,repacked,../data/unpacked_2500/@ethersproject__sha2--sha2-5.8.0,../data/repacked_xz_2500/@ethersproject__sha2--sha2-5.8.0.tar.xz,5472,22.740624990547076
@ethersproject__signing-key--signing-key-5.8.0,repacked,../data/unpacked_2500/@ethersproject__signing-key--signing-key-5.8.0,../data/repacked_xz_2500/@ethersproject__signing-key--signing-key-5.8.0.tar.xz,38136,73.2615419983631
@ethersproject__strings--strings-5.8.0,repacked,../data/unpacked_2500/@ethersproject__strings--strings-5.8.0,../data/repacked_xz_2500/@ethersproject__strings--strings-5.8.0.tar.xz,15744,42.22291700716596
@ethersproject__transactions--transactions-5.8.0,repacked,../data/unpacked_2500/@ethersproject__transactions--transactions-5.8.0,../data/repacked_xz_2500/@ethersproject__transactions--transactions-5.8.0.tar.xz,12020,29.98154200031422
@ethersproject__web--web-5.8.0,repacked,../data/unpacked_2500/@ethersproject__web--web-5.8.0,../data/repacked_xz_2500/@ethersproject__web--web-5.8.0.tar.xz,18176,42.95087499485817
@floating-ui__core--core-1.7.5,repacked,../data/unpacked_2500/@floating-ui__core--core-1.7.5,../data/repacked_xz_2500/@floating-ui__core--core-1.7.5.tar.xz,21084,42.8195419954136
@floating-ui__dom--dom-1.7.6,repacked,../data/unpacked_2500/@floating-ui__dom--dom-1.7.6,../data/repacked_xz_2500/@floating-ui__dom--dom-1.7.6.tar.xz,19252,35.63845899770968
@floating-ui__react-dom--react-dom-2.1.8,repacked,../data/unpacked_2500/@floating-ui__react-dom--react-dom-2.1.8,../data/repacked_xz_2500/@floating-ui__react-dom--react-dom-2.1.8.tar.xz,8936,19.562540997867472
@floating-ui__utils--utils-0.2.11,repacked,../data/unpacked_2500/@floating-ui__utils--utils-0.2.11,../data/repacked_xz_2500/@floating-ui__utils--utils-0.2.11.tar.xz,8824,22.162791006849147
@gar__promisify--promisify-1.1.3,repacked,../data/unpacked_2500/@gar__promisify--promisify-1.1.3,../data/repacked_xz_2500/@gar__promisify--promisify-1.1.3.tar.xz,2232,8.286958007374778
@grpc__grpc-js--grpc-js-1.14.4,repacked,../data/unpacked_2500/@grpc__grpc-js--grpc-js-1.14.4,../data/repacked_xz_2500/@grpc__grpc-js--grpc-js-1.14.4.tar.xz,290628,745.3762079967419
@grpc__proto-loader--proto-loader-0.8.1,repacked,../data/unpacked_2500/@grpc__proto-loader--proto-loader-0.8.1,../data/repacked_xz_2500/@grpc__proto-loader--proto-loader-0.8.1.tar.xz,23196,36.11166699556634
@hapi__address--address-5.1.1,repacked,../data/unpacked_2500/@hapi__address--address-5.1.1,../data/repacked_xz_2500/@hapi__address--address-5.1.1.tar.xz,16964,42.10816600243561
@hapi__bourne--bourne-3.0.0,repacked,../data/unpacked_2500/@hapi__bourne--bourne-3.0.0,../data/repacked_xz_2500/@hapi__bourne--bourne-3.0.0.tar.xz,3144,9.451665988308378
@hapi__hoek--hoek-11.0.7,repacked,../data/unpacked_2500/@hapi__hoek--hoek-11.0.7,../data/repacked_xz_2500/@hapi__hoek--hoek-11.0.7.tar.xz,14380,33.21800001140218
@hapi__topo--topo-6.0.2,repacked,../data/unpacked_2500/@hapi__topo--topo-6.0.2,../data/repacked_xz_2500/@hapi__topo--topo-6.0.2.tar.xz,3916,10.369582989369519
@hono__node-server--node-server-2.0.4,repacked,../data/unpacked_2500/@hono__node-server--node-server-2.0.4,../data/repacked_xz_2500/@hono__node-server--node-server-2.0.4.tar.xz,17364,30.38862500397954
@humanwhocodes__config-array--config-array-0.13.0,repacked,../data/unpacked_2500/@humanwhocodes__config-array--config-array-0.13.0,../data/repacked_xz_2500/@humanwhocodes__config-array--config-array-0.13.0.tar.xz,15048,19.670458990731277
@humanwhocodes__module-importer--module-importer-1.0.1,repacked,../data/unpacked_2500/@humanwhocodes__module-importer--module-importer-1.0.1,../data/repacked_xz_2500/@humanwhocodes__module-importer--module-importer-1.0.1.tar.xz,7252,14.954917001887225
@humanwhocodes__object-schema--object-schema-2.0.3,repacked,../data/unpacked_2500/@humanwhocodes__object-schema--object-schema-2.0.3,../data/repacked_xz_2500/@humanwhocodes__object-schema--object-schema-2.0.3.tar.xz,6036,14.65920799819287
@inquirer__confirm--confirm-6.0.13,repacked,../data/unpacked_2500/@inquirer__confirm--confirm-6.0.13,../data/repacked_xz_2500/@inquirer__confirm--confirm-6.0.13.tar.xz,3116,9.38020899775438
@inquirer__core--core-11.1.10,repacked,../data/unpacked_2500/@inquirer__core--core-11.1.10,../data/repacked_xz_2500/@inquirer__core--core-11.1.10.tar.xz,16492,30.2231249952456
@inquirer__external-editor--external-editor-3.0.0,repacked,../data/unpacked_2500/@inquirer__external-editor--external-editor-3.0.0,../data/repacked_xz_2500/@inquirer__external-editor--external-editor-3.0.0.tar.xz,5764,16.419500010670163
@inquirer__figures--figures-2.0.5,repacked,../data/unpacked_2500/@inquirer__figures--figures-2.0.5,../data/repacked_xz_2500/@inquirer__figures--figures-2.0.5.tar.xz,4652,12.369707998004742
@inquirer__input--input-5.0.13,repacked,../data/unpacked_2500/@inquirer__input--input-5.0.13,../data/repacked_xz_2500/@inquirer__input--input-5.0.13.tar.xz,4412,11.36995799606666
@inquirer__select--select-5.1.5,repacked,../data/unpacked_2500/@inquirer__select--select-5.1.5,../data/repacked_xz_2500/@inquirer__select--select-5.1.5.tar.xz,5856,11.976207999396138
@inquirer__type--type-4.0.5,repacked,../data/unpacked_2500/@inquirer__type--type-4.0.5,../data/repacked_xz_2500/@inquirer__type--type-4.0.5.tar.xz,2724,10.317499996745028
@isaacs__cliui--cliui-9.0.0,repacked,../data/unpacked_2500/@isaacs__cliui--cliui-9.0.0,../data/repacked_xz_2500/@isaacs__cliui--cliui-9.0.0.tar.xz,40820,104.24433399748523
@istanbuljs__load-nyc-config--load-nyc-config-1.1.0,repacked,../data/unpacked_2500/@istanbuljs__load-nyc-config--load-nyc-config-1.1.0,../data/repacked_xz_2500/@istanbuljs__load-nyc-config--load-nyc-config-1.1.0.tar.xz,4332,11.163417002535425
@istanbuljs__schema--schema-0.1.6,repacked,../data/unpacked_2500/@istanbuljs__schema--schema-0.1.6,../data/repacked_xz_2500/@istanbuljs__schema--schema-0.1.6.tar.xz,5596,12.799959004041739
@jest__console--console-30.4.1,repacked,../data/unpacked_2500/@jest__console--console-30.4.1,../data/repacked_xz_2500/@jest__console--console-30.4.1.tar.xz,4656,12.75354198878631
@jest__core--core-30.4.2,repacked,../data/unpacked_2500/@jest__core--core-30.4.2,../data/repacked_xz_2500/@jest__core--core-30.4.2.tar.xz,25304,34.103707992471755
@jest__environment--environment-30.4.1,repacked,../data/unpacked_2500/@jest__environment--environment-30.4.1,../data/repacked_xz_2500/@jest__environment--environment-30.4.1.tar.xz,6060,12.402957989252172
@jest__expect-utils--expect-utils-30.4.1,repacked,../data/unpacked_2500/@jest__expect-utils--expect-utils-30.4.1,../data/repacked_xz_2500/@jest__expect-utils--expect-utils-30.4.1.tar.xz,8808,15.28333401074633
@jest__fake-timers--fake-timers-30.4.1,repacked,../data/unpacked_2500/@jest__fake-timers--fake-timers-30.4.1,../data/repacked_xz_2500/@jest__fake-timers--fake-timers-30.4.1.tar.xz,6744,14.527625011396594
@jest__globals--globals-30.4.1,repacked,../data/unpacked_2500/@jest__globals--globals-30.4.1,../data/repacked_xz_2500/@jest__globals--globals-30.4.1.tar.xz,2220,8.747583007789217
@jest__reporters--reporters-30.4.1,repacked,../data/unpacked_2500/@jest__reporters--reporters-30.4.1,../data/repacked_xz_2500/@jest__reporters--reporters-30.4.1.tar.xz,23980,30.19404200313147
@jest__schemas--schemas-30.4.1,repacked,../data/unpacked_2500/@jest__schemas--schemas-30.4.1,../data/repacked_xz_2500/@jest__schemas--schemas-30.4.1.tar.xz,6820,15.866875008214265
@jest__source-map--source-map-30.0.1,repacked,../data/unpacked_2500/@jest__source-map--source-map-30.0.1,../data/repacked_xz_2500/@jest__source-map--source-map-30.0.1.tar.xz,2852,9.864375009783544
@jest__test-result--test-result-30.4.1,repacked,../data/unpacked_2500/@jest__test-result--test-result-30.4.1,../data/repacked_xz_2500/@jest__test-result--test-result-30.4.1.tar.xz,4848,12.984499990125187
@jest__test-sequencer--test-sequencer-30.4.1,repacked,../data/unpacked_2500/@jest__test-sequencer--test-sequencer-30.4.1,../data/repacked_xz_2500/@jest__test-sequencer--test-sequencer-30.4.1.tar.xz,4636,11.352917004842311
@jest__transform--transform-30.4.1,repacked,../data/unpacked_2500/@jest__transform--transform-30.4.1,../data/repacked_xz_2500/@jest__transform--transform-30.4.1.tar.xz,11844,18.161458006943576
@jest__types--types-30.4.1,repacked,../data/unpacked_2500/@jest__types--types-30.4.1,../data/repacked_xz_2500/@jest__types--types-30.4.1.tar.xz,8180,16.01808400300797
@jridgewell__gen-mapping--gen-mapping-0.3.13,repacked,../data/unpacked_2500/@jridgewell__gen-mapping--gen-mapping-0.3.13,../data/repacked_xz_2500/@jridgewell__gen-mapping--gen-mapping-0.3.13.tar.xz,13824,30.628666005213745
@jridgewell__remapping--remapping-2.3.5,repacked,../data/unpacked_2500/@jridgewell__remapping--remapping-2.3.5,../data/repacked_xz_2500/@jridgewell__remapping--remapping-2.3.5.tar.xz,11868,27.033082995330915
@jridgewell__resolve-uri--resolve-uri-3.1.2,repacked,../data/unpacked_2500/@jridgewell__resolve-uri--resolve-uri-3.1.2,../data/repacked_xz_2500/@jridgewell__resolve-uri--resolve-uri-3.1.2.tar.xz,8268,19.750958002987318
@jridgewell__source-map--source-map-0.3.11,repacked,../data/unpacked_2500/@jridgewell__source-map--source-map-0.3.11,../data/repacked_xz_2500/@jridgewell__source-map--source-map-0.3.11.tar.xz,7172,17.359417004627176
@jridgewell__sourcemap-codec--sourcemap-codec-1.5.5,repacked,../data/unpacked_2500/@jridgewell__sourcemap-codec--sourcemap-codec-1.5.5,../data/repacked_xz_2500/@jridgewell__sourcemap-codec--sourcemap-codec-1.5.5.tar.xz,12612,29.665750000276603
@jridgewell__trace-mapping--trace-mapping-0.3.31,repacked,../data/unpacked_2500/@jridgewell__trace-mapping--trace-mapping-0.3.31,../data/repacked_xz_2500/@jridgewell__trace-mapping--trace-mapping-0.3.31.tar.xz,20536,45.62370799249038
@leichtgewicht__ip-codec--ip-codec-2.0.5,repacked,../data/unpacked_2500/@leichtgewicht__ip-codec--ip-codec-2.0.5,../data/repacked_xz_2500/@leichtgewicht__ip-codec--ip-codec-2.0.5.tar.xz,4936,12.669083007494919
@modelcontextprotocol__sdk--sdk-1.29.0,repacked,../data/unpacked_2500/@modelcontextprotocol__sdk--sdk-1.29.0,../data/repacked_xz_2500/@modelcontextprotocol__sdk--sdk-1.29.0.tar.xz,281844,989.2577920109034
@mrmlnc__readdir-enhanced--readdir-enhanced-2.2.1,repacked,../data/unpacked_2500/@mrmlnc__readdir-enhanced--readdir-enhanced-2.2.1,../data/repacked_xz_2500/@mrmlnc__readdir-enhanced--readdir-enhanced-2.2.1.tar.xz,13756,22.608417013543658
@next__env--env-16.2.6,repacked,../data/unpacked_2500/@next__env--env-16.2.6,../data/repacked_xz_2500/@next__env--env-16.2.6.tar.xz,4880,11.684249999234453
@next__swc-darwin-arm64--swc-darwin-arm64-16.2.6,repacked,../data/unpacked_2500/@next__swc-darwin-arm64--swc-darwin-arm64-16.2.6,../data/repacked_xz_2500/@next__swc-darwin-arm64--swc-darwin-arm64-16.2.6.tar.xz,22669156,44837.44320800179
@next__swc-darwin-x64--swc-darwin-x64-16.2.6,repacked,../data/unpacked_2500/@next__swc-darwin-x64--swc-darwin-x64-16.2.6,../data/repacked_xz_2500/@next__swc-darwin-x64--swc-darwin-x64-16.2.6.tar.xz,25519964,45527.235292000114
@next__swc-linux-arm64-gnu--swc-linux-arm64-gnu-16.2.6,repacked,../data/unpacked_2500/@next__swc-linux-arm64-gnu--swc-linux-arm64-gnu-16.2.6,../data/repacked_xz_2500/@next__swc-linux-arm64-gnu--swc-linux-arm64-gnu-16.2.6.tar.xz,23226044,47398.14804198977
@next__swc-linux-arm64-musl--swc-linux-arm64-musl-16.2.6,repacked,../data/unpacked_2500/@next__swc-linux-arm64-musl--swc-linux-arm64-musl-16.2.6,../data/repacked_xz_2500/@next__swc-linux-arm64-musl--swc-linux-arm64-musl-16.2.6.tar.xz,23000424,46112.6179999992
@next__swc-linux-x64-gnu--swc-linux-x64-gnu-16.2.6,repacked,../data/unpacked_2500/@next__swc-linux-x64-gnu--swc-linux-x64-gnu-16.2.6,../data/repacked_xz_2500/@next__swc-linux-x64-gnu--swc-linux-x64-gnu-16.2.6.tar.xz,27286832,51474.063834000845
@next__swc-linux-x64-musl--swc-linux-x64-musl-16.2.6,repacked,../data/unpacked_2500/@next__swc-linux-x64-musl--swc-linux-x64-musl-16.2.6,../data/repacked_xz_2500/@next__swc-linux-x64-musl--swc-linux-x64-musl-16.2.6.tar.xz,27266368,52370.85162498988
@next__swc-win32-arm64-msvc--swc-win32-arm64-msvc-16.2.6,repacked,../data/unpacked_2500/@next__swc-win32-arm64-msvc--swc-win32-arm64-msvc-16.2.6,../data/repacked_xz_2500/@next__swc-win32-arm64-msvc--swc-win32-arm64-msvc-16.2.6.tar.xz,19529296,38983.271458011586
@next__swc-win32-ia32-msvc--swc-win32-ia32-msvc-14.2.16,repacked,../data/unpacked_2500/@next__swc-win32-ia32-msvc--swc-win32-ia32-msvc-14.2.16,../data/repacked_xz_2500/@next__swc-win32-ia32-msvc--swc-win32-ia32-msvc-14.2.16.tar.xz,17829888,34350.820665989886
@next__swc-win32-x64-msvc--swc-win32-x64-msvc-16.2.6,repacked,../data/unpacked_2500/@next__swc-win32-x64-msvc--swc-win32-x64-msvc-16.2.6,../data/repacked_xz_2500/@next__swc-win32-x64-msvc--swc-win32-x64-msvc-16.2.6.tar.xz,26097200,52275.25733299262
@nicolo-ribaudo__eslint-scope-5-internals--eslint-scope-5-internals-5.1.1-v1,repacked,../data/unpacked_2500/@nicolo-ribaudo__eslint-scope-5-internals--eslint-scope-5-internals-5.1.1-v1,../data/repacked_xz_2500/@nicolo-ribaudo__eslint-scope-5-internals--eslint-scope-5-internals-5.1.1-v1.tar.xz,1212,8.682790998136625
@noble__curves--curves-2.2.0,repacked,../data/unpacked_2500/@noble__curves--curves-2.2.0,../data/repacked_xz_2500/@noble__curves--curves-2.2.0.tar.xz,261864,469.0421670093201
@noble__hashes--hashes-2.2.0,repacked,../data/unpacked_2500/@noble__hashes--hashes-2.2.0,../data/repacked_xz_2500/@noble__hashes--hashes-2.2.0.tar.xz,109372,198.89045800664462
@nodable__entities--entities-2.1.0,repacked,../data/unpacked_2500/@nodable__entities--entities-2.1.0,../data/repacked_xz_2500/@nodable__entities--entities-2.1.0.tar.xz,15956,21.561999994446523
@nodelib__fs.scandir--fs.scandir-4.0.1,repacked,../data/unpacked_2500/@nodelib__fs.scandir--fs.scandir-4.0.1,../data/repacked_xz_2500/@nodelib__fs.scandir--fs.scandir-4.0.1.tar.xz,6444,18.711666998569854
@nodelib__fs.stat--fs.stat-4.0.0,repacked,../data/unpacked_2500/@nodelib__fs.stat--fs.stat-4.0.0,../data/repacked_xz_2500/@nodelib__fs.stat--fs.stat-4.0.0.tar.xz,4532,16.524708989891224
@nodelib__fs.walk--fs.walk-3.0.1,repacked,../data/unpacked_2500/@nodelib__fs.walk--fs.walk-3.0.1,../data/repacked_xz_2500/@nodelib__fs.walk--fs.walk-3.0.1.tar.xz,8296,22.825124993687496
@npmcli__fs--fs-6.0.0,repacked,../data/unpacked_2500/@npmcli__fs--fs-6.0.0,../data/repacked_xz_2500/@npmcli__fs--fs-6.0.0.tar.xz,8576,17.797333988710307
@npmcli__move-file--move-file-3.0.0,repacked,../data/unpacked_2500/@npmcli__move-file--move-file-3.0.0,../data/repacked_xz_2500/@npmcli__move-file--move-file-3.0.0.tar.xz,3252,10.615625011269003
@octokit__openapi-types--openapi-types-27.0.0,repacked,../data/unpacked_2500/@octokit__openapi-types--openapi-types-27.0.0,../data/repacked_xz_2500/@octokit__openapi-types--openapi-types-27.0.0.tar.xz,238424,679.4743329955963
@octokit__types--types-16.0.0,repacked,../data/unpacked_2500/@octokit__types--types-16.0.0,../data/repacked_xz_2500/@octokit__types--types-16.0.0.tar.xz,27432,58.72341699432582
@opentelemetry__api--api-1.9.1,repacked,../data/unpacked_2500/@opentelemetry__api--api-1.9.1,../data/repacked_xz_2500/@opentelemetry__api--api-1.9.1.tar.xz,70400,326.25870799529366
@opentelemetry__core--core-2.7.1,repacked,../data/unpacked_2500/@opentelemetry__core--core-2.7.1,../data/repacked_xz_2500/@opentelemetry__core--core-2.7.1.tar.xz,45448,176.81654199259356
@opentelemetry__semantic-conventions--semantic-conventions-1.41.1,repacked,../data/unpacked_2500/@opentelemetry__semantic-conventions--semantic-conventions-1.41.1,../data/repacked_xz_2500/@opentelemetry__semantic-conventions--semantic-conventions-1.41.1.tar.xz,280836,1446.7000420117984
@parcel__watcher--watcher-2.5.6,repacked,../data/unpacked_2500/@parcel__watcher--watcher-2.5.6,../data/repacked_xz_2500/@parcel__watcher--watcher-2.5.6.tar.xz,30560,48.52762499649543
@pkgjs__parseargs--parseargs-0.11.0,repacked,../data/unpacked_2500/@pkgjs__parseargs--parseargs-0.11.0,../data/repacked_xz_2500/@pkgjs__parseargs--parseargs-0.11.0.tar.xz,20032,25.646542009781115
@pmmmwh__react-refresh-webpack-plugin--react-refresh-webpack-plugin-0.6.2,repacked,../data/unpacked_2500/@pmmmwh__react-refresh-webpack-plugin--react-refresh-webpack-plugin-0.6.2,../data/repacked_xz_2500/@pmmmwh__react-refresh-webpack-plugin--react-refresh-webpack-plugin-0.6.2.tar.xz,37092,52.49066599935759
@popperjs__core--core-2.11.8,repacked,../data/unpacked_2500/@popperjs__core--core-2.11.8,../data/repacked_xz_2500/@popperjs__core--core-2.11.8.tar.xz,98936,291.6374589985935
@protobufjs__aspromise--aspromise-1.1.2,repacked,../data/unpacked_2500/@protobufjs__aspromise--aspromise-1.1.2,../data/repacked_xz_2500/@protobufjs__aspromise--aspromise-1.1.2.tar.xz,2776,10.480124998139217
@protobufjs__base64--base64-1.1.2,repacked,../data/unpacked_2500/@protobufjs__base64--base64-1.1.2,../data/repacked_xz_2500/@protobufjs__base64--base64-1.1.2.tar.xz,3364,10.380249994341284
@protobufjs__codegen--codegen-2.0.5,repacked,../data/unpacked_2500/@protobufjs__codegen--codegen-2.0.5,../data/repacked_xz_2500/@protobufjs__codegen--codegen-2.0.5.tar.xz,3768,10.510250009247102
@protobufjs__eventemitter--eventemitter-1.1.1,repacked,../data/unpacked_2500/@protobufjs__eventemitter--eventemitter-1.1.1,../data/repacked_xz_2500/@protobufjs__eventemitter--eventemitter-1.1.1.tar.xz,3464,10.258249996695668
@protobufjs__fetch--fetch-1.1.1,repacked,../data/unpacked_2500/@protobufjs__fetch--fetch-1.1.1,../data/repacked_xz_2500/@protobufjs__fetch--fetch-1.1.1.tar.xz,4800,13.426999998046085
@protobufjs__float--float-1.0.2,repacked,../data/unpacked_2500/@protobufjs__float--float-1.0.2,../data/repacked_xz_2500/@protobufjs__float--float-1.0.2.tar.xz,6052,15.899374993750826
@protobufjs__inquire--inquire-1.1.2,repacked,../data/unpacked_2500/@protobufjs__inquire--inquire-1.1.2,../data/repacked_xz_2500/@protobufjs__inquire--inquire-1.1.2.tar.xz,2736,11.56545800040476
@protobufjs__path--path-1.1.2,repacked,../data/unpacked_2500/@protobufjs__path--path-1.1.2,../data/repacked_xz_2500/@protobufjs__path--path-1.1.2.tar.xz,2868,10.990208989824168
@protobufjs__pool--pool-1.1.0,repacked,../data/unpacked_2500/@protobufjs__pool--pool-1.1.0,../data/repacked_xz_2500/@protobufjs__pool--pool-1.1.0.tar.xz,2732,9.72729199565947
@protobufjs__utf8--utf8-1.1.1,repacked,../data/unpacked_2500/@protobufjs__utf8--utf8-1.1.1,../data/repacked_xz_2500/@protobufjs__utf8--utf8-1.1.1.tar.xz,8960,18.541582991019823
@radix-ui__primitive--primitive-1.1.3,repacked,../data/unpacked_2500/@radix-ui__primitive--primitive-1.1.3,../data/repacked_xz_2500/@radix-ui__primitive--primitive-1.1.3.tar.xz,3700,12.301541995839216
@radix-ui__react-compose-refs--react-compose-refs-1.1.2,repacked,../data/unpacked_2500/@radix-ui__react-compose-refs--react-compose-refs-1.1.2,../data/repacked_xz_2500/@radix-ui__react-compose-refs--react-compose-refs-1.1.2.tar.xz,3064,10.878792003495619
@radix-ui__react-context--react-context-1.1.3,repacked,../data/unpacked_2500/@radix-ui__react-context--react-context-1.1.3,../data/repacked_xz_2500/@radix-ui__react-context--react-context-1.1.3.tar.xz,5096,13.900207995902747
@radix-ui__react-dismissable-layer--react-dismissable-layer-1.1.11,repacked,../data/unpacked_2500/@radix-ui__react-dismissable-layer--react-dismissable-layer-1.1.11,../data/repacked_xz_2500/@radix-ui__react-dismissable-layer--react-dismissable-layer-1.1.11.tar.xz,8984,19.34495900059119
@radix-ui__react-id--react-id-1.1.1,repacked,../data/unpacked_2500/@radix-ui__react-id--react-id-1.1.1,../data/repacked_xz_2500/@radix-ui__react-id--react-id-1.1.1.tar.xz,2580,10.160666002775542
@radix-ui__react-portal--react-portal-1.1.10,repacked,../data/unpacked_2500/@radix-ui__react-portal--react-portal-1.1.10,../data/repacked_xz_2500/@radix-ui__react-portal--react-portal-1.1.10.tar.xz,3616,10.724416002631187
@radix-ui__react-presence--react-presence-1.1.5,repacked,../data/unpacked_2500/@radix-ui__react-presence--react-presence-1.1.5,../data/repacked_xz_2500/@radix-ui__react-presence--react-presence-1.1.5.tar.xz,6932,15.224249989842065
@radix-ui__react-primitive--react-primitive-2.1.4,repacked,../data/unpacked_2500/@radix-ui__react-primitive--react-primitive-2.1.4,../data/repacked_xz_2500/@radix-ui__react-primitive--react-primitive-2.1.4.tar.xz,4888,12.183457991341129
@radix-ui__react-slot--react-slot-1.2.4,repacked,../data/unpacked_2500/@radix-ui__react-slot--react-slot-1.2.4,../data/repacked_xz_2500/@radix-ui__react-slot--react-slot-1.2.4.tar.xz,6364,14.183624996803701
@radix-ui__react-use-callback-ref--react-use-callback-ref-1.1.1,repacked,../data/unpacked_2500/@radix-ui__react-use-callback-ref--react-use-callback-ref-1.1.1,../data/repacked_xz_2500/@radix-ui__react-use-callback-ref--react-use-callback-ref-1.1.1.tar.xz,2412,9.70075000077486
@radix-ui__react-use-controllable-state--react-use-controllable-state-1.2.2,repacked,../data/unpacked_2500/@radix-ui__react-use-controllable-state--react-use-controllable-state-1.2.2,../data/repacked_xz_2500/@radix-ui__react-use-controllable-state--react-use-controllable-state-1.2.2.tar.xz,5960,14.177000004565343
@radix-ui__react-use-escape-keydown--react-use-escape-keydown-1.1.1,repacked,../data/unpacked_2500/@radix-ui__react-use-escape-keydown--react-use-escape-keydown-1.1.1,../data/repacked_xz_2500/@radix-ui__react-use-escape-keydown--react-use-escape-keydown-1.1.1.tar.xz,2596,9.79833300516475
@radix-ui__react-use-layout-effect--react-use-layout-effect-1.1.1,repacked,../data/unpacked_2500/@radix-ui__react-use-layout-effect--react-use-layout-effect-1.1.1,../data/repacked_xz_2500/@radix-ui__react-use-layout-effect--react-use-layout-effect-1.1.1.tar.xz,2312,9.329874999821186
@rollup__plugin-babel--plugin-babel-7.0.0,repacked,../data/unpacked_2500/@rollup__plugin-babel--plugin-babel-7.0.0,../data/repacked_xz_2500/@rollup__plugin-babel--plugin-babel-7.0.0.tar.xz,12336,19.02770801098086
@rollup__plugin-node-resolve--plugin-node-resolve-16.0.3,repacked,../data/unpacked_2500/@rollup__plugin-node-resolve--plugin-node-resolve-16.0.3,../data/repacked_xz_2500/@rollup__plugin-node-resolve--plugin-node-resolve-16.0.3.tar.xz,17324,28.345625003566965
@rollup__plugin-replace--plugin-replace-6.0.3,repacked,../data/unpacked_2500/@rollup__plugin-replace--plugin-replace-6.0.3,../data/repacked_xz_2500/@rollup__plugin-replace--plugin-replace-6.0.3.tar.xz,6716,14.838666989817284
@rollup__pluginutils--pluginutils-5.3.0,repacked,../data/unpacked_2500/@rollup__pluginutils--pluginutils-5.3.0,../data/repacked_xz_2500/@rollup__pluginutils--pluginutils-5.3.0.tar.xz,9856,17.918416997417808
@rtsao__scc--scc-1.1.0,repacked,../data/unpacked_2500/@rtsao__scc--scc-1.1.0,../data/repacked_xz_2500/@rtsao__scc--scc-1.1.0.tar.xz,1984,8.39062500745058
@rushstack__eslint-patch--eslint-patch-1.16.1,repacked,../data/unpacked_2500/@rushstack__eslint-patch--eslint-patch-1.16.1,../data/repacked_xz_2500/@rushstack__eslint-patch--eslint-patch-1.16.1.tar.xz,50648,117.50920800841413
@scure__base--base-2.2.0,repacked,../data/unpacked_2500/@scure__base--base-2.2.0,../data/repacked_xz_2500/@scure__base--base-2.2.0.tar.xz,27576,39.40279201196972
@scure__bip32--bip32-2.2.0,repacked,../data/unpacked_2500/@scure__bip32--bip32-2.2.0,../data/repacked_xz_2500/@scure__bip32--bip32-2.2.0.tar.xz,10968,19.090165995294228
@scure__bip39--bip39-2.2.0,repacked,../data/unpacked_2500/@scure__bip39--bip39-2.2.0,../data/repacked_xz_2500/@scure__bip39--bip39-2.2.0.tar.xz,60708,53.00166699453257
@sinclair__typebox--typebox-0.34.49,repacked,../data/unpacked_2500/@sinclair__typebox--typebox-0.34.49,../data/repacked_xz_2500/@sinclair__typebox--typebox-0.34.49.tar.xz,152648,648.4501660015667
@sindresorhus__is--is-8.1.0,repacked,../data/unpacked_2500/@sindresorhus__is--is-8.1.0,../data/repacked_xz_2500/@sindresorhus__is--is-8.1.0.tar.xz,21212,31.54141599952709
@sinonjs__commons--commons-4.0.0-alpha.0,repacked,../data/unpacked_2500/@sinonjs__commons--commons-4.0.0-alpha.0,../data/repacked_xz_2500/@sinonjs__commons--commons-4.0.0-alpha.0.tar.xz,12568,32.961292003165
@sinonjs__fake-timers--fake-timers-15.4.0,repacked,../data/unpacked_2500/@sinonjs__fake-timers--fake-timers-15.4.0,../data/repacked_xz_2500/@sinonjs__fake-timers--fake-timers-15.4.0.tar.xz,28248,39.359165995847434
@smithy__abort-controller--abort-controller-4.2.15,repacked,../data/unpacked_2500/@smithy__abort-controller--abort-controller-4.2.15,../data/repacked_xz_2500/@smithy__abort-controller--abort-controller-4.2.15.tar.xz,6280,14.15354099299293
@smithy__config-resolver--config-resolver-4.5.4,repacked,../data/unpacked_2500/@smithy__config-resolver--config-resolver-4.5.4,../data/repacked_xz_2500/@smithy__config-resolver--config-resolver-4.5.4.tar.xz,5668,12.482250007451512
@smithy__core--core-3.24.4,repacked,../data/unpacked_2500/@smithy__core--core-3.24.4,../data/repacked_xz_2500/@smithy__core--core-3.24.4.tar.xz,140980,473.42745900095906
@smithy__credential-provider-imds--credential-provider-imds-4.3.4,repacked,../data/unpacked_2500/@smithy__credential-provider-imds--credential-provider-imds-4.3.4,../data/repacked_xz_2500/@smithy__credential-provider-imds--credential-provider-imds-4.3.4.tar.xz,11872,29.726834007306024
@smithy__fetch-http-handler--fetch-http-handler-5.4.4,repacked,../data/unpacked_2500/@smithy__fetch-http-handler--fetch-http-handler-5.4.4,../data/repacked_xz_2500/@smithy__fetch-http-handler--fetch-http-handler-5.4.4.tar.xz,8592,18.71549998759292
@smithy__hash-node--hash-node-4.3.4,repacked,../data/unpacked_2500/@smithy__hash-node--hash-node-4.3.4,../data/repacked_xz_2500/@smithy__hash-node--hash-node-4.3.4.tar.xz,5224,12.112541997339576
@smithy__invalid-dependency--invalid-dependency-4.3.4,repacked,../data/unpacked_2500/@smithy__invalid-dependency--invalid-dependency-4.3.4,../data/repacked_xz_2500/@smithy__invalid-dependency--invalid-dependency-4.3.4.tar.xz,5260,13.35804199334234
@smithy__is-array-buffer--is-array-buffer-4.3.4,repacked,../data/unpacked_2500/@smithy__is-array-buffer--is-array-buffer-4.3.4,../data/repacked_xz_2500/@smithy__is-array-buffer--is-array-buffer-4.3.4.tar.xz,5276,12.434040996595286
@smithy__middleware-content-length--middleware-content-length-4.3.4,repacked,../data/unpacked_2500/@smithy__middleware-content-length--middleware-content-length-4.3.4,../data/repacked_xz_2500/@smithy__middleware-content-length--middleware-content-length-4.3.4.tar.xz,5312,12.561084004119039
@smithy__middleware-endpoint--middleware-endpoint-4.5.4,repacked,../data/unpacked_2500/@smithy__middleware-endpoint--middleware-endpoint-4.5.4,../data/repacked_xz_2500/@smithy__middleware-endpoint--middleware-endpoint-4.5.4.tar.xz,5488,12.698124992311932
@smithy__middleware-retry--middleware-retry-4.6.4,repacked,../data/unpacked_2500/@smithy__middleware-retry--middleware-retry-4.6.4,../data/repacked_xz_2500/@smithy__middleware-retry--middleware-retry-4.6.4.tar.xz,5660,13.247666007373482
@smithy__middleware-serde--middleware-serde-4.3.4,repacked,../data/unpacked_2500/@smithy__middleware-serde--middleware-serde-4.3.4,../data/repacked_xz_2500/@smithy__middleware-serde--middleware-serde-4.3.4.tar.xz,5332,13.085375001537614
@smithy__middleware-stack--middleware-stack-4.3.4,repacked,../data/unpacked_2500/@smithy__middleware-stack--middleware-stack-4.3.4,../data/repacked_xz_2500/@smithy__middleware-stack--middleware-stack-4.3.4.tar.xz,5296,12.004499993054196
@smithy__node-config-provider--node-config-provider-4.4.4,repacked,../data/unpacked_2500/@smithy__node-config-provider--node-config-provider-4.4.4,../data/repacked_xz_2500/@smithy__node-config-provider--node-config-provider-4.4.4.tar.xz,5344,12.333374994341284
@smithy__node-http-handler--node-http-handler-4.7.4,repacked,../data/unpacked_2500/@smithy__node-http-handler--node-http-handler-4.7.4,../data/repacked_xz_2500/@smithy__node-http-handler--node-http-handler-4.7.4.tar.xz,16984,37.037540998426266
@smithy__property-provider--property-provider-4.3.4,repacked,../data/unpacked_2500/@smithy__property-provider--property-provider-4.3.4,../data/repacked_xz_2500/@smithy__property-provider--property-provider-4.3.4.tar.xz,5376,12.578124995343387
@smithy__protocol-http--protocol-http-5.4.4,repacked,../data/unpacked_2500/@smithy__protocol-http--protocol-http-5.4.4,../data/repacked_xz_2500/@smithy__protocol-http--protocol-http-5.4.4.tar.xz,5436,12.186833002488129
@smithy__querystring-builder--querystring-builder-4.3.4,repacked,../data/unpacked_2500/@smithy__querystring-builder--querystring-builder-4.3.4,../data/repacked_xz_2500/@smithy__querystring-builder--querystring-builder-4.3.4.tar.xz,5260,11.94512500660494
@smithy__querystring-parser--querystring-parser-4.3.4,repacked,../data/unpacked_2500/@smithy__querystring-parser--querystring-parser-4.3.4,../data/repacked_xz_2500/@smithy__querystring-parser--querystring-parser-4.3.4.tar.xz,5256,12.291667007957585
@smithy__service-error-classification--service-error-classification-4.4.4,repacked,../data/unpacked_2500/@smithy__service-error-classification--service-error-classification-4.4.4,../data/repacked_xz_2500/@smithy__service-error-classification--service-error-classification-4.4.4.tar.xz,5424,12.03558300039731
@smithy__shared-ini-file-loader--shared-ini-file-loader-4.5.4,repacked,../data/unpacked_2500/@smithy__shared-ini-file-loader--shared-ini-file-loader-4.5.4,../data/repacked_xz_2500/@smithy__shared-ini-file-loader--shared-ini-file-loader-4.5.4.tar.xz,5556,12.757165997754782
@smithy__signature-v4--signature-v4-5.4.4,repacked,../data/unpacked_2500/@smithy__signature-v4--signature-v4-5.4.4,../data/repacked_xz_2500/@smithy__signature-v4--signature-v4-5.4.4.tar.xz,16144,32.76170899334829
@smithy__smithy-client--smithy-client-4.13.4,repacked,../data/unpacked_2500/@smithy__smithy-client--smithy-client-4.13.4,../data/repacked_xz_2500/@smithy__smithy-client--smithy-client-4.13.4.tar.xz,6800,14.837291993899271
@smithy__types--types-4.14.2,repacked,../data/unpacked_2500/@smithy__types--types-4.14.2,../data/repacked_xz_2500/@smithy__types--types-4.14.2.tar.xz,36868,77.76620901131537
@smithy__url-parser--url-parser-4.3.4,repacked,../data/unpacked_2500/@smithy__url-parser--url-parser-4.3.4,../data/repacked_xz_2500/@smithy__url-parser--url-parser-4.3.4.tar.xz,5240,12.43091598735191
@smithy__util-base64--util-base64-4.4.4,repacked,../data/unpacked_2500/@smithy__util-base64--util-base64-4.4.4,../data/repacked_xz_2500/@smithy__util-base64--util-base64-4.4.4.tar.xz,5288,11.935624992474914
@smithy__util-body-length-browser--util-body-length-browser-4.3.4,repacked,../data/unpacked_2500/@smithy__util-body-length-browser--util-body-length-browser-4.3.4,../data/repacked_xz_2500/@smithy__util-body-length-browser--util-body-length-browser-4.3.4.tar.xz,5288,11.994207990937866
@smithy__util-body-length-node--util-body-length-node-4.3.4,repacked,../data/unpacked_2500/@smithy__util-body-length-node--util-body-length-node-4.3.4,../data/repacked_xz_2500/@smithy__util-body-length-node--util-body-length-node-4.3.4.tar.xz,5284,11.830332994577475
@smithy__util-buffer-from--util-buffer-from-4.3.4,repacked,../data/unpacked_2500/@smithy__util-buffer-from--util-buffer-from-4.3.4,../data/repacked_xz_2500/@smithy__util-buffer-from--util-buffer-from-4.3.4.tar.xz,5288,11.909166001714766
@smithy__util-config-provider--util-config-provider-4.3.4,repacked,../data/unpacked_2500/@smithy__util-config-provider--util-config-provider-4.3.4,../data/repacked_xz_2500/@smithy__util-config-provider--util-config-provider-4.3.4.tar.xz,5312,12.0711250056047
@smithy__util-defaults-mode-browser--util-defaults-mode-browser-4.4.4,repacked,../data/unpacked_2500/@smithy__util-defaults-mode-browser--util-defaults-mode-browser-4.4.4,../data/repacked_xz_2500/@smithy__util-defaults-mode-browser--util-defaults-mode-browser-4.4.4.tar.xz,5272,11.933334011700936
@smithy__util-defaults-mode-node--util-defaults-mode-node-4.3.4,repacked,../data/unpacked_2500/@smithy__util-defaults-mode-node--util-defaults-mode-node-4.3.4,../data/repacked_xz_2500/@smithy__util-defaults-mode-node--util-defaults-mode-node-4.3.4.tar.xz,5268,12.219249998452142
@smithy__util-endpoints--util-endpoints-3.5.4,repacked,../data/unpacked_2500/@smithy__util-endpoints--util-endpoints-3.5.4,../data/repacked_xz_2500/@smithy__util-endpoints--util-endpoints-3.5.4.tar.xz,5560,12.212625006213784
@smithy__util-hex-encoding--util-hex-encoding-4.3.4,repacked,../data/unpacked_2500/@smithy__util-hex-encoding--util-hex-encoding-4.3.4,../data/repacked_xz_2500/@smithy__util-hex-encoding--util-hex-encoding-4.3.4.tar.xz,5308,12.26212500478141
@smithy__util-middleware--util-middleware-4.3.4,repacked,../data/unpacked_2500/@smithy__util-middleware--util-middleware-4.3.4,../data/repacked_xz_2500/@smithy__util-middleware--util-middleware-4.3.4.tar.xz,5316,11.988208992988802
@smithy__util-retry--util-retry-4.4.4,repacked,../data/unpacked_2500/@smithy__util-retry--util-retry-4.4.4,../data/repacked_xz_2500/@smithy__util-retry--util-retry-4.4.4.tar.xz,5684,12.677666993113235
@smithy__util-stream--util-stream-4.6.4,repacked,../data/unpacked_2500/@smithy__util-stream--util-stream-4.6.4,../data/repacked_xz_2500/@smithy__util-stream--util-stream-4.6.4.tar.xz,5480,12.578083988046274
@smithy__util-uri-escape--util-uri-escape-4.3.4,repacked,../data/unpacked_2500/@smithy__util-uri-escape--util-uri-escape-4.3.4,../data/repacked_xz_2500/@smithy__util-uri-escape--util-uri-escape-4.3.4.tar.xz,5280,12.40329199936241
@smithy__util-utf8--util-utf8-4.3.4,repacked,../data/unpacked_2500/@smithy__util-utf8--util-utf8-4.3.4,../data/repacked_xz_2500/@smithy__util-utf8--util-utf8-4.3.4.tar.xz,5308,12.495750008383766
@so-ric__colorspace--colorspace-1.1.6,repacked,../data/unpacked_2500/@so-ric__colorspace--colorspace-1.1.6,../data/repacked_xz_2500/@so-ric__colorspace--colorspace-1.1.6.tar.xz,14540,19.023999993805774
@socket.io__component-emitter--component-emitter-3.1.2,repacked,../data/unpacked_2500/@socket.io__component-emitter--component-emitter-3.1.2,../data/repacked_xz_2500/@socket.io__component-emitter--component-emitter-3.1.2.tar.xz,4136,13.049000001046807
@solana__codecs-core--codecs-core-6.9.0,repacked,../data/unpacked_2500/@solana__codecs-core--codecs-core-6.9.0,../data/repacked_xz_2500/@solana__codecs-core--codecs-core-6.9.0.tar.xz,45660,166.83504100365099
@solana__codecs-numbers--codecs-numbers-6.9.0,repacked,../data/unpacked_2500/@solana__codecs-numbers--codecs-numbers-6.9.0,../data/repacked_xz_2500/@solana__codecs-numbers--codecs-numbers-6.9.0.tar.xz,19964,83.73116700386163
@solana__errors--errors-6.9.0,repacked,../data/unpacked_2500/@solana__errors--errors-6.9.0,../data/repacked_xz_2500/@solana__errors--errors-6.9.0.tar.xz,68872,296.1720419989433
@standard-schema__spec--spec-1.1.0,repacked,../data/unpacked_2500/@standard-schema__spec--spec-1.1.0,../data/repacked_xz_2500/@standard-schema__spec--spec-1.1.0.tar.xz,4080,12.385750000248663
@surma__rollup-plugin-off-main-thread--rollup-plugin-off-main-thread-2.2.3,repacked,../data/unpacked_2500/@surma__rollup-plugin-off-main-thread--rollup-plugin-off-main-thread-2.2.3,../data/repacked_xz_2500/@surma__rollup-plugin-off-main-thread--rollup-plugin-off-main-thread-2.2.3.tar.xz,15700,50.01237499527633
@svgr__babel-plugin-add-jsx-attribute--babel-plugin-add-jsx-attribute-8.0.0,repacked,../data/unpacked_2500/@svgr__babel-plugin-add-jsx-attribute--babel-plugin-add-jsx-attribute-8.0.0,../data/repacked_xz_2500/@svgr__babel-plugin-add-jsx-attribute--babel-plugin-add-jsx-attribute-8.0.0.tar.xz,4452,12.752833004924469
@svgr__babel-plugin-remove-jsx-attribute--babel-plugin-remove-jsx-attribute-8.0.0,repacked,../data/unpacked_2500/@svgr__babel-plugin-remove-jsx-attribute--babel-plugin-remove-jsx-attribute-8.0.0,../data/repacked_xz_2500/@svgr__babel-plugin-remove-jsx-attribute--babel-plugin-remove-jsx-attribute-8.0.0.tar.xz,2524,10.005042000557296
@svgr__babel-plugin-remove-jsx-empty-expression--babel-plugin-remove-jsx-empty-expression-8.0.0,repacked,../data/unpacked_2500/@svgr__babel-plugin-remove-jsx-empty-expression--babel-plugin-remove-jsx-empty-expression-8.0.0,../data/repacked_xz_2500/@svgr__babel-plugin-remove-jsx-empty-expression--babel-plugin-remove-jsx-empty-expression-8.0.0.tar.xz,2164,8.916500009945594
@svgr__babel-plugin-replace-jsx-attribute-value--babel-plugin-replace-jsx-attribute-value-8.0.0,repacked,../data/unpacked_2500/@svgr__babel-plugin-replace-jsx-attribute-value--babel-plugin-replace-jsx-attribute-value-8.0.0,../data/repacked_xz_2500/@svgr__babel-plugin-replace-jsx-attribute-value--babel-plugin-replace-jsx-attribute-value-8.0.0.tar.xz,2928,10.807666010805406
@svgr__babel-plugin-svg-dynamic-title--babel-plugin-svg-dynamic-title-8.0.0,repacked,../data/unpacked_2500/@svgr__babel-plugin-svg-dynamic-title--babel-plugin-svg-dynamic-title-8.0.0,../data/repacked_xz_2500/@svgr__babel-plugin-svg-dynamic-title--babel-plugin-svg-dynamic-title-8.0.0.tar.xz,4536,12.103917004424147
@svgr__babel-plugin-svg-em-dimensions--babel-plugin-svg-em-dimensions-8.0.0,repacked,../data/unpacked_2500/@svgr__babel-plugin-svg-em-dimensions--babel-plugin-svg-em-dimensions-8.0.0,../data/repacked_xz_2500/@svgr__babel-plugin-svg-em-dimensions--babel-plugin-svg-em-dimensions-8.0.0.tar.xz,3324,10.421957995276898
@svgr__babel-plugin-transform-react-native-svg--babel-plugin-transform-react-native-svg-8.1.0,repacked,../data/unpacked_2500/@svgr__babel-plugin-transform-react-native-svg--babel-plugin-transform-react-native-svg-8.1.0,../data/repacked_xz_2500/@svgr__babel-plugin-transform-react-native-svg--babel-plugin-transform-react-native-svg-8.1.0.tar.xz,4244,12.107874994399026
@svgr__babel-plugin-transform-svg-component--babel-plugin-transform-svg-component-8.0.0,repacked,../data/unpacked_2500/@svgr__babel-plugin-transform-svg-component--babel-plugin-transform-svg-component-8.0.0,../data/repacked_xz_2500/@svgr__babel-plugin-transform-svg-component--babel-plugin-transform-svg-component-8.0.0.tar.xz,7836,16.536958995857276
@svgr__babel-preset--babel-preset-8.1.0,repacked,../data/unpacked_2500/@svgr__babel-preset--babel-preset-8.1.0,../data/repacked_xz_2500/@svgr__babel-preset--babel-preset-8.1.0.tar.xz,4212,11.545540997758508
@svgr__core--core-8.1.0,repacked,../data/unpacked_2500/@svgr__core--core-8.1.0,../data/repacked_xz_2500/@svgr__core--core-8.1.0.tar.xz,6704,15.395333000924438
@svgr__hast-util-to-babel-ast--hast-util-to-babel-ast-8.0.0,repacked,../data/unpacked_2500/@svgr__hast-util-to-babel-ast--hast-util-to-babel-ast-8.0.0,../data/repacked_xz_2500/@svgr__hast-util-to-babel-ast--hast-util-to-babel-ast-8.0.0.tar.xz,15156,23.700332996668294
@svgr__plugin-jsx--plugin-jsx-8.1.0,repacked,../data/unpacked_2500/@svgr__plugin-jsx--plugin-jsx-8.1.0,../data/repacked_xz_2500/@svgr__plugin-jsx--plugin-jsx-8.1.0.tar.xz,4600,11.876749995280989
@svgr__plugin-svgo--plugin-svgo-8.1.0,repacked,../data/unpacked_2500/@svgr__plugin-svgo--plugin-svgo-8.1.0,../data/repacked_xz_2500/@svgr__plugin-svgo--plugin-svgo-8.1.0.tar.xz,3588,11.115749992313795
@svgr__webpack--webpack-8.1.0,repacked,../data/unpacked_2500/@svgr__webpack--webpack-8.1.0,../data/repacked_xz_2500/@svgr__webpack--webpack-8.1.0.tar.xz,5360,11.862624989589676
@swc__counter--counter-0.1.3,repacked,../data/unpacked_2500/@swc__counter--counter-0.1.3,../data/repacked_xz_2500/@swc__counter--counter-0.1.3.tar.xz,976,7.200124993687496
@swc__helpers--helpers-0.5.21,repacked,../data/unpacked_2500/@swc__helpers--helpers-0.5.21,../data/repacked_xz_2500/@swc__helpers--helpers-0.5.21.tar.xz,41900,201.92900000256486
@szmarczak__http-timer--http-timer-5.0.1,repacked,../data/unpacked_2500/@szmarczak__http-timer--http-timer-5.0.1,../data/repacked_xz_2500/@szmarczak__http-timer--http-timer-5.0.1.tar.xz,3776,10.529790990403853
@testing-library__dom--dom-10.4.1,repacked,../data/unpacked_2500/@testing-library__dom--dom-10.4.1,../data/repacked_xz_2500/@testing-library__dom--dom-10.4.1.tar.xz,233856,406.4853340096306
@testing-library__jest-dom--jest-dom-6.9.1,repacked,../data/unpacked_2500/@testing-library__jest-dom--jest-dom-6.9.1,../data/repacked_xz_2500/@testing-library__jest-dom--jest-dom-6.9.1.tar.xz,37516,66.53766700765118
@testing-library__react--react-16.3.2,repacked,../data/unpacked_2500/@testing-library__react--react-16.3.2,../data/repacked_xz_2500/@testing-library__react--react-16.3.2.tar.xz,34260,61.41820800257847
@testing-library__user-event--user-event-14.6.1,repacked,../data/unpacked_2500/@testing-library__user-event--user-event-14.6.1,../data/repacked_xz_2500/@testing-library__user-event--user-event-14.6.1.tar.xz,56524,188.16700000024866
@tokenizer__token--token-0.3.0,repacked,../data/unpacked_2500/@tokenizer__token--token-0.3.0,../data/repacked_xz_2500/@tokenizer__token--token-0.3.0.tar.xz,1636,8.008874996448867
@tootallnate__once--once-3.0.1,repacked,../data/unpacked_2500/@tootallnate__once--once-3.0.1,../data/repacked_xz_2500/@tootallnate__once--once-3.0.1.tar.xz,4928,16.416166996350512
@tsconfig__node10--node10-1.0.12,repacked,../data/unpacked_2500/@tsconfig__node10--node10-1.0.12,../data/repacked_xz_2500/@tsconfig__node10--node10-1.0.12.tar.xz,1460,8.471666995319538
@tsconfig__node12--node12-12.1.7,repacked,../data/unpacked_2500/@tsconfig__node12--node12-12.1.7,../data/repacked_xz_2500/@tsconfig__node12--node12-12.1.7.tar.xz,1484,7.882416000938974
@tsconfig__node14--node14-14.1.8,repacked,../data/unpacked_2500/@tsconfig__node14--node14-14.1.8,../data/repacked_xz_2500/@tsconfig__node14--node14-14.1.8.tar.xz,1464,7.64504200196825
@tsconfig__node16--node16-16.1.8,repacked,../data/unpacked_2500/@tsconfig__node16--node16-16.1.8,../data/repacked_xz_2500/@tsconfig__node16--node16-16.1.8.tar.xz,1460,7.958166999742389
@types__aria-query--aria-query-5.0.4,repacked,../data/unpacked_2500/@types__aria-query--aria-query-5.0.4,../data/repacked_xz_2500/@types__aria-query--aria-query-5.0.4.tar.xz,3880,10.617375010042451
@types__babel__core--babel__core-7.20.5,repacked,../data/unpacked_2500/@types__babel__core--babel__core-7.20.5,../data/repacked_xz_2500/@types__babel__core--babel__core-7.20.5.tar.xz,9324,15.434999993885867
@types__babel__generator--babel__generator-7.27.0,repacked,../data/unpacked_2500/@types__babel__generator--babel__generator-7.27.0,../data/repacked_xz_2500/@types__babel__generator--babel__generator-7.27.0.tar.xz,4052,11.145791999297217
@types__babel__template--babel__template-7.4.4,repacked,../data/unpacked_2500/@types__babel__template--babel__template-7.4.4,../data/repacked_xz_2500/@types__babel__template--babel__template-7.4.4.tar.xz,2712,9.833832998992875
@types__babel__traverse--babel__traverse-7.28.0,repacked,../data/unpacked_2500/@types__babel__traverse--babel__traverse-7.28.0,../data/repacked_xz_2500/@types__babel__traverse--babel__traverse-7.28.0.tar.xz,14036,26.017665994004346
@types__bn.js--bn.js-5.2.0,repacked,../data/unpacked_2500/@types__bn.js--bn.js-5.2.0,../data/repacked_xz_2500/@types__bn.js--bn.js-5.2.0.tar.xz,3704,11.096166999777779
@types__body-parser--body-parser-1.19.6,repacked,../data/unpacked_2500/@types__body-parser--body-parser-1.19.6,../data/repacked_xz_2500/@types__body-parser--body-parser-1.19.6.tar.xz,2952,9.353208006359637
@types__bonjour--bonjour-3.5.13,repacked,../data/unpacked_2500/@types__bonjour--bonjour-3.5.13,../data/repacked_xz_2500/@types__bonjour--bonjour-3.5.13.tar.xz,2424,9.083291995921172
@types__cacheable-request--cacheable-request-8.3.6,repacked,../data/unpacked_2500/@types__cacheable-request--cacheable-request-8.3.6,../data/repacked_xz_2500/@types__cacheable-request--cacheable-request-8.3.6.tar.xz,1240,7.580874997074716
@types__connect--connect-3.4.38,repacked,../data/unpacked_2500/@types__connect--connect-3.4.38,../data/repacked_xz_2500/@types__connect--connect-3.4.38.tar.xz,2600,9.396792011102661
@types__connect-history-api-fallback--connect-history-api-fallback-1.5.4,repacked,../data/unpacked_2500/@types__connect-history-api-fallback--connect-history-api-fallback-1.5.4,../data/repacked_xz_2500/@types__connect-history-api-fallback--connect-history-api-fallback-1.5.4.tar.xz,2000,8.644207991892472
@types__debug--debug-4.1.13,repacked,../data/unpacked_2500/@types__debug--debug-4.1.13,../data/repacked_xz_2500/@types__debug--debug-4.1.13.tar.xz,2212,8.40395900013391
@types__eslint--eslint-9.6.1,repacked,../data/unpacked_2500/@types__eslint--eslint-9.6.1,../data/repacked_xz_2500/@types__eslint--eslint-9.6.1.tar.xz,24412,41.81270800472703
@types__eslint-scope--eslint-scope-9.1.0,repacked,../data/unpacked_2500/@types__eslint-scope--eslint-scope-9.1.0,../data/repacked_xz_2500/@types__eslint-scope--eslint-scope-9.1.0.tar.xz,1240,7.275915995705873
@types__estree--estree-1.0.9,repacked,../data/unpacked_2500/@types__estree--estree-1.0.9,../data/repacked_xz_2500/@types__estree--estree-1.0.9.tar.xz,5664,13.081917000818066
@types__express--express-5.0.6,repacked,../data/unpacked_2500/@types__express--express-5.0.6,../data/repacked_xz_2500/@types__express--express-5.0.6.tar.xz,2668,8.746250008698553
@types__express-serve-static-core--express-serve-static-core-5.1.1,repacked,../data/unpacked_2500/@types__express-serve-static-core--express-serve-static-core-5.1.1,../data/repacked_xz_2500/@types__express-serve-static-core--express-serve-static-core-5.1.1.tar.xz,11448,17.01862500340212
@types__glob--glob-9.0.0,repacked,../data/unpacked_2500/@types__glob--glob-9.0.0,../data/repacked_xz_2500/@types__glob--glob-9.0.0.tar.xz,1224,7.181041000876576
@types__graceful-fs--graceful-fs-4.1.9,repacked,../data/unpacked_2500/@types__graceful-fs--graceful-fs-4.1.9,../data/repacked_xz_2500/@types__graceful-fs--graceful-fs-4.1.9.tar.xz,1928,7.63474999985192
@types__hast--hast-3.0.4,repacked,../data/unpacked_2500/@types__hast--hast-3.0.4,../data/repacked_xz_2500/@types__hast--hast-3.0.4.tar.xz,3144,9.059542004251853
@types__hoist-non-react-statics--hoist-non-react-statics-3.3.7,repacked,../data/unpacked_2500/@types__hoist-non-react-statics--hoist-non-react-statics-3.3.7,../data/repacked_xz_2500/@types__hoist-non-react-statics--hoist-non-react-statics-3.3.7.tar.xz,2144,8.233624990680255
@types__html-minifier-terser--html-minifier-terser-7.0.2,repacked,../data/unpacked_2500/@types__html-minifier-terser--html-minifier-terser-7.0.2,../data/repacked_xz_2500/@types__html-minifier-terser--html-minifier-terser-7.0.2.tar.xz,3360,9.584291008650325
@types__http-cache-semantics--http-cache-semantics-4.2.0,repacked,../data/unpacked_2500/@types__http-cache-semantics--http-cache-semantics-4.2.0,../data/repacked_xz_2500/@types__http-cache-semantics--http-cache-semantics-4.2.0.tar.xz,4372,10.213917004875839
@types__http-errors--http-errors-2.0.5,repacked,../data/unpacked_2500/@types__http-errors--http-errors-2.0.5,../data/repacked_xz_2500/@types__http-errors--http-errors-2.0.5.tar.xz,2508,8.693791998666711
@types__http-proxy--http-proxy-1.17.17,repacked,../data/unpacked_2500/@types__http-proxy--http-proxy-1.17.17,../data/repacked_xz_2500/@types__http-proxy--http-proxy-1.17.17.tar.xz,3884,9.98583299224265
@types__hyper-function-component--hyper-function-component-2.1.3,repacked,../data/unpacked_2500/@types__hyper-function-component--hyper-function-component-2.1.3,../data/repacked_xz_2500/@types__hyper-function-component--hyper-function-component-2.1.3.tar.xz,1820,7.78691700543277
@types__istanbul-lib-coverage--istanbul-lib-coverage-2.0.6,repacked,../data/unpacked_2500/@types__istanbul-lib-coverage--istanbul-lib-coverage-2.0.6,../data/repacked_xz_2500/@types__istanbul-lib-coverage--istanbul-lib-coverage-2.0.6.tar.xz,2204,8.534249995136634
@types__istanbul-lib-report--istanbul-lib-report-3.0.3,repacked,../data/unpacked_2500/@types__istanbul-lib-report--istanbul-lib-report-3.0.3,../data/repacked_xz_2500/@types__istanbul-lib-report--istanbul-lib-report-3.0.3.tar.xz,3104,9.246792003978044
@types__istanbul-reports--istanbul-reports-3.0.4,repacked,../data/unpacked_2500/@types__istanbul-reports--istanbul-reports-3.0.4,../data/repacked_xz_2500/@types__istanbul-reports--istanbul-reports-3.0.4.tar.xz,2196,8.620084001449868
@types__jest--jest-30.0.0,repacked,../data/unpacked_2500/@types__jest--jest-30.0.0,../data/repacked_xz_2500/@types__jest--jest-30.0.0.tar.xz,15916,21.363459003623575
@types__json-schema--json-schema-7.0.15,repacked,../data/unpacked_2500/@types__json-schema--json-schema-7.0.15,../data/repacked_xz_2500/@types__json-schema--json-schema-7.0.15.tar.xz,5768,13.876500001060776
@types__json5--json5-2.2.0,repacked,../data/unpacked_2500/@types__json5--json5-2.2.0,../data/repacked_xz_2500/@types__json5--json5-2.2.0.tar.xz,1232,7.167207993916236
@types__jsonwebtoken--jsonwebtoken-9.0.10,repacked,../data/unpacked_2500/@types__jsonwebtoken--jsonwebtoken-9.0.10,../data/repacked_xz_2500/@types__jsonwebtoken--jsonwebtoken-9.0.10.tar.xz,3964,10.833292006282136
@types__keyv--keyv-4.2.0,repacked,../data/unpacked_2500/@types__keyv--keyv-4.2.0,../data/repacked_xz_2500/@types__keyv--keyv-4.2.0.tar.xz,1212,7.189750001998618
@types__lodash--lodash-4.17.24,repacked,../data/unpacked_2500/@types__lodash--lodash-4.17.24,../data/repacked_xz_2500/@types__lodash--lodash-4.17.24.tar.xz,79428,316.92741699225735
@types__long--long-5.0.0,repacked,../data/unpacked_2500/@types__long--long-5.0.0,../data/repacked_xz_2500/@types__long--long-5.0.0.tar.xz,1224,8.108291003736667
@types__mdast--mdast-4.0.4,repacked,../data/unpacked_2500/@types__mdast--mdast-4.0.4,../data/repacked_xz_2500/@types__mdast--mdast-4.0.4.tar.xz,5816,13.358333002543077
@types__mime--mime-4.0.0,repacked,../data/unpacked_2500/@types__mime--mime-4.0.0,../data/repacked_xz_2500/@types__mime--mime-4.0.0.tar.xz,1220,7.390999991912395
@types__minimatch--minimatch-6.0.0,repacked,../data/unpacked_2500/@types__minimatch--minimatch-6.0.0,../data/repacked_xz_2500/@types__minimatch--minimatch-6.0.0.tar.xz,1220,7.236749996081926
@types__minimist--minimist-1.2.5,repacked,../data/unpacked_2500/@types__minimist--minimist-1.2.5,../data/repacked_xz_2500/@types__minimist--minimist-1.2.5.tar.xz,2508,8.576958003686741
@types__ms--ms-2.1.0,repacked,../data/unpacked_2500/@types__ms--ms-2.1.0,../data/repacked_xz_2500/@types__ms--ms-2.1.0.tar.xz,2000,8.247292003943585
@types__node--node-25.9.1,repacked,../data/unpacked_2500/@types__node--node-25.9.1,../data/repacked_xz_2500/@types__node--node-25.9.1.tar.xz,322984,521.1412500066217
@types__node-fetch--node-fetch-2.6.13,repacked,../data/unpacked_2500/@types__node-fetch--node-fetch-2.6.13,../data/repacked_xz_2500/@types__node-fetch--node-fetch-2.6.13.tar.xz,4072,10.786875005578622
@types__node-forge--node-forge-1.3.14,repacked,../data/unpacked_2500/@types__node-forge--node-forge-1.3.14,../data/repacked_xz_2500/@types__node-forge--node-forge-1.3.14.tar.xz,11768,20.852000001468696
@types__normalize-package-data--normalize-package-data-2.4.4,repacked,../data/unpacked_2500/@types__normalize-package-data--normalize-package-data-2.4.4,../data/repacked_xz_2500/@types__normalize-package-data--normalize-package-data-2.4.4.tar.xz,1932,8.075749996351078
@types__parse-json--parse-json-7.0.0,repacked,../data/unpacked_2500/@types__parse-json--parse-json-7.0.0,../data/repacked_xz_2500/@types__parse-json--parse-json-7.0.0.tar.xz,1228,7.444332994055003
@types__prettier--prettier-3.0.0,repacked,../data/unpacked_2500/@types__prettier--prettier-3.0.0,../data/repacked_xz_2500/@types__prettier--prettier-3.0.0.tar.xz,1204,6.6251249954802915
@types__prop-types--prop-types-15.7.15,repacked,../data/unpacked_2500/@types__prop-types--prop-types-15.7.15,../data/repacked_xz_2500/@types__prop-types--prop-types-15.7.15.tar.xz,3036,8.715500007383525
@types__q--q-1.5.8,repacked,../data/unpacked_2500/@types__q--q-1.5.8,../data/repacked_xz_2500/@types__q--q-1.5.8.tar.xz,7428,13.253583005280234
@types__qs--qs-6.15.1,repacked,../data/unpacked_2500/@types__qs--qs-6.15.1,../data/repacked_xz_2500/@types__qs--qs-6.15.1.tar.xz,2640,8.895332997781225
@types__range-parser--range-parser-1.2.7,repacked,../data/unpacked_2500/@types__range-parser--range-parser-1.2.7,../data/repacked_xz_2500/@types__range-parser--range-parser-1.2.7.tar.xz,2032,7.7162079978734255
@types__react--react-19.2.15,repacked,../data/unpacked_2500/@types__react--react-19.2.15,../data/repacked_xz_2500/@types__react--react-19.2.15.tar.xz,35956,66.27516700245906
@types__react-dom--react-dom-19.2.3,repacked,../data/unpacked_2500/@types__react-dom--react-dom-19.2.3,../data/repacked_xz_2500/@types__react-dom--react-dom-19.2.3.tar.xz,7424,17.095749994041398
@types__react-transition-group--react-transition-group-4.4.12,repacked,../data/unpacked_2500/@types__react-transition-group--react-transition-group-4.4.12,../data/repacked_xz_2500/@types__react-transition-group--react-transition-group-4.4.12.tar.xz,5836,13.794334008707665
@types__resolve--resolve-1.20.6,repacked,../data/unpacked_2500/@types__resolve--resolve-1.20.6,../data/repacked_xz_2500/@types__resolve--resolve-1.20.6.tar.xz,3312,9.725167008582503
@types__responselike--responselike-1.0.3,repacked,../data/unpacked_2500/@types__responselike--responselike-1.0.3,../data/repacked_xz_2500/@types__responselike--responselike-1.0.3.tar.xz,2008,8.177166993846186
@types__retry--retry-0.12.5,repacked,../data/unpacked_2500/@types__retry--retry-0.12.5,../data/repacked_xz_2500/@types__retry--retry-0.12.5.tar.xz,3016,8.989666996058077
@types__semver--semver-7.7.1,repacked,../data/unpacked_2500/@types__semver--semver-7.7.1,../data/repacked_xz_2500/@types__semver--semver-7.7.1.tar.xz,6420,23.475542009691708
@types__send--send-1.2.1,repacked,../data/unpacked_2500/@types__send--send-1.2.1,../data/repacked_xz_2500/@types__send--send-1.2.1.tar.xz,3472,10.044000009656884
@types__serve-index--serve-index-1.9.4,repacked,../data/unpacked_2500/@types__serve-index--serve-index-1.9.4,../data/repacked_xz_2500/@types__serve-index--serve-index-1.9.4.tar.xz,1992,8.150958004989661
@types__serve-static--serve-static-2.2.0,repacked,../data/unpacked_2500/@types__serve-static--serve-static-2.2.0,../data/repacked_xz_2500/@types__serve-static--serve-static-2.2.0.tar.xz,3508,9.214207995682955
@types__sockjs--sockjs-0.3.36,repacked,../data/unpacked_2500/@types__sockjs--sockjs-0.3.36,../data/repacked_xz_2500/@types__sockjs--sockjs-0.3.36.tar.xz,2076,8.083875000011176
@types__stack-utils--stack-utils-2.0.3,repacked,../data/unpacked_2500/@types__stack-utils--stack-utils-2.0.3,../data/repacked_xz_2500/@types__stack-utils--stack-utils-2.0.3.tar.xz,2060,8.36691600852646
@types__testing-library__jest-dom--testing-library__jest-dom-6.0.0,repacked,../data/unpacked_2500/@types__testing-library__jest-dom--testing-library__jest-dom-6.0.0,../data/repacked_xz_2500/@types__testing-library__jest-dom--testing-library__jest-dom-6.0.0.tar.xz,1244,7.438250002451241
@types__triple-beam--triple-beam-1.3.5,repacked,../data/unpacked_2500/@types__triple-beam--triple-beam-1.3.5,../data/repacked_xz_2500/@types__triple-beam--triple-beam-1.3.5.tar.xz,1728,7.835541997337714
@types__trusted-types--trusted-types-2.0.7,repacked,../data/unpacked_2500/@types__trusted-types--trusted-types-2.0.7,../data/repacked_xz_2500/@types__trusted-types--trusted-types-2.0.7.tar.xz,3020,10.220500000286847
@types__unist--unist-3.0.3,repacked,../data/unpacked_2500/@types__unist--unist-3.0.3,../data/repacked_xz_2500/@types__unist--unist-3.0.3.tar.xz,2636,8.579250003094785
@types__uuid--uuid-11.0.0,repacked,../data/unpacked_2500/@types__uuid--uuid-11.0.0,../data/repacked_xz_2500/@types__uuid--uuid-11.0.0.tar.xz,1220,6.9382079964270815
@types__validator--validator-13.15.10,repacked,../data/unpacked_2500/@types__validator--validator-13.15.10,../data/repacked_xz_2500/@types__validator--validator-13.15.10.tar.xz,16140,77.3228750040289
@types__ws--ws-8.18.1,repacked,../data/unpacked_2500/@types__ws--ws-8.18.1,../data/repacked_xz_2500/@types__ws--ws-8.18.1.tar.xz,5508,13.687667000340298
@types__yargs--yargs-17.0.35,repacked,../data/unpacked_2500/@types__yargs--yargs-17.0.35,../data/repacked_xz_2500/@types__yargs--yargs-17.0.35.tar.xz,13484,19.964166000136174
@types__yargs-parser--yargs-parser-21.0.3,repacked,../data/unpacked_2500/@types__yargs-parser--yargs-parser-21.0.3,../data/repacked_xz_2500/@types__yargs-parser--yargs-parser-21.0.3.tar.xz,3308,9.852415998466313
@typescript-eslint__eslint-plugin--eslint-plugin-8.59.4,repacked,../data/unpacked_2500/@typescript-eslint__eslint-plugin--eslint-plugin-8.59.4,../data/repacked_xz_2500/@typescript-eslint__eslint-plugin--eslint-plugin-8.59.4.tar.xz,239448,557.6762499986216
@typescript-eslint__experimental-utils--experimental-utils-5.62.0,repacked,../data/unpacked_2500/@typescript-eslint__experimental-utils--experimental-utils-5.62.0,../data/repacked_xz_2500/@typescript-eslint__experimental-utils--experimental-utils-5.62.0.tar.xz,2916,12.38066700170748
@typescript-eslint__parser--parser-8.59.4,repacked,../data/unpacked_2500/@typescript-eslint__parser--parser-8.59.4,../data/repacked_xz_2500/@typescript-eslint__parser--parser-8.59.4.tar.xz,4452,11.445042007835582
@typescript-eslint__scope-manager--scope-manager-8.59.4,repacked,../data/unpacked_2500/@typescript-eslint__scope-manager--scope-manager-8.59.4,../data/repacked_xz_2500/@typescript-eslint__scope-manager--scope-manager-8.59.4.tar.xz,46124,164.27954100072384
@typescript-eslint__type-utils--type-utils-8.59.4,repacked,../data/unpacked_2500/@typescript-eslint__type-utils--type-utils-8.59.4,../data/repacked_xz_2500/@typescript-eslint__type-utils--type-utils-8.59.4.tar.xz,14716,36.376290998305194
@typescript-eslint__types--types-8.59.4,repacked,../data/unpacked_2500/@typescript-eslint__types--types-8.59.4,../data/repacked_xz_2500/@typescript-eslint__types--types-8.59.4.tar.xz,17400,33.04745801142417
@typescript-eslint__typescript-estree--typescript-estree-8.59.4,repacked,../data/unpacked_2500/@typescript-eslint__typescript-estree--typescript-estree-8.59.4,../data/repacked_xz_2500/@typescript-eslint__typescript-estree--typescript-estree-8.59.4.tar.xz,57984,104.3668750062352
@typescript-eslint__utils--utils-8.59.4,repacked,../data/unpacked_2500/@typescript-eslint__utils--utils-8.59.4,../data/repacked_xz_2500/@typescript-eslint__utils--utils-8.59.4.tar.xz,36028,67.70120801229496
@typescript-eslint__visitor-keys--visitor-keys-8.59.4,repacked,../data/unpacked_2500/@typescript-eslint__visitor-keys--visitor-keys-8.59.4,../data/repacked_xz_2500/@typescript-eslint__visitor-keys--visitor-keys-8.59.4.tar.xz,4276,13.356749986996874
@typespec__ts-http-runtime--ts-http-runtime-0.3.5,repacked,../data/unpacked_2500/@typespec__ts-http-runtime--ts-http-runtime-0.3.5,../data/repacked_xz_2500/@typespec__ts-http-runtime--ts-http-runtime-0.3.5.tar.xz,151276,706.3950000010664
@ungap__structured-clone--structured-clone-1.3.1,repacked,../data/unpacked_2500/@ungap__structured-clone--structured-clone-1.3.1,../data/repacked_xz_2500/@ungap__structured-clone--structured-clone-1.3.1.tar.xz,7608,18.46004200342577
@vue__compiler-core--compiler-core-3.5.34,repacked,../data/unpacked_2500/@vue__compiler-core--compiler-core-3.5.34,../data/repacked_xz_2500/@vue__compiler-core--compiler-core-3.5.34.tar.xz,53196,101.98616700654384
@vue__compiler-dom--compiler-dom-3.5.34,repacked,../data/unpacked_2500/@vue__compiler-dom--compiler-dom-3.5.34,../data/repacked_xz_2500/@vue__compiler-dom--compiler-dom-3.5.34.tar.xz,86120,129.98954200884327
@vue__compiler-sfc--compiler-sfc-3.5.34,repacked,../data/unpacked_2500/@vue__compiler-sfc--compiler-sfc-3.5.34,../data/repacked_xz_2500/@vue__compiler-sfc--compiler-sfc-3.5.34.tar.xz,357788,551.2828749924665
@vue__compiler-ssr--compiler-ssr-3.5.34,repacked,../data/unpacked_2500/@vue__compiler-ssr--compiler-ssr-3.5.34,../data/repacked_xz_2500/@vue__compiler-ssr--compiler-ssr-3.5.34.tar.xz,10508,19.246708005084656
@vue__reactivity--reactivity-3.5.34,repacked,../data/unpacked_2500/@vue__reactivity--reactivity-3.5.34,../data/repacked_xz_2500/@vue__reactivity--reactivity-3.5.34.tar.xz,33816,61.13533300231211
@vue__runtime-core--runtime-core-3.5.34,repacked,../data/unpacked_2500/@vue__runtime-core--runtime-core-3.5.34,../data/repacked_xz_2500/@vue__runtime-core--runtime-core-3.5.34.tar.xz,76780,151.82433299196418
@vue__runtime-dom--runtime-dom-3.5.34,repacked,../data/unpacked_2500/@vue__runtime-dom--runtime-dom-3.5.34,../data/repacked_xz_2500/@vue__runtime-dom--runtime-dom-3.5.34.tar.xz,162700,278.47108300193213
@vue__server-renderer--server-renderer-3.5.34,repacked,../data/unpacked_2500/@vue__server-renderer--server-renderer-3.5.34,../data/repacked_xz_2500/@vue__server-renderer--server-renderer-3.5.34.tar.xz,79948,87.16704200196546
@vue__shared--shared-3.5.34,repacked,../data/unpacked_2500/@vue__shared--shared-3.5.34,../data/repacked_xz_2500/@vue__shared--shared-3.5.34.tar.xz,13644,22.71070799906738
@webassemblyjs__ast--ast-1.14.1,repacked,../data/unpacked_2500/@webassemblyjs__ast--ast-1.14.1,../data/repacked_xz_2500/@webassemblyjs__ast--ast-1.14.1.tar.xz,21984,49.33100000198465
@webassemblyjs__floating-point-hex-parser--floating-point-hex-parser-1.14.1,repacked,../data/unpacked_2500/@webassemblyjs__floating-point-hex-parser--floating-point-hex-parser-1.14.1,../data/repacked_xz_2500/@webassemblyjs__floating-point-hex-parser--floating-point-hex-parser-1.14.1.tar.xz,2940,9.93741600541398
@webassemblyjs__helper-api-error--helper-api-error-1.14.1,repacked,../data/unpacked_2500/@webassemblyjs__helper-api-error--helper-api-error-1.14.1,../data/repacked_xz_2500/@webassemblyjs__helper-api-error--helper-api-error-1.14.1.tar.xz,2960,10.17441600561142
@webassemblyjs__helper-buffer--helper-buffer-1.14.1,repacked,../data/unpacked_2500/@webassemblyjs__helper-buffer--helper-buffer-1.14.1,../data/repacked_xz_2500/@webassemblyjs__helper-buffer--helper-buffer-1.14.1.tar.xz,3288,10.406832996523008
@webassemblyjs__helper-code-frame--helper-code-frame-1.14.1,repacked,../data/unpacked_2500/@webassemblyjs__helper-code-frame--helper-code-frame-1.14.1,../data/repacked_xz_2500/@webassemblyjs__helper-code-frame--helper-code-frame-1.14.1.tar.xz,2228,8.773542009294033
@webassemblyjs__helper-fsm--helper-fsm-1.14.1,repacked,../data/unpacked_2500/@webassemblyjs__helper-fsm--helper-fsm-1.14.1,../data/repacked_xz_2500/@webassemblyjs__helper-fsm--helper-fsm-1.14.1.tar.xz,3236,9.70895800855942
@webassemblyjs__helper-module-context--helper-module-context-1.9.1,repacked,../data/unpacked_2500/@webassemblyjs__helper-module-context--helper-module-context-1.9.1,../data/repacked_xz_2500/@webassemblyjs__helper-module-context--helper-module-context-1.9.1.tar.xz,4996,13.962124998215586
@webassemblyjs__helper-numbers--helper-numbers-1.14.1,repacked,../data/unpacked_2500/@webassemblyjs__helper-numbers--helper-numbers-1.14.1,../data/repacked_xz_2500/@webassemblyjs__helper-numbers--helper-numbers-1.14.1.tar.xz,2780,10.223334000329487
@webassemblyjs__helper-wasm-bytecode--helper-wasm-bytecode-1.14.1,repacked,../data/unpacked_2500/@webassemblyjs__helper-wasm-bytecode--helper-wasm-bytecode-1.14.1,../data/repacked_xz_2500/@webassemblyjs__helper-wasm-bytecode--helper-wasm-bytecode-1.14.1.tar.xz,4300,14.482999991741963
@webassemblyjs__helper-wasm-section--helper-wasm-section-1.14.1,repacked,../data/unpacked_2500/@webassemblyjs__helper-wasm-section--helper-wasm-section-1.14.1,../data/repacked_xz_2500/@webassemblyjs__helper-wasm-section--helper-wasm-section-1.14.1.tar.xz,4408,13.815875005093403
@webassemblyjs__ieee754--ieee754-1.14.1,repacked,../data/unpacked_2500/@webassemblyjs__ieee754--ieee754-1.14.1,../data/repacked_xz_2500/@webassemblyjs__ieee754--ieee754-1.14.1.tar.xz,2288,9.992708000936545
@webassemblyjs__leb128--leb128-1.14.1,repacked,../data/unpacked_2500/@webassemblyjs__leb128--leb128-1.14.1,../data/repacked_xz_2500/@webassemblyjs__leb128--leb128-1.14.1.tar.xz,9804,18.254458002047613
@webassemblyjs__utf8--utf8-1.14.1,repacked,../data/unpacked_2500/@webassemblyjs__utf8--utf8-1.14.1,../data/repacked_xz_2500/@webassemblyjs__utf8--utf8-1.14.1.tar.xz,3480,13.081583005259745
@webassemblyjs__wasm-edit--wasm-edit-1.14.1,repacked,../data/unpacked_2500/@webassemblyjs__wasm-edit--wasm-edit-1.14.1,../data/repacked_xz_2500/@webassemblyjs__wasm-edit--wasm-edit-1.14.1.tar.xz,6748,14.858374997857027
@webassemblyjs__wasm-gen--wasm-gen-1.14.1,repacked,../data/unpacked_2500/@webassemblyjs__wasm-gen--wasm-gen-1.14.1,../data/repacked_xz_2500/@webassemblyjs__wasm-gen--wasm-gen-1.14.1.tar.xz,5092,14.259417002904229
@webassemblyjs__wasm-opt--wasm-opt-1.14.1,repacked,../data/unpacked_2500/@webassemblyjs__wasm-opt--wasm-opt-1.14.1,../data/repacked_xz_2500/@webassemblyjs__wasm-opt--wasm-opt-1.14.1.tar.xz,3760,11.591166010475717
@webassemblyjs__wasm-parser--wasm-parser-1.14.1,repacked,../data/unpacked_2500/@webassemblyjs__wasm-parser--wasm-parser-1.14.1,../data/repacked_xz_2500/@webassemblyjs__wasm-parser--wasm-parser-1.14.1.tar.xz,13888,30.702000003657304
@webassemblyjs__wast-parser--wast-parser-1.14.1,repacked,../data/unpacked_2500/@webassemblyjs__wast-parser--wast-parser-1.14.1,../data/repacked_xz_2500/@webassemblyjs__wast-parser--wast-parser-1.14.1.tar.xz,14632,30.512917001033202
@webassemblyjs__wast-printer--wast-printer-1.14.1,repacked,../data/unpacked_2500/@webassemblyjs__wast-printer--wast-printer-1.14.1,../data/repacked_xz_2500/@webassemblyjs__wast-printer--wast-printer-1.14.1.tar.xz,5256,14.823000004980713
@xmldom__xmldom--xmldom-0.9.10,repacked,../data/unpacked_2500/@xmldom__xmldom--xmldom-0.9.10,../data/repacked_xz_2500/@xmldom__xmldom--xmldom-0.9.10.tar.xz,82040,82.59700000053272
@xtuc__ieee754--ieee754-1.2.0,repacked,../data/unpacked_2500/@xtuc__ieee754--ieee754-1.2.0,../data/repacked_xz_2500/@xtuc__ieee754--ieee754-1.2.0.tar.xz,3188,10.040166991529986
@xtuc__long--long-4.2.2,repacked,../data/unpacked_2500/@xtuc__long--long-4.2.2,../data/repacked_xz_2500/@xtuc__long--long-4.2.2.tar.xz,25412,38.63400001137052
JSONStream--JSONStream-1.3.5,repacked,../data/unpacked_2500/JSONStream--JSONStream-1.3.5,../data/repacked_xz_2500/JSONStream--JSONStream-1.3.5.tar.xz,116456,82.79154199408367
abab--abab-2.0.6,repacked,../data/unpacked_2500/abab--abab-2.0.6,../data/repacked_xz_2500/abab--abab-2.0.6.tar.xz,4664,11.535457990248688
abbrev--abbrev-5.0.0,repacked,../data/unpacked_2500/abbrev--abbrev-5.0.0,../data/repacked_xz_2500/abbrev--abbrev-5.0.0.tar.xz,2648,8.897874999092892
abitype--abitype-1.2.4,repacked,../data/unpacked_2500/abitype--abitype-1.2.4,../data/repacked_xz_2500/abitype--abitype-1.2.4.tar.xz,107972,272.8605830052402
abort-controller--abort-controller-3.0.0,repacked,../data/unpacked_2500/abort-controller--abort-controller-3.0.0,../data/repacked_xz_2500/abort-controller--abort-controller-3.0.0.tar.xz,15524,24.768292001681402
accepts--accepts-1.3.8,repacked,../data/unpacked_2500/accepts--accepts-1.3.8,../data/repacked_xz_2500/accepts--accepts-1.3.8.tar.xz,5220,11.035125004127622
acertea--acertea-1.1.6,repacked,../data/unpacked_2500/acertea--acertea-1.1.6,../data/repacked_xz_2500/acertea--acertea-1.1.6.tar.xz,66076,62.36125000577886
acorn--acorn-8.16.0,repacked,../data/unpacked_2500/acorn--acorn-8.16.0,../data/repacked_xz_2500/acorn--acorn-8.16.0.tar.xz,77540,121.96000000403728
acorn-globals--acorn-globals-7.0.1,repacked,../data/unpacked_2500/acorn-globals--acorn-globals-7.0.1,../data/repacked_xz_2500/acorn-globals--acorn-globals-7.0.1.tar.xz,3344,10.02899999730289
acorn-import-phases--acorn-import-phases-1.0.4,repacked,../data/unpacked_2500/acorn-import-phases--acorn-import-phases-1.0.4,../data/repacked_xz_2500/acorn-import-phases--acorn-import-phases-1.0.4.tar.xz,2992,10.655791993485764
acorn-jsx--acorn-jsx-5.3.2,repacked,../data/unpacked_2500/acorn-jsx--acorn-jsx-5.3.2,../data/repacked_xz_2500/acorn-jsx--acorn-jsx-5.3.2.tar.xz,7140,13.619916993775405
acorn-walk--acorn-walk-8.3.5,repacked,../data/unpacked_2500/acorn-walk--acorn-walk-8.3.5,../data/repacked_xz_2500/acorn-walk--acorn-walk-8.3.5.tar.xz,9196,18.466291992808692
address--address-2.0.3,repacked,../data/unpacked_2500/address--address-2.0.3,../data/repacked_xz_2500/address--address-2.0.3.tar.xz,11528,25.614833008148707
adjust-sourcemap-loader--adjust-sourcemap-loader-5.0.0,repacked,../data/unpacked_2500/adjust-sourcemap-loader--adjust-sourcemap-loader-5.0.0,../data/repacked_xz_2500/adjust-sourcemap-loader--adjust-sourcemap-loader-5.0.0.tar.xz,11668,23.899459003587253
aes-js--aes-js-3.1.2,repacked,../data/unpacked_2500/aes-js--aes-js-3.1.2,../data/repacked_xz_2500/aes-js--aes-js-3.1.2.tar.xz,16784,23.906292000901885
agent-base--agent-base-9.0.0,repacked,../data/unpacked_2500/agent-base--agent-base-9.0.0,../data/repacked_xz_2500/agent-base--agent-base-9.0.0.tar.xz,6836,14.814459005719982
agentkeepalive--agentkeepalive-4.6.0,repacked,../data/unpacked_2500/agentkeepalive--agentkeepalive-4.6.0,../data/repacked_xz_2500/agentkeepalive--agentkeepalive-4.6.0.tar.xz,9504,16.941833004239015
aggregate-error--aggregate-error-5.0.0,repacked,../data/unpacked_2500/aggregate-error--aggregate-error-5.0.0,../data/repacked_xz_2500/aggregate-error--aggregate-error-5.0.0.tar.xz,2716,9.284792002290487
ajv--ajv-8.20.0,repacked,../data/unpacked_2500/ajv--ajv-8.20.0,../data/repacked_xz_2500/ajv--ajv-8.20.0.tar.xz,158884,389.71158298954833
ajv-errors--ajv-errors-3.0.0,repacked,../data/unpacked_2500/ajv-errors--ajv-errors-3.0.0,../data/repacked_xz_2500/ajv-errors--ajv-errors-3.0.0.tar.xz,11488,21.313709003152326
ajv-formats--ajv-formats-3.0.1,repacked,../data/unpacked_2500/ajv-formats--ajv-formats-3.0.1,../data/repacked_xz_2500/ajv-formats--ajv-formats-3.0.1.tar.xz,12856,22.668958001304418
ajv-keywords--ajv-keywords-5.1.0,repacked,../data/unpacked_2500/ajv-keywords--ajv-keywords-5.1.0,../data/repacked_xz_2500/ajv-keywords--ajv-keywords-5.1.0.tar.xz,26708,73.44449999800418
align-text--align-text-1.0.2,repacked,../data/unpacked_2500/align-text--align-text-1.0.2,../data/repacked_xz_2500/align-text--align-text-1.0.2.tar.xz,3904,13.205833995016292
alphanum-sort--alphanum-sort-1.0.2,repacked,../data/unpacked_2500/alphanum-sort--alphanum-sort-1.0.2,../data/repacked_xz_2500/alphanum-sort--alphanum-sort-1.0.2.tar.xz,2748,9.55341599183157
amdefine--amdefine-1.0.1,repacked,../data/unpacked_2500/amdefine--amdefine-1.0.1,../data/repacked_xz_2500/amdefine--amdefine-1.0.1.tar.xz,7268,14.24925000173971
anakjalanan--anakjalanan-1.1.4,repacked,../data/unpacked_2500/anakjalanan--anakjalanan-1.1.4,../data/repacked_xz_2500/anakjalanan--anakjalanan-1.1.4.tar.xz,13980,20.240875004674308
ansi-align--ansi-align-3.0.1,repacked,../data/unpacked_2500/ansi-align--ansi-align-3.0.1,../data/repacked_xz_2500/ansi-align--ansi-align-3.0.1.tar.xz,3256,9.90595799521543
ansi-colors--ansi-colors-4.1.3,repacked,../data/unpacked_2500/ansi-colors--ansi-colors-4.1.3,../data/repacked_xz_2500/ansi-colors--ansi-colors-4.1.3.tar.xz,8264,14.045250005437993
ansi-escapes--ansi-escapes-7.3.0,repacked,../data/unpacked_2500/ansi-escapes--ansi-escapes-7.3.0,../data/repacked_xz_2500/ansi-escapes--ansi-escapes-7.3.0.tar.xz,6388,13.185375006287359
ansi-gray--ansi-gray-0.1.1,repacked,../data/unpacked_2500/ansi-gray--ansi-gray-0.1.1,../data/repacked_xz_2500/ansi-gray--ansi-gray-0.1.1.tar.xz,2052,8.258041998487897
ansi-html--ansi-html-0.0.9,repacked,../data/unpacked_2500/ansi-html--ansi-html-0.0.9,../data/repacked_xz_2500/ansi-html--ansi-html-0.0.9.tar.xz,7312,12.804250000044703
ansi-html-community--ansi-html-community-0.0.8,repacked,../data/unpacked_2500/ansi-html-community--ansi-html-community-0.0.8,../data/repacked_xz_2500/ansi-html-community--ansi-html-community-0.0.8.tar.xz,7356,12.852250001742505
ansi-regex--ansi-regex-6.2.2,repacked,../data/unpacked_2500/ansi-regex--ansi-regex-6.2.2,../data/repacked_xz_2500/ansi-regex--ansi-regex-6.2.2.tar.xz,2964,9.249750000890344
ansi-styles--ansi-styles-6.2.3,repacked,../data/unpacked_2500/ansi-styles--ansi-styles-6.2.3,../data/repacked_xz_2500/ansi-styles--ansi-styles-6.2.3.tar.xz,5704,11.914125003386289
ansi-wrap--ansi-wrap-0.1.0,repacked,../data/unpacked_2500/ansi-wrap--ansi-wrap-0.1.0,../data/repacked_xz_2500/ansi-wrap--ansi-wrap-0.1.0.tar.xz,2196,8.406832988839597
any-promise--any-promise-1.3.0,repacked,../data/unpacked_2500/any-promise--any-promise-1.3.0,../data/repacked_xz_2500/any-promise--any-promise-1.3.0.tar.xz,7400,19.899042003089562
anymatch--anymatch-3.1.3,repacked,../data/unpacked_2500/anymatch--anymatch-3.1.3,../data/repacked_xz_2500/anymatch--anymatch-3.1.3.tar.xz,3716,10.820249997777864
aproba--aproba-2.1.0,repacked,../data/unpacked_2500/aproba--aproba-2.1.0,../data/repacked_xz_2500/aproba--aproba-2.1.0.tar.xz,3604,9.481791988946497
archive-type--archive-type-4.0.0,repacked,../data/unpacked_2500/archive-type--archive-type-4.0.0,../data/repacked_xz_2500/archive-type--archive-type-4.0.0.tar.xz,1952,7.957875001011416
archiver--archiver-8.0.0,repacked,../data/unpacked_2500/archiver--archiver-8.0.0,../data/repacked_xz_2500/archiver--archiver-8.0.0.tar.xz,9824,17.118375006248243
archiver-utils--archiver-utils-5.0.2,repacked,../data/unpacked_2500/archiver-utils--archiver-utils-5.0.2,../data/repacked_xz_2500/archiver-utils--archiver-utils-5.0.2.tar.xz,4544,10.618625005008653
are-we-there-yet--are-we-there-yet-4.0.2,repacked,../data/unpacked_2500/are-we-there-yet--are-we-there-yet-4.0.2,../data/repacked_xz_2500/are-we-there-yet--are-we-there-yet-4.0.2.tar.xz,4896,11.594874988077208
arg--arg-5.0.2,repacked,../data/unpacked_2500/arg--arg-5.0.2,../data/repacked_xz_2500/arg--arg-5.0.2.tar.xz,5572,11.100540999905206
argparse--argparse-2.0.1,repacked,../data/unpacked_2500/argparse--argparse-2.0.1,../data/repacked_xz_2500/argparse--argparse-2.0.1.tar.xz,34776,43.66174999449868
aria-hidden--aria-hidden-1.2.6,repacked,../data/unpacked_2500/aria-hidden--aria-hidden-1.2.6,../data/repacked_xz_2500/aria-hidden--aria-hidden-1.2.6.tar.xz,5328,14.014582993695512
aria-query--aria-query-5.3.2,repacked,../data/unpacked_2500/aria-query--aria-query-5.3.2,../data/repacked_xz_2500/aria-query--aria-query-5.3.2.tar.xz,21044,69.80295799439773
arr-diff--arr-diff-4.0.0,repacked,../data/unpacked_2500/arr-diff--arr-diff-4.0.0,../data/repacked_xz_2500/arr-diff--arr-diff-4.0.0.tar.xz,3216,9.952209002221934
arr-flatten--arr-flatten-1.1.0,repacked,../data/unpacked_2500/arr-flatten--arr-flatten-1.1.0,../data/repacked_xz_2500/arr-flatten--arr-flatten-1.1.0.tar.xz,2940,8.848291006870568
arr-union--arr-union-3.1.0,repacked,../data/unpacked_2500/arr-union--arr-union-3.1.0,../data/repacked_xz_2500/arr-union--arr-union-3.1.0.tar.xz,2912,9.151042002486065
array-buffer-byte-length--array-buffer-byte-length-1.0.2,repacked,../data/unpacked_2500/array-buffer-byte-length--array-buffer-byte-length-1.0.2,../data/repacked_xz_2500/array-buffer-byte-length--array-buffer-byte-length-1.0.2.tar.xz,5216,13.371207998716272
array-differ--array-differ-4.0.0,repacked,../data/unpacked_2500/array-differ--array-differ-4.0.0,../data/repacked_xz_2500/array-differ--array-differ-4.0.0.tar.xz,1988,8.252291998360306
array-equal--array-equal-2.0.0,repacked,../data/unpacked_2500/array-equal--array-equal-2.0.0,../data/repacked_xz_2500/array-equal--array-equal-2.0.0.tar.xz,1724,8.10187500610482
array-find-index--array-find-index-1.0.2,repacked,../data/unpacked_2500/array-find-index--array-find-index-1.0.2,../data/repacked_xz_2500/array-find-index--array-find-index-1.0.2.tar.xz,1840,8.076167010585777
array-flatten--array-flatten-3.0.0,repacked,../data/unpacked_2500/array-flatten--array-flatten-3.0.0,../data/repacked_xz_2500/array-flatten--array-flatten-3.0.0.tar.xz,4764,14.753292009118013
array-includes--array-includes-3.1.9,repacked,../data/unpacked_2500/array-includes--array-includes-3.1.9,../data/repacked_xz_2500/array-includes--array-includes-3.1.9.tar.xz,9116,18.592792010167614
array-slice--array-slice-1.1.0,repacked,../data/unpacked_2500/array-slice--array-slice-1.1.0,../data/repacked_xz_2500/array-slice--array-slice-1.1.0.tar.xz,2824,9.66991699533537
array-union--array-union-3.0.1,repacked,../data/unpacked_2500/array-union--array-union-3.0.1,../data/repacked_xz_2500/array-union--array-union-3.0.1.tar.xz,1948,8.119209000142291
array-uniq--array-uniq-3.0.0,repacked,../data/unpacked_2500/array-uniq--array-uniq-3.0.0,../data/repacked_xz_2500/array-uniq--array-uniq-3.0.0.tar.xz,1792,7.977375003974885
array-unique--array-unique-0.3.2,repacked,../data/unpacked_2500/array-unique--array-unique-0.3.2,../data/repacked_xz_2500/array-unique--array-unique-0.3.2.tar.xz,2872,8.86208399606403
array.prototype.findlast--array.prototype.findlast-1.2.5,repacked,../data/unpacked_2500/array.prototype.findlast--array.prototype.findlast-1.2.5,../data/repacked_xz_2500/array.prototype.findlast--array.prototype.findlast-1.2.5.tar.xz,9452,18.812082998920232
array.prototype.findlastindex--array.prototype.findlastindex-1.2.6,repacked,../data/unpacked_2500/array.prototype.findlastindex--array.prototype.findlastindex-1.2.6,../data/repacked_xz_2500/array.prototype.findlastindex--array.prototype.findlastindex-1.2.6.tar.xz,9476,18.503583007259294
array.prototype.flat--array.prototype.flat-1.3.3,repacked,../data/unpacked_2500/array.prototype.flat--array.prototype.flat-1.3.3,../data/repacked_xz_2500/array.prototype.flat--array.prototype.flat-1.3.3.tar.xz,7344,17.08991600025911
array.prototype.flatmap--array.prototype.flatmap-1.3.3,repacked,../data/unpacked_2500/array.prototype.flatmap--array.prototype.flatmap-1.3.3,../data/repacked_xz_2500/array.prototype.flatmap--array.prototype.flatmap-1.3.3.tar.xz,7640,17.112959001678973
array.prototype.reduce--array.prototype.reduce-1.0.8,repacked,../data/unpacked_2500/array.prototype.reduce--array.prototype.reduce-1.0.8,../data/repacked_xz_2500/array.prototype.reduce--array.prototype.reduce-1.0.8.tar.xz,9572,18.074167004670016
array.prototype.tosorted--array.prototype.tosorted-1.1.4,repacked,../data/unpacked_2500/array.prototype.tosorted--array.prototype.tosorted-1.1.4,../data/repacked_xz_2500/array.prototype.tosorted--array.prototype.tosorted-1.1.4.tar.xz,7352,17.21583300968632
arraybuffer.prototype.slice--arraybuffer.prototype.slice-1.0.4,repacked,../data/unpacked_2500/arraybuffer.prototype.slice--arraybuffer.prototype.slice-1.0.4,../data/repacked_xz_2500/arraybuffer.prototype.slice--arraybuffer.prototype.slice-1.0.4.tar.xz,7072,16.218625009059906
arrify--arrify-3.0.0,repacked,../data/unpacked_2500/arrify--arrify-3.0.0,../data/repacked_xz_2500/arrify--arrify-3.0.0.tar.xz,1984,8.167499996488914
asap--asap-2.0.6,repacked,../data/unpacked_2500/asap--asap-2.0.6,../data/repacked_xz_2500/asap--asap-2.0.6.tar.xz,10908,16.030332990339957
asn1--asn1-0.2.6,repacked,../data/unpacked_2500/asn1--asn1-0.2.6,../data/repacked_xz_2500/asn1--asn1-0.2.6.tar.xz,5920,14.316040993435308
asn1.js--asn1.js-5.4.1,repacked,../data/unpacked_2500/asn1.js--asn1.js-5.4.1,../data/repacked_xz_2500/asn1.js--asn1.js-5.4.1.tar.xz,12368,24.811415991280228
assert--assert-2.1.0,repacked,../data/unpacked_2500/assert--assert-2.1.0,../data/repacked_xz_2500/assert--assert-2.1.0.tar.xz,19560,25.491666994639672
assert-plus--assert-plus-1.0.0,repacked,../data/unpacked_2500/assert-plus--assert-plus-1.0.0,../data/repacked_xz_2500/assert-plus--assert-plus-1.0.0.tar.xz,3968,10.444792002090253
assign-symbols--assign-symbols-2.0.2,repacked,../data/unpacked_2500/assign-symbols--assign-symbols-2.0.2,../data/repacked_xz_2500/assign-symbols--assign-symbols-2.0.2.tar.xz,3328,8.955209006671794
ast-types--ast-types-0.14.2,repacked,../data/unpacked_2500/ast-types--ast-types-0.14.2,../data/repacked_xz_2500/ast-types--ast-types-0.14.2.tar.xz,60052,110.42641699896194
ast-types-flow--ast-types-flow-0.0.8,repacked,../data/unpacked_2500/ast-types-flow--ast-types-flow-0.0.8,../data/repacked_xz_2500/ast-types-flow--ast-types-flow-0.0.8.tar.xz,6372,17.069915993488394
astral-regex--astral-regex-2.0.0,repacked,../data/unpacked_2500/astral-regex--astral-regex-2.0.0,../data/repacked_xz_2500/astral-regex--astral-regex-2.0.0.tar.xz,1916,8.215750000090338
async--async-3.2.6,repacked,../data/unpacked_2500/async--async-3.2.6,../data/repacked_xz_2500/async--async-3.2.6.tar.xz,72732,157.8229580045445
async-each--async-each-1.0.6,repacked,../data/unpacked_2500/async-each--async-each-1.0.6,../data/repacked_xz_2500/async-each--async-each-1.0.6.tar.xz,2280,8.719125005882233
async-function--async-function-1.0.0,repacked,../data/unpacked_2500/async-function--async-function-1.0.0,../data/repacked_xz_2500/async-function--async-function-1.0.0.tar.xz,4780,14.239083000575192
async-generator-function--async-generator-function-1.0.0,repacked,../data/unpacked_2500/async-generator-function--async-generator-function-1.0.0,../data/repacked_xz_2500/async-generator-function--async-generator-function-1.0.0.tar.xz,4904,13.615875010145828
async-limiter--async-limiter-2.0.0,repacked,../data/unpacked_2500/async-limiter--async-limiter-2.0.0,../data/repacked_xz_2500/async-limiter--async-limiter-2.0.0.tar.xz,4268,10.453666996909305
async-validator--async-validator-4.2.5,repacked,../data/unpacked_2500/async-validator--async-validator-4.2.5,../data/repacked_xz_2500/async-validator--async-validator-4.2.5.tar.xz,31804,57.71637499856297
asynckit--asynckit-0.5.0,repacked,../data/unpacked_2500/asynckit--asynckit-0.5.0,../data/repacked_xz_2500/asynckit--asynckit-0.5.0.tar.xz,7712,17.43012500810437
at-least-node--at-least-node-1.0.0,repacked,../data/unpacked_2500/at-least-node--at-least-node-1.0.0,../data/repacked_xz_2500/at-least-node--at-least-node-1.0.0.tar.xz,1692,7.668374993954785
atob--atob-2.1.2,repacked,../data/unpacked_2500/atob--atob-2.1.2,../data/repacked_xz_2500/atob--atob-2.1.2.tar.xz,12004,16.6332499939017
atomic-sleep--atomic-sleep-1.0.0,repacked,../data/unpacked_2500/atomic-sleep--atomic-sleep-1.0.0,../data/repacked_xz_2500/atomic-sleep--atomic-sleep-1.0.0.tar.xz,2892,9.306874999310821
autoprefixer--autoprefixer-10.5.0,repacked,../data/unpacked_2500/autoprefixer--autoprefixer-10.5.0,../data/repacked_xz_2500/autoprefixer--autoprefixer-10.5.0.tar.xz,40844,69.54641699849162
available-typed-arrays--available-typed-arrays-1.0.7,repacked,../data/unpacked_2500/available-typed-arrays--available-typed-arrays-1.0.7,../data/repacked_xz_2500/available-typed-arrays--available-typed-arrays-1.0.7.tar.xz,7404,15.269625000655651
aws-sdk--aws-sdk-2.1693.0,repacked,../data/unpacked_2500/aws-sdk--aws-sdk-2.1693.0,../data/repacked_xz_2500/aws-sdk--aws-sdk-2.1693.0.tar.xz,7411028,25935.882666002726
aws-sign2--aws-sign2-0.7.0,repacked,../data/unpacked_2500/aws-sign2--aws-sign2-0.7.0,../data/repacked_xz_2500/aws-sign2--aws-sign2-0.7.0.tar.xz,5128,15.535957994870842
aws4--aws4-1.13.2,repacked,../data/unpacked_2500/aws4--aws4-1.13.2,../data/repacked_xz_2500/aws4--aws4-1.13.2.tar.xz,7848,15.084290993399918
axe-core--axe-core-4.11.4,repacked,../data/unpacked_2500/axe-core--axe-core-4.11.4,../data/repacked_xz_2500/axe-core--axe-core-4.11.4.tar.xz,455228,646.8875840073451
axios--axios-1.16.1,repacked,../data/unpacked_2500/axios--axios-1.16.1,../data/repacked_xz_2500/axios--axios-1.16.1.tar.xz,303208,560.7354579988169
axobject-query--axobject-query-4.1.0,repacked,../data/unpacked_2500/axobject-query--axobject-query-4.1.0,../data/repacked_xz_2500/axobject-query--axobject-query-4.1.0.tar.xz,16500,58.205541005008854
b4a--b4a-1.8.1,repacked,../data/unpacked_2500/b4a--b4a-1.8.1,../data/repacked_xz_2500/b4a--b4a-1.8.1.tar.xz,9612,18.06616700196173
babel-code-frame--babel-code-frame-6.26.0,repacked,../data/unpacked_2500/babel-code-frame--babel-code-frame-6.26.0,../data/repacked_xz_2500/babel-code-frame--babel-code-frame-6.26.0.tar.xz,3040,9.475750004639849
babel-core--babel-core-6.26.3,repacked,../data/unpacked_2500/babel-core--babel-core-6.26.3,../data/repacked_xz_2500/babel-core--babel-core-6.26.3.tar.xz,21332,35.97179199277889
babel-eslint--babel-eslint-10.1.0,repacked,../data/unpacked_2500/babel-eslint--babel-eslint-10.1.0,../data/repacked_xz_2500/babel-eslint--babel-eslint-10.1.0.tar.xz,9152,17.9751249961555
babel-generator--babel-generator-6.26.1,repacked,../data/unpacked_2500/babel-generator--babel-generator-6.26.1,../data/repacked_xz_2500/babel-generator--babel-generator-6.26.1.tar.xz,16868,30.062582998652942
babel-helper-builder-binary-assignment-operator-visitor--babel-helper-builder-binary-assignment-operator-visitor-6.24.1,repacked,../data/unpacked_2500/babel-helper-builder-binary-assignment-operator-visitor--babel-helper-builder-binary-assignment-operator-visitor-6.24.1,../data/repacked_xz_2500/babel-helper-builder-binary-assignment-operator-visitor--babel-helper-builder-binary-assignment-operator-visitor-6.24.1.tar.xz,1348,7.591625006170943
babel-helper-call-delegate--babel-helper-call-delegate-6.24.1,repacked,../data/unpacked_2500/babel-helper-call-delegate--babel-helper-call-delegate-6.24.1,../data/repacked_xz_2500/babel-helper-call-delegate--babel-helper-call-delegate-6.24.1.tar.xz,1412,7.5377500033937395
babel-helper-define-map--babel-helper-define-map-6.26.0,repacked,../data/unpacked_2500/babel-helper-define-map--babel-helper-define-map-6.26.0,../data/repacked_xz_2500/babel-helper-define-map--babel-helper-define-map-6.26.0.tar.xz,2160,8.860957997967489
babel-helper-explode-assignable-expression--babel-helper-explode-assignable-expression-6.24.1,repacked,../data/unpacked_2500/babel-helper-explode-assignable-expression--babel-helper-explode-assignable-expression-6.24.1,../data/repacked_xz_2500/babel-helper-explode-assignable-expression--babel-helper-explode-assignable-expression-6.24.1.tar.xz,1372,7.714374994975515
babel-helper-function-name--babel-helper-function-name-6.24.1,repacked,../data/unpacked_2500/babel-helper-function-name--babel-helper-function-name-6.24.1,../data/repacked_xz_2500/babel-helper-function-name--babel-helper-function-name-6.24.1.tar.xz,2028,8.615124999778345
babel-helper-get-function-arity--babel-helper-get-function-arity-6.24.1,repacked,../data/unpacked_2500/babel-helper-get-function-arity--babel-helper-get-function-arity-6.24.1,../data/repacked_xz_2500/babel-helper-get-function-arity--babel-helper-get-function-arity-6.24.1.tar.xz,1008,7.704167001065798
babel-helper-hoist-variables--babel-helper-hoist-variables-6.24.1,repacked,../data/unpacked_2500/babel-helper-hoist-variables--babel-helper-hoist-variables-6.24.1,../data/repacked_xz_2500/babel-helper-hoist-variables--babel-helper-hoist-variables-6.24.1.tar.xz,1488,8.314667007653043
babel-helper-optimise-call-expression--babel-helper-optimise-call-expression-6.24.1,repacked,../data/unpacked_2500/babel-helper-optimise-call-expression--babel-helper-optimise-call-expression-6.24.1,../data/repacked_xz_2500/babel-helper-optimise-call-expression--babel-helper-optimise-call-expression-6.24.1.tar.xz,1056,7.624250007211231
babel-helper-regex--babel-helper-regex-6.26.0,repacked,../data/unpacked_2500/babel-helper-regex--babel-helper-regex-6.26.0,../data/repacked_xz_2500/babel-helper-regex--babel-helper-regex-6.26.0.tar.xz,1212,7.972250008606352
babel-helper-remap-async-to-generator--babel-helper-remap-async-to-generator-6.24.1,repacked,../data/unpacked_2500/babel-helper-remap-async-to-generator--babel-helper-remap-async-to-generator-6.24.1,../data/repacked_xz_2500/babel-helper-remap-async-to-generator--babel-helper-remap-async-to-generator-6.24.1.tar.xz,3008,10.143042003619485
babel-helper-replace-supers--babel-helper-replace-supers-6.24.1,repacked,../data/unpacked_2500/babel-helper-replace-supers--babel-helper-replace-supers-6.24.1,../data/repacked_xz_2500/babel-helper-replace-supers--babel-helper-replace-supers-6.24.1.tar.xz,2648,9.22487500065472
babel-helpers--babel-helpers-6.24.1,repacked,../data/unpacked_2500/babel-helpers--babel-helpers-6.24.1,../data/repacked_xz_2500/babel-helpers--babel-helpers-6.24.1.tar.xz,4884,12.215875001857057
babel-jest--babel-jest-30.4.1,repacked,../data/unpacked_2500/babel-jest--babel-jest-30.4.1,../data/repacked_xz_2500/babel-jest--babel-jest-30.4.1.tar.xz,4920,11.602667000261135
babel-loader--babel-loader-10.1.1,repacked,../data/unpacked_2500/babel-loader--babel-loader-10.1.1,../data/repacked_xz_2500/babel-loader--babel-loader-10.1.1.tar.xz,15548,20.194500000798143
babel-messages--babel-messages-6.23.0,repacked,../data/unpacked_2500/babel-messages--babel-messages-6.23.0,../data/repacked_xz_2500/babel-messages--babel-messages-6.23.0.tar.xz,2528,8.844540992868133
babel-plugin-check-es2015-constants--babel-plugin-check-es2015-constants-6.22.0,repacked,../data/unpacked_2500/babel-plugin-check-es2015-constants--babel-plugin-check-es2015-constants-6.22.0,../data/repacked_xz_2500/babel-plugin-check-es2015-constants--babel-plugin-check-es2015-constants-6.22.0.tar.xz,1692,8.179957992979325
babel-plugin-istanbul--babel-plugin-istanbul-8.0.0,repacked,../data/unpacked_2500/babel-plugin-istanbul--babel-plugin-istanbul-8.0.0,../data/repacked_xz_2500/babel-plugin-istanbul--babel-plugin-istanbul-8.0.0.tar.xz,5276,11.303874998702668
babel-plugin-jest-hoist--babel-plugin-jest-hoist-30.4.0,repacked,../data/unpacked_2500/babel-plugin-jest-hoist--babel-plugin-jest-hoist-30.4.0,../data/repacked_xz_2500/babel-plugin-jest-hoist--babel-plugin-jest-hoist-30.4.0.tar.xz,5140,11.959041992668062
babel-plugin-macros--babel-plugin-macros-3.1.0,repacked,../data/unpacked_2500/babel-plugin-macros--babel-plugin-macros-3.1.0,../data/repacked_xz_2500/babel-plugin-macros--babel-plugin-macros-3.1.0.tar.xz,11152,16.182457999093458
babel-plugin-named-asset-import--babel-plugin-named-asset-import-0.3.8,repacked,../data/unpacked_2500/babel-plugin-named-asset-import--babel-plugin-named-asset-import-0.3.8,../data/repacked_xz_2500/babel-plugin-named-asset-import--babel-plugin-named-asset-import-0.3.8.tar.xz,1944,7.714542007306591
babel-plugin-polyfill-corejs2--babel-plugin-polyfill-corejs2-0.4.17,repacked,../data/unpacked_2500/babel-plugin-polyfill-corejs2--babel-plugin-polyfill-corejs2-0.4.17,../data/repacked_xz_2500/babel-plugin-polyfill-corejs2--babel-plugin-polyfill-corejs2-0.4.17.tar.xz,15000,24.933374996180646
babel-plugin-polyfill-corejs3--babel-plugin-polyfill-corejs3-0.14.2,repacked,../data/unpacked_2500/babel-plugin-polyfill-corejs3--babel-plugin-polyfill-corejs3-0.14.2,../data/repacked_xz_2500/babel-plugin-polyfill-corejs3--babel-plugin-polyfill-corejs3-0.14.2.tar.xz,32940,52.28791700210422
babel-plugin-polyfill-regenerator--babel-plugin-polyfill-regenerator-0.6.8,repacked,../data/unpacked_2500/babel-plugin-polyfill-regenerator--babel-plugin-polyfill-regenerator-0.6.8,../data/repacked_xz_2500/babel-plugin-polyfill-regenerator--babel-plugin-polyfill-regenerator-0.6.8.tar.xz,3920,11.702249990776181
babel-plugin-styled-components--babel-plugin-styled-components-2.3.0,repacked,../data/unpacked_2500/babel-plugin-styled-components--babel-plugin-styled-components-2.3.0,../data/repacked_xz_2500/babel-plugin-styled-components--babel-plugin-styled-components-2.3.0.tar.xz,13104,23.329167001065798
babel-plugin-syntax-async-functions--babel-plugin-syntax-async-functions-6.13.0,repacked,../data/unpacked_2500/babel-plugin-syntax-async-functions--babel-plugin-syntax-async-functions-6.13.0,../data/repacked_xz_2500/babel-plugin-syntax-async-functions--babel-plugin-syntax-async-functions-6.13.0.tar.xz,960,7.482667002477683
babel-plugin-syntax-exponentiation-operator--babel-plugin-syntax-exponentiation-operator-6.13.0,repacked,../data/unpacked_2500/babel-plugin-syntax-exponentiation-operator--babel-plugin-syntax-exponentiation-operator-6.13.0,../data/repacked_xz_2500/babel-plugin-syntax-exponentiation-operator--babel-plugin-syntax-exponentiation-operator-6.13.0.tar.xz,972,7.484166009817272
babel-plugin-syntax-jsx--babel-plugin-syntax-jsx-6.18.0,repacked,../data/unpacked_2500/babel-plugin-syntax-jsx--babel-plugin-syntax-jsx-6.18.0,../data/repacked_xz_2500/babel-plugin-syntax-jsx--babel-plugin-syntax-jsx-6.18.0.tar.xz,936,6.9082909903954715
babel-plugin-syntax-object-rest-spread--babel-plugin-syntax-object-rest-spread-6.13.0,repacked,../data/unpacked_2500/babel-plugin-syntax-object-rest-spread--babel-plugin-syntax-object-rest-spread-6.13.0,../data/repacked_xz_2500/babel-plugin-syntax-object-rest-spread--babel-plugin-syntax-object-rest-spread-6.13.0.tar.xz,968,6.911833988851868
babel-plugin-syntax-trailing-function-commas--babel-plugin-syntax-trailing-function-commas-6.22.0,repacked,../data/unpacked_2500/babel-plugin-syntax-trailing-function-commas--babel-plugin-syntax-trailing-function-commas-6.22.0,../data/repacked_xz_2500/babel-plugin-syntax-trailing-function-commas--babel-plugin-syntax-trailing-function-commas-6.22.0.tar.xz,1692,7.6330000010784715
babel-plugin-transform-async-to-generator--babel-plugin-transform-async-to-generator-6.24.1,repacked,../data/unpacked_2500/babel-plugin-transform-async-to-generator--babel-plugin-transform-async-to-generator-6.24.1,../data/repacked_xz_2500/babel-plugin-transform-async-to-generator--babel-plugin-transform-async-to-generator-6.24.1.tar.xz,1336,7.336624999879859
babel-plugin-transform-es2015-arrow-functions--babel-plugin-transform-es2015-arrow-functions-6.22.0,repacked,../data/unpacked_2500/babel-plugin-transform-es2015-arrow-functions--babel-plugin-transform-es2015-arrow-functions-6.22.0,../data/repacked_xz_2500/babel-plugin-transform-es2015-arrow-functions--babel-plugin-transform-es2015-arrow-functions-6.22.0.tar.xz,1980,8.164750004652888
babel-plugin-transform-es2015-block-scoped-functions--babel-plugin-transform-es2015-block-scoped-functions-6.22.0,repacked,../data/unpacked_2500/babel-plugin-transform-es2015-block-scoped-functions--babel-plugin-transform-es2015-block-scoped-functions-6.22.0,../data/repacked_xz_2500/babel-plugin-transform-es2015-block-scoped-functions--babel-plugin-transform-es2015-block-scoped-functions-6.22.0.tar.xz,1516,7.490042000426911
babel-plugin-transform-es2015-block-scoping--babel-plugin-transform-es2015-block-scoping-6.26.0,repacked,../data/unpacked_2500/babel-plugin-transform-es2015-block-scoping--babel-plugin-transform-es2015-block-scoping-6.26.0,../data/repacked_xz_2500/babel-plugin-transform-es2015-block-scoping--babel-plugin-transform-es2015-block-scoping-6.26.0.tar.xz,6096,12.86324999819044
babel-plugin-transform-es2015-classes--babel-plugin-transform-es2015-classes-6.24.1,repacked,../data/unpacked_2500/babel-plugin-transform-es2015-classes--babel-plugin-transform-es2015-classes-6.24.1,../data/repacked_xz_2500/babel-plugin-transform-es2015-classes--babel-plugin-transform-es2015-classes-6.24.1.tar.xz,6500,13.745709002250805
babel-plugin-transform-es2015-computed-properties--babel-plugin-transform-es2015-computed-properties-6.24.1,repacked,../data/unpacked_2500/babel-plugin-transform-es2015-computed-properties--babel-plugin-transform-es2015-computed-properties-6.24.1,../data/repacked_xz_2500/babel-plugin-transform-es2015-computed-properties--babel-plugin-transform-es2015-computed-properties-6.24.1.tar.xz,2948,9.10429100622423
babel-plugin-transform-es2015-destructuring--babel-plugin-transform-es2015-destructuring-6.23.0,repacked,../data/unpacked_2500/babel-plugin-transform-es2015-destructuring--babel-plugin-transform-es2015-destructuring-6.23.0,../data/repacked_xz_2500/babel-plugin-transform-es2015-destructuring--babel-plugin-transform-es2015-destructuring-6.23.0.tar.xz,4208,11.945834005018696
babel-plugin-transform-es2015-duplicate-keys--babel-plugin-transform-es2015-duplicate-keys-6.24.1,repacked,../data/unpacked_2500/babel-plugin-transform-es2015-duplicate-keys--babel-plugin-transform-es2015-duplicate-keys-6.24.1,../data/repacked_xz_2500/babel-plugin-transform-es2015-duplicate-keys--babel-plugin-transform-es2015-duplicate-keys-6.24.1.tar.xz,1900,8.08058399707079
babel-plugin-transform-es2015-for-of--babel-plugin-transform-es2015-for-of-6.23.0,repacked,../data/unpacked_2500/babel-plugin-transform-es2015-for-of--babel-plugin-transform-es2015-for-of-6.23.0,../data/repacked_xz_2500/babel-plugin-transform-es2015-for-of--babel-plugin-transform-es2015-for-of-6.23.0.tar.xz,3120,9.259833008400165
babel-plugin-transform-es2015-function-name--babel-plugin-transform-es2015-function-name-6.24.1,repacked,../data/unpacked_2500/babel-plugin-transform-es2015-function-name--babel-plugin-transform-es2015-function-name-6.24.1,../data/repacked_xz_2500/babel-plugin-transform-es2015-function-name--babel-plugin-transform-es2015-function-name-6.24.1.tar.xz,1260,7.380959010333754
babel-plugin-transform-es2015-literals--babel-plugin-transform-es2015-literals-6.22.0,repacked,../data/unpacked_2500/babel-plugin-transform-es2015-literals--babel-plugin-transform-es2015-literals-6.22.0,../data/repacked_xz_2500/babel-plugin-transform-es2015-literals--babel-plugin-transform-es2015-literals-6.22.0.tar.xz,1212,7.228333008242771
babel-plugin-transform-es2015-modules-amd--babel-plugin-transform-es2015-modules-amd-6.24.1,repacked,../data/unpacked_2500/babel-plugin-transform-es2015-modules-amd--babel-plugin-transform-es2015-modules-amd-6.24.1,../data/repacked_xz_2500/babel-plugin-transform-es2015-modules-amd--babel-plugin-transform-es2015-modules-amd-6.24.1.tar.xz,2132,8.472000001347624
babel-plugin-transform-es2015-modules-commonjs--babel-plugin-transform-es2015-modules-commonjs-6.26.2,repacked,../data/unpacked_2500/babel-plugin-transform-es2015-modules-commonjs--babel-plugin-transform-es2015-modules-commonjs-6.26.2,../data/repacked_xz_2500/babel-plugin-transform-es2015-modules-commonjs--babel-plugin-transform-es2015-modules-commonjs-6.26.2.tar.xz,6140,13.484208000591025
babel-plugin-transform-es2015-modules-systemjs--babel-plugin-transform-es2015-modules-systemjs-6.24.1,repacked,../data/unpacked_2500/babel-plugin-transform-es2015-modules-systemjs--babel-plugin-transform-es2015-modules-systemjs-6.24.1,../data/repacked_xz_2500/babel-plugin-transform-es2015-modules-systemjs--babel-plugin-transform-es2015-modules-systemjs-6.24.1.tar.xz,4128,11.35650000651367
babel-plugin-transform-es2015-modules-umd--babel-plugin-transform-es2015-modules-umd-6.24.1,repacked,../data/unpacked_2500/babel-plugin-transform-es2015-modules-umd--babel-plugin-transform-es2015-modules-umd-6.24.1,../data/repacked_xz_2500/babel-plugin-transform-es2015-modules-umd--babel-plugin-transform-es2015-modules-umd-6.24.1.tar.xz,3508,9.594290997483768
babel-plugin-transform-es2015-object-super--babel-plugin-transform-es2015-object-super-6.24.1,repacked,../data/unpacked_2500/babel-plugin-transform-es2015-object-super--babel-plugin-transform-es2015-object-super-6.24.1,../data/repacked_xz_2500/babel-plugin-transform-es2015-object-super--babel-plugin-transform-es2015-object-super-6.24.1.tar.xz,1700,7.813457996235229
babel-plugin-transform-es2015-parameters--babel-plugin-transform-es2015-parameters-6.24.1,repacked,../data/unpacked_2500/babel-plugin-transform-es2015-parameters--babel-plugin-transform-es2015-parameters-6.24.1,../data/repacked_xz_2500/babel-plugin-transform-es2015-parameters--babel-plugin-transform-es2015-parameters-6.24.1.tar.xz,4552,11.476041006972082
babel-plugin-transform-es2015-shorthand-properties--babel-plugin-transform-es2015-shorthand-properties-6.24.1,repacked,../data/unpacked_2500/babel-plugin-transform-es2015-shorthand-properties--babel-plugin-transform-es2015-shorthand-properties-6.24.1,../data/repacked_xz_2500/babel-plugin-transform-es2015-shorthand-properties--babel-plugin-transform-es2015-shorthand-properties-6.24.1.tar.xz,1420,7.7522079955087975
babel-plugin-transform-es2015-spread--babel-plugin-transform-es2015-spread-6.22.0,repacked,../data/unpacked_2500/babel-plugin-transform-es2015-spread--babel-plugin-transform-es2015-spread-6.22.0,../data/repacked_xz_2500/babel-plugin-transform-es2015-spread--babel-plugin-transform-es2015-spread-6.22.0.tar.xz,2112,8.16504099930171
babel-plugin-transform-es2015-sticky-regex--babel-plugin-transform-es2015-sticky-regex-6.24.1,repacked,../data/unpacked_2500/babel-plugin-transform-es2015-sticky-regex--babel-plugin-transform-es2015-sticky-regex-6.24.1,../data/repacked_xz_2500/babel-plugin-transform-es2015-sticky-regex--babel-plugin-transform-es2015-sticky-regex-6.24.1.tar.xz,1320,7.365666999248788
babel-plugin-transform-es2015-template-literals--babel-plugin-transform-es2015-template-literals-6.22.0,repacked,../data/unpacked_2500/babel-plugin-transform-es2015-template-literals--babel-plugin-transform-es2015-template-literals-6.22.0,../data/repacked_xz_2500/babel-plugin-transform-es2015-template-literals--babel-plugin-transform-es2015-template-literals-6.22.0.tar.xz,2148,8.442666003247723
babel-plugin-transform-es2015-typeof-symbol--babel-plugin-transform-es2015-typeof-symbol-6.23.0,repacked,../data/unpacked_2500/babel-plugin-transform-es2015-typeof-symbol--babel-plugin-transform-es2015-typeof-symbol-6.23.0,../data/repacked_xz_2500/babel-plugin-transform-es2015-typeof-symbol--babel-plugin-transform-es2015-typeof-symbol-6.23.0.tar.xz,1744,7.912291999673471
babel-plugin-transform-es2015-unicode-regex--babel-plugin-transform-es2015-unicode-regex-6.24.1,repacked,../data/unpacked_2500/babel-plugin-transform-es2015-unicode-regex--babel-plugin-transform-es2015-unicode-regex-6.24.1,../data/repacked_xz_2500/babel-plugin-transform-es2015-unicode-regex--babel-plugin-transform-es2015-unicode-regex-6.24.1.tar.xz,1452,7.680459006223828
babel-plugin-transform-exponentiation-operator--babel-plugin-transform-exponentiation-operator-6.24.1,repacked,../data/unpacked_2500/babel-plugin-transform-exponentiation-operator--babel-plugin-transform-exponentiation-operator-6.24.1,../data/repacked_xz_2500/babel-plugin-transform-exponentiation-operator--babel-plugin-transform-exponentiation-operator-6.24.1.tar.xz,1392,7.433874998241663
babel-plugin-transform-object-rest-spread--babel-plugin-transform-object-rest-spread-6.26.0,repacked,../data/unpacked_2500/babel-plugin-transform-object-rest-spread--babel-plugin-transform-object-rest-spread-6.26.0,../data/repacked_xz_2500/babel-plugin-transform-object-rest-spread--babel-plugin-transform-object-rest-spread-6.26.0.tar.xz,3544,10.00620900595095
babel-plugin-transform-react-remove-prop-types--babel-plugin-transform-react-remove-prop-types-0.4.24,repacked,../data/unpacked_2500/babel-plugin-transform-react-remove-prop-types--babel-plugin-transform-react-remove-prop-types-0.4.24,../data/repacked_xz_2500/babel-plugin-transform-react-remove-prop-types--babel-plugin-transform-react-remove-prop-types-0.4.24.tar.xz,10728,20.84095800819341
babel-plugin-transform-regenerator--babel-plugin-transform-regenerator-6.26.0,repacked,../data/unpacked_2500/babel-plugin-transform-regenerator--babel-plugin-transform-regenerator-6.26.0,../data/repacked_xz_2500/babel-plugin-transform-regenerator--babel-plugin-transform-regenerator-6.26.0.tar.xz,1908,8.393291995162144
babel-plugin-transform-strict-mode--babel-plugin-transform-strict-mode-6.24.1,repacked,../data/unpacked_2500/babel-plugin-transform-strict-mode--babel-plugin-transform-strict-mode-6.24.1,../data/repacked_xz_2500/babel-plugin-transform-strict-mode--babel-plugin-transform-strict-mode-6.24.1.tar.xz,1724,7.634416993823834
babel-polyfill--babel-polyfill-6.26.0,repacked,../data/unpacked_2500/babel-polyfill--babel-polyfill-6.26.0,../data/repacked_xz_2500/babel-polyfill--babel-polyfill-6.26.0.tar.xz,80592,91.01829100109171
babel-preset-current-node-syntax--babel-preset-current-node-syntax-1.2.0,repacked,../data/unpacked_2500/babel-preset-current-node-syntax--babel-preset-current-node-syntax-1.2.0,../data/repacked_xz_2500/babel-preset-current-node-syntax--babel-preset-current-node-syntax-1.2.0.tar.xz,3596,11.56266599718947
babel-preset-jest--babel-preset-jest-30.4.0,repacked,../data/unpacked_2500/babel-preset-jest--babel-preset-jest-30.4.0,../data/repacked_xz_2500/babel-preset-jest--babel-preset-jest-30.4.0.tar.xz,1756,7.7126249962020665
babel-preset-react-app--babel-preset-react-app-10.1.0,repacked,../data/unpacked_2500/babel-preset-react-app--babel-preset-react-app-10.1.0,../data/repacked_xz_2500/babel-preset-react-app--babel-preset-react-app-10.1.0.tar.xz,5356,12.98604100884404
babel-register--babel-register-6.26.0,repacked,../data/unpacked_2500/babel-register--babel-register-6.26.0,../data/repacked_xz_2500/babel-register--babel-register-6.26.0.tar.xz,4440,10.974499993608333
babel-runtime--babel-runtime-6.26.0,repacked,../data/unpacked_2500/babel-runtime--babel-runtime-6.26.0,../data/repacked_xz_2500/babel-runtime--babel-runtime-6.26.0.tar.xz,11408,80.44241700554267
babel-template--babel-template-6.26.0,repacked,../data/unpacked_2500/babel-template--babel-template-6.26.0,../data/repacked_xz_2500/babel-template--babel-template-6.26.0.tar.xz,2668,9.625916994991712
babel-traverse--babel-traverse-6.26.0,repacked,../data/unpacked_2500/babel-traverse--babel-traverse-6.26.0,../data/repacked_xz_2500/babel-traverse--babel-traverse-6.26.0.tar.xz,25944,44.459458993515
babel-types--babel-types-6.26.0,repacked,../data/unpacked_2500/babel-types--babel-types-6.26.0,../data/repacked_xz_2500/babel-types--babel-types-6.26.0.tar.xz,18616,34.2640000017127
babylon--babylon-6.18.0,repacked,../data/unpacked_2500/babylon--babylon-6.18.0,../data/repacked_xz_2500/babylon--babylon-6.18.0.tar.xz,57416,70.22399999550544
backo2--backo2-1.0.2,repacked,../data/unpacked_2500/backo2--backo2-1.0.2,../data/repacked_xz_2500/backo2--backo2-1.0.2.tar.xz,1688,9.236790996510535
bail--bail-2.0.2,repacked,../data/unpacked_2500/bail--bail-2.0.2,../data/repacked_xz_2500/bail--bail-2.0.2.tar.xz,3016,9.10262500110548
balanced-match--balanced-match-4.0.4,repacked,../data/unpacked_2500/balanced-match--balanced-match-4.0.4,../data/repacked_xz_2500/balanced-match--balanced-match-4.0.4.tar.xz,4216,13.404125013039447
bare-events--bare-events-2.8.3,repacked,../data/unpacked_2500/bare-events--bare-events-2.8.3,../data/repacked_xz_2500/bare-events--bare-events-2.8.3.tar.xz,9136,15.800499997567385
bare-fs--bare-fs-4.7.1,repacked,../data/unpacked_2500/bare-fs--bare-fs-4.7.1,../data/repacked_xz_2500/bare-fs--bare-fs-4.7.1.tar.xz,208692,210.14687500428408
bare-os--bare-os-3.9.1,repacked,../data/unpacked_2500/bare-os--bare-os-3.9.1,../data/repacked_xz_2500/bare-os--bare-os-3.9.1.tar.xz,192520,154.2025829985505
bare-path--bare-path-3.0.0,repacked,../data/unpacked_2500/bare-path--bare-path-3.0.0,../data/repacked_xz_2500/bare-path--bare-path-3.0.0.tar.xz,8408,16.825124999741092
bare-stream--bare-stream-2.13.1,repacked,../data/unpacked_2500/bare-stream--bare-stream-2.13.1,../data/repacked_xz_2500/bare-stream--bare-stream-2.13.1.tar.xz,10424,18.230582994874567
bare-url--bare-url-2.4.3,repacked,../data/unpacked_2500/bare-url--bare-url-2.4.3,../data/repacked_xz_2500/bare-url--bare-url-2.4.3.tar.xz,307812,225.61358399980236
base--base-3.0.0,repacked,../data/unpacked_2500/base--base-3.0.0,../data/repacked_xz_2500/base--base-3.0.0.tar.xz,9024,14.396208003745414
base-x--base-x-5.0.1,repacked,../data/unpacked_2500/base-x--base-x-5.0.1,../data/repacked_xz_2500/base-x--base-x-5.0.1.tar.xz,4456,11.718667010427453
base64-arraybuffer--base64-arraybuffer-1.0.2,repacked,../data/unpacked_2500/base64-arraybuffer--base64-arraybuffer-1.0.2,../data/repacked_xz_2500/base64-arraybuffer--base64-arraybuffer-1.0.2.tar.xz,5048,14.311249993625097
base64-js--base64-js-1.5.1,repacked,../data/unpacked_2500/base64-js--base64-js-1.5.1,../data/repacked_xz_2500/base64-js--base64-js-1.5.1.tar.xz,4124,10.48024999909103
base64id--base64id-2.0.0,repacked,../data/unpacked_2500/base64id--base64id-2.0.0,../data/repacked_xz_2500/base64id--base64id-2.0.0.tar.xz,2476,8.546500001102686
baseline-browser-mapping--baseline-browser-mapping-2.10.32,repacked,../data/unpacked_2500/baseline-browser-mapping--baseline-browser-mapping-2.10.32,../data/repacked_xz_2500/baseline-browser-mapping--baseline-browser-mapping-2.10.32.tar.xz,26148,55.58445799397305
basic-auth--basic-auth-2.0.1,repacked,../data/unpacked_2500/basic-auth--basic-auth-2.0.1,../data/repacked_xz_2500/basic-auth--basic-auth-2.0.1.tar.xz,3756,10.953667006106116
batch--batch-0.6.1,repacked,../data/unpacked_2500/batch--batch-0.6.1,../data/repacked_xz_2500/batch--batch-0.6.1.tar.xz,3428,11.04116698843427
bcrypt-pbkdf--bcrypt-pbkdf-1.0.2,repacked,../data/unpacked_2500/bcrypt-pbkdf--bcrypt-pbkdf-1.0.2,../data/repacked_xz_2500/bcrypt-pbkdf--bcrypt-pbkdf-1.0.2.tar.xz,9436,13.70850000239443
bech32--bech32-2.0.0,repacked,../data/unpacked_2500/bech32--bech32-2.0.0,../data/repacked_xz_2500/bech32--bech32-2.0.0.tar.xz,4012,10.357209001085721
beeper--beeper-3.0.0,repacked,../data/unpacked_2500/beeper--beeper-3.0.0,../data/repacked_xz_2500/beeper--beeper-3.0.0.tar.xz,2320,8.400415987125598
bfj--bfj-9.1.3,repacked,../data/unpacked_2500/bfj--bfj-9.1.3,../data/repacked_xz_2500/bfj--bfj-9.1.3.tar.xz,41064,73.54162499541417
big-integer--big-integer-1.6.52,repacked,../data/unpacked_2500/big-integer--big-integer-1.6.52,../data/repacked_xz_2500/big-integer--big-integer-1.6.52.tar.xz,24380,44.41504200804047
big.js--big.js-7.0.1,repacked,../data/unpacked_2500/big.js--big.js-7.0.1,../data/repacked_xz_2500/big.js--big.js-7.0.1.tar.xz,11736,21.030666001024656
bignumber.js--bignumber.js-11.1.1,repacked,../data/unpacked_2500/bignumber.js--bignumber.js-11.1.1,../data/repacked_xz_2500/bignumber.js--bignumber.js-11.1.1.tar.xz,35704,74.09729200298898
binary-extensions--binary-extensions-3.1.0,repacked,../data/unpacked_2500/binary-extensions--binary-extensions-3.1.0,../data/repacked_xz_2500/binary-extensions--binary-extensions-3.1.0.tar.xz,2312,8.9465420023771
binaryextensions--binaryextensions-6.11.0,repacked,../data/unpacked_2500/binaryextensions--binaryextensions-6.11.0,../data/repacked_xz_2500/binaryextensions--binaryextensions-6.11.0.tar.xz,10964,21.376874996349216
bindings--bindings-1.5.0,repacked,../data/unpacked_2500/bindings--bindings-1.5.0,../data/repacked_xz_2500/bindings--bindings-1.5.0.tar.xz,4192,10.054041995317675
bl--bl-7.0.2,repacked,../data/unpacked_2500/bl--bl-7.0.2,../data/repacked_xz_2500/bl--bl-7.0.2.tar.xz,22060,32.94583299430087
block-stream--block-stream-0.0.9,repacked,../data/unpacked_2500/block-stream--block-stream-0.0.9,../data/repacked_xz_2500/block-stream--block-stream-0.0.9.tar.xz,3724,9.9131250026403
bluebird--bluebird-3.7.2,repacked,../data/unpacked_2500/bluebird--bluebird-3.7.2,../data/repacked_xz_2500/bluebird--bluebird-3.7.2.tar.xz,55088,119.87537499226164
bn.js--bn.js-5.2.3,repacked,../data/unpacked_2500/bn.js--bn.js-5.2.3,../data/repacked_xz_2500/bn.js--bn.js-5.2.3.tar.xz,18656,29.051917008473538
body-parser--body-parser-2.2.2,repacked,../data/unpacked_2500/body-parser--body-parser-2.2.2,../data/repacked_xz_2500/body-parser--body-parser-2.2.2.tar.xz,10256,17.166834004456177
bonjour--bonjour-3.5.1,repacked,../data/unpacked_2500/bonjour--bonjour-3.5.1,../data/repacked_xz_2500/bonjour--bonjour-3.5.1.tar.xz,9676,17.85079200635664
bonjour-service--bonjour-service-1.4.0,repacked,../data/unpacked_2500/bonjour-service--bonjour-service-1.4.0,../data/repacked_xz_2500/bonjour-service--bonjour-service-1.4.0.tar.xz,354876,95.55470899795182
boolbase--boolbase-2.0.0,repacked,../data/unpacked_2500/boolbase--boolbase-2.0.0,../data/repacked_xz_2500/boolbase--boolbase-2.0.0.tar.xz,1816,8.808375001535751
boom--boom-7.3.0,repacked,../data/unpacked_2500/boom--boom-7.3.0,../data/repacked_xz_2500/boom--boom-7.3.0.tar.xz,8224,14.160499995341524
bowser--bowser-2.14.1,repacked,../data/unpacked_2500/bowser--bowser-2.14.1,../data/repacked_xz_2500/bowser--bowser-2.14.1.tar.xz,51172,55.54874999506865
boxen--boxen-8.0.1,repacked,../data/unpacked_2500/boxen--boxen-8.0.1,../data/repacked_xz_2500/boxen--boxen-8.0.1.tar.xz,6660,14.665041002444923
brace-expansion--brace-expansion-5.0.6,repacked,../data/unpacked_2500/brace-expansion--brace-expansion-5.0.6,../data/repacked_xz_2500/brace-expansion--brace-expansion-5.0.6.tar.xz,7380,18.50991600076668
braces--braces-3.0.3,repacked,../data/unpacked_2500/braces--braces-3.0.3,../data/repacked_xz_2500/braces--braces-3.0.3.tar.xz,12924,19.428209008765407
brorand--brorand-1.1.0,repacked,../data/unpacked_2500/brorand--brorand-1.1.0,../data/repacked_xz_2500/brorand--brorand-1.1.0.tar.xz,2044,8.801167001365684
browser-process-hrtime--browser-process-hrtime-1.0.0,repacked,../data/unpacked_2500/browser-process-hrtime--browser-process-hrtime-1.0.0,../data/repacked_xz_2500/browser-process-hrtime--browser-process-hrtime-1.0.0.tar.xz,2000,8.103040992864408
browser-resolve--browser-resolve-2.0.0,repacked,../data/unpacked_2500/browser-resolve--browser-resolve-2.0.0,../data/repacked_xz_2500/browser-resolve--browser-resolve-2.0.0.tar.xz,5048,11.453125000116415
browserify-aes--browserify-aes-1.2.0,repacked,../data/unpacked_2500/browserify-aes--browserify-aes-1.2.0,../data/repacked_xz_2500/browserify-aes--browserify-aes-1.2.0.tar.xz,7412,17.834624988608994
browserify-cipher--browserify-cipher-1.0.1,repacked,../data/unpacked_2500/browserify-cipher--browserify-cipher-1.0.1,../data/repacked_xz_2500/browserify-cipher--browserify-cipher-1.0.1.tar.xz,2432,9.27795899042394
browserify-des--browserify-des-1.0.2,repacked,../data/unpacked_2500/browserify-des--browserify-des-1.0.2,../data/repacked_xz_2500/browserify-des--browserify-des-1.0.2.tar.xz,2400,9.079708994249813
browserify-rsa--browserify-rsa-4.1.1,repacked,../data/unpacked_2500/browserify-rsa--browserify-rsa-4.1.1,../data/repacked_xz_2500/browserify-rsa--browserify-rsa-4.1.1.tar.xz,4184,10.257625006488524
browserify-sign--browserify-sign-4.2.6,repacked,../data/unpacked_2500/browserify-sign--browserify-sign-4.2.6,../data/repacked_xz_2500/browserify-sign--browserify-sign-4.2.6.tar.xz,11500,20.651790997362696
browserify-zlib--browserify-zlib-0.2.0,repacked,../data/unpacked_2500/browserify-zlib--browserify-zlib-0.2.0,../data/repacked_xz_2500/browserify-zlib--browserify-zlib-0.2.0.tar.xz,40408,41.74820799380541
browserslist--browserslist-4.28.2,repacked,../data/unpacked_2500/browserslist--browserslist-4.28.2,../data/repacked_xz_2500/browserslist--browserslist-4.28.2.tar.xz,15872,23.29187499708496
bs58--bs58-6.0.0,repacked,../data/unpacked_2500/bs58--bs58-6.0.0,../data/repacked_xz_2500/bs58--bs58-6.0.0.tar.xz,2928,9.861083002761006
bs58check--bs58check-4.0.0,repacked,../data/unpacked_2500/bs58check--bs58check-4.0.0,../data/repacked_xz_2500/bs58check--bs58check-4.0.0.tar.xz,3100,10.856042004888877
bser--bser-2.1.1,repacked,../data/unpacked_2500/bser--bser-2.1.1,../data/repacked_xz_2500/bser--bser-2.1.1.tar.xz,5428,11.149625002872199
bson--bson-7.2.0,repacked,../data/unpacked_2500/bson--bson-7.2.0,../data/repacked_xz_2500/bson--bson-7.2.0.tar.xz,100076,337.63225001166575
buffer--buffer-6.0.3,repacked,../data/unpacked_2500/buffer--buffer-6.0.3,../data/repacked_xz_2500/buffer--buffer-6.0.3.tar.xz,20580,27.535249988432042
buffer-alloc--buffer-alloc-1.2.0,repacked,../data/unpacked_2500/buffer-alloc--buffer-alloc-1.2.0,../data/repacked_xz_2500/buffer-alloc--buffer-alloc-1.2.0.tar.xz,1224,7.944750002934597
buffer-alloc-unsafe--buffer-alloc-unsafe-1.1.0,repacked,../data/unpacked_2500/buffer-alloc-unsafe--buffer-alloc-unsafe-1.1.0,../data/repacked_xz_2500/buffer-alloc-unsafe--buffer-alloc-unsafe-1.1.0.tar.xz,1120,7.551249989774078
buffer-crc32--buffer-crc32-1.0.0,repacked,../data/unpacked_2500/buffer-crc32--buffer-crc32-1.0.0,../data/repacked_xz_2500/buffer-crc32--buffer-crc32-1.0.0.tar.xz,4576,11.251957999775186
buffer-equal-constant-time--buffer-equal-constant-time-1.0.1,repacked,../data/unpacked_2500/buffer-equal-constant-time--buffer-equal-constant-time-1.0.1,../data/repacked_xz_2500/buffer-equal-constant-time--buffer-equal-constant-time-1.0.1.tar.xz,2480,9.218374994816259
buffer-fill--buffer-fill-1.0.0,repacked,../data/unpacked_2500/buffer-fill--buffer-fill-1.0.0,../data/repacked_xz_2500/buffer-fill--buffer-fill-1.0.0.tar.xz,1920,8.078749990090728
buffer-from--buffer-from-1.1.2,repacked,../data/unpacked_2500/buffer-from--buffer-from-1.1.2,../data/repacked_xz_2500/buffer-from--buffer-from-1.1.2.tar.xz,2444,8.899874999769963
buffer-indexof--buffer-indexof-1.1.1,repacked,../data/unpacked_2500/buffer-indexof--buffer-indexof-1.1.1,../data/repacked_xz_2500/buffer-indexof--buffer-indexof-1.1.1.tar.xz,5292,14.339166998979636
buffer-xor--buffer-xor-2.0.2,repacked,../data/unpacked_2500/buffer-xor--buffer-xor-2.0.2,../data/repacked_xz_2500/buffer-xor--buffer-xor-2.0.2.tar.xz,1976,8.565666008507833
bufferutil--bufferutil-4.1.0,repacked,../data/unpacked_2500/bufferutil--bufferutil-4.1.0,../data/repacked_xz_2500/bufferutil--bufferutil-4.1.0.tar.xz,134788,75.68387500941753
builtin-modules--builtin-modules-5.2.0,repacked,../data/unpacked_2500/builtin-modules--builtin-modules-5.2.0,../data/repacked_xz_2500/builtin-modules--builtin-modules-5.2.0.tar.xz,2224,8.88708300772123
builtin-status-codes--builtin-status-codes-3.0.0,repacked,../data/unpacked_2500/builtin-status-codes--builtin-status-codes-3.0.0,../data/repacked_xz_2500/builtin-status-codes--builtin-status-codes-3.0.0.tar.xz,2436,8.517791997292079
builtins--builtins-5.1.0,repacked,../data/unpacked_2500/builtins--builtins-5.1.0,../data/repacked_xz_2500/builtins--builtins-5.1.0.tar.xz,1968,7.8392919967882335
busboy--busboy-1.6.0,repacked,../data/unpacked_2500/busboy--busboy-1.6.0,../data/repacked_xz_2500/busboy--busboy-1.6.0.tar.xz,17928,32.55462500965223
bytes--bytes-3.1.2,repacked,../data/unpacked_2500/bytes--bytes-3.1.2,../data/repacked_xz_2500/bytes--bytes-3.1.2.tar.xz,4472,11.048750006011687
cacache--cacache-21.0.0,repacked,../data/unpacked_2500/cacache--cacache-21.0.0,../data/repacked_xz_2500/cacache--cacache-21.0.0.tar.xz,18232,25.501084004645236
cache-base--cache-base-4.0.2,repacked,../data/unpacked_2500/cache-base--cache-base-4.0.2,../data/repacked_xz_2500/cache-base--cache-base-4.0.2.tar.xz,6156,13.327708002179861
cacheable-lookup--cacheable-lookup-7.0.0,repacked,../data/unpacked_2500/cacheable-lookup--cacheable-lookup-7.0.0,../data/repacked_xz_2500/cacheable-lookup--cacheable-lookup-7.0.0.tar.xz,7424,13.634707996970974
cacheable-request--cacheable-request-13.0.19,repacked,../data/unpacked_2500/cacheable-request--cacheable-request-13.0.19,../data/repacked_xz_2500/cacheable-request--cacheable-request-13.0.19.tar.xz,16280,26.25470800558105
call-bind--call-bind-1.0.9,repacked,../data/unpacked_2500/call-bind--call-bind-1.0.9,../data/repacked_xz_2500/call-bind--call-bind-1.0.9.tar.xz,7984,17.47350000368897
call-bind-apply-helpers--call-bind-apply-helpers-1.0.2,repacked,../data/unpacked_2500/call-bind-apply-helpers--call-bind-apply-helpers-1.0.2,../data/repacked_xz_2500/call-bind-apply-helpers--call-bind-apply-helpers-1.0.2.tar.xz,6408,18.13791699532885
call-bound--call-bound-1.0.4,repacked,../data/unpacked_2500/call-bound--call-bound-1.0.4,../data/repacked_xz_2500/call-bound--call-bound-1.0.4.tar.xz,6612,14.814624999416992
call-me-maybe--call-me-maybe-1.0.2,repacked,../data/unpacked_2500/call-me-maybe--call-me-maybe-1.0.2,../data/repacked_xz_2500/call-me-maybe--call-me-maybe-1.0.2.tar.xz,2124,8.512457992765121
caller-callsite--caller-callsite-6.0.0,repacked,../data/unpacked_2500/caller-callsite--caller-callsite-6.0.0,../data/repacked_xz_2500/caller-callsite--caller-callsite-6.0.0.tar.xz,2188,8.471665991237387
caller-path--caller-path-4.0.0,repacked,../data/unpacked_2500/caller-path--caller-path-4.0.0,../data/repacked_xz_2500/caller-path--caller-path-4.0.0.tar.xz,2236,8.539333997759968
callsites--callsites-4.2.0,repacked,../data/unpacked_2500/callsites--callsites-4.2.0,../data/repacked_xz_2500/callsites--callsites-4.2.0.tar.xz,2636,9.272374998545274
camel-case--camel-case-5.0.0,repacked,../data/unpacked_2500/camel-case--camel-case-5.0.0,../data/repacked_xz_2500/camel-case--camel-case-5.0.0.tar.xz,1808,8.024416994885541
camelcase--camelcase-9.0.0,repacked,../data/unpacked_2500/camelcase--camelcase-9.0.0,../data/repacked_xz_2500/camelcase--camelcase-9.0.0.tar.xz,5256,11.129082995466888
camelcase-css--camelcase-css-2.0.1,repacked,../data/unpacked_2500/camelcase-css--camelcase-css-2.0.1,../data/repacked_xz_2500/camelcase-css--camelcase-css-2.0.1.tar.xz,2076,8.408875000895932
camelcase-keys--camelcase-keys-10.0.2,repacked,../data/unpacked_2500/camelcase-keys--camelcase-keys-10.0.2,../data/repacked_xz_2500/camelcase-keys--camelcase-keys-10.0.2.tar.xz,5196,11.53129200974945
camelize--camelize-1.0.1,repacked,../data/unpacked_2500/camelize--camelize-1.0.1,../data/repacked_xz_2500/camelize--camelize-1.0.1.tar.xz,5460,13.781916990410537
caniuse-api--caniuse-api-3.0.0,repacked,../data/unpacked_2500/caniuse-api--caniuse-api-3.0.0,../data/repacked_xz_2500/caniuse-api--caniuse-api-3.0.0.tar.xz,4580,11.995291002676822
caniuse-lite--caniuse-lite-1.0.30001793,repacked,../data/unpacked_2500/caniuse-lite--caniuse-lite-1.0.30001793,../data/repacked_xz_2500/caniuse-lite--caniuse-lite-1.0.30001793.tar.xz,221040,563.9985839952715
capture-exit--capture-exit-2.0.0,repacked,../data/unpacked_2500/capture-exit--capture-exit-2.0.0,../data/repacked_xz_2500/capture-exit--capture-exit-2.0.0.tar.xz,2512,8.927707996917889
capture-stack-trace--capture-stack-trace-2.1.0,repacked,../data/unpacked_2500/capture-stack-trace--capture-stack-trace-2.1.0,../data/repacked_xz_2500/capture-stack-trace--capture-stack-trace-2.1.0.tar.xz,1980,8.035625010961667
case-sensitive-paths-webpack-plugin--case-sensitive-paths-webpack-plugin-2.4.0,repacked,../data/unpacked_2500/case-sensitive-paths-webpack-plugin--case-sensitive-paths-webpack-plugin-2.4.0,../data/repacked_xz_2500/case-sensitive-paths-webpack-plugin--case-sensitive-paths-webpack-plugin-2.4.0.tar.xz,7992,12.912000005599111
caseless--caseless-0.12.0,repacked,../data/unpacked_2500/caseless--caseless-0.12.0,../data/repacked_xz_2500/caseless--caseless-0.12.0.tar.xz,5232,10.597000000416301
caw--caw-2.0.1,repacked,../data/unpacked_2500/caw--caw-2.0.1,../data/repacked_xz_2500/caw--caw-2.0.1.tar.xz,2104,7.817874997272156
ccount--ccount-2.0.1,repacked,../data/unpacked_2500/ccount--ccount-2.0.1,../data/repacked_xz_2500/ccount--ccount-2.0.1.tar.xz,3232,8.846541997627355
center-align--center-align-1.0.1,repacked,../data/unpacked_2500/center-align--center-align-1.0.1,../data/repacked_xz_2500/center-align--center-align-1.0.1.tar.xz,2924,8.717500008060597
chalk--chalk-5.6.2,repacked,../data/unpacked_2500/chalk--chalk-5.6.2,../data/repacked_xz_2500/chalk--chalk-5.6.2.tar.xz,13176,19.919250000384636
char-regex--char-regex-2.0.2,repacked,../data/unpacked_2500/char-regex--char-regex-2.0.2,../data/repacked_xz_2500/char-regex--char-regex-2.0.2.tar.xz,2508,9.380542003782466
character-entities--character-entities-2.0.2,repacked,../data/unpacked_2500/character-entities--character-entities-2.0.2,../data/repacked_xz_2500/character-entities--character-entities-2.0.2.tar.xz,12824,15.786374991876073
character-entities-legacy--character-entities-legacy-3.0.0,repacked,../data/unpacked_2500/character-entities-legacy--character-entities-legacy-3.0.0,../data/repacked_xz_2500/character-entities-legacy--character-entities-legacy-3.0.0.tar.xz,3576,9.872875001747161
character-reference-invalid--character-reference-invalid-2.0.1,repacked,../data/unpacked_2500/character-reference-invalid--character-reference-invalid-2.0.1,../data/repacked_xz_2500/character-reference-invalid--character-reference-invalid-2.0.1.tar.xz,3456,9.527834001346491
chardet--chardet-2.1.1,repacked,../data/unpacked_2500/chardet--chardet-2.1.1,../data/repacked_xz_2500/chardet--chardet-2.1.1.tar.xz,19660,40.93762500269804
charenc--charenc-0.0.2,repacked,../data/unpacked_2500/charenc--charenc-0.0.2,../data/repacked_xz_2500/charenc--charenc-0.0.2.tar.xz,1724,7.801790998200886
check-types--check-types-11.2.3,repacked,../data/unpacked_2500/check-types--check-types-11.2.3,../data/repacked_xz_2500/check-types--check-types-11.2.3.tar.xz,13436,19.497832996421494
cheerio--cheerio-1.2.0,repacked,../data/unpacked_2500/cheerio--cheerio-1.2.0,../data/repacked_xz_2500/cheerio--cheerio-1.2.0.tar.xz,69320,220.43491700605955
cheerio-select--cheerio-select-2.1.0,repacked,../data/unpacked_2500/cheerio-select--cheerio-select-2.1.0,../data/repacked_xz_2500/cheerio-select--cheerio-select-2.1.0.tar.xz,11456,28.062166005838662
chokidar--chokidar-5.0.0,repacked,../data/unpacked_2500/chokidar--chokidar-5.0.0,../data/repacked_xz_2500/chokidar--chokidar-5.0.0.tar.xz,20428,25.950791998184286
chownr--chownr-3.0.0,repacked,../data/unpacked_2500/chownr--chownr-3.0.0,../data/repacked_xz_2500/chownr--chownr-3.0.0.tar.xz,4448,14.975333993788809
chrome-trace-event--chrome-trace-event-1.0.4,repacked,../data/unpacked_2500/chrome-trace-event--chrome-trace-event-1.0.4,../data/repacked_xz_2500/chrome-trace-event--chrome-trace-event-1.0.4.tar.xz,3824,11.167167001985945
ci-info--ci-info-4.4.0,repacked,../data/unpacked_2500/ci-info--ci-info-4.4.0,../data/repacked_xz_2500/ci-info--ci-info-4.4.0.tar.xz,7784,15.341499994974583
cipher-base--cipher-base-1.0.7,repacked,../data/unpacked_2500/cipher-base--cipher-base-1.0.7,../data/repacked_xz_2500/cipher-base--cipher-base-1.0.7.tar.xz,5768,13.58250000339467
cjs-module-lexer--cjs-module-lexer-2.2.0,repacked,../data/unpacked_2500/cjs-module-lexer--cjs-module-lexer-2.2.0,../data/repacked_xz_2500/cjs-module-lexer--cjs-module-lexer-2.2.0.tar.xz,27520,32.62695900048129
class-utils--class-utils-0.3.6,repacked,../data/unpacked_2500/class-utils--class-utils-0.3.6,../data/repacked_xz_2500/class-utils--class-utils-0.3.6.tar.xz,5272,11.754667008062825
classnames--classnames-2.5.1,repacked,../data/unpacked_2500/classnames--classnames-2.5.1,../data/repacked_xz_2500/classnames--classnames-2.5.1.tar.xz,8272,15.19470899074804
clean-css--clean-css-5.3.3,repacked,../data/unpacked_2500/clean-css--clean-css-5.3.3,../data/repacked_xz_2500/clean-css--clean-css-5.3.3.tar.xz,83968,136.47391699487343
clean-stack--clean-stack-6.0.0,repacked,../data/unpacked_2500/clean-stack--clean-stack-6.0.0,../data/repacked_xz_2500/clean-stack--clean-stack-6.0.0.tar.xz,3416,9.941249998519197
cli-boxes--cli-boxes-4.0.1,repacked,../data/unpacked_2500/cli-boxes--cli-boxes-4.0.1,../data/repacked_xz_2500/cli-boxes--cli-boxes-4.0.1.tar.xz,2376,9.446541997021995
cli-cursor--cli-cursor-5.0.0,repacked,../data/unpacked_2500/cli-cursor--cli-cursor-5.0.0,../data/repacked_xz_2500/cli-cursor--cli-cursor-5.0.0.tar.xz,2048,8.847499993862584
cli-spinners--cli-spinners-3.4.0,repacked,../data/unpacked_2500/cli-spinners--cli-spinners-3.4.0,../data/repacked_xz_2500/cli-spinners--cli-spinners-3.4.0.tar.xz,5556,14.97916699736379
cli-table--cli-table-0.3.11,repacked,../data/unpacked_2500/cli-table--cli-table-0.3.11,../data/repacked_xz_2500/cli-table--cli-table-0.3.11.tar.xz,5932,13.662957993801683
cli-truncate--cli-truncate-6.0.0,repacked,../data/unpacked_2500/cli-truncate--cli-truncate-6.0.0,../data/repacked_xz_2500/cli-truncate--cli-truncate-6.0.0.tar.xz,3884,10.81141699978616
cli-width--cli-width-4.1.0,repacked,../data/unpacked_2500/cli-width--cli-width-4.1.0,../data/repacked_xz_2500/cli-width--cli-width-4.1.0.tar.xz,2372,9.20916699396912
client-only--client-only-0.0.1,repacked,../data/unpacked_2500/client-only--client-only-0.0.1,../data/repacked_xz_2500/client-only--client-only-0.0.1.tar.xz,636,6.3230420055333525
cliui--cliui-9.0.1,repacked,../data/unpacked_2500/cliui--cliui-9.0.1,../data/repacked_xz_2500/cliui--cliui-9.0.1.tar.xz,16560,20.642125004087575
clone--clone-2.1.2,repacked,../data/unpacked_2500/clone--clone-2.1.2,../data/repacked_xz_2500/clone--clone-2.1.2.tar.xz,5728,12.075124992406927
clone-buffer--clone-buffer-1.0.0,repacked,../data/unpacked_2500/clone-buffer--clone-buffer-1.0.0,../data/repacked_xz_2500/clone-buffer--clone-buffer-1.0.0.tar.xz,2284,8.441250000032596
clone-deep--clone-deep-4.0.1,repacked,../data/unpacked_2500/clone-deep--clone-deep-4.0.1,../data/repacked_xz_2500/clone-deep--clone-deep-4.0.1.tar.xz,3252,9.005707994219847
clone-response--clone-response-2.0.0,repacked,../data/unpacked_2500/clone-response--clone-response-2.0.0,../data/repacked_xz_2500/clone-response--clone-response-2.0.0.tar.xz,2160,8.2439170073485
clone-stats--clone-stats-1.0.0,repacked,../data/unpacked_2500/clone-stats--clone-stats-1.0.0,../data/repacked_xz_2500/clone-stats--clone-stats-1.0.0.tar.xz,2128,8.158208001987077
cloneable-readable--cloneable-readable-3.0.0,repacked,../data/unpacked_2500/cloneable-readable--cloneable-readable-3.0.0,../data/repacked_xz_2500/cloneable-readable--cloneable-readable-3.0.0.tar.xz,5260,13.573042000643909
clsx--clsx-2.1.1,repacked,../data/unpacked_2500/clsx--clsx-2.1.1,../data/repacked_xz_2500/clsx--clsx-2.1.1.tar.xz,3968,11.68845800566487
cluster-key-slot--cluster-key-slot-1.1.2,repacked,../data/unpacked_2500/cluster-key-slot--cluster-key-slot-1.1.2,../data/repacked_xz_2500/cluster-key-slot--cluster-key-slot-1.1.2.tar.xz,5052,11.054082991904579
co--co-4.6.0,repacked,../data/unpacked_2500/co--co-4.6.0,../data/repacked_xz_2500/co--co-4.6.0.tar.xz,5756,11.927083003683947
coa--coa-2.0.2,repacked,../data/unpacked_2500/coa--coa-2.0.2,../data/repacked_xz_2500/coa--coa-2.0.2.tar.xz,15076,23.787499987520278
code-point-at--code-point-at-2.0.0,repacked,../data/unpacked_2500/code-point-at--code-point-at-2.0.0,../data/repacked_xz_2500/code-point-at--code-point-at-2.0.0.tar.xz,1828,7.899874995928258
collect-v8-coverage--collect-v8-coverage-1.0.3,repacked,../data/unpacked_2500/collect-v8-coverage--collect-v8-coverage-1.0.3,../data/repacked_xz_2500/collect-v8-coverage--collect-v8-coverage-1.0.3.tar.xz,2672,9.690917009720579
collection-visit--collection-visit-1.0.0,repacked,../data/unpacked_2500/collection-visit--collection-visit-1.0.0,../data/repacked_xz_2500/collection-visit--collection-visit-1.0.0.tar.xz,2952,8.66874998610001
color--color-5.0.3,repacked,../data/unpacked_2500/color--color-5.0.3,../data/repacked_xz_2500/color--color-5.0.3.tar.xz,6996,14.860790994134732
color-convert--color-convert-3.1.3,repacked,../data/unpacked_2500/color-convert--color-convert-3.1.3,../data/repacked_xz_2500/color-convert--color-convert-3.1.3.tar.xz,11356,18.362707996857353
color-name--color-name-2.1.0,repacked,../data/unpacked_2500/color-name--color-name-2.1.0,../data/repacked_xz_2500/color-name--color-name-2.1.0.tar.xz,2836,8.899125008611009
color-string--color-string-2.1.4,repacked,../data/unpacked_2500/color-string--color-string-2.1.4,../data/repacked_xz_2500/color-string--color-string-2.1.4.tar.xz,3620,10.743667007773183
color-support--color-support-1.1.3,repacked,../data/unpacked_2500/color-support--color-support-1.1.3,../data/repacked_xz_2500/color-support--color-support-1.1.3.tar.xz,3704,10.619374996167608
colord--colord-2.9.3,repacked,../data/unpacked_2500/colord--colord-2.9.3,../data/repacked_xz_2500/colord--colord-2.9.3.tar.xz,21532,38.255332998232916
colorette--colorette-2.0.20,repacked,../data/unpacked_2500/colorette--colorette-2.0.20,../data/repacked_xz_2500/colorette--colorette-2.0.20.tar.xz,4932,12.036208005156368
colors--colors-1.4.0,repacked,../data/unpacked_2500/colors--colors-1.4.0,../data/repacked_xz_2500/colors--colors-1.4.0.tar.xz,11036,21.38570799434092
combined-stream--combined-stream-1.0.8,repacked,../data/unpacked_2500/combined-stream--combined-stream-1.0.8,../data/repacked_xz_2500/combined-stream--combined-stream-1.0.8.tar.xz,4132,10.74937499652151
comma-separated-tokens--comma-separated-tokens-2.0.3,repacked,../data/unpacked_2500/comma-separated-tokens--comma-separated-tokens-2.0.3,../data/repacked_xz_2500/comma-separated-tokens--comma-separated-tokens-2.0.3.tar.xz,3832,9.956250010873191
commander--commander-14.0.3,repacked,../data/unpacked_2500/commander--commander-14.0.3,../data/repacked_xz_2500/commander--commander-14.0.3.tar.xz,43388,52.05191699496936
common-tags--common-tags-1.8.2,repacked,../data/unpacked_2500/common-tags--common-tags-1.8.2,../data/repacked_xz_2500/common-tags--common-tags-1.8.2.tar.xz,41304,83.58395799587015
commondir--commondir-1.0.1,repacked,../data/unpacked_2500/commondir--commondir-1.0.1,../data/repacked_xz_2500/commondir--commondir-1.0.1.tar.xz,2752,10.592957987682894
component-emitter--component-emitter-2.0.0,repacked,../data/unpacked_2500/component-emitter--component-emitter-2.0.0,../data/repacked_xz_2500/component-emitter--component-emitter-2.0.0.tar.xz,3064,9.447958000237122
compress-commons--compress-commons-7.0.1,repacked,../data/unpacked_2500/compress-commons--compress-commons-7.0.1,../data/repacked_xz_2500/compress-commons--compress-commons-7.0.1.tar.xz,7884,18.65025000006426
compressible--compressible-2.0.18,repacked,../data/unpacked_2500/compressible--compressible-2.0.18,../data/repacked_xz_2500/compressible--compressible-2.0.18.tar.xz,3080,9.630917003960349
compression--compression-1.8.1,repacked,../data/unpacked_2500/compression--compression-1.8.1,../data/repacked_xz_2500/compression--compression-1.8.1.tar.xz,8788,14.391040996997617
compute-scroll-into-view--compute-scroll-into-view-3.1.1,repacked,../data/unpacked_2500/compute-scroll-into-view--compute-scroll-into-view-3.1.1,../data/repacked_xz_2500/compute-scroll-into-view--compute-scroll-into-view-3.1.1.tar.xz,14056,26.546583001618274
concat-map--concat-map-0.0.2,repacked,../data/unpacked_2500/concat-map--concat-map-0.0.2,../data/repacked_xz_2500/concat-map--concat-map-0.0.2.tar.xz,5156,13.587709006969817
concat-stream--concat-stream-2.0.0,repacked,../data/unpacked_2500/concat-stream--concat-stream-2.0.0,../data/repacked_xz_2500/concat-stream--concat-stream-2.0.0.tar.xz,3828,10.033957994892262
confbox--confbox-0.2.4,repacked,../data/unpacked_2500/confbox--confbox-0.2.4,../data/repacked_xz_2500/confbox--confbox-0.2.4.tar.xz,34548,38.68108299502637
config-chain--config-chain-1.1.13,repacked,../data/unpacked_2500/config-chain--config-chain-1.1.13,../data/repacked_xz_2500/config-chain--config-chain-1.1.13.tar.xz,5892,11.587250002776273
configstore--configstore-8.0.0,repacked,../data/unpacked_2500/configstore--configstore-8.0.0,../data/repacked_xz_2500/configstore--configstore-8.0.0.tar.xz,4112,10.063875000923872
confusing-browser-globals--confusing-browser-globals-1.0.11,repacked,../data/unpacked_2500/confusing-browser-globals--confusing-browser-globals-1.0.11,../data/repacked_xz_2500/confusing-browser-globals--confusing-browser-globals-1.0.11.tar.xz,2188,8.054791993345134
connect--connect-3.7.0,repacked,../data/unpacked_2500/connect--connect-3.7.0,../data/repacked_xz_2500/connect--connect-3.7.0.tar.xz,24764,27.969709000899456
connect-history-api-fallback--connect-history-api-fallback-2.0.0,repacked,../data/unpacked_2500/connect-history-api-fallback--connect-history-api-fallback-2.0.0,../data/repacked_xz_2500/connect-history-api-fallback--connect-history-api-fallback-2.0.0.tar.xz,4312,10.302415990736336
consola--consola-3.4.2,repacked,../data/unpacked_2500/consola--consola-3.4.2,../data/repacked_xz_2500/consola--consola-3.4.2.tar.xz,36236,57.19829199369997
console-browserify--console-browserify-1.2.0,repacked,../data/unpacked_2500/console-browserify--console-browserify-1.2.0,../data/repacked_xz_2500/console-browserify--console-browserify-1.2.0.tar.xz,4320,12.40795900230296
console-control-strings--console-control-strings-1.1.0,repacked,../data/unpacked_2500/console-control-strings--console-control-strings-1.1.0,../data/repacked_xz_2500/console-control-strings--console-control-strings-1.1.0.tar.xz,3324,9.734708000905812
constants-browserify--constants-browserify-1.0.0,repacked,../data/unpacked_2500/constants-browserify--constants-browserify-1.0.0,../data/repacked_xz_2500/constants-browserify--constants-browserify-1.0.0.tar.xz,3300,9.518916005617939
content-disposition--content-disposition-2.0.0,repacked,../data/unpacked_2500/content-disposition--content-disposition-2.0.0,../data/repacked_xz_2500/content-disposition--content-disposition-2.0.0.tar.xz,10716,18.482416999177076
content-type--content-type-2.0.0,repacked,../data/unpacked_2500/content-type--content-type-2.0.0,../data/repacked_xz_2500/content-type--content-type-2.0.0.tar.xz,5548,13.258917009807192
convert-source-map--convert-source-map-2.0.0,repacked,../data/unpacked_2500/convert-source-map--convert-source-map-2.0.0,../data/repacked_xz_2500/convert-source-map--convert-source-map-2.0.0.tar.xz,4956,11.124291995656677
cookie--cookie-1.1.1,repacked,../data/unpacked_2500/cookie--cookie-1.1.1,../data/repacked_xz_2500/cookie--cookie-1.1.1.tar.xz,12220,20.967500007827766
cookie-signature--cookie-signature-1.2.2,repacked,../data/unpacked_2500/cookie-signature--cookie-signature-1.2.2,../data/repacked_xz_2500/cookie-signature--cookie-signature-1.2.2.tar.xz,2632,9.275458010961302
cookiejar--cookiejar-2.1.4,repacked,../data/unpacked_2500/cookiejar--cookiejar-2.1.4,../data/repacked_xz_2500/cookiejar--cookiejar-2.1.4.tar.xz,4140,10.883083989028819
cookies--cookies-0.9.1,repacked,../data/unpacked_2500/cookies--cookies-0.9.1,../data/repacked_xz_2500/cookies--cookies-0.9.1.tar.xz,7884,12.668749986914918
copy-concurrently--copy-concurrently-1.0.5,repacked,../data/unpacked_2500/copy-concurrently--copy-concurrently-1.0.5,../data/repacked_xz_2500/copy-concurrently--copy-concurrently-1.0.5.tar.xz,4648,11.045708000892773
copy-descriptor--copy-descriptor-0.1.1,repacked,../data/unpacked_2500/copy-descriptor--copy-descriptor-0.1.1,../data/repacked_xz_2500/copy-descriptor--copy-descriptor-0.1.1.tar.xz,2084,7.983165996847674
copy-to-clipboard--copy-to-clipboard-4.0.2,repacked,../data/unpacked_2500/copy-to-clipboard--copy-to-clipboard-4.0.2,../data/repacked_xz_2500/copy-to-clipboard--copy-to-clipboard-4.0.2.tar.xz,7596,14.394040990737267
core-js--core-js-3.49.0,repacked,../data/unpacked_2500/core-js--core-js-3.49.0,../data/repacked_xz_2500/core-js--core-js-3.49.0.tar.xz,212864,1402.916916005779
core-js-compat--core-js-compat-3.49.0,repacked,../data/unpacked_2500/core-js-compat--core-js-compat-3.49.0,../data/repacked_xz_2500/core-js-compat--core-js-compat-3.49.0.tar.xz,37788,111.5588749962626
core-js-pure--core-js-pure-3.49.0,repacked,../data/unpacked_2500/core-js-pure--core-js-pure-3.49.0,../data/repacked_xz_2500/core-js-pure--core-js-pure-3.49.0.tar.xz,192628,1456.5287500008708
core-util-is--core-util-is-1.0.3,repacked,../data/unpacked_2500/core-util-is--core-util-is-1.0.3,../data/repacked_xz_2500/core-util-is--core-util-is-1.0.3.tar.xz,2072,9.486416005529463
cors--cors-2.8.6,repacked,../data/unpacked_2500/cors--cors-2.8.6,../data/repacked_xz_2500/cors--cors-2.8.6.tar.xz,6360,12.472208007238805
cosmiconfig--cosmiconfig-9.0.1,repacked,../data/unpacked_2500/cosmiconfig--cosmiconfig-9.0.1,../data/repacked_xz_2500/cosmiconfig--cosmiconfig-9.0.1.tar.xz,18468,31.417042002431117
crc-32--crc-32-1.2.2,repacked,../data/unpacked_2500/crc-32--crc-32-1.2.2,../data/repacked_xz_2500/crc-32--crc-32-1.2.2.tar.xz,10012,17.65458298905287
crc32-stream--crc32-stream-7.0.1,repacked,../data/unpacked_2500/crc32-stream--crc32-stream-7.0.1,../data/repacked_xz_2500/crc32-stream--crc32-stream-7.0.1.tar.xz,2572,10.19800000358373
create-ecdh--create-ecdh-4.0.4,repacked,../data/unpacked_2500/create-ecdh--create-ecdh-4.0.4,../data/repacked_xz_2500/create-ecdh--create-ecdh-4.0.4.tar.xz,2560,9.417875000508502
create-error-class--create-error-class-3.0.2,repacked,../data/unpacked_2500/create-error-class--create-error-class-3.0.2,../data/repacked_xz_2500/create-error-class--create-error-class-3.0.2.tar.xz,2148,8.819334005238488
create-hash--create-hash-1.2.0,repacked,../data/unpacked_2500/create-hash--create-hash-1.2.0,../data/repacked_xz_2500/create-hash--create-hash-1.2.0.tar.xz,2556,9.741957997903228
create-hmac--create-hmac-1.1.7,repacked,../data/unpacked_2500/create-hmac--create-hmac-1.1.7,../data/repacked_xz_2500/create-hmac--create-hmac-1.1.7.tar.xz,2504,9.106582991080359
create-react-class--create-react-class-15.7.0,repacked,../data/unpacked_2500/create-react-class--create-react-class-15.7.0,../data/repacked_xz_2500/create-react-class--create-react-class-15.7.0.tar.xz,13628,23.625625006388873
create-require--create-require-1.1.1,repacked,../data/unpacked_2500/create-require--create-require-1.1.1,../data/repacked_xz_2500/create-require--create-require-1.1.1.tar.xz,2796,10.183666992816143
cross-fetch--cross-fetch-4.1.0,repacked,../data/unpacked_2500/cross-fetch--cross-fetch-4.1.0,../data/repacked_xz_2500/cross-fetch--cross-fetch-4.1.0.tar.xz,18660,28.56525000242982
cross-spawn--cross-spawn-7.0.6,repacked,../data/unpacked_2500/cross-spawn--cross-spawn-7.0.6,../data/repacked_xz_2500/cross-spawn--cross-spawn-7.0.6.tar.xz,6256,13.80549999885261
crypt--crypt-0.0.2,repacked,../data/unpacked_2500/crypt--crypt-0.0.2,../data/repacked_xz_2500/crypt--crypt-0.0.2.tar.xz,2400,8.890082986908965
cryptiles--cryptiles-4.1.3,repacked,../data/unpacked_2500/cryptiles--cryptiles-4.1.3,../data/repacked_xz_2500/cryptiles--cryptiles-4.1.3.tar.xz,2304,9.026458006701432
crypto-browserify--crypto-browserify-3.12.1,repacked,../data/unpacked_2500/crypto-browserify--crypto-browserify-3.12.1,../data/repacked_xz_2500/crypto-browserify--crypto-browserify-3.12.1.tar.xz,16036,26.225959009025246
crypto-js--crypto-js-4.2.0,repacked,../data/unpacked_2500/crypto-js--crypto-js-4.2.0,../data/repacked_xz_2500/crypto-js--crypto-js-4.2.0.tar.xz,41892,91.54970900272019
crypto-random-string--crypto-random-string-5.0.0,repacked,../data/unpacked_2500/crypto-random-string--crypto-random-string-5.0.0,../data/repacked_xz_2500/crypto-random-string--crypto-random-string-5.0.0.tar.xz,5244,12.351750003290363
css--css-3.0.0,repacked,../data/unpacked_2500/css--css-3.0.0,../data/repacked_xz_2500/css--css-3.0.0.tar.xz,9096,17.214375009643845
css-blank-pseudo--css-blank-pseudo-8.0.1,repacked,../data/unpacked_2500/css-blank-pseudo--css-blank-pseudo-8.0.1,../data/repacked_xz_2500/css-blank-pseudo--css-blank-pseudo-8.0.1.tar.xz,8664,16.675625010975637
css-color-keywords--css-color-keywords-1.0.0,repacked,../data/unpacked_2500/css-color-keywords--css-color-keywords-1.0.0,../data/repacked_xz_2500/css-color-keywords--css-color-keywords-1.0.0.tar.xz,2980,9.223749992088415
css-color-names--css-color-names-1.0.1,repacked,../data/unpacked_2500/css-color-names--css-color-names-1.0.1,../data/repacked_xz_2500/css-color-names--css-color-names-1.0.1.tar.xz,2864,9.42691700765863
css-declaration-sorter--css-declaration-sorter-7.4.0,repacked,../data/unpacked_2500/css-declaration-sorter--css-declaration-sorter-7.4.0,../data/repacked_xz_2500/css-declaration-sorter--css-declaration-sorter-7.4.0.tar.xz,12308,30.977874994277954
css-has-pseudo--css-has-pseudo-8.0.0,repacked,../data/unpacked_2500/css-has-pseudo--css-has-pseudo-8.0.0,../data/repacked_xz_2500/css-has-pseudo--css-has-pseudo-8.0.0.tar.xz,22248,38.08349999599159
css-loader--css-loader-7.1.4,repacked,../data/unpacked_2500/css-loader--css-loader-7.1.4,../data/repacked_xz_2500/css-loader--css-loader-7.1.4.tar.xz,29856,39.611083004274406
css-minimizer-webpack-plugin--css-minimizer-webpack-plugin-8.0.0,repacked,../data/unpacked_2500/css-minimizer-webpack-plugin--css-minimizer-webpack-plugin-8.0.0,../data/repacked_xz_2500/css-minimizer-webpack-plugin--css-minimizer-webpack-plugin-8.0.0.tar.xz,15604,25.247875004424714
css-prefers-color-scheme--css-prefers-color-scheme-11.0.0,repacked,../data/unpacked_2500/css-prefers-color-scheme--css-prefers-color-scheme-11.0.0,../data/repacked_xz_2500/css-prefers-color-scheme--css-prefers-color-scheme-11.0.0.tar.xz,7860,16.99545899464283
css-select--css-select-7.0.0,repacked,../data/unpacked_2500/css-select--css-select-7.0.0,../data/repacked_xz_2500/css-select--css-select-7.0.0.tar.xz,32564,70.40858300752006
css-select-base-adapter--css-select-base-adapter-0.1.1,repacked,../data/unpacked_2500/css-select-base-adapter--css-select-base-adapter-0.1.1,../data/repacked_xz_2500/css-select-base-adapter--css-select-base-adapter-0.1.1.tar.xz,3868,12.216666000313126
css-to-react-native--css-to-react-native-3.2.0,repacked,../data/unpacked_2500/css-to-react-native--css-to-react-native-3.2.0,../data/repacked_xz_2500/css-to-react-native--css-to-react-native-3.2.0.tar.xz,16452,36.34254199278075
css-tree--css-tree-3.2.1,repacked,../data/unpacked_2500/css-tree--css-tree-3.2.1,../data/repacked_xz_2500/css-tree--css-tree-3.2.1.tar.xz,143444,331.3420830090763
css-what--css-what-8.0.0,repacked,../data/unpacked_2500/css-what--css-what-8.0.0,../data/repacked_xz_2500/css-what--css-what-8.0.0.tar.xz,27140,73.0406250077067
css.escape--css.escape-1.5.1,repacked,../data/unpacked_2500/css.escape--css.escape-1.5.1,../data/repacked_xz_2500/css.escape--css.escape-1.5.1.tar.xz,3020,10.090583004057407
cssdb--cssdb-8.9.0,repacked,../data/unpacked_2500/cssdb--cssdb-8.9.0,../data/repacked_xz_2500/cssdb--cssdb-8.9.0.tar.xz,12904,32.551666008657776
cssesc--cssesc-3.0.0,repacked,../data/unpacked_2500/cssesc--cssesc-3.0.0,../data/repacked_xz_2500/cssesc--cssesc-3.0.0.tar.xz,6688,13.118791990564205
cssnano--cssnano-8.0.1,repacked,../data/unpacked_2500/cssnano--cssnano-8.0.1,../data/repacked_xz_2500/cssnano--cssnano-8.0.1.tar.xz,3496,11.659166993922554
cssnano-preset-default--cssnano-preset-default-8.0.1,repacked,../data/unpacked_2500/cssnano-preset-default--cssnano-preset-default-8.0.1,../data/repacked_xz_2500/cssnano-preset-default--cssnano-preset-default-8.0.1.tar.xz,6052,14.09670800785534
cssnano-util-get-arguments--cssnano-util-get-arguments-4.0.0,repacked,../data/unpacked_2500/cssnano-util-get-arguments--cssnano-util-get-arguments-4.0.0,../data/repacked_xz_2500/cssnano-util-get-arguments--cssnano-util-get-arguments-4.0.0.tar.xz,1840,9.023167003761046
cssnano-util-get-match--cssnano-util-get-match-4.0.0,repacked,../data/unpacked_2500/cssnano-util-get-match--cssnano-util-get-match-4.0.0,../data/repacked_xz_2500/cssnano-util-get-match--cssnano-util-get-match-4.0.0.tar.xz,1844,8.944457993493415
cssnano-util-raw-cache--cssnano-util-raw-cache-4.0.1,repacked,../data/unpacked_2500/cssnano-util-raw-cache--cssnano-util-raw-cache-4.0.1,../data/repacked_xz_2500/cssnano-util-raw-cache--cssnano-util-raw-cache-4.0.1.tar.xz,1864,8.622458000900224
cssnano-util-same-parent--cssnano-util-same-parent-4.0.1,repacked,../data/unpacked_2500/cssnano-util-same-parent--cssnano-util-same-parent-4.0.1,../data/repacked_xz_2500/cssnano-util-same-parent--cssnano-util-same-parent-4.0.1.tar.xz,1872,8.430207992205396
cssnano-utils--cssnano-utils-6.0.0,repacked,../data/unpacked_2500/cssnano-utils--cssnano-utils-6.0.0,../data/repacked_xz_2500/cssnano-utils--cssnano-utils-6.0.0.tar.xz,3392,14.199832992744632
csso--csso-5.0.5,repacked,../data/unpacked_2500/csso--csso-5.0.5,../data/repacked_xz_2500/csso--csso-5.0.5.tar.xz,84384,135.9564589947695
cssom--cssom-0.5.0,repacked,../data/unpacked_2500/cssom--cssom-0.5.0,../data/repacked_xz_2500/cssom--cssom-0.5.0.tar.xz,11568,25.032542005646974
cssstyle--cssstyle-6.2.0,repacked,../data/unpacked_2500/cssstyle--cssstyle-6.2.0,../data/repacked_xz_2500/cssstyle--cssstyle-6.2.0.tar.xz,71852,152.59608399355784
csstype--csstype-3.2.3,repacked,../data/unpacked_2500/csstype--csstype-3.2.3,../data/repacked_xz_2500/csstype--csstype-3.2.3.tar.xz,76116,160.2488339995034
currently-unhandled--currently-unhandled-0.4.1,repacked,../data/unpacked_2500/currently-unhandled--currently-unhandled-0.4.1,../data/repacked_xz_2500/currently-unhandled--currently-unhandled-0.4.1.tar.xz,2612,9.441042013349943
cyclist--cyclist-1.0.2,repacked,../data/unpacked_2500/cyclist--cyclist-1.0.2,../data/repacked_xz_2500/cyclist--cyclist-1.0.2.tar.xz,2332,8.869458994013257
d--d-1.0.2,repacked,../data/unpacked_2500/d--d-1.0.2,../data/repacked_xz_2500/d--d-1.0.2.tar.xz,4912,11.383125005522743
d3--d3-7.9.0,repacked,../data/unpacked_2500/d3--d3-7.9.0,../data/repacked_xz_2500/d3--d3-7.9.0.tar.xz,187308,175.63241699826904
d3-array--d3-array-3.2.4,repacked,../data/unpacked_2500/d3-array--d3-array-3.2.4,../data/repacked_xz_2500/d3-array--d3-array-3.2.4.tar.xz,30092,49.91237499052659
d3-axis--d3-axis-3.0.0,repacked,../data/unpacked_2500/d3-axis--d3-axis-3.0.0,../data/repacked_xz_2500/d3-axis--d3-axis-3.0.0.tar.xz,7668,16.4832090085838
d3-brush--d3-brush-3.0.0,repacked,../data/unpacked_2500/d3-brush--d3-brush-3.0.0,../data/repacked_xz_2500/d3-brush--d3-brush-3.0.0.tar.xz,13428,23.287250005523674
d3-color--d3-color-3.1.0,repacked,../data/unpacked_2500/d3-color--d3-color-3.1.0,../data/repacked_xz_2500/d3-color--d3-color-3.1.0.tar.xz,13376,23.264167000888847
d3-dispatch--d3-dispatch-3.0.1,repacked,../data/unpacked_2500/d3-dispatch--d3-dispatch-3.0.1,../data/repacked_xz_2500/d3-dispatch--d3-dispatch-3.0.1.tar.xz,5336,13.432916995952837
d3-drag--d3-drag-3.0.0,repacked,../data/unpacked_2500/d3-drag--d3-drag-3.0.0,../data/repacked_xz_2500/d3-drag--d3-drag-3.0.0.tar.xz,10912,18.316166999284178
d3-dsv--d3-dsv-3.0.1,repacked,../data/unpacked_2500/d3-dsv--d3-dsv-3.0.1,../data/repacked_xz_2500/d3-dsv--d3-dsv-3.0.1.tar.xz,11740,20.409125005244277
d3-ease--d3-ease-3.0.1,repacked,../data/unpacked_2500/d3-ease--d3-ease-3.0.1,../data/repacked_xz_2500/d3-ease--d3-ease-3.0.1.tar.xz,7756,18.632500010426156
d3-force--d3-force-3.0.0,repacked,../data/unpacked_2500/d3-force--d3-force-3.0.0,../data/repacked_xz_2500/d3-force--d3-force-3.0.0.tar.xz,17140,27.487957995617762
d3-format--d3-format-3.1.2,repacked,../data/unpacked_2500/d3-format--d3-format-3.1.2,../data/repacked_xz_2500/d3-format--d3-format-3.1.2.tar.xz,9460,34.36308300297242
d3-geo--d3-geo-3.1.1,repacked,../data/unpacked_2500/d3-geo--d3-geo-3.1.1,../data/repacked_xz_2500/d3-geo--d3-geo-3.1.1.tar.xz,37180,62.76083301054314
d3-hierarchy--d3-hierarchy-3.1.2,repacked,../data/unpacked_2500/d3-hierarchy--d3-hierarchy-3.1.2,../data/repacked_xz_2500/d3-hierarchy--d3-hierarchy-3.1.2.tar.xz,26476,41.91016699769534
d3-interpolate--d3-interpolate-3.0.1,repacked,../data/unpacked_2500/d3-interpolate--d3-interpolate-3.0.1,../data/repacked_xz_2500/d3-interpolate--d3-interpolate-3.0.1.tar.xz,15384,28.678417002083734
d3-path--d3-path-3.1.0,repacked,../data/unpacked_2500/d3-path--d3-path-3.1.0,../data/repacked_xz_2500/d3-path--d3-path-3.1.0.tar.xz,5976,14.012332991114818
d3-quadtree--d3-quadtree-3.0.1,repacked,../data/unpacked_2500/d3-quadtree--d3-quadtree-3.0.1,../data/repacked_xz_2500/d3-quadtree--d3-quadtree-3.0.1.tar.xz,10212,21.725541999330744
d3-scale--d3-scale-4.0.2,repacked,../data/unpacked_2500/d3-scale--d3-scale-4.0.2,../data/repacked_xz_2500/d3-scale--d3-scale-4.0.2.tar.xz,27384,40.848874996299855
d3-scale-chromatic--d3-scale-chromatic-3.1.0,repacked,../data/unpacked_2500/d3-scale-chromatic--d3-scale-chromatic-3.1.0,../data/repacked_xz_2500/d3-scale-chromatic--d3-scale-chromatic-3.1.0.tar.xz,12004,31.8595419958001
d3-selection--d3-selection-3.0.0,repacked,../data/unpacked_2500/d3-selection--d3-selection-3.0.0,../data/repacked_xz_2500/d3-selection--d3-selection-3.0.0.tar.xz,26256,47.738250010297634
d3-shape--d3-shape-3.2.0,repacked,../data/unpacked_2500/d3-shape--d3-shape-3.2.0,../data/repacked_xz_2500/d3-shape--d3-shape-3.2.0.tar.xz,36544,61.43037500442006
d3-time--d3-time-3.1.0,repacked,../data/unpacked_2500/d3-time--d3-time-3.1.0,../data/repacked_xz_2500/d3-time--d3-time-3.1.0.tar.xz,12756,23.58658298908267
d3-time-format--d3-time-format-4.1.0,repacked,../data/unpacked_2500/d3-time-format--d3-time-format-4.1.0,../data/repacked_xz_2500/d3-time-format--d3-time-format-4.1.0.tar.xz,16616,33.7651250010822
d3-timer--d3-timer-3.0.1,repacked,../data/unpacked_2500/d3-timer--d3-timer-3.0.1,../data/repacked_xz_2500/d3-timer--d3-timer-3.0.1.tar.xz,6008,14.146874993457459
d3-transition--d3-transition-3.0.1,repacked,../data/unpacked_2500/d3-transition--d3-transition-3.0.1,../data/repacked_xz_2500/d3-transition--d3-transition-3.0.1.tar.xz,18884,34.794166989740916
d3-zoom--d3-zoom-3.0.0,repacked,../data/unpacked_2500/d3-zoom--d3-zoom-3.0.0,../data/repacked_xz_2500/d3-zoom--d3-zoom-3.0.0.tar.xz,16884,26.106749995960854
damerau-levenshtein--damerau-levenshtein-1.0.8,repacked,../data/unpacked_2500/damerau-levenshtein--damerau-levenshtein-1.0.8,../data/repacked_xz_2500/damerau-levenshtein--damerau-levenshtein-1.0.8.tar.xz,4476,12.126375004299916
dargs--dargs-8.1.0,repacked,../data/unpacked_2500/dargs--dargs-8.1.0,../data/repacked_xz_2500/dargs--dargs-8.1.0.tar.xz,3944,10.073542012833059
dashdash--dashdash-2.0.0,repacked,../data/unpacked_2500/dashdash--dashdash-2.0.0,../data/repacked_xz_2500/dashdash--dashdash-2.0.0.tar.xz,21996,27.5979589932831
data-uri-to-buffer--data-uri-to-buffer-8.0.0,repacked,../data/unpacked_2500/data-uri-to-buffer--data-uri-to-buffer-8.0.0,../data/repacked_xz_2500/data-uri-to-buffer--data-uri-to-buffer-8.0.0.tar.xz,4820,14.60854099423159
data-urls--data-urls-7.0.0,repacked,../data/unpacked_2500/data-urls--data-urls-7.0.0,../data/repacked_xz_2500/data-urls--data-urls-7.0.0.tar.xz,3800,10.264833006658591
data-view-buffer--data-view-buffer-1.0.2,repacked,../data/unpacked_2500/data-view-buffer--data-view-buffer-1.0.2,../data/repacked_xz_2500/data-view-buffer--data-view-buffer-1.0.2.tar.xz,5208,15.213624996249564
data-view-byte-length--data-view-byte-length-1.0.2,repacked,../data/unpacked_2500/data-view-byte-length--data-view-byte-length-1.0.2,../data/repacked_xz_2500/data-view-byte-length--data-view-byte-length-1.0.2.tar.xz,5184,14.184500003466383
data-view-byte-offset--data-view-byte-offset-1.0.1,repacked,../data/unpacked_2500/data-view-byte-offset--data-view-byte-offset-1.0.1,../data/repacked_xz_2500/data-view-byte-offset--data-view-byte-offset-1.0.1.tar.xz,5096,14.416500009247102
date-fns--date-fns-4.3.0,repacked,../data/unpacked_2500/date-fns--date-fns-4.3.0,../data/repacked_xz_2500/date-fns--date-fns-4.3.0.tar.xz,1116780,4970.878666994395
dateformat--dateformat-5.0.3,repacked,../data/unpacked_2500/dateformat--dateformat-5.0.3,../data/repacked_xz_2500/dateformat--dateformat-5.0.3.tar.xz,5848,13.511333003407344
dayjs--dayjs-1.11.20,repacked,../data/unpacked_2500/dayjs--dayjs-1.11.20,../data/repacked_xz_2500/dayjs--dayjs-1.11.20.tar.xz,113332,237.07541699695867
debug--debug-4.4.3,repacked,../data/unpacked_2500/debug--debug-4.4.3,../data/repacked_xz_2500/debug--debug-4.4.3.tar.xz,12104,17.54862500820309
decamelize--decamelize-6.0.1,repacked,../data/unpacked_2500/decamelize--decamelize-6.0.1,../data/repacked_xz_2500/decamelize--decamelize-6.0.1.tar.xz,2828,9.12316700851079
decamelize-keys--decamelize-keys-2.0.1,repacked,../data/unpacked_2500/decamelize-keys--decamelize-keys-2.0.1,../data/repacked_xz_2500/decamelize-keys--decamelize-keys-2.0.1.tar.xz,3360,9.370625004521571
decimal.js--decimal.js-10.6.0,repacked,../data/unpacked_2500/decimal.js--decimal.js-10.6.0,../data/repacked_xz_2500/decimal.js--decimal.js-10.6.0.tar.xz,42012,64.81291700038128
decode-uri-component--decode-uri-component-0.4.1,repacked,../data/unpacked_2500/decode-uri-component--decode-uri-component-0.4.1,../data/repacked_xz_2500/decode-uri-component--decode-uri-component-0.4.1.tar.xz,3136,9.522791995550506
decompress--decompress-4.2.1,repacked,../data/unpacked_2500/decompress--decompress-4.2.1,../data/repacked_xz_2500/decompress--decompress-4.2.1.tar.xz,3336,9.978375004720874
decompress-response--decompress-response-10.0.0,repacked,../data/unpacked_2500/decompress-response--decompress-response-10.0.0,../data/repacked_xz_2500/decompress-response--decompress-response-10.0.0.tar.xz,2652,9.398207999765873
decompress-tar--decompress-tar-4.1.1,repacked,../data/unpacked_2500/decompress-tar--decompress-tar-4.1.1,../data/repacked_xz_2500/decompress-tar--decompress-tar-4.1.1.tar.xz,2124,8.360459003597498
decompress-tarbz2--decompress-tarbz2-4.1.1,repacked,../data/unpacked_2500/decompress-tarbz2--decompress-tarbz2-4.1.1,../data/repacked_xz_2500/decompress-tarbz2--decompress-tarbz2-4.1.1.tar.xz,1900,8.239917005994357
decompress-targz--decompress-targz-4.1.1,repacked,../data/unpacked_2500/decompress-targz--decompress-targz-4.1.1,../data/repacked_xz_2500/decompress-targz--decompress-targz-4.1.1.tar.xz,1912,8.044333997531794
decompress-unzip--decompress-unzip-4.0.1,repacked,../data/unpacked_2500/decompress-unzip--decompress-unzip-4.0.1,../data/repacked_xz_2500/decompress-unzip--decompress-unzip-4.0.1.tar.xz,2292,8.634500001790002
dedent--dedent-1.7.2,repacked,../data/unpacked_2500/dedent--dedent-1.7.2,../data/repacked_xz_2500/dedent--dedent-1.7.2.tar.xz,7436,14.35733400285244
deep-equal--deep-equal-2.2.3,repacked,../data/unpacked_2500/deep-equal--deep-equal-2.2.3,../data/repacked_xz_2500/deep-equal--deep-equal-2.2.3.tar.xz,21024,28.842416999395937
deep-extend--deep-extend-0.6.0,repacked,../data/unpacked_2500/deep-extend--deep-extend-0.6.0,../data/repacked_xz_2500/deep-extend--deep-extend-0.6.0.tar.xz,3748,11.528542003361508
deep-is--deep-is-0.1.4,repacked,../data/unpacked_2500/deep-is--deep-is-0.1.4,../data/repacked_xz_2500/deep-is--deep-is-0.1.4.tar.xz,3796,12.307166995014995
deepmerge--deepmerge-4.3.1,repacked,../data/unpacked_2500/deepmerge--deepmerge-4.3.1,../data/repacked_xz_2500/deepmerge--deepmerge-4.3.1.tar.xz,8236,16.285790989059024
default-gateway--default-gateway-7.2.2,repacked,../data/unpacked_2500/default-gateway--default-gateway-7.2.2,../data/repacked_xz_2500/default-gateway--default-gateway-7.2.2.tar.xz,3268,9.112957995967008
defaults--defaults-3.0.0,repacked,../data/unpacked_2500/defaults--defaults-3.0.0,../data/repacked_xz_2500/defaults--defaults-3.0.0.tar.xz,2612,8.84037499781698
defer-to-connect--defer-to-connect-2.0.1,repacked,../data/unpacked_2500/defer-to-connect--defer-to-connect-2.0.1,../data/repacked_xz_2500/defer-to-connect--defer-to-connect-2.0.1.tar.xz,2596,9.094624998397194
define-data-property--define-data-property-1.1.4,repacked,../data/unpacked_2500/define-data-property--define-data-property-1.1.4,../data/repacked_xz_2500/define-data-property--define-data-property-1.1.4.tar.xz,8844,16.838666997500695
define-lazy-prop--define-lazy-prop-3.0.0,repacked,../data/unpacked_2500/define-lazy-prop--define-lazy-prop-3.0.0,../data/repacked_xz_2500/define-lazy-prop--define-lazy-prop-3.0.0.tar.xz,2176,8.696499993675388
define-properties--define-properties-1.2.1,repacked,../data/unpacked_2500/define-properties--define-properties-1.2.1,../data/repacked_xz_2500/define-properties--define-properties-1.2.1.tar.xz,5252,12.377042003208771
define-property--define-property-2.0.2,repacked,../data/unpacked_2500/define-property--define-property-2.0.2,../data/repacked_xz_2500/define-property--define-property-2.0.2.tar.xz,4052,10.389833987574093
defined--defined-1.0.1,repacked,../data/unpacked_2500/defined--defined-1.0.1,../data/repacked_xz_2500/defined--defined-1.0.1.tar.xz,5000,13.886832995922305
del--del-8.0.1,repacked,../data/unpacked_2500/del--del-8.0.1,../data/repacked_xz_2500/del--del-8.0.1.tar.xz,4116,11.17108300968539
delay--delay-7.0.0,repacked,../data/unpacked_2500/delay--delay-7.0.0,../data/repacked_xz_2500/delay--delay-7.0.0.tar.xz,3620,9.75641599507071
delayed-stream--delayed-stream-1.0.0,repacked,../data/unpacked_2500/delayed-stream--delayed-stream-1.0.0,../data/repacked_xz_2500/delayed-stream--delayed-stream-1.0.0.tar.xz,3584,9.731124999234453
delegates--delegates-1.0.0,repacked,../data/unpacked_2500/delegates--delegates-1.0.0,../data/repacked_xz_2500/delegates--delegates-1.0.0.tar.xz,2968,9.828875001403503
denque--denque-2.1.0,repacked,../data/unpacked_2500/denque--denque-2.1.0,../data/repacked_xz_2500/denque--denque-2.1.0.tar.xz,8928,14.058667002245784
depd--depd-2.0.0,repacked,../data/unpacked_2500/depd--depd-2.0.0,../data/repacked_xz_2500/depd--depd-2.0.0.tar.xz,8132,14.461458005825989
dequal--dequal-2.0.3,repacked,../data/unpacked_2500/dequal--dequal-2.0.3,../data/repacked_xz_2500/dequal--dequal-2.0.3.tar.xz,4588,13.776792009593919
des.js--des.js-1.1.0,repacked,../data/unpacked_2500/des.js--des.js-1.1.0,../data/repacked_xz_2500/des.js--des.js-1.1.0.tar.xz,9716,19.429209001827985
destroy--destroy-1.2.0,repacked,../data/unpacked_2500/destroy--destroy-1.2.0,../data/repacked_xz_2500/destroy--destroy-1.2.0.tar.xz,3424,9.197416991810314
detect-file--detect-file-1.0.0,repacked,../data/unpacked_2500/detect-file--detect-file-1.0.0,../data/repacked_xz_2500/detect-file--detect-file-1.0.0.tar.xz,3456,9.16562500060536
detect-indent--detect-indent-7.0.2,repacked,../data/unpacked_2500/detect-indent--detect-indent-7.0.2,../data/repacked_xz_2500/detect-indent--detect-indent-7.0.2.tar.xz,4016,9.43399999232497
detect-libc--detect-libc-2.1.2,repacked,../data/unpacked_2500/detect-libc--detect-libc-2.1.2,../data/repacked_xz_2500/detect-libc--detect-libc-2.1.2.tar.xz,7620,14.376459002960473
detect-newline--detect-newline-4.0.1,repacked,../data/unpacked_2500/detect-newline--detect-newline-4.0.1,../data/repacked_xz_2500/detect-newline--detect-newline-4.0.1.tar.xz,1908,8.304165996378288
detect-node--detect-node-2.1.0,repacked,../data/unpacked_2500/detect-node--detect-node-2.1.0,../data/repacked_xz_2500/detect-node--detect-node-2.1.0.tar.xz,1756,8.03883300977759
detect-node-es--detect-node-es-1.1.0,repacked,../data/unpacked_2500/detect-node-es--detect-node-es-1.1.0,../data/repacked_xz_2500/detect-node-es--detect-node-es-1.1.0.tar.xz,2300,9.638083996833302
detect-port-alt--detect-port-alt-1.1.6,repacked,../data/unpacked_2500/detect-port-alt--detect-port-alt-1.1.6,../data/repacked_xz_2500/detect-port-alt--detect-port-alt-1.1.6.tar.xz,25608,18.90654201270081
detective--detective-5.2.1,repacked,../data/unpacked_2500/detective--detective-5.2.1,../data/repacked_xz_2500/detective--detective-5.2.1.tar.xz,6812,23.970874986844137
didyoumean--didyoumean-1.2.2,repacked,../data/unpacked_2500/didyoumean--didyoumean-1.2.2,../data/repacked_xz_2500/didyoumean--didyoumean-1.2.2.tar.xz,4552,11.053958995034918
diff--diff-9.0.0,repacked,../data/unpacked_2500/diff--diff-9.0.0,../data/repacked_xz_2500/diff--diff-9.0.0.tar.xz,74964,152.92316599516198
diff-sequences--diff-sequences-29.6.3,repacked,../data/unpacked_2500/diff-sequences--diff-sequences-29.6.3,../data/repacked_xz_2500/diff-sequences--diff-sequences-29.6.3.tar.xz,10552,18.408625008305535
diffie-hellman--diffie-hellman-5.0.3,repacked,../data/unpacked_2500/diffie-hellman--diffie-hellman-5.0.3,../data/repacked_xz_2500/diffie-hellman--diffie-hellman-5.0.3.tar.xz,5100,12.898457993287593
dir-glob--dir-glob-3.0.1,repacked,../data/unpacked_2500/dir-glob--dir-glob-3.0.1,../data/repacked_xz_2500/dir-glob--dir-glob-3.0.1.tar.xz,2356,8.835458997054957
dlv--dlv-1.1.3,repacked,../data/unpacked_2500/dlv--dlv-1.1.3,../data/repacked_xz_2500/dlv--dlv-1.1.3.tar.xz,2340,10.278665999067016
dns-equal--dns-equal-1.0.0,repacked,../data/unpacked_2500/dns-equal--dns-equal-1.0.0,../data/repacked_xz_2500/dns-equal--dns-equal-1.0.0.tar.xz,2016,9.283999999752268
dns-packet--dns-packet-5.6.1,repacked,../data/unpacked_2500/dns-packet--dns-packet-5.6.1,../data/repacked_xz_2500/dns-packet--dns-packet-5.6.1.tar.xz,12412,22.92049999232404
dns-txt--dns-txt-2.0.2,repacked,../data/unpacked_2500/dns-txt--dns-txt-2.0.2,../data/repacked_xz_2500/dns-txt--dns-txt-2.0.2.tar.xz,4136,11.999624999589287
doctrine--doctrine-3.0.0,repacked,../data/unpacked_2500/doctrine--doctrine-3.0.0,../data/repacked_xz_2500/doctrine--doctrine-3.0.0.tar.xz,20012,32.782958005554974
dom-accessibility-api--dom-accessibility-api-0.7.1,repacked,../data/unpacked_2500/dom-accessibility-api--dom-accessibility-api-0.7.1,../data/repacked_xz_2500/dom-accessibility-api--dom-accessibility-api-0.7.1.tar.xz,36636,72.74449999385979
dom-converter--dom-converter-0.2.0,repacked,../data/unpacked_2500/dom-converter--dom-converter-0.2.0,../data/repacked_xz_2500/dom-converter--dom-converter-0.2.0.tar.xz,3208,11.06920799065847
dom-helpers--dom-helpers-6.0.1,repacked,../data/unpacked_2500/dom-helpers--dom-helpers-6.0.1,../data/repacked_xz_2500/dom-helpers--dom-helpers-6.0.1.tar.xz,19980,86.75620799476746
dom-serializer--dom-serializer-3.1.1,repacked,../data/unpacked_2500/dom-serializer--dom-serializer-3.1.1,../data/repacked_xz_2500/dom-serializer--dom-serializer-3.1.1.tar.xz,9232,20.76170798682142
dom-walk--dom-walk-0.1.2,repacked,../data/unpacked_2500/dom-walk--dom-walk-0.1.2,../data/repacked_xz_2500/dom-walk--dom-walk-0.1.2.tar.xz,1748,9.377249996759929
domain-browser--domain-browser-5.7.0,repacked,../data/unpacked_2500/domain-browser--domain-browser-5.7.0,../data/repacked_xz_2500/domain-browser--domain-browser-5.7.0.tar.xz,8648,15.887542002019472
domelementtype--domelementtype-3.0.0,repacked,../data/unpacked_2500/domelementtype--domelementtype-3.0.0,../data/repacked_xz_2500/domelementtype--domelementtype-3.0.0.tar.xz,2784,10.494916001334786
domexception--domexception-4.0.0,repacked,../data/unpacked_2500/domexception--domexception-4.0.0,../data/repacked_xz_2500/domexception--domexception-4.0.0.tar.xz,5692,14.797790994634852
domhandler--domhandler-6.0.1,repacked,../data/unpacked_2500/domhandler--domhandler-6.0.1,../data/repacked_xz_2500/domhandler--domhandler-6.0.1.tar.xz,8448,18.000083000515588
dompurify--dompurify-3.4.5,repacked,../data/unpacked_2500/dompurify--dompurify-3.4.5,../data/repacked_xz_2500/dompurify--dompurify-3.4.5.tar.xz,78340,126.2675829930231
domutils--domutils-4.0.2,repacked,../data/unpacked_2500/domutils--domutils-4.0.2,../data/repacked_xz_2500/domutils--domutils-4.0.2.tar.xz,18412,42.25433399551548
dot-case--dot-case-4.0.0,repacked,../data/unpacked_2500/dot-case--dot-case-4.0.0,../data/repacked_xz_2500/dot-case--dot-case-4.0.0.tar.xz,1416,9.268333000363782
dot-prop--dot-prop-10.1.0,repacked,../data/unpacked_2500/dot-prop--dot-prop-10.1.0,../data/repacked_xz_2500/dot-prop--dot-prop-10.1.0.tar.xz,7180,14.452707997406833
dotenv--dotenv-17.4.2,repacked,../data/unpacked_2500/dotenv--dotenv-17.4.2,../data/repacked_xz_2500/dotenv--dotenv-17.4.2.tar.xz,26224,34.360959005425684
dotenv-expand--dotenv-expand-13.0.0,repacked,../data/unpacked_2500/dotenv-expand--dotenv-expand-13.0.0,../data/repacked_xz_2500/dotenv-expand--dotenv-expand-13.0.0.tar.xz,6756,14.129749994026497
download--download-8.0.0,repacked,../data/unpacked_2500/download--download-8.0.0,../data/repacked_xz_2500/download--download-8.0.0.tar.xz,2824,10.16808400163427
dunder-proto--dunder-proto-1.0.1,repacked,../data/unpacked_2500/dunder-proto--dunder-proto-1.0.1,../data/repacked_xz_2500/dunder-proto--dunder-proto-1.0.1.tar.xz,5376,15.216250001685694
duplexer--duplexer-0.1.2,repacked,../data/unpacked_2500/duplexer--duplexer-0.1.2,../data/repacked_xz_2500/duplexer--duplexer-0.1.2.tar.xz,2604,11.286916007520631
duplexer2--duplexer2-0.1.4,repacked,../data/unpacked_2500/duplexer2--duplexer2-0.1.4,../data/repacked_xz_2500/duplexer2--duplexer2-0.1.4.tar.xz,2892,10.377375001553446
duplexer3--duplexer3-1.0.0,repacked,../data/unpacked_2500/duplexer3--duplexer3-1.0.0,../data/repacked_xz_2500/duplexer3--duplexer3-1.0.0.tar.xz,2344,10.095791993080638
duplexify--duplexify-4.1.3,repacked,../data/unpacked_2500/duplexify--duplexify-4.1.3,../data/repacked_xz_2500/duplexify--duplexify-4.1.3.tar.xz,5120,13.16854200558737
eastasianwidth--eastasianwidth-0.3.0,repacked,../data/unpacked_2500/eastasianwidth--eastasianwidth-0.3.0,../data/repacked_xz_2500/eastasianwidth--eastasianwidth-0.3.0.tar.xz,2692,10.434707990498282
ecc-jsbn--ecc-jsbn-0.2.0,repacked,../data/unpacked_2500/ecc-jsbn--ecc-jsbn-0.2.0,../data/repacked_xz_2500/ecc-jsbn--ecc-jsbn-0.2.0.tar.xz,7672,16.424749992438592
ecdsa-sig-formatter--ecdsa-sig-formatter-1.0.11,repacked,../data/unpacked_2500/ecdsa-sig-formatter--ecdsa-sig-formatter-1.0.11,../data/repacked_xz_2500/ecdsa-sig-formatter--ecdsa-sig-formatter-1.0.11.tar.xz,6968,15.402332996018231
editions--editions-6.22.0,repacked,../data/unpacked_2500/editions--editions-6.22.0,../data/repacked_xz_2500/editions--editions-6.22.0.tar.xz,21048,39.36966600304004
ee-first--ee-first-1.1.1,repacked,../data/unpacked_2500/ee-first--ee-first-1.1.1,../data/repacked_xz_2500/ee-first--ee-first-1.1.1.tar.xz,2844,9.546624991344288
ejs--ejs-5.0.2,repacked,../data/unpacked_2500/ejs--ejs-5.0.2,../data/repacked_xz_2500/ejs--ejs-5.0.2.tar.xz,34440,50.1313749991823
electron-to-chromium--electron-to-chromium-1.5.361,repacked,../data/unpacked_2500/electron-to-chromium--electron-to-chromium-1.5.361,../data/repacked_xz_2500/electron-to-chromium--electron-to-chromium-1.5.361.tar.xz,19112,51.57245798909571
elliptic--elliptic-6.6.1,repacked,../data/unpacked_2500/elliptic--elliptic-6.6.1,../data/repacked_xz_2500/elliptic--elliptic-6.6.1.tar.xz,35200,37.79904199473094
emittery--emittery-2.0.0,repacked,../data/unpacked_2500/emittery--emittery-2.0.0,../data/repacked_xz_2500/emittery--emittery-2.0.0.tar.xz,14636,23.474124987842515
emoji-regex--emoji-regex-10.6.0,repacked,../data/unpacked_2500/emoji-regex--emoji-regex-10.6.0,../data/repacked_xz_2500/emoji-regex--emoji-regex-10.6.0.tar.xz,4948,14.45895800134167
emojis-list--emojis-list-3.0.0,repacked,../data/unpacked_2500/emojis-list--emojis-list-3.0.0,../data/repacked_xz_2500/emojis-list--emojis-list-3.0.0.tar.xz,6160,16.87958399998024
enabled--enabled-2.0.0,repacked,../data/unpacked_2500/enabled--enabled-2.0.0,../data/repacked_xz_2500/enabled--enabled-2.0.0.tar.xz,2796,9.392042004037648
encodeurl--encodeurl-2.0.0,repacked,../data/unpacked_2500/encodeurl--encodeurl-2.0.0,../data/repacked_xz_2500/encodeurl--encodeurl-2.0.0.tar.xz,3088,9.175375002087094
encoding--encoding-0.1.13,repacked,../data/unpacked_2500/encoding--encoding-0.1.13,../data/repacked_xz_2500/encoding--encoding-0.1.13.tar.xz,3468,13.039167009992525
encoding-sniffer--encoding-sniffer-1.0.2,repacked,../data/unpacked_2500/encoding-sniffer--encoding-sniffer-1.0.2,../data/repacked_xz_2500/encoding-sniffer--encoding-sniffer-1.0.2.tar.xz,17564,39.2750419996446
end-of-stream--end-of-stream-1.4.5,repacked,../data/unpacked_2500/end-of-stream--end-of-stream-1.4.5,../data/repacked_xz_2500/end-of-stream--end-of-stream-1.4.5.tar.xz,2516,8.857584005454555
engine.io--engine.io-6.6.8,repacked,../data/unpacked_2500/engine.io--engine.io-6.6.8,../data/repacked_xz_2500/engine.io--engine.io-6.6.8.tar.xz,33252,53.73074999079108
engine.io-client--engine.io-client-6.6.5,repacked,../data/unpacked_2500/engine.io-client--engine.io-client-6.6.5,../data/repacked_xz_2500/engine.io-client--engine.io-client-6.6.5.tar.xz,102052,201.81654099724256
engine.io-parser--engine.io-parser-5.2.3,repacked,../data/unpacked_2500/engine.io-parser--engine.io-parser-5.2.3,../data/repacked_xz_2500/engine.io-parser--engine.io-parser-5.2.3.tar.xz,8104,29.7512499964796
enhanced-resolve--enhanced-resolve-5.22.0,repacked,../data/unpacked_2500/enhanced-resolve--enhanced-resolve-5.22.0,../data/repacked_xz_2500/enhanced-resolve--enhanced-resolve-5.22.0.tar.xz,68980,97.30325000418816
enquirer--enquirer-2.4.1,repacked,../data/unpacked_2500/enquirer--enquirer-2.4.1,../data/repacked_xz_2500/enquirer--enquirer-2.4.1.tar.xz,40468,63.79979199846275
entities--entities-8.0.0,repacked,../data/unpacked_2500/entities--entities-8.0.0,../data/repacked_xz_2500/entities--entities-8.0.0.tar.xz,47280,67.58162500045728
env-paths--env-paths-4.0.0,repacked,../data/unpacked_2500/env-paths--env-paths-4.0.0,../data/repacked_xz_2500/env-paths--env-paths-4.0.0.tar.xz,3124,10.556374996667728
err-code--err-code-3.0.1,repacked,../data/unpacked_2500/err-code--err-code-3.0.1,../data/repacked_xz_2500/err-code--err-code-3.0.1.tar.xz,2792,9.796833008294925
errno--errno-1.0.0,repacked,../data/unpacked_2500/errno--errno-1.0.0,../data/repacked_xz_2500/errno--errno-1.0.0.tar.xz,6068,14.151875002426095
error-ex--error-ex-1.3.4,repacked,../data/unpacked_2500/error-ex--error-ex-1.3.4,../data/repacked_xz_2500/error-ex--error-ex-1.3.4.tar.xz,3596,9.871458009001799
error-stack-parser--error-stack-parser-2.1.4,repacked,../data/unpacked_2500/error-stack-parser--error-stack-parser-2.1.4,../data/repacked_xz_2500/error-stack-parser--error-stack-parser-2.1.4.tar.xz,8884,16.684000001987442
es-abstract--es-abstract-1.24.2,repacked,../data/unpacked_2500/es-abstract--es-abstract-1.24.2,../data/repacked_xz_2500/es-abstract--es-abstract-1.24.2.tar.xz,128160,1121.7825419880683
es-array-method-boxes-properly--es-array-method-boxes-properly-1.0.0,repacked,../data/unpacked_2500/es-array-method-boxes-properly--es-array-method-boxes-properly-1.0.0,../data/repacked_xz_2500/es-array-method-boxes-properly--es-array-method-boxes-properly-1.0.0.tar.xz,2528,11.876208998728544
es-define-property--es-define-property-1.0.1,repacked,../data/unpacked_2500/es-define-property--es-define-property-1.0.1,../data/repacked_xz_2500/es-define-property--es-define-property-1.0.1.tar.xz,4796,15.319708007154986
es-errors--es-errors-1.3.0,repacked,../data/unpacked_2500/es-errors--es-errors-1.3.0,../data/repacked_xz_2500/es-errors--es-errors-1.3.0.tar.xz,5636,17.83591699495446
es-get-iterator--es-get-iterator-1.1.3,repacked,../data/unpacked_2500/es-get-iterator--es-get-iterator-1.1.3,../data/repacked_xz_2500/es-get-iterator--es-get-iterator-1.1.3.tar.xz,10588,20.603666998795234
es-iterator-helpers--es-iterator-helpers-1.3.2,repacked,../data/unpacked_2500/es-iterator-helpers--es-iterator-helpers-1.3.2,../data/repacked_xz_2500/es-iterator-helpers--es-iterator-helpers-1.3.2.tar.xz,41552,102.85024999757297
es-module-lexer--es-module-lexer-2.1.0,repacked,../data/unpacked_2500/es-module-lexer--es-module-lexer-2.1.0,../data/repacked_xz_2500/es-module-lexer--es-module-lexer-2.1.0.tar.xz,23728,30.756124993786216
es-object-atoms--es-object-atoms-1.1.2,repacked,../data/unpacked_2500/es-object-atoms--es-object-atoms-1.1.2,../data/repacked_xz_2500/es-object-atoms--es-object-atoms-1.1.2.tar.xz,5120,16.172666000784375
es-set-tostringtag--es-set-tostringtag-2.1.0,repacked,../data/unpacked_2500/es-set-tostringtag--es-set-tostringtag-2.1.0,../data/repacked_xz_2500/es-set-tostringtag--es-set-tostringtag-2.1.0.tar.xz,5480,14.45675001014024
es-shim-unscopables--es-shim-unscopables-1.1.0,repacked,../data/unpacked_2500/es-shim-unscopables--es-shim-unscopables-1.1.0,../data/repacked_xz_2500/es-shim-unscopables--es-shim-unscopables-1.1.0.tar.xz,5396,14.809250002144836
es-to-primitive--es-to-primitive-1.3.0,repacked,../data/unpacked_2500/es-to-primitive--es-to-primitive-1.3.0,../data/repacked_xz_2500/es-to-primitive--es-to-primitive-1.3.0.tar.xz,9764,22.488125003292225
es5-ext--es5-ext-0.10.64,repacked,../data/unpacked_2500/es5-ext--es5-ext-0.10.64,../data/repacked_xz_2500/es5-ext--es5-ext-0.10.64.tar.xz,71356,222.65041699574795
es6-iterator--es6-iterator-2.0.3,repacked,../data/unpacked_2500/es6-iterator--es6-iterator-2.0.3,../data/repacked_xz_2500/es6-iterator--es6-iterator-2.0.3.tar.xz,8496,20.91712500259746
es6-promise--es6-promise-4.2.8,repacked,../data/unpacked_2500/es6-promise--es6-promise-4.2.8,../data/repacked_xz_2500/es6-promise--es6-promise-4.2.8.tar.xz,23548,59.10829200001899
es6-promisify--es6-promisify-7.0.0,repacked,../data/unpacked_2500/es6-promisify--es6-promisify-7.0.0,../data/repacked_xz_2500/es6-promisify--es6-promisify-7.0.0.tar.xz,2844,10.14266700076405
es6-symbol--es6-symbol-3.1.4,repacked,../data/unpacked_2500/es6-symbol--es6-symbol-3.1.4,../data/repacked_xz_2500/es6-symbol--es6-symbol-3.1.4.tar.xz,6476,14.692957993247546
es6-weak-map--es6-weak-map-2.0.3,repacked,../data/unpacked_2500/es6-weak-map--es6-weak-map-2.0.3,../data/repacked_xz_2500/es6-weak-map--es6-weak-map-2.0.3.tar.xz,5240,16.028958998504095
esbuild--esbuild-0.28.0,repacked,../data/unpacked_2500/esbuild--esbuild-0.28.0,../data/repacked_xz_2500/esbuild--esbuild-0.28.0.tar.xz,28780,37.0010420010658
escalade--escalade-3.2.0,repacked,../data/unpacked_2500/escalade--escalade-3.2.0,../data/repacked_xz_2500/escalade--escalade-3.2.0.tar.xz,4768,14.674749996629544
escape-html--escape-html-1.0.3,repacked,../data/unpacked_2500/escape-html--escape-html-1.0.3,../data/repacked_xz_2500/escape-html--escape-html-1.0.3.tar.xz,2036,9.086124991881661
escape-string-regexp--escape-string-regexp-5.0.0,repacked,../data/unpacked_2500/escape-string-regexp--escape-string-regexp-5.0.0,../data/repacked_xz_2500/escape-string-regexp--escape-string-regexp-5.0.0.tar.xz,2064,9.475250000832602
escodegen--escodegen-2.1.0,repacked,../data/unpacked_2500/escodegen--escodegen-2.1.0,../data/repacked_xz_2500/escodegen--escodegen-2.1.0.tar.xz,17160,31.433291995199397
eslint--eslint-10.4.0,repacked,../data/unpacked_2500/eslint--eslint-10.4.0,../data/repacked_xz_2500/eslint--eslint-10.4.0.tar.xz,449552,897.062833988457
eslint-config-react-app--eslint-config-react-app-7.0.1,repacked,../data/unpacked_2500/eslint-config-react-app--eslint-config-react-app-7.0.1,../data/repacked_xz_2500/eslint-config-react-app--eslint-config-react-app-7.0.1.tar.xz,5796,13.539749998017214
eslint-import-resolver-node--eslint-import-resolver-node-0.4.0,repacked,../data/unpacked_2500/eslint-import-resolver-node--eslint-import-resolver-node-0.4.0,../data/repacked_xz_2500/eslint-import-resolver-node--eslint-import-resolver-node-0.4.0.tar.xz,2780,9.073958994122222
eslint-module-utils--eslint-module-utils-2.12.1,repacked,../data/unpacked_2500/eslint-module-utils--eslint-module-utils-2.12.1,../data/repacked_xz_2500/eslint-module-utils--eslint-module-utils-2.12.1.tar.xz,15260,27.93858300719876
eslint-plugin-flowtype--eslint-plugin-flowtype-8.0.3,repacked,../data/unpacked_2500/eslint-plugin-flowtype--eslint-plugin-flowtype-8.0.3,../data/repacked_xz_2500/eslint-plugin-flowtype--eslint-plugin-flowtype-8.0.3.tar.xz,47144,85.45233299082611
eslint-plugin-import--eslint-plugin-import-2.32.0,repacked,../data/unpacked_2500/eslint-plugin-import--eslint-plugin-import-2.32.0,../data/repacked_xz_2500/eslint-plugin-import--eslint-plugin-import-2.32.0.tar.xz,295652,368.4854169987375
eslint-plugin-jest--eslint-plugin-jest-29.15.2,repacked,../data/unpacked_2500/eslint-plugin-jest--eslint-plugin-jest-29.15.2,../data/repacked_xz_2500/eslint-plugin-jest--eslint-plugin-jest-29.15.2.tar.xz,69824,124.73341698932927
eslint-plugin-jsx-a11y--eslint-plugin-jsx-a11y-6.10.2,repacked,../data/unpacked_2500/eslint-plugin-jsx-a11y--eslint-plugin-jsx-a11y-6.10.2,../data/repacked_xz_2500/eslint-plugin-jsx-a11y--eslint-plugin-jsx-a11y-6.10.2.tar.xz,102392,191.67820800794289
eslint-plugin-react--eslint-plugin-react-7.37.5,repacked,../data/unpacked_2500/eslint-plugin-react--eslint-plugin-react-7.37.5,../data/repacked_xz_2500/eslint-plugin-react--eslint-plugin-react-7.37.5.tar.xz,143480,312.8106249932898
eslint-plugin-react-hooks--eslint-plugin-react-hooks-7.1.1,repacked,../data/unpacked_2500/eslint-plugin-react-hooks--eslint-plugin-react-hooks-7.1.1,../data/repacked_xz_2500/eslint-plugin-react-hooks--eslint-plugin-react-hooks-7.1.1.tar.xz,240912,772.7021249884274
eslint-plugin-testing-library--eslint-plugin-testing-library-7.16.2,repacked,../data/unpacked_2500/eslint-plugin-testing-library--eslint-plugin-testing-library-7.16.2,../data/repacked_xz_2500/eslint-plugin-testing-library--eslint-plugin-testing-library-7.16.2.tar.xz,37160,68.78024998877663
eslint-scope--eslint-scope-9.1.2,repacked,../data/unpacked_2500/eslint-scope--eslint-scope-9.1.2,../data/repacked_xz_2500/eslint-scope--eslint-scope-9.1.2.tar.xz,22252,37.55679199821316
eslint-utils--eslint-utils-3.0.0,repacked,../data/unpacked_2500/eslint-utils--eslint-utils-3.0.0,../data/repacked_xz_2500/eslint-utils--eslint-utils-3.0.0.tar.xz,24576,65.49416700727306
eslint-visitor-keys--eslint-visitor-keys-5.0.1,repacked,../data/unpacked_2500/eslint-visitor-keys--eslint-visitor-keys-5.0.1,../data/repacked_xz_2500/eslint-visitor-keys--eslint-visitor-keys-5.0.1.tar.xz,8800,17.49554199341219
eslint-webpack-plugin--eslint-webpack-plugin-6.0.0,repacked,../data/unpacked_2500/eslint-webpack-plugin--eslint-webpack-plugin-6.0.0,../data/repacked_xz_2500/eslint-webpack-plugin--eslint-webpack-plugin-6.0.0.tar.xz,11220,22.63262499764096
esniff--esniff-2.0.1,repacked,../data/unpacked_2500/esniff--esniff-2.0.1,../data/repacked_xz_2500/esniff--esniff-2.0.1.tar.xz,14300,28.26850001292769
espree--espree-11.2.0,repacked,../data/unpacked_2500/espree--espree-11.2.0,../data/repacked_xz_2500/espree--espree-11.2.0.tar.xz,17128,26.69045799120795
esprima--esprima-4.0.1,repacked,../data/unpacked_2500/esprima--esprima-4.0.1,../data/repacked_xz_2500/esprima--esprima-4.0.1.tar.xz,42644,68.70600000547711
esquery--esquery-1.7.0,repacked,../data/unpacked_2500/esquery--esquery-1.7.0,../data/repacked_xz_2500/esquery--esquery-1.7.0.tar.xz,64320,168.17745799198747
esrecurse--esrecurse-4.3.0,repacked,../data/unpacked_2500/esrecurse--esrecurse-4.3.0,../data/repacked_xz_2500/esrecurse--esrecurse-4.3.0.tar.xz,4052,11.48020799155347
estraverse--estraverse-5.3.0,repacked,../data/unpacked_2500/estraverse--estraverse-5.3.0,../data/repacked_xz_2500/estraverse--estraverse-5.3.0.tar.xz,7568,15.152790991123766
estree-walker--estree-walker-3.0.3,repacked,../data/unpacked_2500/estree-walker--estree-walker-3.0.3,../data/repacked_xz_2500/estree-walker--estree-walker-3.0.3.tar.xz,4324,14.029500001925044
esutils--esutils-2.0.3,repacked,../data/unpacked_2500/esutils--esutils-2.0.3,../data/repacked_xz_2500/esutils--esutils-2.0.3.tar.xz,7716,15.84670800366439
etag--etag-1.8.1,repacked,../data/unpacked_2500/etag--etag-1.8.1,../data/repacked_xz_2500/etag--etag-1.8.1.tar.xz,4328,12.007750003249384
ethereum-cryptography--ethereum-cryptography-3.2.0,repacked,../data/unpacked_2500/ethereum-cryptography--ethereum-cryptography-3.2.0,../data/repacked_xz_2500/ethereum-cryptography--ethereum-cryptography-3.2.0.tar.xz,16624,51.931875001173466
ethers--ethers-6.16.0,repacked,../data/unpacked_2500/ethers--ethers-6.16.0,../data/repacked_xz_2500/ethers--ethers-6.16.0.tar.xz,932920,3294.0647499926854
event-emitter--event-emitter-0.3.5,repacked,../data/unpacked_2500/event-emitter--event-emitter-0.3.5,../data/repacked_xz_2500/event-emitter--event-emitter-0.3.5.tar.xz,7700,20.316791997174732
event-target-shim--event-target-shim-6.0.2,repacked,../data/unpacked_2500/event-target-shim--event-target-shim-6.0.2,../data/repacked_xz_2500/event-target-shim--event-target-shim-6.0.2.tar.xz,32628,67.83354099025019
eventemitter3--eventemitter3-5.0.4,repacked,../data/unpacked_2500/eventemitter3--eventemitter3-5.0.4,../data/repacked_xz_2500/eventemitter3--eventemitter3-5.0.4.tar.xz,11428,22.482582993688993
events--events-3.3.0,repacked,../data/unpacked_2500/events--events-3.3.0,../data/repacked_xz_2500/events--events-3.3.0.tar.xz,15384,29.65333299653139
events-universal--events-universal-1.0.1,repacked,../data/unpacked_2500/events-universal--events-universal-1.0.1,../data/repacked_xz_2500/events-universal--events-universal-1.0.1.tar.xz,4620,10.760000004665926
eventsource--eventsource-4.1.0,repacked,../data/unpacked_2500/eventsource--eventsource-4.1.0,../data/repacked_xz_2500/eventsource--eventsource-4.1.0.tar.xz,18264,33.69012499751989
eventsource-parser--eventsource-parser-3.0.8,repacked,../data/unpacked_2500/eventsource-parser--eventsource-parser-3.0.8,../data/repacked_xz_2500/eventsource-parser--eventsource-parser-3.0.8.tar.xz,14880,30.111874992144294
evp_bytestokey--evp_bytestokey-1.0.3,repacked,../data/unpacked_2500/evp_bytestokey--evp_bytestokey-1.0.3,../data/repacked_xz_2500/evp_bytestokey--evp_bytestokey-1.0.3.tar.xz,2696,9.032250003656372
exec-sh--exec-sh-0.4.0,repacked,../data/unpacked_2500/exec-sh--exec-sh-0.4.0,../data/repacked_xz_2500/exec-sh--exec-sh-0.4.0.tar.xz,8464,15.906000000541098
execa--execa-9.6.1,repacked,../data/unpacked_2500/execa--execa-9.6.1,../data/repacked_xz_2500/execa--execa-9.6.1.tar.xz,70808,112.17041700729169
exit--exit-0.1.2,repacked,../data/unpacked_2500/exit--exit-0.1.2,../data/repacked_xz_2500/exit--exit-0.1.2.tar.xz,7992,25.164209000649862
exit-hook--exit-hook-5.1.0,repacked,../data/unpacked_2500/exit-hook--exit-hook-5.1.0,../data/repacked_xz_2500/exit-hook--exit-hook-5.1.0.tar.xz,4632,11.16625001304783
expand-brackets--expand-brackets-4.0.0,repacked,../data/unpacked_2500/expand-brackets--expand-brackets-4.0.0,../data/repacked_xz_2500/expand-brackets--expand-brackets-4.0.0.tar.xz,7136,14.499832992441952
expand-range--expand-range-2.0.2,repacked,../data/unpacked_2500/expand-range--expand-range-2.0.2,../data/repacked_xz_2500/expand-range--expand-range-2.0.2.tar.xz,3844,10.044832990388386
expand-template--expand-template-2.0.3,repacked,../data/unpacked_2500/expand-template--expand-template-2.0.3,../data/repacked_xz_2500/expand-template--expand-template-2.0.3.tar.xz,2412,9.116542001720518
expand-tilde--expand-tilde-2.0.2,repacked,../data/unpacked_2500/expand-tilde--expand-tilde-2.0.2,../data/repacked_xz_2500/expand-tilde--expand-tilde-2.0.2.tar.xz,2840,8.882541995262727
expect--expect-30.4.1,repacked,../data/unpacked_2500/expect--expect-30.4.1,../data/repacked_xz_2500/expect--expect-30.4.1.tar.xz,20356,30.377291986951604
exponential-backoff--exponential-backoff-3.1.3,repacked,../data/unpacked_2500/exponential-backoff--exponential-backoff-3.1.3,../data/repacked_xz_2500/exponential-backoff--exponential-backoff-3.1.3.tar.xz,14440,35.591415988164954
express--express-5.2.1,repacked,../data/unpacked_2500/express--express-5.2.1,../data/repacked_xz_2500/express--express-5.2.1.tar.xz,21044,25.796166999498382
express-rate-limit--express-rate-limit-8.5.2,repacked,../data/unpacked_2500/express-rate-limit--express-rate-limit-8.5.2,../data/repacked_xz_2500/express-rate-limit--express-rate-limit-8.5.2.tar.xz,16864,31.13333300279919
ext--ext-1.7.0,repacked,../data/unpacked_2500/ext--ext-1.7.0,../data/repacked_xz_2500/ext--ext-1.7.0.tar.xz,9276,28.59929199621547
extend--extend-3.0.2,repacked,../data/unpacked_2500/extend--extend-3.0.2,../data/repacked_xz_2500/extend--extend-3.0.2.tar.xz,6888,14.858666996588
extend-shallow--extend-shallow-3.0.2,repacked,../data/unpacked_2500/extend-shallow--extend-shallow-3.0.2,../data/repacked_xz_2500/extend-shallow--extend-shallow-3.0.2.tar.xz,3264,9.977875000913627
external-editor--external-editor-3.1.0,repacked,../data/unpacked_2500/external-editor--external-editor-3.1.0,../data/repacked_xz_2500/external-editor--external-editor-3.1.0.tar.xz,6508,15.424333992996253
extglob--extglob-3.0.0,repacked,../data/unpacked_2500/extglob--extglob-3.0.0,../data/repacked_xz_2500/extglob--extglob-3.0.0.tar.xz,9348,17.430708001484163
extract-zip--extract-zip-2.0.1,repacked,../data/unpacked_2500/extract-zip--extract-zip-2.0.1,../data/repacked_xz_2500/extract-zip--extract-zip-2.0.1.tar.xz,4376,10.913916004938073
extsprintf--extsprintf-1.4.1,repacked,../data/unpacked_2500/extsprintf--extsprintf-1.4.1,../data/repacked_xz_2500/extsprintf--extsprintf-1.4.1.tar.xz,10900,19.39100000890903
eyes--eyes-0.1.8,repacked,../data/unpacked_2500/eyes--eyes-0.1.8,../data/repacked_xz_2500/eyes--eyes-0.1.8.tar.xz,5504,12.95745799143333
fancy-log--fancy-log-2.0.0,repacked,../data/unpacked_2500/fancy-log--fancy-log-2.0.0,../data/repacked_xz_2500/fancy-log--fancy-log-2.0.0.tar.xz,2816,9.29929199628532
fast-deep-equal--fast-deep-equal-3.1.3,repacked,../data/unpacked_2500/fast-deep-equal--fast-deep-equal-3.1.3,../data/repacked_xz_2500/fast-deep-equal--fast-deep-equal-3.1.3.tar.xz,3704,11.75479099038057
fast-diff--fast-diff-1.3.0,repacked,../data/unpacked_2500/fast-diff--fast-diff-1.3.0,../data/repacked_xz_2500/fast-diff--fast-diff-1.3.0.tar.xz,13304,19.286416994873434
fast-fifo--fast-fifo-1.3.2,repacked,../data/unpacked_2500/fast-fifo--fast-fifo-1.3.2,../data/repacked_xz_2500/fast-fifo--fast-fifo-1.3.2.tar.xz,2356,9.256542005459778
fast-glob--fast-glob-3.3.3,repacked,../data/unpacked_2500/fast-glob--fast-glob-3.3.3,../data/repacked_xz_2500/fast-glob--fast-glob-3.3.3.tar.xz,22384,42.73841599933803
fast-json-stable-stringify--fast-json-stable-stringify-2.1.0,repacked,../data/unpacked_2500/fast-json-stable-stringify--fast-json-stable-stringify-2.1.0,../data/repacked_xz_2500/fast-json-stable-stringify--fast-json-stable-stringify-2.1.0.tar.xz,6564,17.18204200733453
fast-levenshtein--fast-levenshtein-3.0.0,repacked,../data/unpacked_2500/fast-levenshtein--fast-levenshtein-3.0.0,../data/repacked_xz_2500/fast-levenshtein--fast-levenshtein-3.0.0.tar.xz,3228,9.572833005222492
fast-safe-stringify--fast-safe-stringify-2.1.1,repacked,../data/unpacked_2500/fast-safe-stringify--fast-safe-stringify-2.1.1,../data/repacked_xz_2500/fast-safe-stringify--fast-safe-stringify-2.1.1.tar.xz,7576,15.385499995318241
fast-uri--fast-uri-3.1.2,repacked,../data/unpacked_2500/fast-uri--fast-uri-3.1.2,../data/repacked_xz_2500/fast-uri--fast-uri-3.1.2.tar.xz,24036,42.4102909892099
fast-xml-builder--fast-xml-builder-1.2.0,repacked,../data/unpacked_2500/fast-xml-builder--fast-xml-builder-1.2.0,../data/repacked_xz_2500/fast-xml-builder--fast-xml-builder-1.2.0.tar.xz,39716,50.65216599905398
fast-xml-parser--fast-xml-parser-5.8.0,repacked,../data/unpacked_2500/fast-xml-parser--fast-xml-parser-5.8.0,../data/repacked_xz_2500/fast-xml-parser--fast-xml-parser-5.8.0.tar.xz,143992,202.24554098967928
fastq--fastq-1.20.1,repacked,../data/unpacked_2500/fastq--fastq-1.20.1,../data/repacked_xz_2500/fastq--fastq-1.20.1.tar.xz,9480,19.065208005486056
faye-websocket--faye-websocket-0.11.4,repacked,../data/unpacked_2500/faye-websocket--faye-websocket-0.11.4,../data/repacked_xz_2500/faye-websocket--faye-websocket-0.11.4.tar.xz,9624,17.508750010165386
fb-watchman--fb-watchman-2.0.2,repacked,../data/unpacked_2500/fb-watchman--fb-watchman-2.0.2,../data/repacked_xz_2500/fb-watchman--fb-watchman-2.0.2.tar.xz,4152,9.940666001057252
fbjs--fbjs-3.0.5,repacked,../data/unpacked_2500/fbjs--fbjs-3.0.5,../data/repacked_xz_2500/fbjs--fbjs-3.0.5.tar.xz,65032,132.38700000511017
fd-slicer--fd-slicer-1.1.0,repacked,../data/unpacked_2500/fd-slicer--fd-slicer-1.1.0,../data/repacked_xz_2500/fd-slicer--fd-slicer-1.1.0.tar.xz,7300,16.084959002910182
fdir--fdir-6.5.0,repacked,../data/unpacked_2500/fdir--fdir-6.5.0,../data/repacked_xz_2500/fdir--fdir-6.5.0.tar.xz,9200,17.681499986792915
fecha--fecha-4.2.3,repacked,../data/unpacked_2500/fecha--fecha-4.2.3,../data/repacked_xz_2500/fecha--fecha-4.2.3.tar.xz,21092,35.75741598615423
fetch-blob--fetch-blob-4.0.0,repacked,../data/unpacked_2500/fetch-blob--fetch-blob-4.0.0,../data/repacked_xz_2500/fetch-blob--fetch-blob-4.0.0.tar.xz,8092,15.224916001898237
figgy-pudding--figgy-pudding-3.5.2,repacked,../data/unpacked_2500/figgy-pudding--figgy-pudding-3.5.2,../data/repacked_xz_2500/figgy-pudding--figgy-pudding-3.5.2.tar.xz,6224,12.837208996643312
figures--figures-6.1.0,repacked,../data/unpacked_2500/figures--figures-6.1.0,../data/repacked_xz_2500/figures--figures-6.1.0.tar.xz,6316,16.542707991902716
file-entry-cache--file-entry-cache-11.1.3,repacked,../data/unpacked_2500/file-entry-cache--file-entry-cache-11.1.3,../data/repacked_xz_2500/file-entry-cache--file-entry-cache-11.1.3.tar.xz,13628,23.462541998014785
file-loader--file-loader-6.2.0,repacked,../data/unpacked_2500/file-loader--file-loader-6.2.0,../data/repacked_xz_2500/file-loader--file-loader-6.2.0.tar.xz,9424,16.149875009432435
file-type--file-type-22.0.1,repacked,../data/unpacked_2500/file-type--file-type-22.0.1,../data/repacked_xz_2500/file-type--file-type-22.0.1.tar.xz,29736,35.307250000187196
file-uri-to-path--file-uri-to-path-2.0.0,repacked,../data/unpacked_2500/file-uri-to-path--file-uri-to-path-2.0.0,../data/repacked_xz_2500/file-uri-to-path--file-uri-to-path-2.0.0.tar.xz,3308,9.895666997181252
filelist--filelist-2.0.2,repacked,../data/unpacked_2500/filelist--filelist-2.0.2,../data/repacked_xz_2500/filelist--filelist-2.0.2.tar.xz,6556,11.766166993766092
filename-regex--filename-regex-2.0.1,repacked,../data/unpacked_2500/filename-regex--filename-regex-2.0.1,../data/repacked_xz_2500/filename-regex--filename-regex-2.0.1.tar.xz,2228,8.183958008885384
filename-reserved-regex--filename-reserved-regex-4.0.0,repacked,../data/unpacked_2500/filename-reserved-regex--filename-reserved-regex-4.0.0,../data/repacked_xz_2500/filename-reserved-regex--filename-reserved-regex-4.0.0.tar.xz,1908,7.71812500897795
filenamify--filenamify-7.0.1,repacked,../data/unpacked_2500/filenamify--filenamify-7.0.1,../data/repacked_xz_2500/filenamify--filenamify-7.0.1.tar.xz,4424,11.077500006649643
filesize--filesize-11.0.17,repacked,../data/unpacked_2500/filesize--filesize-11.0.17,../data/repacked_xz_2500/filesize--filesize-11.0.17.tar.xz,10008,17.76112501102034
fill-range--fill-range-7.1.1,repacked,../data/unpacked_2500/fill-range--fill-range-7.1.1,../data/repacked_xz_2500/fill-range--fill-range-7.1.1.tar.xz,5628,11.08695799484849
filter-obj--filter-obj-6.1.0,repacked,../data/unpacked_2500/filter-obj--filter-obj-6.1.0,../data/repacked_xz_2500/filter-obj--filter-obj-6.1.0.tar.xz,2548,8.37554200552404
finalhandler--finalhandler-2.1.1,repacked,../data/unpacked_2500/finalhandler--finalhandler-2.1.1,../data/repacked_xz_2500/finalhandler--finalhandler-2.1.1.tar.xz,6196,11.044792001484893
find-cache-dir--find-cache-dir-6.0.0,repacked,../data/unpacked_2500/find-cache-dir--find-cache-dir-6.0.0,../data/repacked_xz_2500/find-cache-dir--find-cache-dir-6.0.0.tar.xz,3048,8.73866700567305
find-root--find-root-1.1.0,repacked,../data/unpacked_2500/find-root--find-root-1.1.0,../data/repacked_xz_2500/find-root--find-root-1.1.0.tar.xz,2732,9.695583998109214
find-up--find-up-8.0.0,repacked,../data/unpacked_2500/find-up--find-up-8.0.0,../data/repacked_xz_2500/find-up--find-up-8.0.0.tar.xz,5044,11.235833007958718
findup-sync--findup-sync-5.0.0,repacked,../data/unpacked_2500/findup-sync--findup-sync-5.0.0,../data/repacked_xz_2500/findup-sync--findup-sync-5.0.0.tar.xz,3028,8.891874997061677
first-chunk-stream--first-chunk-stream-6.0.0,repacked,../data/unpacked_2500/first-chunk-stream--first-chunk-stream-6.0.0,../data/repacked_xz_2500/first-chunk-stream--first-chunk-stream-6.0.0.tar.xz,3696,9.123750001890585
flat--flat-6.0.1,repacked,../data/unpacked_2500/flat--flat-6.0.1,../data/repacked_xz_2500/flat--flat-6.0.1.tar.xz,4460,10.292958002537489
flat-cache--flat-cache-6.1.22,repacked,../data/unpacked_2500/flat-cache--flat-cache-6.1.22,../data/repacked_xz_2500/flat-cache--flat-cache-6.1.22.tar.xz,9416,17.43079099105671
flatted--flatted-3.4.2,repacked,../data/unpacked_2500/flatted--flatted-3.4.2,../data/repacked_xz_2500/flatted--flatted-3.4.2.tar.xz,11116,20.760583007358946
flatten--flatten-1.0.3,repacked,../data/unpacked_2500/flatten--flatten-1.0.3,../data/repacked_xz_2500/flatten--flatten-1.0.3.tar.xz,2132,8.265583994216286
flush-write-stream--flush-write-stream-2.0.0,repacked,../data/unpacked_2500/flush-write-stream--flush-write-stream-2.0.0,../data/repacked_xz_2500/flush-write-stream--flush-write-stream-2.0.0.tar.xz,2624,8.900290995370597
fn.name--fn.name-1.1.0,repacked,../data/unpacked_2500/fn.name--fn.name-1.1.0,../data/repacked_xz_2500/fn.name--fn.name-1.1.0.tar.xz,2824,8.992000002763234
follow-redirects--follow-redirects-1.16.0,repacked,../data/unpacked_2500/follow-redirects--follow-redirects-1.16.0,../data/repacked_xz_2500/follow-redirects--follow-redirects-1.16.0.tar.xz,9620,14.396665996173397
for-each--for-each-0.3.5,repacked,../data/unpacked_2500/for-each--for-each-0.3.5,../data/repacked_xz_2500/for-each--for-each-0.3.5.tar.xz,8064,15.519792010309175
for-in--for-in-1.0.2,repacked,../data/unpacked_2500/for-in--for-in-1.0.2,../data/repacked_xz_2500/for-in--for-in-1.0.2.tar.xz,2736,8.372458003577776
for-own--for-own-1.0.0,repacked,../data/unpacked_2500/for-own--for-own-1.0.0,../data/repacked_xz_2500/for-own--for-own-1.0.0.tar.xz,2792,8.52620899968315
foreground-child--foreground-child-4.0.3,repacked,../data/unpacked_2500/foreground-child--foreground-child-4.0.3,../data/repacked_xz_2500/foreground-child--foreground-child-4.0.3.tar.xz,11260,27.4023749952903
forever-agent--forever-agent-0.6.1,repacked,../data/unpacked_2500/forever-agent--forever-agent-0.6.1,../data/repacked_xz_2500/forever-agent--forever-agent-0.6.1.tar.xz,5004,10.083792003570125
fork-ts-checker-webpack-plugin--fork-ts-checker-webpack-plugin-9.1.0,repacked,../data/unpacked_2500/fork-ts-checker-webpack-plugin--fork-ts-checker-webpack-plugin-9.1.0,../data/repacked_xz_2500/fork-ts-checker-webpack-plugin--fork-ts-checker-webpack-plugin-9.1.0.tar.xz,37380,89.62779201101512
form-data--form-data-4.0.5,repacked,../data/unpacked_2500/form-data--form-data-4.0.5,../data/repacked_xz_2500/form-data--form-data-4.0.5.tar.xz,21088,24.548417000914924
form-data-encoder--form-data-encoder-4.1.0,repacked,../data/unpacked_2500/form-data-encoder--form-data-encoder-4.1.0,../data/repacked_xz_2500/form-data-encoder--form-data-encoder-4.1.0.tar.xz,9536,16.827041006763466
formdata-polyfill--formdata-polyfill-4.0.10,repacked,../data/unpacked_2500/formdata-polyfill--formdata-polyfill-4.0.10,../data/repacked_xz_2500/formdata-polyfill--formdata-polyfill-4.0.10.tar.xz,10996,15.83545800531283
formidable--formidable-3.5.4,repacked,../data/unpacked_2500/formidable--formidable-3.5.4,../data/repacked_xz_2500/formidable--formidable-3.5.4.tar.xz,31176,46.33475000446197
forwarded--forwarded-0.2.0,repacked,../data/unpacked_2500/forwarded--forwarded-0.2.0,../data/repacked_xz_2500/forwarded--forwarded-0.2.0.tar.xz,2776,9.249333990737796
fraction.js--fraction.js-5.3.4,repacked,../data/unpacked_2500/fraction.js--fraction.js-5.3.4,../data/repacked_xz_2500/fraction.js--fraction.js-5.3.4.tar.xz,25540,35.99970800860319
fragment-cache--fragment-cache-0.2.1,repacked,../data/unpacked_2500/fragment-cache--fragment-cache-0.2.1,../data/repacked_xz_2500/fragment-cache--fragment-cache-0.2.1.tar.xz,3384,9.607083004084416
fresh--fresh-0.5.2,repacked,../data/unpacked_2500/fresh--fresh-0.5.2,../data/repacked_xz_2500/fresh--fresh-0.5.2.tar.xz,4248,9.619917007512413
from2--from2-2.3.0,repacked,../data/unpacked_2500/from2--from2-2.3.0,../data/repacked_xz_2500/from2--from2-2.3.0.tar.xz,3808,9.833582997089252
fs-constants--fs-constants-1.0.0,repacked,../data/unpacked_2500/fs-constants--fs-constants-1.0.0,../data/repacked_xz_2500/fs-constants--fs-constants-1.0.0.tar.xz,1512,7.217125006718561
fs-extra--fs-extra-11.3.5,repacked,../data/unpacked_2500/fs-extra--fs-extra-11.3.5,../data/repacked_xz_2500/fs-extra--fs-extra-11.3.5.tar.xz,14848,27.819249997264706
fs-minipass--fs-minipass-3.0.3,repacked,../data/unpacked_2500/fs-minipass--fs-minipass-3.0.3,../data/repacked_xz_2500/fs-minipass--fs-minipass-3.0.3.tar.xz,4528,10.6514579965733
fs-monkey--fs-monkey-1.1.0,repacked,../data/unpacked_2500/fs-monkey--fs-monkey-1.1.0,../data/repacked_xz_2500/fs-monkey--fs-monkey-1.1.0.tar.xz,7084,14.918000000761822
fs-readdir-recursive--fs-readdir-recursive-1.1.0,repacked,../data/unpacked_2500/fs-readdir-recursive--fs-readdir-recursive-1.1.0,../data/repacked_xz_2500/fs-readdir-recursive--fs-readdir-recursive-1.1.0.tar.xz,2172,7.995416992343962
fs-write-stream-atomic--fs-write-stream-atomic-1.0.10,repacked,../data/unpacked_2500/fs-write-stream-atomic--fs-write-stream-atomic-1.0.10,../data/repacked_xz_2500/fs-write-stream-atomic--fs-write-stream-atomic-1.0.10.tar.xz,5596,12.79816600435879
fs.realpath--fs.realpath-1.0.0,repacked,../data/unpacked_2500/fs.realpath--fs.realpath-1.0.0,../data/repacked_xz_2500/fs.realpath--fs.realpath-1.0.0.tar.xz,4448,10.145166001166217
fsevents--fsevents-2.3.3,repacked,../data/unpacked_2500/fsevents--fsevents-2.3.3,../data/repacked_xz_2500/fsevents--fsevents-2.3.3.tar.xz,15216,23.688083005254157
fstream--fstream-1.0.12,repacked,../data/unpacked_2500/fstream--fstream-1.0.12,../data/repacked_xz_2500/fstream--fstream-1.0.12.tar.xz,16268,27.354459001799114
function-bind--function-bind-1.1.2,repacked,../data/unpacked_2500/function-bind--function-bind-1.1.2,../data/repacked_xz_2500/function-bind--function-bind-1.1.2.tar.xz,9504,18.556916998932138
function.prototype.name--function.prototype.name-1.1.8,repacked,../data/unpacked_2500/function.prototype.name--function.prototype.name-1.1.8,../data/repacked_xz_2500/function.prototype.name--function.prototype.name-1.1.8.tar.xz,9380,19.312709002406336
functional-red-black-tree--functional-red-black-tree-1.0.1,repacked,../data/unpacked_2500/functional-red-black-tree--functional-red-black-tree-1.0.1,../data/repacked_xz_2500/functional-red-black-tree--functional-red-black-tree-1.0.1.tar.xz,9784,18.515292002120987
functions-have-names--functions-have-names-1.2.3,repacked,../data/unpacked_2500/functions-have-names--functions-have-names-1.2.3,../data/repacked_xz_2500/functions-have-names--functions-have-names-1.2.3.tar.xz,6176,15.478874993277714
gauge--gauge-5.0.2,repacked,../data/unpacked_2500/gauge--gauge-5.0.2,../data/repacked_xz_2500/gauge--gauge-5.0.2.tar.xz,12688,21.54087499366142
gaxios--gaxios-7.1.4,repacked,../data/unpacked_2500/gaxios--gaxios-7.1.4,../data/repacked_xz_2500/gaxios--gaxios-7.1.4.tar.xz,65088,128.2587499881629
gaze--gaze-1.1.3,repacked,../data/unpacked_2500/gaze--gaze-1.1.3,../data/repacked_xz_2500/gaze--gaze-1.1.3.tar.xz,8604,14.924041999620385
gcp-metadata--gcp-metadata-8.1.2,repacked,../data/unpacked_2500/gcp-metadata--gcp-metadata-8.1.2,../data/repacked_xz_2500/gcp-metadata--gcp-metadata-8.1.2.tar.xz,15656,21.52012499573175
generate-function--generate-function-2.3.1,repacked,../data/unpacked_2500/generate-function--generate-function-2.3.1,../data/repacked_xz_2500/generate-function--generate-function-2.3.1.tar.xz,3648,10.381040992797352
generate-object-property--generate-object-property-2.0.0,repacked,../data/unpacked_2500/generate-object-property--generate-object-property-2.0.0,../data/repacked_xz_2500/generate-object-property--generate-object-property-2.0.0.tar.xz,1808,8.64391699724365
generator-function--generator-function-2.0.1,repacked,../data/unpacked_2500/generator-function--generator-function-2.0.1,../data/repacked_xz_2500/generator-function--generator-function-2.0.1.tar.xz,4816,14.216125011444092
gensync--gensync-1.0.0-beta.2,repacked,../data/unpacked_2500/gensync--gensync-1.0.0-beta.2,../data/repacked_xz_2500/gensync--gensync-1.0.0-beta.2.tar.xz,7200,14.553417000570334
get-caller-file--get-caller-file-2.0.5,repacked,../data/unpacked_2500/get-caller-file--get-caller-file-2.0.5,../data/repacked_xz_2500/get-caller-file--get-caller-file-2.0.5.tar.xz,2484,9.118875008425675
get-east-asian-width--get-east-asian-width-1.6.0,repacked,../data/unpacked_2500/get-east-asian-width--get-east-asian-width-1.6.0,../data/repacked_xz_2500/get-east-asian-width--get-east-asian-width-1.6.0.tar.xz,4684,11.625792001723312
get-intrinsic--get-intrinsic-1.3.0,repacked,../data/unpacked_2500/get-intrinsic--get-intrinsic-1.3.0,../data/repacked_xz_2500/get-intrinsic--get-intrinsic-1.3.0.tar.xz,12996,19.492042003548704
get-nonce--get-nonce-1.0.1,repacked,../data/unpacked_2500/get-nonce--get-nonce-1.0.1,../data/repacked_xz_2500/get-nonce--get-nonce-1.0.1.tar.xz,2844,10.56020800024271
get-own-enumerable-property-symbols--get-own-enumerable-property-symbols-3.0.2,repacked,../data/unpacked_2500/get-own-enumerable-property-symbols--get-own-enumerable-property-symbols-3.0.2,../data/repacked_xz_2500/get-own-enumerable-property-symbols--get-own-enumerable-property-symbols-3.0.2.tar.xz,2424,9.159499997622333
get-package-type--get-package-type-0.1.0,repacked,../data/unpacked_2500/get-package-type--get-package-type-0.1.0,../data/repacked_xz_2500/get-package-type--get-package-type-0.1.0.tar.xz,2708,9.719791007228196
get-port--get-port-7.2.0,repacked,../data/unpacked_2500/get-port--get-port-7.2.0,../data/repacked_xz_2500/get-port--get-port-7.2.0.tar.xz,4852,10.642583991284482
get-proto--get-proto-1.0.1,repacked,../data/unpacked_2500/get-proto--get-proto-1.0.1,../data/repacked_xz_2500/get-proto--get-proto-1.0.1.tar.xz,4856,13.830374999088235
get-proxy--get-proxy-2.1.0,repacked,../data/unpacked_2500/get-proxy--get-proxy-2.1.0,../data/repacked_xz_2500/get-proxy--get-proxy-2.1.0.tar.xz,1552,7.356874994002283
get-stdin--get-stdin-10.0.0,repacked,../data/unpacked_2500/get-stdin--get-stdin-10.0.0,../data/repacked_xz_2500/get-stdin--get-stdin-10.0.0.tar.xz,3000,8.773207999183796
get-stream--get-stream-9.0.1,repacked,../data/unpacked_2500/get-stream--get-stream-9.0.1,../data/repacked_xz_2500/get-stream--get-stream-9.0.1.tar.xz,7940,15.345457999501377
get-symbol-description--get-symbol-description-1.1.0,repacked,../data/unpacked_2500/get-symbol-description--get-symbol-description-1.1.0,../data/repacked_xz_2500/get-symbol-description--get-symbol-description-1.1.0.tar.xz,6632,15.161707997322083
get-value--get-value-4.0.1,repacked,../data/unpacked_2500/get-value--get-value-4.0.1,../data/repacked_xz_2500/get-value--get-value-4.0.1.tar.xz,6628,12.791041997843422
getpass--getpass-0.1.7,repacked,../data/unpacked_2500/getpass--getpass-0.1.7,../data/repacked_xz_2500/getpass--getpass-0.1.7.tar.xz,2744,9.225208996213041
github-from-package--github-from-package-0.0.0,repacked,../data/unpacked_2500/github-from-package--github-from-package-0.0.0,../data/repacked_xz_2500/github-from-package--github-from-package-0.0.0.tar.xz,2592,11.778333006077446
github-username--github-username-9.0.0,repacked,../data/unpacked_2500/github-username--github-username-9.0.0,../data/repacked_xz_2500/github-username--github-username-9.0.0.tar.xz,2176,7.926000005681999
glob--glob-13.0.6,repacked,../data/unpacked_2500/glob--glob-13.0.6,../data/repacked_xz_2500/glob--glob-13.0.6.tar.xz,170192,303.89670899603516
glob-base--glob-base-0.3.0,repacked,../data/unpacked_2500/glob-base--glob-base-0.3.0,../data/repacked_xz_2500/glob-base--glob-base-0.3.0.tar.xz,2888,9.294957999372855
glob-parent--glob-parent-6.0.2,repacked,../data/unpacked_2500/glob-parent--glob-parent-6.0.2,../data/repacked_xz_2500/glob-parent--glob-parent-6.0.2.tar.xz,3504,9.302542006480508
glob-stream--glob-stream-8.0.3,repacked,../data/unpacked_2500/glob-stream--glob-stream-8.0.3,../data/repacked_xz_2500/glob-stream--glob-stream-8.0.3.tar.xz,5128,10.47441600530874
glob-to-regexp--glob-to-regexp-0.4.1,repacked,../data/unpacked_2500/glob-to-regexp--glob-to-regexp-0.4.1,../data/repacked_xz_2500/glob-to-regexp--glob-to-regexp-0.4.1.tar.xz,4444,11.35029099532403
global--global-4.4.0,repacked,../data/unpacked_2500/global--global-4.4.0,../data/repacked_xz_2500/global--global-4.4.0.tar.xz,1980,8.860999994794838
global-dirs--global-dirs-4.0.0,repacked,../data/unpacked_2500/global-dirs--global-dirs-4.0.0,../data/repacked_xz_2500/global-dirs--global-dirs-4.0.0.tar.xz,3180,9.437000000616536
global-modules--global-modules-2.0.0,repacked,../data/unpacked_2500/global-modules--global-modules-2.0.0,../data/repacked_xz_2500/global-modules--global-modules-2.0.0.tar.xz,2860,9.142374998191372
global-prefix--global-prefix-4.0.0,repacked,../data/unpacked_2500/global-prefix--global-prefix-4.0.0,../data/repacked_xz_2500/global-prefix--global-prefix-4.0.0.tar.xz,3416,9.708583005703986
globals--globals-17.6.0,repacked,../data/unpacked_2500/globals--globals-17.6.0,../data/repacked_xz_2500/globals--globals-17.6.0.tar.xz,21548,45.551250004791655
globalthis--globalthis-1.0.4,repacked,../data/unpacked_2500/globalthis--globalthis-1.0.4,../data/repacked_xz_2500/globalthis--globalthis-1.0.4.tar.xz,8140,16.209499997785315
globby--globby-16.2.0,repacked,../data/unpacked_2500/globby--globby-16.2.0,../data/repacked_xz_2500/globby--globby-16.2.0.tar.xz,19596,25.082500011194497
globule--globule-1.3.4,repacked,../data/unpacked_2500/globule--globule-1.3.4,../data/repacked_xz_2500/globule--globule-1.3.4.tar.xz,5192,10.883000009926036
glogg--glogg-2.2.0,repacked,../data/unpacked_2500/glogg--glogg-2.2.0,../data/repacked_xz_2500/glogg--glogg-2.2.0.tar.xz,3076,8.25062500371132
google-auth-library--google-auth-library-10.6.2,repacked,../data/unpacked_2500/google-auth-library--google-auth-library-10.6.2,../data/repacked_xz_2500/google-auth-library--google-auth-library-10.6.2.tar.xz,88460,129.12529200548306
gopd--gopd-1.2.0,repacked,../data/unpacked_2500/gopd--gopd-1.2.0,../data/repacked_xz_2500/gopd--gopd-1.2.0.tar.xz,4896,13.173750005080365
got--got-15.0.5,repacked,../data/unpacked_2500/got--got-15.0.5,../data/repacked_xz_2500/got--got-15.0.5.tar.xz,64592,93.69699998933356
graceful-fs--graceful-fs-4.2.11,repacked,../data/unpacked_2500/graceful-fs--graceful-fs-4.2.11,../data/repacked_xz_2500/graceful-fs--graceful-fs-4.2.11.tar.xz,9384,15.659249998861924
graphemer--graphemer-1.4.0,repacked,../data/unpacked_2500/graphemer--graphemer-1.4.0,../data/repacked_xz_2500/graphemer--graphemer-1.4.0.tar.xz,45420,157.13495800446253
graphql--graphql-16.14.0,repacked,../data/unpacked_2500/graphql--graphql-16.14.0,../data/repacked_xz_2500/graphql--graphql-16.14.0.tar.xz,142676,330.78620900050737
growly--growly-1.3.0,repacked,../data/unpacked_2500/growly--growly-1.3.0,../data/repacked_xz_2500/growly--growly-1.3.0.tar.xz,32044,22.061667012167163
gtoken--gtoken-8.0.0,repacked,../data/unpacked_2500/gtoken--gtoken-8.0.0,../data/repacked_xz_2500/gtoken--gtoken-8.0.0.tar.xz,11228,18.704374990193173
gulp-util--gulp-util-3.0.8,repacked,../data/unpacked_2500/gulp-util--gulp-util-3.0.8,../data/repacked_xz_2500/gulp-util--gulp-util-3.0.8.tar.xz,5540,13.346833002287894
gulplog--gulplog-2.2.0,repacked,../data/unpacked_2500/gulplog--gulplog-2.2.0,../data/repacked_xz_2500/gulplog--gulplog-2.2.0.tar.xz,2536,8.804624987533316
gzip-size--gzip-size-7.0.0,repacked,../data/unpacked_2500/gzip-size--gzip-size-7.0.0,../data/repacked_xz_2500/gzip-size--gzip-size-7.0.0.tar.xz,3056,9.015375006129034
handle-thing--handle-thing-2.0.1,repacked,../data/unpacked_2500/handle-thing--handle-thing-2.0.1,../data/repacked_xz_2500/handle-thing--handle-thing-2.0.1.tar.xz,4468,11.950041007366963
handlebars--handlebars-4.7.9,repacked,../data/unpacked_2500/handlebars--handlebars-4.7.9,../data/repacked_xz_2500/handlebars--handlebars-4.7.9.tar.xz,250124,602.7221669937717
har-schema--har-schema-2.0.0,repacked,../data/unpacked_2500/har-schema--har-schema-2.0.0,../data/repacked_xz_2500/har-schema--har-schema-2.0.0.tar.xz,3608,15.288832990336232
har-validator--har-validator-5.1.5,repacked,../data/unpacked_2500/har-validator--har-validator-5.1.5,../data/repacked_xz_2500/har-validator--har-validator-5.1.5.tar.xz,2744,9.707624994916841
hard-rejection--hard-rejection-2.1.0,repacked,../data/unpacked_2500/hard-rejection--hard-rejection-2.1.0,../data/repacked_xz_2500/hard-rejection--hard-rejection-2.1.0.tar.xz,2584,9.070915999473073
harmony-reflect--harmony-reflect-1.6.2,repacked,../data/unpacked_2500/harmony-reflect--harmony-reflect-1.6.2,../data/repacked_xz_2500/harmony-reflect--harmony-reflect-1.6.2.tar.xz,18900,25.7612919958774
has--has-1.0.4,repacked,../data/unpacked_2500/has--has-1.0.4,../data/repacked_xz_2500/has--has-1.0.4.tar.xz,2116,9.651582993683405
has-ansi--has-ansi-6.0.2,repacked,../data/unpacked_2500/has-ansi--has-ansi-6.0.2,../data/repacked_xz_2500/has-ansi--has-ansi-6.0.2.tar.xz,1808,8.38462499086745
has-bigints--has-bigints-1.1.0,repacked,../data/unpacked_2500/has-bigints--has-bigints-1.1.0,../data/repacked_xz_2500/has-bigints--has-bigints-1.1.0.tar.xz,6004,14.914583007339388
has-flag--has-flag-5.0.1,repacked,../data/unpacked_2500/has-flag--has-flag-5.0.1,../data/repacked_xz_2500/has-flag--has-flag-5.0.1.tar.xz,2232,8.955500001320615
has-gulplog--has-gulplog-1.0.0,repacked,../data/unpacked_2500/has-gulplog--has-gulplog-1.0.0,../data/repacked_xz_2500/has-gulplog--has-gulplog-1.0.0.tar.xz,2020,7.996957996510901
has-property-descriptors--has-property-descriptors-1.0.2,repacked,../data/unpacked_2500/has-property-descriptors--has-property-descriptors-1.0.2,../data/repacked_xz_2500/has-property-descriptors--has-property-descriptors-1.0.2.tar.xz,4756,12.887582997791469
has-proto--has-proto-1.2.0,repacked,../data/unpacked_2500/has-proto--has-proto-1.2.0,../data/repacked_xz_2500/has-proto--has-proto-1.2.0.tar.xz,5632,15.809832999366336
has-symbol-support-x--has-symbol-support-x-2.1.2,repacked,../data/unpacked_2500/has-symbol-support-x--has-symbol-support-x-2.1.2,../data/repacked_xz_2500/has-symbol-support-x--has-symbol-support-x-2.1.2.tar.xz,19708,29.399999999441206
has-symbols--has-symbols-1.1.0,repacked,../data/unpacked_2500/has-symbols--has-symbols-1.1.0,../data/repacked_xz_2500/has-symbols--has-symbols-1.1.0.tar.xz,8092,17.23041699733585
has-to-string-tag-x--has-to-string-tag-x-2.1.2,repacked,../data/unpacked_2500/has-to-string-tag-x--has-to-string-tag-x-2.1.2,../data/repacked_xz_2500/has-to-string-tag-x--has-to-string-tag-x-2.1.2.tar.xz,19816,28.018833996611647
has-tostringtag--has-tostringtag-1.0.2,repacked,../data/unpacked_2500/has-tostringtag--has-tostringtag-1.0.2,../data/repacked_xz_2500/has-tostringtag--has-tostringtag-1.0.2.tar.xz,6680,17.005207992042415
has-unicode--has-unicode-2.0.1,repacked,../data/unpacked_2500/has-unicode--has-unicode-2.0.1,../data/repacked_xz_2500/has-unicode--has-unicode-2.0.1.tar.xz,2092,8.08349999715574
has-value--has-value-2.0.2,repacked,../data/unpacked_2500/has-value--has-value-2.0.2,../data/repacked_xz_2500/has-value--has-value-2.0.2.tar.xz,3660,9.827749992837198
has-values--has-values-2.0.1,repacked,../data/unpacked_2500/has-values--has-values-2.0.1,../data/repacked_xz_2500/has-values--has-values-2.0.1.tar.xz,3524,9.383790995343588
hash-base--hash-base-3.1.2,repacked,../data/unpacked_2500/hash-base--hash-base-3.1.2,../data/repacked_xz_2500/hash-base--hash-base-3.1.2.tar.xz,6332,12.566290999529883
hash.js--hash.js-1.1.7,repacked,../data/unpacked_2500/hash.js--hash.js-1.1.7,../data/repacked_xz_2500/hash.js--hash.js-1.1.7.tar.xz,11688,20.964750001439825
hasown--hasown-2.0.3,repacked,../data/unpacked_2500/hasown--hasown-2.0.3,../data/repacked_xz_2500/hasown--hasown-2.0.3.tar.xz,4500,12.32404200709425
hawk--hawk-9.0.2,repacked,../data/unpacked_2500/hawk--hawk-9.0.2,../data/repacked_xz_2500/hawk--hawk-9.0.2.tar.xz,8980,16.909790996578522
he--he-1.2.0,repacked,../data/unpacked_2500/he--he-1.2.0,../data/repacked_xz_2500/he--he-1.2.0.tar.xz,33668,33.29220799787436
hex-color-regex--hex-color-regex-1.1.0,repacked,../data/unpacked_2500/hex-color-regex--hex-color-regex-1.1.0,../data/repacked_xz_2500/hex-color-regex--hex-color-regex-1.1.0.tar.xz,6100,14.266915997723117
highlight.js--highlight.js-11.11.1,repacked,../data/unpacked_2500/highlight.js--highlight.js-11.11.1,../data/repacked_xz_2500/highlight.js--highlight.js-11.11.1.tar.xz,502752,1263.7080410058843
history--history-5.3.0,repacked,../data/unpacked_2500/history--history-5.3.0,../data/repacked_xz_2500/history--history-5.3.0.tar.xz,13992,31.311665996327065
hmac-drbg--hmac-drbg-1.0.1,repacked,../data/unpacked_2500/hmac-drbg--hmac-drbg-1.0.1,../data/repacked_xz_2500/hmac-drbg--hmac-drbg-1.0.1.tar.xz,10632,15.414875000715256
hoek--hoek-6.1.3,repacked,../data/unpacked_2500/hoek--hoek-6.1.3,../data/repacked_xz_2500/hoek--hoek-6.1.3.tar.xz,8332,16.88483300677035
hoist-non-react-statics--hoist-non-react-statics-3.3.2,repacked,../data/unpacked_2500/hoist-non-react-statics--hoist-non-react-statics-3.3.2,../data/repacked_xz_2500/hoist-non-react-statics--hoist-non-react-statics-3.3.2.tar.xz,9596,19.075375006650575
home-or-tmp--home-or-tmp-4.0.0,repacked,../data/unpacked_2500/home-or-tmp--home-or-tmp-4.0.0,../data/repacked_xz_2500/home-or-tmp--home-or-tmp-4.0.0.tar.xz,1856,8.536541994544677
homedir-polyfill--homedir-polyfill-1.0.3,repacked,../data/unpacked_2500/homedir-polyfill--homedir-polyfill-1.0.3,../data/repacked_xz_2500/homedir-polyfill--homedir-polyfill-1.0.3.tar.xz,3392,9.82691599347163
hono--hono-4.12.22,repacked,../data/unpacked_2500/hono--hono-4.12.22,../data/repacked_xz_2500/hono--hono-4.12.22.tar.xz,189112,432.2964589955518
hoopy--hoopy-0.1.4,repacked,../data/unpacked_2500/hoopy--hoopy-0.1.4,../data/repacked_xz_2500/hoopy--hoopy-0.1.4.tar.xz,6420,14.42329199926462
hosted-git-info--hosted-git-info-10.1.1,repacked,../data/unpacked_2500/hosted-git-info--hosted-git-info-10.1.1,../data/repacked_xz_2500/hosted-git-info--hosted-git-info-10.1.1.tar.xz,7928,14.863459000480361
hpack.js--hpack.js-2.1.6,repacked,../data/unpacked_2500/hpack.js--hpack.js-2.1.6,../data/repacked_xz_2500/hpack.js--hpack.js-2.1.6.tar.xz,14968,30.452166000031866
hsl-regex--hsl-regex-1.0.0,repacked,../data/unpacked_2500/hsl-regex--hsl-regex-1.0.0,../data/repacked_xz_2500/hsl-regex--hsl-regex-1.0.0.tar.xz,2492,9.80433299264405
hsla-regex--hsla-regex-1.0.0,repacked,../data/unpacked_2500/hsla-regex--hsla-regex-1.0.0,../data/repacked_xz_2500/hsla-regex--hsla-regex-1.0.0.tar.xz,2520,9.430791993509047
html-encoding-sniffer--html-encoding-sniffer-6.0.0,repacked,../data/unpacked_2500/html-encoding-sniffer--html-encoding-sniffer-6.0.0,../data/repacked_xz_2500/html-encoding-sniffer--html-encoding-sniffer-6.0.0.tar.xz,4124,11.187459007487632
html-entities--html-entities-2.6.0,repacked,../data/unpacked_2500/html-entities--html-entities-2.6.0,../data/repacked_xz_2500/html-entities--html-entities-2.6.0.tar.xz,20184,33.573166001588106
html-escaper--html-escaper-3.0.3,repacked,../data/unpacked_2500/html-escaper--html-escaper-3.0.3,../data/repacked_xz_2500/html-escaper--html-escaper-3.0.3.tar.xz,5176,14.360041008330882
html-minifier--html-minifier-4.0.0,repacked,../data/unpacked_2500/html-minifier--html-minifier-4.0.0,../data/repacked_xz_2500/html-minifier--html-minifier-4.0.0.tar.xz,23960,28.69083399127703
html-minifier-terser--html-minifier-terser-7.2.0,repacked,../data/unpacked_2500/html-minifier-terser--html-minifier-terser-7.2.0,../data/repacked_xz_2500/html-minifier-terser--html-minifier-terser-7.2.0.tar.xz,637272,1072.0871670055203
html-webpack-plugin--html-webpack-plugin-5.6.7,repacked,../data/unpacked_2500/html-webpack-plugin--html-webpack-plugin-5.6.7,../data/repacked_xz_2500/html-webpack-plugin--html-webpack-plugin-5.6.7.tar.xz,28964,36.10737499548122
htmlparser2--htmlparser2-12.0.0,repacked,../data/unpacked_2500/htmlparser2--htmlparser2-12.0.0,../data/repacked_xz_2500/htmlparser2--htmlparser2-12.0.0.tar.xz,31508,57.29791699559428
http-cache-semantics--http-cache-semantics-4.2.0,repacked,../data/unpacked_2500/http-cache-semantics--http-cache-semantics-4.2.0,../data/repacked_xz_2500/http-cache-semantics--http-cache-semantics-4.2.0.tar.xz,13076,20.661624992499128
http-deceiver--http-deceiver-1.2.7,repacked,../data/unpacked_2500/http-deceiver--http-deceiver-1.2.7,../data/repacked_xz_2500/http-deceiver--http-deceiver-1.2.7.tar.xz,4156,12.417416990501806
http-errors--http-errors-2.0.1,repacked,../data/unpacked_2500/http-errors--http-errors-2.0.1,../data/repacked_xz_2500/http-errors--http-errors-2.0.1.tar.xz,6264,12.091874988982454
http-parser-js--http-parser-js-0.5.10,repacked,../data/unpacked_2500/http-parser-js--http-parser-js-0.5.10,../data/repacked_xz_2500/http-parser-js--http-parser-js-0.5.10.tar.xz,7408,12.546875004773028
http-proxy--http-proxy-1.18.1,repacked,../data/unpacked_2500/http-proxy--http-proxy-1.18.1,../data/repacked_xz_2500/http-proxy--http-proxy-1.18.1.tar.xz,58228,53.848084004130214
http-proxy-agent--http-proxy-agent-9.0.0,repacked,../data/unpacked_2500/http-proxy-agent--http-proxy-agent-9.0.0,../data/repacked_xz_2500/http-proxy-agent--http-proxy-agent-9.0.0.tar.xz,5512,12.320584006374702
http-proxy-middleware--http-proxy-middleware-4.0.0,repacked,../data/unpacked_2500/http-proxy-middleware--http-proxy-middleware-4.0.0,../data/repacked_xz_2500/http-proxy-middleware--http-proxy-middleware-4.0.0.tar.xz,21312,38.70383300818503
http-signature--http-signature-1.4.0,repacked,../data/unpacked_2500/http-signature--http-signature-1.4.0,../data/repacked_xz_2500/http-signature--http-signature-1.4.0.tar.xz,9760,17.12391700129956
http2-wrapper--http2-wrapper-2.2.1,repacked,../data/unpacked_2500/http2-wrapper--http2-wrapper-2.2.1,../data/repacked_xz_2500/http2-wrapper--http2-wrapper-2.2.1.tar.xz,19844,29.15437499177642
https-browserify--https-browserify-1.0.0,repacked,../data/unpacked_2500/https-browserify--https-browserify-1.0.0,../data/repacked_xz_2500/https-browserify--https-browserify-1.0.0.tar.xz,1724,7.889499989687465
https-proxy-agent--https-proxy-agent-9.0.0,repacked,../data/unpacked_2500/https-proxy-agent--https-proxy-agent-9.0.0,../data/repacked_xz_2500/https-proxy-agent--https-proxy-agent-9.0.0.tar.xz,8016,15.185374999418855
human-signals--human-signals-8.0.1,repacked,../data/unpacked_2500/human-signals--human-signals-8.0.1,../data/repacked_xz_2500/human-signals--human-signals-8.0.1.tar.xz,8800,14.734666998265311
humanize-ms--humanize-ms-2.0.0,repacked,../data/unpacked_2500/humanize-ms--humanize-ms-2.0.0,../data/repacked_xz_2500/humanize-ms--humanize-ms-2.0.0.tar.xz,3528,12.512375004007481
hyphenate-style-name--hyphenate-style-name-1.1.0,repacked,../data/unpacked_2500/hyphenate-style-name--hyphenate-style-name-1.1.0,../data/repacked_xz_2500/hyphenate-style-name--hyphenate-style-name-1.1.0.tar.xz,2372,8.581083995522931
iconv-lite--iconv-lite-0.7.2,repacked,../data/unpacked_2500/iconv-lite--iconv-lite-0.7.2,../data/repacked_xz_2500/iconv-lite--iconv-lite-0.7.2.tar.xz,111376,69.97520799632184
icss-replace-symbols--icss-replace-symbols-1.1.0,repacked,../data/unpacked_2500/icss-replace-symbols--icss-replace-symbols-1.1.0,../data/repacked_xz_2500/icss-replace-symbols--icss-replace-symbols-1.1.0.tar.xz,1812,8.141790996887721
icss-utils--icss-utils-5.1.0,repacked,../data/unpacked_2500/icss-utils--icss-utils-5.1.0,../data/repacked_xz_2500/icss-utils--icss-utils-5.1.0.tar.xz,4072,11.883957995451055
idb--idb-8.0.3,repacked,../data/unpacked_2500/idb--idb-8.0.3,../data/repacked_xz_2500/idb--idb-8.0.3.tar.xz,15392,25.559041008818895
identity-obj-proxy--identity-obj-proxy-3.0.0,repacked,../data/unpacked_2500/identity-obj-proxy--identity-obj-proxy-3.0.0,../data/repacked_xz_2500/identity-obj-proxy--identity-obj-proxy-3.0.0.tar.xz,3444,13.803082998492755
ieee754--ieee754-1.2.1,repacked,../data/unpacked_2500/ieee754--ieee754-1.2.1,../data/repacked_xz_2500/ieee754--ieee754-1.2.1.tar.xz,2936,9.453791004489176
iferr--iferr-1.0.2,repacked,../data/unpacked_2500/iferr--iferr-1.0.2,../data/repacked_xz_2500/iferr--iferr-1.0.2.tar.xz,1876,8.039624997763894
ignore--ignore-7.0.5,repacked,../data/unpacked_2500/ignore--ignore-7.0.5,../data/repacked_xz_2500/ignore--ignore-7.0.5.tar.xz,16196,22.38979200774338
ignore-walk--ignore-walk-9.0.0,repacked,../data/unpacked_2500/ignore-walk--ignore-walk-9.0.0,../data/repacked_xz_2500/ignore-walk--ignore-walk-9.0.0.tar.xz,4844,11.254958997596987
image-size--image-size-2.0.2,repacked,../data/unpacked_2500/image-size--image-size-2.0.2,../data/repacked_xz_2500/image-size--image-size-2.0.2.tar.xz,15624,74.14724999398459
immediate--immediate-3.3.0,repacked,../data/unpacked_2500/immediate--immediate-3.3.0,../data/repacked_xz_2500/immediate--immediate-3.3.0.tar.xz,6596,16.99337500031106
immer--immer-11.1.8,repacked,../data/unpacked_2500/immer--immer-11.1.8,../data/repacked_xz_2500/immer--immer-11.1.8.tar.xz,69804,147.81654099351726
immutable--immutable-5.1.5,repacked,../data/unpacked_2500/immutable--immutable-5.1.5,../data/repacked_xz_2500/immutable--immutable-5.1.5.tar.xz,99864,139.60308300738689
import-cwd--import-cwd-3.0.0,repacked,../data/unpacked_2500/import-cwd--import-cwd-3.0.0,../data/repacked_xz_2500/import-cwd--import-cwd-3.0.0.tar.xz,2096,8.942542001022957
import-fresh--import-fresh-4.0.0,repacked,../data/unpacked_2500/import-fresh--import-fresh-4.0.0,../data/repacked_xz_2500/import-fresh--import-fresh-4.0.0.tar.xz,7684,15.29100000334438
import-from--import-from-4.0.0,repacked,../data/unpacked_2500/import-from--import-from-4.0.0,../data/repacked_xz_2500/import-from--import-from-4.0.0.tar.xz,2180,8.846458003972657
import-lazy--import-lazy-4.0.0,repacked,../data/unpacked_2500/import-lazy--import-lazy-4.0.0,../data/repacked_xz_2500/import-lazy--import-lazy-4.0.0.tar.xz,2324,8.790000007138588
import-local--import-local-3.2.0,repacked,../data/unpacked_2500/import-local--import-local-3.2.0,../data/repacked_xz_2500/import-local--import-local-3.2.0.tar.xz,2464,9.11983299010899
imurmurhash--imurmurhash-0.1.4,repacked,../data/unpacked_2500/imurmurhash--imurmurhash-0.1.4,../data/repacked_xz_2500/imurmurhash--imurmurhash-0.1.4.tar.xz,4292,10.286415999871679
indent-string--indent-string-5.0.0,repacked,../data/unpacked_2500/indent-string--indent-string-5.0.0,../data/repacked_xz_2500/indent-string--indent-string-5.0.0.tar.xz,2340,8.542875002603978
indexes-of--indexes-of-1.0.1,repacked,../data/unpacked_2500/indexes-of--indexes-of-1.0.1,../data/repacked_xz_2500/indexes-of--indexes-of-1.0.1.tar.xz,1716,8.356874997843988
indexof--indexof-0.0.1,repacked,../data/unpacked_2500/indexof--indexof-0.0.1,../data/repacked_xz_2500/indexof--indexof-0.0.1.tar.xz,856,7.118042005458847
infer-owner--infer-owner-1.0.4,repacked,../data/unpacked_2500/infer-owner--infer-owner-1.0.4,../data/repacked_xz_2500/infer-owner--infer-owner-1.0.4.tar.xz,2184,7.871416004491039
inflight--inflight-1.0.6,repacked,../data/unpacked_2500/inflight--inflight-1.0.6,../data/repacked_xz_2500/inflight--inflight-1.0.6.tar.xz,2180,7.929166007670574
inherits--inherits-2.0.4,repacked,../data/unpacked_2500/inherits--inherits-2.0.4,../data/repacked_xz_2500/inherits--inherits-2.0.4.tar.xz,2152,8.095583005342633
ini--ini-7.0.0,repacked,../data/unpacked_2500/ini--ini-7.0.0,../data/repacked_xz_2500/ini--ini-7.0.0.tar.xz,4952,10.287583994795568
inquirer--inquirer-13.4.3,repacked,../data/unpacked_2500/inquirer--inquirer-13.4.3,../data/repacked_xz_2500/inquirer--inquirer-13.4.3.tar.xz,14508,19.75866600696463
internal-ip--internal-ip-9.0.0,repacked,../data/unpacked_2500/internal-ip--internal-ip-9.0.0,../data/repacked_xz_2500/internal-ip--internal-ip-9.0.0.tar.xz,3244,9.994584004743956
internal-slot--internal-slot-1.1.0,repacked,../data/unpacked_2500/internal-slot--internal-slot-1.1.0,../data/repacked_xz_2500/internal-slot--internal-slot-1.1.0.tar.xz,7764,15.592332987580448
internmap--internmap-2.0.3,repacked,../data/unpacked_2500/internmap--internmap-2.0.3,../data/repacked_xz_2500/internmap--internmap-2.0.3.tar.xz,3992,11.505500006023794
interpret--interpret-3.1.1,repacked,../data/unpacked_2500/interpret--interpret-3.1.1,../data/repacked_xz_2500/interpret--interpret-3.1.1.tar.xz,4808,11.88433299830649
into-stream--into-stream-9.1.0,repacked,../data/unpacked_2500/into-stream--into-stream-9.1.0,../data/repacked_xz_2500/into-stream--into-stream-9.1.0.tar.xz,2720,8.82895900576841
invariant--invariant-2.2.4,repacked,../data/unpacked_2500/invariant--invariant-2.2.4,../data/repacked_xz_2500/invariant--invariant-2.2.4.tar.xz,3152,9.843374995398335
invert-kv--invert-kv-4.2.0,repacked,../data/unpacked_2500/invert-kv--invert-kv-4.2.0,../data/repacked_xz_2500/invert-kv--invert-kv-4.2.0.tar.xz,2000,8.129458001349121
ip--ip-2.0.1,repacked,../data/unpacked_2500/ip--ip-2.0.1,../data/repacked_xz_2500/ip--ip-2.0.1.tar.xz,5168,10.884207993512973
ip-address--ip-address-10.2.0,repacked,../data/unpacked_2500/ip-address--ip-address-10.2.0,../data/repacked_xz_2500/ip-address--ip-address-10.2.0.tar.xz,36640,62.92270899575669
ip-regex--ip-regex-5.0.0,repacked,../data/unpacked_2500/ip-regex--ip-regex-5.0.0,../data/repacked_xz_2500/ip-regex--ip-regex-5.0.0.tar.xz,2840,9.298542005126365
ipaddr.js--ipaddr.js-2.4.0,repacked,../data/unpacked_2500/ipaddr.js--ipaddr.js-2.4.0,../data/repacked_xz_2500/ipaddr.js--ipaddr.js-2.4.0.tar.xz,14260,21.156500006327406
is-absolute--is-absolute-1.0.0,repacked,../data/unpacked_2500/is-absolute--is-absolute-1.0.0,../data/repacked_xz_2500/is-absolute--is-absolute-1.0.0.tar.xz,3324,9.495666992734186
is-absolute-url--is-absolute-url-5.0.0,repacked,../data/unpacked_2500/is-absolute-url--is-absolute-url-5.0.0,../data/repacked_xz_2500/is-absolute-url--is-absolute-url-5.0.0.tar.xz,2324,8.621707995189354
is-accessor-descriptor--is-accessor-descriptor-3.0.5,repacked,../data/unpacked_2500/is-accessor-descriptor--is-accessor-descriptor-3.0.5,../data/repacked_xz_2500/is-accessor-descriptor--is-accessor-descriptor-3.0.5.tar.xz,8088,15.82837499154266
is-alphabetical--is-alphabetical-2.0.1,repacked,../data/unpacked_2500/is-alphabetical--is-alphabetical-2.0.1,../data/repacked_xz_2500/is-alphabetical--is-alphabetical-2.0.1.tar.xz,3156,9.325499995611608
is-alphanumerical--is-alphanumerical-2.0.1,repacked,../data/unpacked_2500/is-alphanumerical--is-alphanumerical-2.0.1,../data/repacked_xz_2500/is-alphanumerical--is-alphanumerical-2.0.1.tar.xz,3124,10.124249994987622
is-arguments--is-arguments-1.2.0,repacked,../data/unpacked_2500/is-arguments--is-arguments-1.2.0,../data/repacked_xz_2500/is-arguments--is-arguments-1.2.0.tar.xz,10560,18.55500000237953
is-array-buffer--is-array-buffer-3.0.5,repacked,../data/unpacked_2500/is-array-buffer--is-array-buffer-3.0.5,../data/repacked_xz_2500/is-array-buffer--is-array-buffer-3.0.5.tar.xz,6472,15.47916600247845
is-arrayish--is-arrayish-0.3.4,repacked,../data/unpacked_2500/is-arrayish--is-arrayish-0.3.4,../data/repacked_xz_2500/is-arrayish--is-arrayish-0.3.4.tar.xz,1924,8.151041009114124
is-async-function--is-async-function-2.1.1,repacked,../data/unpacked_2500/is-async-function--is-async-function-2.1.1,../data/repacked_xz_2500/is-async-function--is-async-function-2.1.1.tar.xz,7740,14.901000002282672
is-bigint--is-bigint-1.1.0,repacked,../data/unpacked_2500/is-bigint--is-bigint-1.1.0,../data/repacked_xz_2500/is-bigint--is-bigint-1.1.0.tar.xz,6772,15.160250011831522
is-binary-path--is-binary-path-3.0.0,repacked,../data/unpacked_2500/is-binary-path--is-binary-path-3.0.0,../data/repacked_xz_2500/is-binary-path--is-binary-path-3.0.0.tar.xz,1708,8.201792006730102
is-boolean-object--is-boolean-object-1.2.2,repacked,../data/unpacked_2500/is-boolean-object--is-boolean-object-1.2.2,../data/repacked_xz_2500/is-boolean-object--is-boolean-object-1.2.2.tar.xz,8924,17.555750004248694
is-buffer--is-buffer-2.0.5,repacked,../data/unpacked_2500/is-buffer--is-buffer-2.0.5,../data/repacked_xz_2500/is-buffer--is-buffer-2.0.5.tar.xz,2208,8.250375001807697
is-callable--is-callable-1.2.7,repacked,../data/unpacked_2500/is-callable--is-callable-1.2.7,../data/repacked_xz_2500/is-callable--is-callable-1.2.7.tar.xz,9896,16.753542004153132
is-ci--is-ci-4.1.0,repacked,../data/unpacked_2500/is-ci--is-ci-4.1.0,../data/repacked_xz_2500/is-ci--is-ci-4.1.0.tar.xz,2464,9.180708992062137
is-color-stop--is-color-stop-1.1.0,repacked,../data/unpacked_2500/is-color-stop--is-color-stop-1.1.0,../data/repacked_xz_2500/is-color-stop--is-color-stop-1.1.0.tar.xz,4200,15.130041996599175
is-core-module--is-core-module-2.16.2,repacked,../data/unpacked_2500/is-core-module--is-core-module-2.16.2,../data/repacked_xz_2500/is-core-module--is-core-module-2.16.2.tar.xz,10268,17.312583993771113
is-data-descriptor--is-data-descriptor-2.1.3,repacked,../data/unpacked_2500/is-data-descriptor--is-data-descriptor-2.1.3,../data/repacked_xz_2500/is-data-descriptor--is-data-descriptor-2.1.3.tar.xz,7628,15.326791995903477
is-data-view--is-data-view-1.0.2,repacked,../data/unpacked_2500/is-data-view--is-data-view-1.0.2,../data/repacked_xz_2500/is-data-view--is-data-view-1.0.2.tar.xz,5668,14.823292003711686
is-date-object--is-date-object-1.1.0,repacked,../data/unpacked_2500/is-date-object--is-date-object-1.1.0,../data/repacked_xz_2500/is-date-object--is-date-object-1.1.0.tar.xz,8424,17.499417008366436
is-decimal--is-decimal-2.0.1,repacked,../data/unpacked_2500/is-decimal--is-decimal-2.0.1,../data/repacked_xz_2500/is-decimal--is-decimal-2.0.1.tar.xz,3092,9.792000011657365
is-descriptor--is-descriptor-3.1.2,repacked,../data/unpacked_2500/is-descriptor--is-descriptor-3.1.2,../data/repacked_xz_2500/is-descriptor--is-descriptor-3.1.2.tar.xz,8904,18.18841700151097
is-directory--is-directory-0.3.1,repacked,../data/unpacked_2500/is-directory--is-directory-0.3.1,../data/repacked_xz_2500/is-directory--is-directory-0.3.1.tar.xz,2584,9.636542003136128
is-docker--is-docker-4.0.0,repacked,../data/unpacked_2500/is-docker--is-docker-4.0.0,../data/repacked_xz_2500/is-docker--is-docker-4.0.0.tar.xz,1900,8.622541994554922
is-dotfile--is-dotfile-2.0.0,repacked,../data/unpacked_2500/is-dotfile--is-dotfile-2.0.0,../data/repacked_xz_2500/is-dotfile--is-dotfile-2.0.0.tar.xz,2788,9.133708997978829
is-equal-shallow--is-equal-shallow-0.1.3,repacked,../data/unpacked_2500/is-equal-shallow--is-equal-shallow-0.1.3,../data/repacked_xz_2500/is-equal-shallow--is-equal-shallow-0.1.3.tar.xz,2584,8.682625004439615
is-extendable--is-extendable-1.0.1,repacked,../data/unpacked_2500/is-extendable--is-extendable-1.0.1,../data/repacked_xz_2500/is-extendable--is-extendable-1.0.1.tar.xz,3000,9.00970899965614
is-extglob--is-extglob-2.1.1,repacked,../data/unpacked_2500/is-extglob--is-extglob-2.1.1,../data/repacked_xz_2500/is-extglob--is-extglob-2.1.1.tar.xz,2764,8.399833008297719
is-finalizationregistry--is-finalizationregistry-1.1.1,repacked,../data/unpacked_2500/is-finalizationregistry--is-finalizationregistry-1.1.1,../data/repacked_xz_2500/is-finalizationregistry--is-finalizationregistry-1.1.1.tar.xz,6460,14.377500003320165
is-finite--is-finite-2.0.0,repacked,../data/unpacked_2500/is-finite--is-finite-2.0.0,../data/repacked_xz_2500/is-finite--is-finite-2.0.0.tar.xz,1752,8.094332995824516
is-fullwidth-code-point--is-fullwidth-code-point-5.1.0,repacked,../data/unpacked_2500/is-fullwidth-code-point--is-fullwidth-code-point-5.1.0,../data/repacked_xz_2500/is-fullwidth-code-point--is-fullwidth-code-point-5.1.0.tar.xz,1804,7.877791998907924
is-function--is-function-1.0.2,repacked,../data/unpacked_2500/is-function--is-function-1.0.2,../data/repacked_xz_2500/is-function--is-function-1.0.2.tar.xz,2180,8.366916998056695
is-generator-fn--is-generator-fn-3.0.0,repacked,../data/unpacked_2500/is-generator-fn--is-generator-fn-3.0.0,../data/repacked_xz_2500/is-generator-fn--is-generator-fn-3.0.0.tar.xz,1740,7.706999997026287
is-generator-function--is-generator-function-1.1.2,repacked,../data/unpacked_2500/is-generator-function--is-generator-function-1.1.2,../data/repacked_xz_2500/is-generator-function--is-generator-function-1.1.2.tar.xz,10900,17.093000002205372
is-glob--is-glob-4.0.3,repacked,../data/unpacked_2500/is-glob--is-glob-4.0.3,../data/repacked_xz_2500/is-glob--is-glob-4.0.3.tar.xz,4236,10.352875004173256
is-hexadecimal--is-hexadecimal-2.0.1,repacked,../data/unpacked_2500/is-hexadecimal--is-hexadecimal-2.0.1,../data/repacked_xz_2500/is-hexadecimal--is-hexadecimal-2.0.1.tar.xz,3160,9.356708003906533
is-inside-container--is-inside-container-1.0.0,repacked,../data/unpacked_2500/is-inside-container--is-inside-container-1.0.0,../data/repacked_xz_2500/is-inside-container--is-inside-container-1.0.0.tar.xz,1964,8.226749996538274
is-installed-globally--is-installed-globally-1.0.0,repacked,../data/unpacked_2500/is-installed-globally--is-installed-globally-1.0.0,../data/repacked_xz_2500/is-installed-globally--is-installed-globally-1.0.0.tar.xz,1960,7.92762498895172
is-interactive--is-interactive-2.0.0,repacked,../data/unpacked_2500/is-interactive--is-interactive-2.0.0,../data/repacked_xz_2500/is-interactive--is-interactive-2.0.0.tar.xz,2508,8.284583993372507
is-lambda--is-lambda-1.0.1,repacked,../data/unpacked_2500/is-lambda--is-lambda-1.0.1,../data/repacked_xz_2500/is-lambda--is-lambda-1.0.1.tar.xz,1940,9.033207999891602
is-map--is-map-2.0.3,repacked,../data/unpacked_2500/is-map--is-map-2.0.3,../data/repacked_xz_2500/is-map--is-map-2.0.3.tar.xz,7928,17.519874993013218
is-module--is-module-1.0.0,repacked,../data/unpacked_2500/is-module--is-module-1.0.0,../data/repacked_xz_2500/is-module--is-module-1.0.0.tar.xz,1876,8.709625006304123
is-my-ip-valid--is-my-ip-valid-1.0.1,repacked,../data/unpacked_2500/is-my-ip-valid--is-my-ip-valid-1.0.1,../data/repacked_xz_2500/is-my-ip-valid--is-my-ip-valid-1.0.1.tar.xz,4588,13.694584005861543
is-my-json-valid--is-my-json-valid-2.20.6,repacked,../data/unpacked_2500/is-my-json-valid--is-my-json-valid-2.20.6,../data/repacked_xz_2500/is-my-json-valid--is-my-json-valid-2.20.6.tar.xz,9448,17.424749996280298
is-natural-number--is-natural-number-4.0.1,repacked,../data/unpacked_2500/is-natural-number--is-natural-number-4.0.1,../data/repacked_xz_2500/is-natural-number--is-natural-number-4.0.1.tar.xz,2476,9.376124988193624
is-negative-zero--is-negative-zero-2.0.3,repacked,../data/unpacked_2500/is-negative-zero--is-negative-zero-2.0.3,../data/repacked_xz_2500/is-negative-zero--is-negative-zero-2.0.3.tar.xz,9160,17.207166994921863
is-npm--is-npm-6.1.0,repacked,../data/unpacked_2500/is-npm--is-npm-6.1.0,../data/repacked_xz_2500/is-npm--is-npm-6.1.0.tar.xz,2248,8.717584001715295
is-number--is-number-7.0.0,repacked,../data/unpacked_2500/is-number--is-number-7.0.0,../data/repacked_xz_2500/is-number--is-number-7.0.0.tar.xz,3712,9.898958000121638
is-number-object--is-number-object-1.1.1,repacked,../data/unpacked_2500/is-number-object--is-number-object-1.1.1,../data/repacked_xz_2500/is-number-object--is-number-object-1.1.1.tar.xz,8676,17.068708009901457
is-obj--is-obj-3.0.0,repacked,../data/unpacked_2500/is-obj--is-obj-3.0.0,../data/repacked_xz_2500/is-obj--is-obj-3.0.0.tar.xz,1920,8.315166007378139
is-object--is-object-1.0.2,repacked,../data/unpacked_2500/is-object--is-object-1.0.2,../data/repacked_xz_2500/is-object--is-object-1.0.2.tar.xz,6580,13.245624999399297
is-path-cwd--is-path-cwd-4.0.1,repacked,../data/unpacked_2500/is-path-cwd--is-path-cwd-4.0.1,../data/repacked_xz_2500/is-path-cwd--is-path-cwd-4.0.1.tar.xz,1624,7.765542002744041
is-path-in-cwd--is-path-in-cwd-4.0.0,repacked,../data/unpacked_2500/is-path-in-cwd--is-path-in-cwd-4.0.0,../data/repacked_xz_2500/is-path-in-cwd--is-path-in-cwd-4.0.0.tar.xz,1840,7.898374999058433
is-path-inside--is-path-inside-4.0.0,repacked,../data/unpacked_2500/is-path-inside--is-path-inside-4.0.0,../data/repacked_xz_2500/is-path-inside--is-path-inside-4.0.0.tar.xz,2128,8.130332993459888
is-plain-obj--is-plain-obj-4.1.0,repacked,../data/unpacked_2500/is-plain-obj--is-plain-obj-4.1.0,../data/repacked_xz_2500/is-plain-obj--is-plain-obj-4.1.0.tar.xz,2092,8.30112500989344
is-plain-object--is-plain-object-5.0.0,repacked,../data/unpacked_2500/is-plain-object--is-plain-object-5.0.0,../data/repacked_xz_2500/is-plain-object--is-plain-object-5.0.0.tar.xz,3464,9.903625003062189
is-posix-bracket--is-posix-bracket-0.1.1,repacked,../data/unpacked_2500/is-posix-bracket--is-posix-bracket-0.1.1,../data/repacked_xz_2500/is-posix-bracket--is-posix-bracket-0.1.1.tar.xz,2528,8.314792008604854
is-potential-custom-element-name--is-potential-custom-element-name-1.0.1,repacked,../data/unpacked_2500/is-potential-custom-element-name--is-potential-custom-element-name-1.0.1,../data/repacked_xz_2500/is-potential-custom-element-name--is-potential-custom-element-name-1.0.1.tar.xz,2028,7.959167007356882
is-primitive--is-primitive-3.0.1,repacked,../data/unpacked_2500/is-primitive--is-primitive-3.0.1,../data/repacked_xz_2500/is-primitive--is-primitive-3.0.1.tar.xz,2908,8.446584004559554
is-promise--is-promise-4.0.0,repacked,../data/unpacked_2500/is-promise--is-promise-4.0.0,../data/repacked_xz_2500/is-promise--is-promise-4.0.0.tar.xz,1756,7.920125004602596
is-property--is-property-1.0.2,repacked,../data/unpacked_2500/is-property--is-property-1.0.2,../data/repacked_xz_2500/is-property--is-property-1.0.2.tar.xz,3572,9.262916995794512
is-redirect--is-redirect-2.0.0,repacked,../data/unpacked_2500/is-redirect--is-redirect-2.0.0,../data/repacked_xz_2500/is-redirect--is-redirect-2.0.0.tar.xz,1856,7.562750004581176
is-regex--is-regex-1.2.1,repacked,../data/unpacked_2500/is-regex--is-regex-1.2.1,../data/repacked_xz_2500/is-regex--is-regex-1.2.1.tar.xz,11328,16.966583003522828
is-regexp--is-regexp-3.1.0,repacked,../data/unpacked_2500/is-regexp--is-regexp-3.1.0,../data/repacked_xz_2500/is-regexp--is-regexp-3.1.0.tar.xz,1892,8.288666998851113
is-relative--is-relative-1.0.0,repacked,../data/unpacked_2500/is-relative--is-relative-1.0.0,../data/repacked_xz_2500/is-relative--is-relative-1.0.0.tar.xz,2800,9.220332998665981
is-resolvable--is-resolvable-1.1.0,repacked,../data/unpacked_2500/is-resolvable--is-resolvable-1.1.0,../data/repacked_xz_2500/is-resolvable--is-resolvable-1.1.0.tar.xz,2168,8.05287501134444
is-retry-allowed--is-retry-allowed-3.0.0,repacked,../data/unpacked_2500/is-retry-allowed--is-retry-allowed-3.0.0,../data/repacked_xz_2500/is-retry-allowed--is-retry-allowed-3.0.0.tar.xz,2344,8.361083004274406
is-root--is-root-3.0.0,repacked,../data/unpacked_2500/is-root--is-root-3.0.0,../data/repacked_xz_2500/is-root--is-root-3.0.0.tar.xz,1624,7.688541998504661
is-set--is-set-2.0.3,repacked,../data/unpacked_2500/is-set--is-set-2.0.3,../data/repacked_xz_2500/is-set--is-set-2.0.3.tar.xz,7704,15.928583001368679
is-shared-array-buffer--is-shared-array-buffer-1.0.4,repacked,../data/unpacked_2500/is-shared-array-buffer--is-shared-array-buffer-1.0.4,../data/repacked_xz_2500/is-shared-array-buffer--is-shared-array-buffer-1.0.4.tar.xz,6460,14.497875003144145
is-stream--is-stream-4.0.1,repacked,../data/unpacked_2500/is-stream--is-stream-4.0.1,../data/repacked_xz_2500/is-stream--is-stream-4.0.1.tar.xz,2420,9.02229201165028
is-string--is-string-1.1.1,repacked,../data/unpacked_2500/is-string--is-string-1.1.1,../data/repacked_xz_2500/is-string--is-string-1.1.1.tar.xz,8416,16.29741699434817
is-symbol--is-symbol-1.1.1,repacked,../data/unpacked_2500/is-symbol--is-symbol-1.1.1,../data/repacked_xz_2500/is-symbol--is-symbol-1.1.1.tar.xz,9328,17.802874994231388
is-typed-array--is-typed-array-1.1.15,repacked,../data/unpacked_2500/is-typed-array--is-typed-array-1.1.15,../data/repacked_xz_2500/is-typed-array--is-typed-array-1.1.15.tar.xz,7524,16.128582996316254
is-typedarray--is-typedarray-1.0.0,repacked,../data/unpacked_2500/is-typedarray--is-typedarray-1.0.0,../data/repacked_xz_2500/is-typedarray--is-typedarray-1.0.0.tar.xz,2000,8.699041994987056
is-unc-path--is-unc-path-1.0.0,repacked,../data/unpacked_2500/is-unc-path--is-unc-path-1.0.0,../data/repacked_xz_2500/is-unc-path--is-unc-path-1.0.0.tar.xz,2968,9.291333000874147
is-unicode-supported--is-unicode-supported-2.1.0,repacked,../data/unpacked_2500/is-unicode-supported--is-unicode-supported-2.1.0,../data/repacked_xz_2500/is-unicode-supported--is-unicode-supported-2.1.0.tar.xz,2164,8.292166006867774
is-utf8--is-utf8-0.2.1,repacked,../data/unpacked_2500/is-utf8--is-utf8-0.2.1,../data/repacked_xz_2500/is-utf8--is-utf8-0.2.1.tar.xz,1756,7.927500002551824
is-weakmap--is-weakmap-2.0.2,repacked,../data/unpacked_2500/is-weakmap--is-weakmap-2.0.2,../data/repacked_xz_2500/is-weakmap--is-weakmap-2.0.2.tar.xz,7812,15.569707989925519
is-weakref--is-weakref-1.1.1,repacked,../data/unpacked_2500/is-weakref--is-weakref-1.1.1,../data/repacked_xz_2500/is-weakref--is-weakref-1.1.1.tar.xz,6388,14.492125003016554
is-weakset--is-weakset-2.0.4,repacked,../data/unpacked_2500/is-weakset--is-weakset-2.0.4,../data/repacked_xz_2500/is-weakset--is-weakset-2.0.4.tar.xz,7500,15.625041007297114
is-what--is-what-5.5.0,repacked,../data/unpacked_2500/is-what--is-what-5.5.0,../data/repacked_xz_2500/is-what--is-what-5.5.0.tar.xz,9808,35.874207998858765
is-windows--is-windows-1.0.2,repacked,../data/unpacked_2500/is-windows--is-windows-1.0.2,../data/repacked_xz_2500/is-windows--is-windows-1.0.2.tar.xz,3220,9.480167005676776
is-wsl--is-wsl-3.1.1,repacked,../data/unpacked_2500/is-wsl--is-wsl-3.1.1,../data/repacked_xz_2500/is-wsl--is-wsl-3.1.1.tar.xz,2064,8.164416998624802
isarray--isarray-2.0.5,repacked,../data/unpacked_2500/isarray--isarray-2.0.5,../data/repacked_xz_2500/isarray--isarray-2.0.5.tar.xz,1988,8.298917004140094
isbinaryfile--isbinaryfile-6.0.0,repacked,../data/unpacked_2500/isbinaryfile--isbinaryfile-6.0.0,../data/repacked_xz_2500/isbinaryfile--isbinaryfile-6.0.0.tar.xz,6100,13.131416999385692
isexe--isexe-4.0.0,repacked,../data/unpacked_2500/isexe--isexe-4.0.0,../data/repacked_xz_2500/isexe--isexe-4.0.0.tar.xz,9716,25.70937499694992
isobject--isobject-4.0.0,repacked,../data/unpacked_2500/isobject--isobject-4.0.0,../data/repacked_xz_2500/isobject--isobject-4.0.0.tar.xz,3092,9.659832998295315
isomorphic-fetch--isomorphic-fetch-3.0.0,repacked,../data/unpacked_2500/isomorphic-fetch--isomorphic-fetch-3.0.0,../data/repacked_xz_2500/isomorphic-fetch--isomorphic-fetch-3.0.0.tar.xz,3356,10.706290995585732
isomorphic-ws--isomorphic-ws-5.0.0,repacked,../data/unpacked_2500/isomorphic-ws--isomorphic-ws-5.0.0,../data/repacked_xz_2500/isomorphic-ws--isomorphic-ws-5.0.0.tar.xz,2212,8.465332997730002
isstream--isstream-0.1.2,repacked,../data/unpacked_2500/isstream--isstream-0.1.2,../data/repacked_xz_2500/isstream--isstream-0.1.2.tar.xz,3660,11.017083001206629
istanbul-lib-coverage--istanbul-lib-coverage-3.2.2,repacked,../data/unpacked_2500/istanbul-lib-coverage--istanbul-lib-coverage-3.2.2,../data/repacked_xz_2500/istanbul-lib-coverage--istanbul-lib-coverage-3.2.2.tar.xz,8852,16.53341700148303
istanbul-lib-instrument--istanbul-lib-instrument-6.0.3,repacked,../data/unpacked_2500/istanbul-lib-instrument--istanbul-lib-instrument-6.0.3,../data/repacked_xz_2500/istanbul-lib-instrument--istanbul-lib-instrument-6.0.3.tar.xz,15168,23.66812499531079
istanbul-lib-report--istanbul-lib-report-3.0.1,repacked,../data/unpacked_2500/istanbul-lib-report--istanbul-lib-report-3.0.1,../data/repacked_xz_2500/istanbul-lib-report--istanbul-lib-report-3.0.1.tar.xz,10056,17.97058299416676
istanbul-lib-source-maps--istanbul-lib-source-maps-5.0.6,repacked,../data/unpacked_2500/istanbul-lib-source-maps--istanbul-lib-source-maps-5.0.6,../data/repacked_xz_2500/istanbul-lib-source-maps--istanbul-lib-source-maps-5.0.6.tar.xz,9124,17.968208994716406
istanbul-reports--istanbul-reports-3.2.0,repacked,../data/unpacked_2500/istanbul-reports--istanbul-reports-3.2.0,../data/repacked_xz_2500/istanbul-reports--istanbul-reports-3.2.0.tar.xz,73820,78.63066700519994
istextorbinary--istextorbinary-9.5.0,repacked,../data/unpacked_2500/istextorbinary--istextorbinary-9.5.0,../data/repacked_xz_2500/istextorbinary--istextorbinary-9.5.0.tar.xz,15496,28.955959001905285
isurl--isurl-4.0.2,repacked,../data/unpacked_2500/isurl--isurl-4.0.2,../data/repacked_xz_2500/isurl--isurl-4.0.2.tar.xz,4420,12.436959004844539
iterator.prototype--iterator.prototype-1.1.5,repacked,../data/unpacked_2500/iterator.prototype--iterator.prototype-1.1.5,../data/repacked_xz_2500/iterator.prototype--iterator.prototype-1.1.5.tar.xz,5128,12.785999992047437
jackspeak--jackspeak-4.2.3,repacked,../data/unpacked_2500/jackspeak--jackspeak-4.2.3,../data/repacked_xz_2500/jackspeak--jackspeak-4.2.3.tar.xz,64196,108.82087500067428
jake--jake-12.9.7,repacked,../data/unpacked_2500/jake--jake-12.9.7,../data/repacked_xz_2500/jake--jake-12.9.7.tar.xz,36368,58.16837500606198
jest--jest-30.4.2,repacked,../data/unpacked_2500/jest--jest-30.4.2,../data/repacked_xz_2500/jest--jest-30.4.2.tar.xz,3124,20.575458009261638
jest-changed-files--jest-changed-files-30.4.1,repacked,../data/unpacked_2500/jest-changed-files--jest-changed-files-30.4.1,../data/repacked_xz_2500/jest-changed-files--jest-changed-files-30.4.1.tar.xz,4744,11.518459010403603
jest-circus--jest-circus-30.4.2,repacked,../data/unpacked_2500/jest-circus--jest-circus-30.4.2,../data/repacked_xz_2500/jest-circus--jest-circus-30.4.2.tar.xz,18096,29.70395800366532
jest-cli--jest-cli-30.4.2,repacked,../data/unpacked_2500/jest-cli--jest-cli-30.4.2,../data/repacked_xz_2500/jest-cli--jest-cli-30.4.2.tar.xz,10400,16.98391599347815
jest-config--jest-config-30.4.2,repacked,../data/unpacked_2500/jest-config--jest-config-30.4.2,../data/repacked_xz_2500/jest-config--jest-config-30.4.2.tar.xz,24532,29.479207994882017
jest-diff--jest-diff-30.4.1,repacked,../data/unpacked_2500/jest-diff--jest-diff-30.4.1,../data/repacked_xz_2500/jest-diff--jest-diff-30.4.1.tar.xz,17712,23.62120899488218
jest-docblock--jest-docblock-30.4.0,repacked,../data/unpacked_2500/jest-docblock--jest-docblock-30.4.0,../data/repacked_xz_2500/jest-docblock--jest-docblock-30.4.0.tar.xz,3992,11.035042000003159
jest-each--jest-each-30.4.1,repacked,../data/unpacked_2500/jest-each--jest-each-30.4.1,../data/repacked_xz_2500/jest-each--jest-each-30.4.1.tar.xz,8184,14.656542000011541
jest-environment-jsdom--jest-environment-jsdom-30.4.1,repacked,../data/unpacked_2500/jest-environment-jsdom--jest-environment-jsdom-30.4.1,../data/repacked_xz_2500/jest-environment-jsdom--jest-environment-jsdom-30.4.1.tar.xz,2376,8.619041997008026
jest-environment-node--jest-environment-node-30.4.1,repacked,../data/unpacked_2500/jest-environment-node--jest-environment-node-30.4.1,../data/repacked_xz_2500/jest-environment-node--jest-environment-node-30.4.1.tar.xz,5024,11.262375002843328
jest-get-type--jest-get-type-29.6.3,repacked,../data/unpacked_2500/jest-get-type--jest-get-type-29.6.3,../data/repacked_xz_2500/jest-get-type--jest-get-type-29.6.3.tar.xz,1948,8.068459006608464
jest-haste-map--jest-haste-map-30.4.1,repacked,../data/unpacked_2500/jest-haste-map--jest-haste-map-30.4.1,../data/repacked_xz_2500/jest-haste-map--jest-haste-map-30.4.1.tar.xz,25928,30.80079199571628
jest-jasmine2--jest-jasmine2-30.4.2,repacked,../data/unpacked_2500/jest-jasmine2--jest-jasmine2-30.4.2,../data/repacked_xz_2500/jest-jasmine2--jest-jasmine2-30.4.2.tar.xz,21508,29.831916006514803
jest-leak-detector--jest-leak-detector-30.4.1,repacked,../data/unpacked_2500/jest-leak-detector--jest-leak-detector-30.4.1,../data/repacked_xz_2500/jest-leak-detector--jest-leak-detector-30.4.1.tar.xz,3152,9.568374996888451
jest-matcher-utils--jest-matcher-utils-30.4.1,repacked,../data/unpacked_2500/jest-matcher-utils--jest-matcher-utils-30.4.1,../data/repacked_xz_2500/jest-matcher-utils--jest-matcher-utils-30.4.1.tar.xz,8620,14.741082995897159
jest-message-util--jest-message-util-30.4.1,repacked,../data/unpacked_2500/jest-message-util--jest-message-util-30.4.1,../data/repacked_xz_2500/jest-message-util--jest-message-util-30.4.1.tar.xz,6836,12.633709004148841
jest-mock--jest-mock-30.4.1,repacked,../data/unpacked_2500/jest-mock--jest-mock-30.4.1,../data/repacked_xz_2500/jest-mock--jest-mock-30.4.1.tar.xz,11232,17.652750000706874
jest-pnp-resolver--jest-pnp-resolver-1.2.3,repacked,../data/unpacked_2500/jest-pnp-resolver--jest-pnp-resolver-1.2.3,../data/repacked_xz_2500/jest-pnp-resolver--jest-pnp-resolver-1.2.3.tar.xz,2796,8.669707996887155
jest-regex-util--jest-regex-util-30.4.0,repacked,../data/unpacked_2500/jest-regex-util--jest-regex-util-30.4.0,../data/repacked_xz_2500/jest-regex-util--jest-regex-util-30.4.0.tar.xz,2128,8.17174999974668
jest-resolve--jest-resolve-30.4.1,repacked,../data/unpacked_2500/jest-resolve--jest-resolve-30.4.1,../data/repacked_xz_2500/jest-resolve--jest-resolve-30.4.1.tar.xz,11956,18.35399999981746
jest-resolve-dependencies--jest-resolve-dependencies-30.4.2,repacked,../data/unpacked_2500/jest-resolve-dependencies--jest-resolve-dependencies-30.4.2,../data/repacked_xz_2500/jest-resolve-dependencies--jest-resolve-dependencies-30.4.2.tar.xz,3320,9.90637500945013
jest-runner--jest-runner-30.4.2,repacked,../data/unpacked_2500/jest-runner--jest-runner-30.4.2,../data/repacked_xz_2500/jest-runner--jest-runner-30.4.2.tar.xz,8556,15.822999994270504
jest-runtime--jest-runtime-30.4.2,repacked,../data/unpacked_2500/jest-runtime--jest-runtime-30.4.2,../data/repacked_xz_2500/jest-runtime--jest-runtime-30.4.2.tar.xz,29396,36.41800000332296
jest-serializer--jest-serializer-28.0.0,repacked,../data/unpacked_2500/jest-serializer--jest-serializer-28.0.0,../data/repacked_xz_2500/jest-serializer--jest-serializer-28.0.0.tar.xz,3012,9.53049999952782
jest-snapshot--jest-snapshot-30.4.1,repacked,../data/unpacked_2500/jest-snapshot--jest-snapshot-30.4.1,../data/repacked_xz_2500/jest-snapshot--jest-snapshot-30.4.1.tar.xz,17104,23.929000002681278
jest-util--jest-util-30.4.1,repacked,../data/unpacked_2500/jest-util--jest-util-30.4.1,../data/repacked_xz_2500/jest-util--jest-util-30.4.1.tar.xz,12692,18.830708009772934
jest-validate--jest-validate-30.4.1,repacked,../data/unpacked_2500/jest-validate--jest-validate-30.4.1,../data/repacked_xz_2500/jest-validate--jest-validate-30.4.1.tar.xz,7584,14.32425000530202
jest-watch-typeahead--jest-watch-typeahead-3.0.1,repacked,../data/unpacked_2500/jest-watch-typeahead--jest-watch-typeahead-3.0.1,../data/repacked_xz_2500/jest-watch-typeahead--jest-watch-typeahead-3.0.1.tar.xz,6036,14.803334008320235
jest-watcher--jest-watcher-30.4.1,repacked,../data/unpacked_2500/jest-watcher--jest-watcher-30.4.1,../data/repacked_xz_2500/jest-watcher--jest-watcher-30.4.1.tar.xz,5728,12.186666994239204
jest-worker--jest-worker-30.4.1,repacked,../data/unpacked_2500/jest-worker--jest-worker-30.4.1,../data/repacked_xz_2500/jest-worker--jest-worker-30.4.1.tar.xz,20760,27.028208001866005
jiti--jiti-2.7.0,repacked,../data/unpacked_2500/jiti--jiti-2.7.0,../data/repacked_xz_2500/jiti--jiti-2.7.0.tar.xz,307176,373.7732919980772
jmespath--jmespath-0.16.0,repacked,../data/unpacked_2500/jmespath--jmespath-0.16.0,../data/repacked_xz_2500/jmespath--jmespath-0.16.0.tar.xz,16504,26.41566599777434
joi--joi-18.2.1,repacked,../data/unpacked_2500/joi--joi-18.2.1,../data/repacked_xz_2500/joi--joi-18.2.1.tar.xz,113840,144.05200000328477
jose--jose-6.2.3,repacked,../data/unpacked_2500/jose--jose-6.2.3,../data/repacked_xz_2500/jose--jose-6.2.3.tar.xz,42464,82.7191669959575
jquery--jquery-4.0.0,repacked,../data/unpacked_2500/jquery--jquery-4.0.0,../data/repacked_xz_2500/jquery--jquery-4.0.0.tar.xz,176724,469.39212500001304
js-base64--js-base64-3.7.8,repacked,../data/unpacked_2500/js-base64--js-base64-3.7.8,../data/repacked_xz_2500/js-base64--js-base64-3.7.8.tar.xz,7928,16.75216700823512
js-cookie--js-cookie-3.0.7,repacked,../data/unpacked_2500/js-cookie--js-cookie-3.0.7,../data/repacked_xz_2500/js-cookie--js-cookie-3.0.7.tar.xz,8144,15.345417006756179
js-sha3--js-sha3-0.9.3,repacked,../data/unpacked_2500/js-sha3--js-sha3-0.9.3,../data/repacked_xz_2500/js-sha3--js-sha3-0.9.3.tar.xz,13140,21.19595899421256
js-tokens--js-tokens-10.0.0,repacked,../data/unpacked_2500/js-tokens--js-tokens-10.0.0,../data/repacked_xz_2500/js-tokens--js-tokens-10.0.0.tar.xz,4244,11.659249998047017
js-yaml--js-yaml-4.1.1,repacked,../data/unpacked_2500/js-yaml--js-yaml-4.1.1,../data/repacked_xz_2500/js-yaml--js-yaml-4.1.1.tar.xz,48740,79.30691599904094
jsbn--jsbn-1.1.0,repacked,../data/unpacked_2500/jsbn--jsbn-1.1.0,../data/repacked_xz_2500/jsbn--jsbn-1.1.0.tar.xz,13024,20.063957999809645
jsdom--jsdom-29.1.1,repacked,../data/unpacked_2500/jsdom--jsdom-29.1.1,../data/repacked_xz_2500/jsdom--jsdom-29.1.1.tar.xz,407680,1018.3994169929065
jsesc--jsesc-3.1.0,repacked,../data/unpacked_2500/jsesc--jsesc-3.1.0,../data/repacked_xz_2500/jsesc--jsesc-3.1.0.tar.xz,10032,21.246958000119776
json-bigint--json-bigint-1.0.0,repacked,../data/unpacked_2500/json-bigint--json-bigint-1.0.0,../data/repacked_xz_2500/json-bigint--json-bigint-1.0.0.tar.xz,10732,18.015916997683235
json-buffer--json-buffer-3.0.1,repacked,../data/unpacked_2500/json-buffer--json-buffer-3.0.1,../data/repacked_xz_2500/json-buffer--json-buffer-3.0.1.tar.xz,2748,10.059250009362586
json-parse-better-errors--json-parse-better-errors-1.0.2,repacked,../data/unpacked_2500/json-parse-better-errors--json-parse-better-errors-1.0.2,../data/repacked_xz_2500/json-parse-better-errors--json-parse-better-errors-1.0.2.tar.xz,3096,10.023458002251573
json-parse-even-better-errors--json-parse-even-better-errors-6.0.0,repacked,../data/unpacked_2500/json-parse-even-better-errors--json-parse-even-better-errors-6.0.0,../data/repacked_xz_2500/json-parse-even-better-errors--json-parse-even-better-errors-6.0.0.tar.xz,4628,10.552583000389859
json-schema--json-schema-0.4.0,repacked,../data/unpacked_2500/json-schema--json-schema-0.4.0,../data/repacked_xz_2500/json-schema--json-schema-0.4.0.tar.xz,8708,14.634249993832782
json-schema-traverse--json-schema-traverse-1.0.0,repacked,../data/unpacked_2500/json-schema-traverse--json-schema-traverse-1.0.0,../data/repacked_xz_2500/json-schema-traverse--json-schema-traverse-1.0.0.tar.xz,6336,15.57587500428781
json-schema-typed--json-schema-typed-8.0.2,repacked,../data/unpacked_2500/json-schema-typed--json-schema-typed-8.0.2,../data/repacked_xz_2500/json-schema-typed--json-schema-typed-8.0.2.tar.xz,18736,34.70095800003037
json-stable-stringify--json-stable-stringify-1.3.0,repacked,../data/unpacked_2500/json-stable-stringify--json-stable-stringify-1.3.0,../data/repacked_xz_2500/json-stable-stringify--json-stable-stringify-1.3.0.tar.xz,11368,21.088208988658153
json-stable-stringify-without-jsonify--json-stable-stringify-without-jsonify-1.0.1,repacked,../data/unpacked_2500/json-stable-stringify-without-jsonify--json-stable-stringify-without-jsonify-1.0.1,../data/repacked_xz_2500/json-stable-stringify-without-jsonify--json-stable-stringify-without-jsonify-1.0.1.tar.xz,4928,14.542874996550381
json-stringify-safe--json-stringify-safe-5.0.1,repacked,../data/unpacked_2500/json-stringify-safe--json-stringify-safe-5.0.1,../data/repacked_xz_2500/json-stringify-safe--json-stringify-safe-5.0.1.tar.xz,4096,13.319333011168055
json3--json3-3.3.3,repacked,../data/unpacked_2500/json3--json3-3.3.3,../data/repacked_xz_2500/json3--json3-3.3.3.tar.xz,20328,27.19295800488908
json5--json5-2.2.3,repacked,../data/unpacked_2500/json5--json5-2.2.3,../data/repacked_xz_2500/json5--json5-2.2.3.tar.xz,28256,49.854458004119806
jsonfile--jsonfile-6.2.1,repacked,../data/unpacked_2500/jsonfile--jsonfile-6.2.1,../data/repacked_xz_2500/jsonfile--jsonfile-6.2.1.tar.xz,3576,10.130875001777895
jsonify--jsonify-0.0.1,repacked,../data/unpacked_2500/jsonify--jsonify-0.0.1,../data/repacked_xz_2500/jsonify--jsonify-0.0.1.tar.xz,7652,16.25012500153389
jsonparse--jsonparse-1.3.1,repacked,../data/unpacked_2500/jsonparse--jsonparse-1.3.1,../data/repacked_xz_2500/jsonparse--jsonparse-1.3.1.tar.xz,8312,20.5025420000311
jsonpath--jsonpath-1.3.0,repacked,../data/unpacked_2500/jsonpath--jsonpath-1.3.0,../data/repacked_xz_2500/jsonpath--jsonpath-1.3.0.tar.xz,73084,100.61158300959505
jsonpointer--jsonpointer-5.0.1,repacked,../data/unpacked_2500/jsonpointer--jsonpointer-5.0.1,../data/repacked_xz_2500/jsonpointer--jsonpointer-5.0.1.tar.xz,2856,10.43216700782068
jsonwebtoken--jsonwebtoken-9.0.3,repacked,../data/unpacked_2500/jsonwebtoken--jsonwebtoken-9.0.3,../data/repacked_xz_2500/jsonwebtoken--jsonwebtoken-9.0.3.tar.xz,11664,20.59570800338406
jsprim--jsprim-2.0.2,repacked,../data/unpacked_2500/jsprim--jsprim-2.0.2,../data/repacked_xz_2500/jsprim--jsprim-2.0.2.tar.xz,10572,17.117542010964826
jsx-ast-utils--jsx-ast-utils-3.3.5,repacked,../data/unpacked_2500/jsx-ast-utils--jsx-ast-utils-3.3.5,../data/repacked_xz_2500/jsx-ast-utils--jsx-ast-utils-3.3.5.tar.xz,27600,67.94475000060629
jszip--jszip-3.10.1,repacked,../data/unpacked_2500/jszip--jszip-3.10.1,../data/repacked_xz_2500/jszip--jszip-3.10.1.tar.xz,134068,162.42925000551622
jwa--jwa-2.0.1,repacked,../data/unpacked_2500/jwa--jwa-2.0.1,../data/repacked_xz_2500/jwa--jwa-2.0.1.tar.xz,4660,11.01987500442192
jws--jws-4.0.1,repacked,../data/unpacked_2500/jws--jws-4.0.1,../data/repacked_xz_2500/jws--jws-4.0.1.tar.xz,6136,13.155834007193334
keygrip--keygrip-1.1.0,repacked,../data/unpacked_2500/keygrip--keygrip-1.1.0,../data/repacked_xz_2500/keygrip--keygrip-1.1.0.tar.xz,3444,9.244958986528218
keyv--keyv-5.6.0,repacked,../data/unpacked_2500/keyv--keyv-5.6.0,../data/repacked_xz_2500/keyv--keyv-5.6.0.tar.xz,16632,26.741791996755637
killable--killable-1.0.1,repacked,../data/unpacked_2500/killable--killable-1.0.1,../data/repacked_xz_2500/killable--killable-1.0.1.tar.xz,1788,7.680707989493385
kind-of--kind-of-6.0.3,repacked,../data/unpacked_2500/kind-of--kind-of-6.0.3,../data/repacked_xz_2500/kind-of--kind-of-6.0.3.tar.xz,7212,12.714416006929241
klaw--klaw-4.1.0,repacked,../data/unpacked_2500/klaw--klaw-4.1.0,../data/repacked_xz_2500/klaw--klaw-4.1.0.tar.xz,4580,10.23812498897314
kleur--kleur-4.1.5,repacked,../data/unpacked_2500/kleur--kleur-4.1.5,../data/repacked_xz_2500/kleur--kleur-4.1.5.tar.xz,5940,12.86304100358393
klona--klona-2.0.6,repacked,../data/unpacked_2500/klona--klona-2.0.6,../data/repacked_xz_2500/klona--klona-2.0.6.tar.xz,6208,17.828666997957043
kuler--kuler-2.0.0,repacked,../data/unpacked_2500/kuler--kuler-2.0.0,../data/repacked_xz_2500/kuler--kuler-2.0.0.tar.xz,2848,9.635207999963313
language-subtag-registry--language-subtag-registry-0.4.2,repacked,../data/unpacked_2500/language-subtag-registry--language-subtag-registry-0.4.2,../data/repacked_xz_2500/language-subtag-registry--language-subtag-registry-0.4.2.tar.xz,105668,246.93324998952448
language-tags--language-tags-2.1.0,repacked,../data/unpacked_2500/language-tags--language-tags-2.1.0,../data/repacked_xz_2500/language-tags--language-tags-2.1.0.tar.xz,7560,14.504832986858673
latest-version--latest-version-9.0.0,repacked,../data/unpacked_2500/latest-version--latest-version-9.0.0,../data/repacked_xz_2500/latest-version--latest-version-9.0.0.tar.xz,2120,8.794916997430846
launch-editor--launch-editor-2.13.2,repacked,../data/unpacked_2500/launch-editor--launch-editor-2.13.2,../data/repacked_xz_2500/launch-editor--launch-editor-2.13.2.tar.xz,6208,13.314083989826031
lazy-cache--lazy-cache-2.0.2,repacked,../data/unpacked_2500/lazy-cache--lazy-cache-2.0.2,../data/repacked_xz_2500/lazy-cache--lazy-cache-2.0.2.tar.xz,4544,10.430249996716157
lazystream--lazystream-1.0.1,repacked,../data/unpacked_2500/lazystream--lazystream-1.0.1,../data/repacked_xz_2500/lazystream--lazystream-1.0.1.tar.xz,5096,13.245167006971315
lcid--lcid-5.0.0,repacked,../data/unpacked_2500/lcid--lcid-5.0.0,../data/repacked_xz_2500/lcid--lcid-5.0.0.tar.xz,3328,9.704249998321757
leven--leven-4.1.0,repacked,../data/unpacked_2500/leven--leven-4.1.0,../data/repacked_xz_2500/leven--leven-4.1.0.tar.xz,3716,9.747040996444412
levn--levn-0.4.1,repacked,../data/unpacked_2500/levn--levn-0.4.1,../data/repacked_xz_2500/levn--levn-0.4.1.tar.xz,7300,13.661958000739105
libphonenumber-js--libphonenumber-js-1.13.3,repacked,../data/unpacked_2500/libphonenumber-js--libphonenumber-js-1.13.3,../data/repacked_xz_2500/libphonenumber-js--libphonenumber-js-1.13.3.tar.xz,512416,1857.9227079899283
lie--lie-3.3.0,repacked,../data/unpacked_2500/lie--lie-3.3.0,../data/repacked_xz_2500/lie--lie-3.3.0.tar.xz,8552,23.421000005328096
lilconfig--lilconfig-3.1.3,repacked,../data/unpacked_2500/lilconfig--lilconfig-3.1.3,../data/repacked_xz_2500/lilconfig--lilconfig-3.1.3.tar.xz,5252,12.621249989024363
lines-and-columns--lines-and-columns-2.0.4,repacked,../data/unpacked_2500/lines-and-columns--lines-and-columns-2.0.4,../data/repacked_xz_2500/lines-and-columns--lines-and-columns-2.0.4.tar.xz,2612,9.884416998829693
linkify-it--linkify-it-5.0.1,repacked,../data/unpacked_2500/linkify-it--linkify-it-5.0.1,../data/repacked_xz_2500/linkify-it--linkify-it-5.0.1.tar.xz,11000,19.467624995741062
lit-element--lit-element-4.2.2,repacked,../data/unpacked_2500/lit-element--lit-element-4.2.2,../data/repacked_xz_2500/lit-element--lit-element-4.2.2.tar.xz,21316,55.481749994214624
lit-html--lit-html-3.3.3,repacked,../data/unpacked_2500/lit-html--lit-html-3.3.3,../data/repacked_xz_2500/lit-html--lit-html-3.3.3.tar.xz,140104,387.6437500002794
load-json-file--load-json-file-7.0.1,repacked,../data/unpacked_2500/load-json-file--load-json-file-7.0.1,../data/repacked_xz_2500/load-json-file--load-json-file-7.0.1.tar.xz,2608,9.985416996642016
loader-runner--loader-runner-4.3.2,repacked,../data/unpacked_2500/loader-runner--loader-runner-4.3.2,../data/repacked_xz_2500/loader-runner--loader-runner-4.3.2.tar.xz,6728,13.887666995287873
loader-utils--loader-utils-3.3.1,repacked,../data/unpacked_2500/loader-utils--loader-utils-3.3.1,../data/repacked_xz_2500/loader-utils--loader-utils-3.3.1.tar.xz,9964,18.043750009383075
locate-path--locate-path-8.0.0,repacked,../data/unpacked_2500/locate-path--locate-path-8.0.0,../data/repacked_xz_2500/locate-path--locate-path-8.0.0.tar.xz,2880,9.960750001482666
lodash--lodash-4.18.1,repacked,../data/unpacked_2500/lodash--lodash-4.18.1,../data/repacked_xz_2500/lodash--lodash-4.18.1.tar.xz,189548,541.3369579910068
lodash-es--lodash-es-4.18.1,repacked,../data/unpacked_2500/lodash-es--lodash-es-4.18.1,../data/repacked_xz_2500/lodash-es--lodash-es-4.18.1.tar.xz,109248,287.8687920019729
lodash._basecopy--lodash._basecopy-3.0.1,repacked,../data/unpacked_2500/lodash._basecopy--lodash._basecopy-3.0.1,../data/repacked_xz_2500/lodash._basecopy--lodash._basecopy-3.0.1.tar.xz,2044,8.368875001906417
lodash._basetostring--lodash._basetostring-4.12.0,repacked,../data/unpacked_2500/lodash._basetostring--lodash._basetostring-4.12.0,../data/repacked_xz_2500/lodash._basetostring--lodash._basetostring-4.12.0.tar.xz,3248,9.64975000533741
lodash._basevalues--lodash._basevalues-3.0.0,repacked,../data/unpacked_2500/lodash._basevalues--lodash._basevalues-3.0.0,../data/repacked_xz_2500/lodash._basevalues--lodash._basevalues-3.0.0.tar.xz,2092,8.428458997514099
lodash._getnative--lodash._getnative-3.9.1,repacked,../data/unpacked_2500/lodash._getnative--lodash._getnative-3.9.1,../data/repacked_xz_2500/lodash._getnative--lodash._getnative-3.9.1.tar.xz,2960,9.247082998626865
lodash._isiterateecall--lodash._isiterateecall-3.0.9,repacked,../data/unpacked_2500/lodash._isiterateecall--lodash._isiterateecall-3.0.9,../data/repacked_xz_2500/lodash._isiterateecall--lodash._isiterateecall-3.0.9.tar.xz,3004,9.242208994692191
lodash._reescape--lodash._reescape-3.0.0,repacked,../data/unpacked_2500/lodash._reescape--lodash._reescape-3.0.0,../data/repacked_xz_2500/lodash._reescape--lodash._reescape-3.0.0.tar.xz,1876,8.233583008404821
lodash._reevaluate--lodash._reevaluate-3.0.0,repacked,../data/unpacked_2500/lodash._reevaluate--lodash._reevaluate-3.0.0,../data/repacked_xz_2500/lodash._reevaluate--lodash._reevaluate-3.0.0.tar.xz,1880,7.710042002145201
lodash._reinterpolate--lodash._reinterpolate-3.0.0,repacked,../data/unpacked_2500/lodash._reinterpolate--lodash._reinterpolate-3.0.0,../data/repacked_xz_2500/lodash._reinterpolate--lodash._reinterpolate-3.0.0.tar.xz,1888,8.16579200909473
lodash._root--lodash._root-3.0.1,repacked,../data/unpacked_2500/lodash._root--lodash._root-3.0.1,../data/repacked_xz_2500/lodash._root--lodash._root-3.0.1.tar.xz,2244,8.904000002075918
lodash.assign--lodash.assign-4.2.0,repacked,../data/unpacked_2500/lodash.assign--lodash.assign-4.2.0,../data/repacked_xz_2500/lodash.assign--lodash.assign-4.2.0.tar.xz,5972,11.650707994704135
lodash.camelcase--lodash.camelcase-4.3.0,repacked,../data/unpacked_2500/lodash.camelcase--lodash.camelcase-4.3.0,../data/repacked_xz_2500/lodash.camelcase--lodash.camelcase-4.3.0.tar.xz,6648,13.245582988020033
lodash.clonedeep--lodash.clonedeep-4.5.0,repacked,../data/unpacked_2500/lodash.clonedeep--lodash.clonedeep-4.5.0,../data/repacked_xz_2500/lodash.clonedeep--lodash.clonedeep-4.5.0.tar.xz,10980,17.543957990710624
lodash.debounce--lodash.debounce-4.0.8,repacked,../data/unpacked_2500/lodash.debounce--lodash.debounce-4.0.8,../data/repacked_xz_2500/lodash.debounce--lodash.debounce-4.0.8.tar.xz,5192,11.832290998427197
lodash.defaults--lodash.defaults-4.2.0,repacked,../data/unpacked_2500/lodash.defaults--lodash.defaults-4.2.0,../data/repacked_xz_2500/lodash.defaults--lodash.defaults-4.2.0.tar.xz,6116,13.177542001358233
lodash.difference--lodash.difference-4.5.0,repacked,../data/unpacked_2500/lodash.difference--lodash.difference-4.5.0,../data/repacked_xz_2500/lodash.difference--lodash.difference-4.5.0.tar.xz,8160,15.509042001212947
lodash.escape--lodash.escape-4.0.1,repacked,../data/unpacked_2500/lodash.escape--lodash.escape-4.0.1,../data/repacked_xz_2500/lodash.escape--lodash.escape-4.0.1.tar.xz,3920,11.097208989667706
lodash.flatten--lodash.flatten-4.4.0,repacked,../data/unpacked_2500/lodash.flatten--lodash.flatten-4.4.0,../data/repacked_xz_2500/lodash.flatten--lodash.flatten-4.4.0.tar.xz,4152,11.689291000948288
lodash.get--lodash.get-4.4.2,repacked,../data/unpacked_2500/lodash.get--lodash.get-4.4.2,../data/repacked_xz_2500/lodash.get--lodash.get-4.4.2.tar.xz,7332,14.726916997460648
lodash.includes--lodash.includes-4.3.0,repacked,../data/unpacked_2500/lodash.includes--lodash.includes-4.3.0,../data/repacked_xz_2500/lodash.includes--lodash.includes-4.3.0.tar.xz,6040,13.651750006829388
lodash.isarguments--lodash.isarguments-3.1.0,repacked,../data/unpacked_2500/lodash.isarguments--lodash.isarguments-3.1.0,../data/repacked_xz_2500/lodash.isarguments--lodash.isarguments-3.1.0.tar.xz,3356,10.712458999478258
lodash.isarray--lodash.isarray-4.0.0,repacked,../data/unpacked_2500/lodash.isarray--lodash.isarray-4.0.0,../data/repacked_xz_2500/lodash.isarray--lodash.isarray-4.0.0.tar.xz,1960,8.706624998012558
lodash.isboolean--lodash.isboolean-3.0.3,repacked,../data/unpacked_2500/lodash.isboolean--lodash.isboolean-3.0.3,../data/repacked_xz_2500/lodash.isboolean--lodash.isboolean-3.0.3.tar.xz,2216,9.81849999516271
lodash.isequal--lodash.isequal-4.5.0,repacked,../data/unpacked_2500/lodash.isequal--lodash.isequal-4.5.0,../data/repacked_xz_2500/lodash.isequal--lodash.isequal-4.5.0.tar.xz,11584,19.707375002326444
lodash.isinteger--lodash.isinteger-4.0.4,repacked,../data/unpacked_2500/lodash.isinteger--lodash.isinteger-4.0.4,../data/repacked_xz_2500/lodash.isinteger--lodash.isinteger-4.0.4.tar.xz,3496,10.285500000463799
lodash.isnumber--lodash.isnumber-3.0.3,repacked,../data/unpacked_2500/lodash.isnumber--lodash.isnumber-3.0.3,../data/repacked_xz_2500/lodash.isnumber--lodash.isnumber-3.0.3.tar.xz,2304,8.877874992322177
lodash.isplainobject--lodash.isplainobject-4.0.6,repacked,../data/unpacked_2500/lodash.isplainobject--lodash.isplainobject-4.0.6,../data/repacked_xz_2500/lodash.isplainobject--lodash.isplainobject-4.0.6.tar.xz,3124,10.058625004603527
lodash.isstring--lodash.isstring-4.0.1,repacked,../data/unpacked_2500/lodash.isstring--lodash.isstring-4.0.1,../data/repacked_xz_2500/lodash.isstring--lodash.isstring-4.0.1.tar.xz,2292,9.875666990410537
lodash.keys--lodash.keys-4.2.0,repacked,../data/unpacked_2500/lodash.keys--lodash.keys-4.2.0,../data/repacked_xz_2500/lodash.keys--lodash.keys-4.2.0.tar.xz,4424,10.859624992008321
lodash.memoize--lodash.memoize-4.1.2,repacked,../data/unpacked_2500/lodash.memoize--lodash.memoize-4.1.2,../data/repacked_xz_2500/lodash.memoize--lodash.memoize-4.1.2.tar.xz,5992,13.818832987453789
lodash.merge--lodash.merge-4.6.2,repacked,../data/unpacked_2500/lodash.merge--lodash.merge-4.6.2,../data/repacked_xz_2500/lodash.merge--lodash.merge-4.6.2.tar.xz,12164,19.933582996600308
lodash.once--lodash.once-4.1.1,repacked,../data/unpacked_2500/lodash.once--lodash.once-4.1.1,../data/repacked_xz_2500/lodash.once--lodash.once-4.1.1.tar.xz,3924,10.889791999943554
lodash.restparam--lodash.restparam-3.6.1,repacked,../data/unpacked_2500/lodash.restparam--lodash.restparam-3.6.1,../data/repacked_xz_2500/lodash.restparam--lodash.restparam-3.6.1.tar.xz,2648,8.96354200085625
lodash.sortby--lodash.sortby-4.7.0,repacked,../data/unpacked_2500/lodash.sortby--lodash.sortby-4.7.0,../data/repacked_xz_2500/lodash.sortby--lodash.sortby-4.7.0.tar.xz,16092,23.370374998194166
lodash.template--lodash.template-4.18.1,repacked,../data/unpacked_2500/lodash.template--lodash.template-4.18.1,../data/repacked_xz_2500/lodash.template--lodash.template-4.18.1.tar.xz,13048,18.35699999355711
lodash.templatesettings--lodash.templatesettings-4.2.0,repacked,../data/unpacked_2500/lodash.templatesettings--lodash.templatesettings-4.2.0,../data/repacked_xz_2500/lodash.templatesettings--lodash.templatesettings-4.2.0.tar.xz,4768,12.21387498662807
lodash.throttle--lodash.throttle-4.1.1,repacked,../data/unpacked_2500/lodash.throttle--lodash.throttle-4.1.1,../data/repacked_xz_2500/lodash.throttle--lodash.throttle-4.1.1.tar.xz,5456,12.266666992218234
lodash.truncate--lodash.truncate-4.4.2,repacked,../data/unpacked_2500/lodash.truncate--lodash.truncate-4.4.2,../data/repacked_xz_2500/lodash.truncate--lodash.truncate-4.4.2.tar.xz,6128,13.112083994201384
lodash.uniq--lodash.uniq-4.5.0,repacked,../data/unpacked_2500/lodash.uniq--lodash.uniq-4.5.0,../data/repacked_xz_2500/lodash.uniq--lodash.uniq-4.5.0.tar.xz,6776,13.690084000700153
log-symbols--log-symbols-7.0.1,repacked,../data/unpacked_2500/log-symbols--log-symbols-7.0.1,../data/repacked_xz_2500/log-symbols--log-symbols-7.0.1.tar.xz,2224,10.195958006079309
logform--logform-2.7.0,repacked,../data/unpacked_2500/logform--logform-2.7.0,../data/repacked_xz_2500/logform--logform-2.7.0.tar.xz,22144,42.658040998503566
loglevel--loglevel-1.9.2,repacked,../data/unpacked_2500/loglevel--loglevel-1.9.2,../data/repacked_xz_2500/loglevel--loglevel-1.9.2.tar.xz,21736,31.126457994105294
long--long-5.3.2,repacked,../data/unpacked_2500/long--long-5.3.2,../data/repacked_xz_2500/long--long-5.3.2.tar.xz,19464,35.74029200535733
longest--longest-2.0.1,repacked,../data/unpacked_2500/longest--longest-2.0.1,../data/repacked_xz_2500/longest--longest-2.0.1.tar.xz,2544,9.393416999955662
longest-streak--longest-streak-3.1.0,repacked,../data/unpacked_2500/longest-streak--longest-streak-3.1.0,../data/repacked_xz_2500/longest-streak--longest-streak-3.1.0.tar.xz,3272,10.470250010257587
loose-envify--loose-envify-1.4.0,repacked,../data/unpacked_2500/loose-envify--loose-envify-1.4.0,../data/repacked_xz_2500/loose-envify--loose-envify-1.4.0.tar.xz,2920,11.187791998963803
loud-rejection--loud-rejection-2.2.0,repacked,../data/unpacked_2500/loud-rejection--loud-rejection-2.2.0,../data/repacked_xz_2500/loud-rejection--loud-rejection-2.2.0.tar.xz,2988,10.658791987225413
lower-case--lower-case-3.0.0,repacked,../data/unpacked_2500/lower-case--lower-case-3.0.0,../data/repacked_xz_2500/lower-case--lower-case-3.0.0.tar.xz,2048,9.18900000397116
lowercase-keys--lowercase-keys-4.0.1,repacked,../data/unpacked_2500/lowercase-keys--lowercase-keys-4.0.1,../data/repacked_xz_2500/lowercase-keys--lowercase-keys-4.0.1.tar.xz,2356,8.947207999881357
lru-cache--lru-cache-11.5.0,repacked,../data/unpacked_2500/lru-cache--lru-cache-11.5.0,../data/repacked_xz_2500/lru-cache--lru-cache-11.5.0.tar.xz,67360,389.0435420034919
luxon--luxon-3.7.2,repacked,../data/unpacked_2500/luxon--luxon-3.7.2,../data/repacked_xz_2500/luxon--luxon-3.7.2.tar.xz,279072,845.7193329959409
lz-string--lz-string-1.5.0,repacked,../data/unpacked_2500/lz-string--lz-string-1.5.0,../data/repacked_xz_2500/lz-string--lz-string-1.5.0.tar.xz,32280,45.173499995144084
magic-string--magic-string-0.30.21,repacked,../data/unpacked_2500/magic-string--magic-string-0.30.21,../data/repacked_xz_2500/magic-string--magic-string-0.30.21.tar.xz,34020,85.1125829940429
make-dir--make-dir-5.1.0,repacked,../data/unpacked_2500/make-dir--make-dir-5.1.0,../data/repacked_xz_2500/make-dir--make-dir-5.1.0.tar.xz,3476,10.422791994642466
make-error--make-error-1.3.6,repacked,../data/unpacked_2500/make-error--make-error-1.3.6,../data/repacked_xz_2500/make-error--make-error-1.3.6.tar.xz,4524,11.491500001284294
make-fetch-happen--make-fetch-happen-16.0.0,repacked,../data/unpacked_2500/make-fetch-happen--make-fetch-happen-16.0.0,../data/repacked_xz_2500/make-fetch-happen--make-fetch-happen-16.0.0.tar.xz,15548,22.647874997346662
makeerror--makeerror-1.0.12,repacked,../data/unpacked_2500/makeerror--makeerror-1.0.12,../data/repacked_xz_2500/makeerror--makeerror-1.0.12.tar.xz,2736,9.602916994481348
map-age-cleaner--map-age-cleaner-0.2.0,repacked,../data/unpacked_2500/map-age-cleaner--map-age-cleaner-0.2.0,../data/repacked_xz_2500/map-age-cleaner--map-age-cleaner-0.2.0.tar.xz,3380,10.247125013847835
map-cache--map-cache-0.2.2,repacked,../data/unpacked_2500/map-cache--map-cache-0.2.2,../data/repacked_xz_2500/map-cache--map-cache-0.2.2.tar.xz,2960,9.126874996582046
map-obj--map-obj-6.0.0,repacked,../data/unpacked_2500/map-obj--map-obj-6.0.0,../data/repacked_xz_2500/map-obj--map-obj-6.0.0.tar.xz,4200,11.25237499945797
map-visit--map-visit-1.0.0,repacked,../data/unpacked_2500/map-visit--map-visit-1.0.0,../data/repacked_xz_2500/map-visit--map-visit-1.0.0.tar.xz,3564,10.251457992126234
markdown-it--markdown-it-14.2.0,repacked,../data/unpacked_2500/markdown-it--markdown-it-14.2.0,../data/repacked_xz_2500/markdown-it--markdown-it-14.2.0.tar.xz,119152,168.67066599661484
marked--marked-18.0.4,repacked,../data/unpacked_2500/marked--marked-18.0.4,../data/repacked_xz_2500/marked--marked-18.0.4.tar.xz,54716,80.97716700285673
math-intrinsics--math-intrinsics-1.1.0,repacked,../data/unpacked_2500/math-intrinsics--math-intrinsics-1.1.0,../data/repacked_xz_2500/math-intrinsics--math-intrinsics-1.1.0.tar.xz,6500,24.225000001024455
math-random--math-random-2.0.1,repacked,../data/unpacked_2500/math-random--math-random-2.0.1,../data/repacked_xz_2500/math-random--math-random-2.0.1.tar.xz,1180,8.695916010765359
md5--md5-2.3.0,repacked,../data/unpacked_2500/md5--md5-2.3.0,../data/repacked_xz_2500/md5--md5-2.3.0.tar.xz,7584,15.58354200096801
md5.js--md5.js-1.3.5,repacked,../data/unpacked_2500/md5.js--md5.js-1.3.5,../data/repacked_xz_2500/md5.js--md5.js-1.3.5.tar.xz,3088,9.967916994355619
mdast-util-from-markdown--mdast-util-from-markdown-2.0.3,repacked,../data/unpacked_2500/mdast-util-from-markdown--mdast-util-from-markdown-2.0.3,../data/repacked_xz_2500/mdast-util-from-markdown--mdast-util-from-markdown-2.0.3.tar.xz,15184,28.225707996170968
mdast-util-to-string--mdast-util-to-string-4.0.0,repacked,../data/unpacked_2500/mdast-util-to-string--mdast-util-to-string-4.0.0,../data/repacked_xz_2500/mdast-util-to-string--mdast-util-to-string-4.0.0.tar.xz,4620,12.435500000719912
mdn-data--mdn-data-2.28.1,repacked,../data/unpacked_2500/mdn-data--mdn-data-2.28.1,../data/repacked_xz_2500/mdn-data--mdn-data-2.28.1.tar.xz,82180,115.56287499843165
mdurl--mdurl-2.0.0,repacked,../data/unpacked_2500/mdurl--mdurl-2.0.0,../data/repacked_xz_2500/mdurl--mdurl-2.0.0.tar.xz,7928,17.43920799344778
media-typer--media-typer-1.1.0,repacked,../data/unpacked_2500/media-typer--media-typer-1.1.0,../data/repacked_xz_2500/media-typer--media-typer-1.1.0.tar.xz,3660,10.316917003365234
mem--mem-10.0.0,repacked,../data/unpacked_2500/mem--mem-10.0.0,../data/repacked_xz_2500/mem--mem-10.0.0.tar.xz,5736,12.141708997660317
mem-fs-editor--mem-fs-editor-12.0.4,repacked,../data/unpacked_2500/mem-fs-editor--mem-fs-editor-12.0.4,../data/repacked_xz_2500/mem-fs-editor--mem-fs-editor-12.0.4.tar.xz,12400,29.642166002304293
memfs--memfs-4.57.2,repacked,../data/unpacked_2500/memfs--memfs-4.57.2,../data/repacked_xz_2500/memfs--memfs-4.57.2.tar.xz,10332,22.54012500634417
memoize-one--memoize-one-6.0.0,repacked,../data/unpacked_2500/memoize-one--memoize-one-6.0.0,../data/repacked_xz_2500/memoize-one--memoize-one-6.0.0.tar.xz,9412,18.555124988779426
memory-fs--memory-fs-0.5.0,repacked,../data/unpacked_2500/memory-fs--memory-fs-0.5.0,../data/repacked_xz_2500/memory-fs--memory-fs-0.5.0.tar.xz,4652,11.438541987445205
memory-pager--memory-pager-1.5.0,repacked,../data/unpacked_2500/memory-pager--memory-pager-1.5.0,../data/repacked_xz_2500/memory-pager--memory-pager-1.5.0.tar.xz,3124,9.346999999252148
meow--meow-14.1.0,repacked,../data/unpacked_2500/meow--meow-14.1.0,../data/repacked_xz_2500/meow--meow-14.1.0.tar.xz,78540,86.02604099723976
merge-descriptors--merge-descriptors-2.0.0,repacked,../data/unpacked_2500/merge-descriptors--merge-descriptors-2.0.0,../data/repacked_xz_2500/merge-descriptors--merge-descriptors-2.0.0.tar.xz,2172,8.960958002717234
merge-stream--merge-stream-2.0.0,repacked,../data/unpacked_2500/merge-stream--merge-stream-2.0.0,../data/repacked_xz_2500/merge-stream--merge-stream-2.0.0.tar.xz,2376,9.035915994900279
merge2--merge2-1.4.1,repacked,../data/unpacked_2500/merge2--merge2-1.4.1,../data/repacked_xz_2500/merge2--merge2-1.4.1.tar.xz,3448,9.467374999076128
methods--methods-1.1.2,repacked,../data/unpacked_2500/methods--methods-1.1.2,../data/repacked_xz_2500/methods--methods-1.1.2.tar.xz,2572,8.72283399803564
micromark--micromark-4.0.2,repacked,../data/unpacked_2500/micromark--micromark-4.0.2,../data/repacked_xz_2500/micromark--micromark-4.0.2.tar.xz,31276,65.45058300253004
micromark-util-character--micromark-util-character-2.1.1,repacked,../data/unpacked_2500/micromark-util-character--micromark-util-character-2.1.1,../data/repacked_xz_2500/micromark-util-character--micromark-util-character-2.1.1.tar.xz,6100,15.373874994111247
micromark-util-encode--micromark-util-encode-2.0.1,repacked,../data/unpacked_2500/micromark-util-encode--micromark-util-encode-2.0.1,../data/repacked_xz_2500/micromark-util-encode--micromark-util-encode-2.0.1.tar.xz,3360,9.681208000984043
micromark-util-sanitize-uri--micromark-util-sanitize-uri-2.0.1,repacked,../data/unpacked_2500/micromark-util-sanitize-uri--micromark-util-sanitize-uri-2.0.1,../data/repacked_xz_2500/micromark-util-sanitize-uri--micromark-util-sanitize-uri-2.0.1.tar.xz,4844,12.76325000799261
micromark-util-symbol--micromark-util-symbol-2.0.1,repacked,../data/unpacked_2500/micromark-util-symbol--micromark-util-symbol-2.0.1,../data/repacked_xz_2500/micromark-util-symbol--micromark-util-symbol-2.0.1.tar.xz,10424,21.172417007619515
micromark-util-types--micromark-util-types-2.0.2,repacked,../data/unpacked_2500/micromark-util-types--micromark-util-types-2.0.2,../data/repacked_xz_2500/micromark-util-types--micromark-util-types-2.0.2.tar.xz,11144,16.210415997193195
micromatch--micromatch-4.0.8,repacked,../data/unpacked_2500/micromatch--micromatch-4.0.8,../data/repacked_xz_2500/micromatch--micromatch-4.0.8.tar.xz,13756,19.2625829949975
miller-rabin--miller-rabin-4.0.1,repacked,../data/unpacked_2500/miller-rabin--miller-rabin-4.0.1,../data/repacked_xz_2500/miller-rabin--miller-rabin-4.0.1.tar.xz,3716,12.074458005372435
mime--mime-4.1.0,repacked,../data/unpacked_2500/mime--mime-4.1.0,../data/repacked_xz_2500/mime--mime-4.1.0.tar.xz,24956,44.87112500646617
mime-db--mime-db-1.54.0,repacked,../data/unpacked_2500/mime-db--mime-db-1.54.0,../data/repacked_xz_2500/mime-db--mime-db-1.54.0.tar.xz,26784,42.49125000205822
mime-types--mime-types-3.0.2,repacked,../data/unpacked_2500/mime-types--mime-types-3.0.2,../data/repacked_xz_2500/mime-types--mime-types-3.0.2.tar.xz,6992,14.425790999666788
mimic-fn--mimic-fn-5.0.0,repacked,../data/unpacked_2500/mimic-fn--mimic-fn-5.0.0,../data/repacked_xz_2500/mimic-fn--mimic-fn-5.0.0.tar.xz,3372,9.758041007444263
mimic-function--mimic-function-5.0.1,repacked,../data/unpacked_2500/mimic-function--mimic-function-5.0.1,../data/repacked_xz_2500/mimic-function--mimic-function-5.0.1.tar.xz,3272,9.28974999987986
mimic-response--mimic-response-4.0.0,repacked,../data/unpacked_2500/mimic-response--mimic-response-4.0.0,../data/repacked_xz_2500/mimic-response--mimic-response-4.0.0.tar.xz,2848,8.741083001950756
min-document--min-document-2.19.2,repacked,../data/unpacked_2500/min-document--min-document-2.19.2,../data/repacked_xz_2500/min-document--min-document-2.19.2.tar.xz,12432,26.782166998600587
min-indent--min-indent-1.0.1,repacked,../data/unpacked_2500/min-indent--min-indent-1.0.1,../data/repacked_xz_2500/min-indent--min-indent-1.0.1.tar.xz,1796,8.479750002152286
mini-css-extract-plugin--mini-css-extract-plugin-2.10.2,repacked,../data/unpacked_2500/mini-css-extract-plugin--mini-css-extract-plugin-2.10.2,../data/repacked_xz_2500/mini-css-extract-plugin--mini-css-extract-plugin-2.10.2.tar.xz,29552,41.422583992243744
minimalistic-assert--minimalistic-assert-1.0.1,repacked,../data/unpacked_2500/minimalistic-assert--minimalistic-assert-1.0.1,../data/repacked_xz_2500/minimalistic-assert--minimalistic-assert-1.0.1.tar.xz,1160,7.829750000382774
minimalistic-crypto-utils--minimalistic-crypto-utils-1.0.1,repacked,../data/unpacked_2500/minimalistic-crypto-utils--minimalistic-crypto-utils-1.0.1,../data/repacked_xz_2500/minimalistic-crypto-utils--minimalistic-crypto-utils-1.0.1.tar.xz,2744,10.906625000643544
minimatch--minimatch-10.2.5,repacked,../data/unpacked_2500/minimatch--minimatch-10.2.5,../data/repacked_xz_2500/minimatch--minimatch-10.2.5.tar.xz,52936,118.38933300168719
minimist--minimist-1.2.8,repacked,../data/unpacked_2500/minimist--minimist-1.2.8,../data/repacked_xz_2500/minimist--minimist-1.2.8.tar.xz,14528,26.022291989647783
minimist-options--minimist-options-4.1.0,repacked,../data/unpacked_2500/minimist-options--minimist-options-4.1.0,../data/repacked_xz_2500/minimist-options--minimist-options-4.1.0.tar.xz,3532,10.847375000594184
minipass--minipass-7.1.3,repacked,../data/unpacked_2500/minipass--minipass-7.1.3,../data/repacked_xz_2500/minipass--minipass-7.1.3.tar.xz,30620,66.33004201285075
minipass-collect--minipass-collect-2.0.1,repacked,../data/unpacked_2500/minipass-collect--minipass-collect-2.0.1,../data/repacked_xz_2500/minipass-collect--minipass-collect-2.0.1.tar.xz,2216,9.29929199628532
minipass-fetch--minipass-fetch-6.0.0,repacked,../data/unpacked_2500/minipass-fetch--minipass-fetch-6.0.0,../data/repacked_xz_2500/minipass-fetch--minipass-fetch-6.0.0.tar.xz,13060,21.24908400583081
minipass-flush--minipass-flush-2.0.0,repacked,../data/unpacked_2500/minipass-flush--minipass-flush-2.0.0,../data/repacked_xz_2500/minipass-flush--minipass-flush-2.0.0.tar.xz,2248,8.544500000425614
minipass-pipeline--minipass-pipeline-3.0.0,repacked,../data/unpacked_2500/minipass-pipeline--minipass-pipeline-3.0.0,../data/repacked_xz_2500/minipass-pipeline--minipass-pipeline-3.0.0.tar.xz,2584,8.701208993443288
minipass-sized--minipass-sized-2.0.0,repacked,../data/unpacked_2500/minipass-sized--minipass-sized-2.0.0,../data/repacked_xz_2500/minipass-sized--minipass-sized-2.0.0.tar.xz,4580,13.972332992125303
minizlib--minizlib-3.1.0,repacked,../data/unpacked_2500/minizlib--minizlib-3.1.0,../data/repacked_xz_2500/minizlib--minizlib-3.1.0.tar.xz,14604,30.975374989793636
mississippi--mississippi-4.0.0,repacked,../data/unpacked_2500/mississippi--mississippi-4.0.0,../data/repacked_xz_2500/mississippi--mississippi-4.0.0.tar.xz,6068,11.205999995581806
mitt--mitt-3.0.1,repacked,../data/unpacked_2500/mitt--mitt-3.0.1,../data/repacked_xz_2500/mitt--mitt-3.0.1.tar.xz,6004,14.808084000833333
mixin-deep--mixin-deep-2.0.1,repacked,../data/unpacked_2500/mixin-deep--mixin-deep-2.0.1,../data/repacked_xz_2500/mixin-deep--mixin-deep-2.0.1.tar.xz,3108,9.609832995920442
mkdirp--mkdirp-3.0.1,repacked,../data/unpacked_2500/mkdirp--mkdirp-3.0.1,../data/repacked_xz_2500/mkdirp--mkdirp-3.0.1.tar.xz,15460,42.462333003641106
mkdirp-classic--mkdirp-classic-0.5.3,repacked,../data/unpacked_2500/mkdirp-classic--mkdirp-classic-0.5.3,../data/repacked_xz_2500/mkdirp-classic--mkdirp-classic-0.5.3.tar.xz,2076,8.711791000678204
moment--moment-2.30.1,repacked,../data/unpacked_2500/moment--moment-2.30.1,../data/repacked_xz_2500/moment--moment-2.30.1.tar.xz,289840,803.762249997817
moment-timezone--moment-timezone-0.6.2,repacked,../data/unpacked_2500/moment-timezone--moment-timezone-0.6.2,../data/repacked_xz_2500/moment-timezone--moment-timezone-0.6.2.tar.xz,80360,217.47854100249242
mongodb--mongodb-7.2.0,repacked,../data/unpacked_2500/mongodb--mongodb-7.2.0,../data/repacked_xz_2500/mongodb--mongodb-7.2.0.tar.xz,454632,978.3476250013337
move-concurrently--move-concurrently-1.0.1,repacked,../data/unpacked_2500/move-concurrently--move-concurrently-1.0.1,../data/repacked_xz_2500/move-concurrently--move-concurrently-1.0.1.tar.xz,2956,9.848457993939519
mri--mri-1.2.0,repacked,../data/unpacked_2500/mri--mri-1.2.0,../data/repacked_xz_2500/mri--mri-1.2.0.tar.xz,4504,11.74454198917374
ms--ms-2.1.3,repacked,../data/unpacked_2500/ms--ms-2.1.3,../data/repacked_xz_2500/ms--ms-2.1.3.tar.xz,3028,9.476749997702427
multicast-dns--multicast-dns-7.2.5,repacked,../data/unpacked_2500/multicast-dns--multicast-dns-7.2.5,../data/repacked_xz_2500/multicast-dns--multicast-dns-7.2.5.tar.xz,6016,13.563000000431202
multicast-dns-service-types--multicast-dns-service-types-1.1.0,repacked,../data/unpacked_2500/multicast-dns-service-types--multicast-dns-service-types-1.1.0,../data/repacked_xz_2500/multicast-dns-service-types--multicast-dns-service-types-1.1.0.tar.xz,2160,9.517917002085596
multiformats--multiformats-14.0.0,repacked,../data/unpacked_2500/multiformats--multiformats-14.0.0,../data/repacked_xz_2500/multiformats--multiformats-14.0.0.tar.xz,61800,130.79712499165908
multimatch--multimatch-8.0.0,repacked,../data/unpacked_2500/multimatch--multimatch-8.0.0,../data/repacked_xz_2500/multimatch--multimatch-8.0.0.tar.xz,2528,9.777875005966052
multipipe--multipipe-4.0.0,repacked,../data/unpacked_2500/multipipe--multipipe-4.0.0,../data/repacked_xz_2500/multipipe--multipipe-4.0.0.tar.xz,3288,10.391291987616569
mute-stream--mute-stream-4.0.0,repacked,../data/unpacked_2500/mute-stream--mute-stream-4.0.0,../data/repacked_xz_2500/mute-stream--mute-stream-4.0.0.tar.xz,2996,10.104625005624257
mz--mz-2.7.0,repacked,../data/unpacked_2500/mz--mz-2.7.0,../data/repacked_xz_2500/mz--mz-2.7.0.tar.xz,4068,12.623791000805795
nan--nan-2.27.0,repacked,../data/unpacked_2500/nan--nan-2.27.0,../data/repacked_xz_2500/nan--nan-2.27.0.tar.xz,64920,94.2502089892514
nanoid--nanoid-5.1.11,repacked,../data/unpacked_2500/nanoid--nanoid-5.1.11,../data/repacked_xz_2500/nanoid--nanoid-5.1.11.tar.xz,5184,15.027000001282431
nanomatch--nanomatch-1.2.13,repacked,../data/unpacked_2500/nanomatch--nanomatch-1.2.13,../data/repacked_xz_2500/nanomatch--nanomatch-1.2.13.tar.xz,18512,25.50283301388845
napi-build-utils--napi-build-utils-2.0.0,repacked,../data/unpacked_2500/napi-build-utils--napi-build-utils-2.0.0,../data/repacked_xz_2500/napi-build-utils--napi-build-utils-2.0.0.tar.xz,4588,11.524457993800752
natives--natives-1.1.6,repacked,../data/unpacked_2500/natives--natives-1.1.6,../data/repacked_xz_2500/natives--natives-1.1.6.tar.xz,3608,9.356875001685694
natural-compare--natural-compare-1.4.0,repacked,../data/unpacked_2500/natural-compare--natural-compare-1.4.0,../data/repacked_xz_2500/natural-compare--natural-compare-1.4.0.tar.xz,2552,8.466625004075468
natural-compare-lite--natural-compare-lite-1.4.0,repacked,../data/unpacked_2500/natural-compare-lite--natural-compare-lite-1.4.0,../data/repacked_xz_2500/natural-compare-lite--natural-compare-lite-1.4.0.tar.xz,2544,8.274666004581377
ncp--ncp-2.0.0,repacked,../data/unpacked_2500/ncp--ncp-2.0.0,../data/repacked_xz_2500/ncp--ncp-2.0.0.tar.xz,6408,18.39220800320618
negotiator--negotiator-1.0.0,repacked,../data/unpacked_2500/negotiator--negotiator-1.0.0,../data/repacked_xz_2500/negotiator--negotiator-1.0.0.tar.xz,6572,14.47320799343288
neo-async--neo-async-2.6.2,repacked,../data/unpacked_2500/neo-async--neo-async-2.6.2,../data/repacked_xz_2500/neo-async--neo-async-2.6.2.tar.xz,31824,77.06204199348576
netmask--netmask-2.1.1,repacked,../data/unpacked_2500/netmask--netmask-2.1.1,../data/repacked_xz_2500/netmask--netmask-2.1.1.tar.xz,7268,15.559624996967614
next--next-16.2.6,repacked,../data/unpacked_2500/next--next-16.2.6,../data/repacked_xz_2500/next--next-16.2.6.tar.xz,11146420,47026.5653749957
next-tick--next-tick-1.1.0,repacked,../data/unpacked_2500/next-tick--next-tick-1.1.0,../data/repacked_xz_2500/next-tick--next-tick-1.1.0.tar.xz,4132,14.13545900140889
nice-try--nice-try-4.0.2,repacked,../data/unpacked_2500/nice-try--nice-try-4.0.2,../data/repacked_xz_2500/nice-try--nice-try-4.0.2.tar.xz,2360,9.733332990435883
nitroteh--nitroteh-1.1.4,repacked,../data/unpacked_2500/nitroteh--nitroteh-1.1.4,../data/repacked_xz_2500/nitroteh--nitroteh-1.1.4.tar.xz,13964,21.08208299614489
no-case--no-case-4.0.0,repacked,../data/unpacked_2500/no-case--no-case-4.0.0,../data/repacked_xz_2500/no-case--no-case-4.0.0.tar.xz,2704,9.642082994105294
node-abi--node-abi-4.31.0,repacked,../data/unpacked_2500/node-abi--node-abi-4.31.0,../data/repacked_xz_2500/node-abi--node-abi-4.31.0.tar.xz,4128,12.458625002182089
node-addon-api--node-addon-api-8.8.0,repacked,../data/unpacked_2500/node-addon-api--node-addon-api-8.8.0,../data/repacked_xz_2500/node-addon-api--node-addon-api-8.8.0.tar.xz,52280,79.6401250117924
node-domexception--node-domexception-2.0.2,repacked,../data/unpacked_2500/node-domexception--node-domexception-2.0.2,../data/repacked_xz_2500/node-domexception--node-domexception-2.0.2.tar.xz,2888,9.650499996496364
node-exports-info--node-exports-info-1.6.0,repacked,../data/unpacked_2500/node-exports-info--node-exports-info-1.6.0,../data/repacked_xz_2500/node-exports-info--node-exports-info-1.6.0.tar.xz,11380,25.12820799893234
node-fetch--node-fetch-3.3.2,repacked,../data/unpacked_2500/node-fetch--node-fetch-3.3.2,../data/repacked_xz_2500/node-fetch--node-fetch-3.3.2.tar.xz,29172,34.4711250072578
node-forge--node-forge-1.4.0,repacked,../data/unpacked_2500/node-forge--node-forge-1.4.0,../data/repacked_xz_2500/node-forge--node-forge-1.4.0.tar.xz,288412,378.13379100407474
node-gyp--node-gyp-12.3.0,repacked,../data/unpacked_2500/node-gyp--node-gyp-12.3.0,../data/repacked_xz_2500/node-gyp--node-gyp-12.3.0.tar.xz,366536,564.4293749937788
node-gyp-build--node-gyp-build-4.8.4,repacked,../data/unpacked_2500/node-gyp-build--node-gyp-build-4.8.4,../data/repacked_xz_2500/node-gyp-build--node-gyp-build-4.8.4.tar.xz,5380,14.386416005436331
node-int64--node-int64-0.4.0,repacked,../data/unpacked_2500/node-int64--node-int64-0.4.0,../data/repacked_xz_2500/node-int64--node-int64-0.4.0.tar.xz,5976,13.303500003530644
node-libs-browser--node-libs-browser-2.2.1,repacked,../data/unpacked_2500/node-libs-browser--node-libs-browser-2.2.1,../data/repacked_xz_2500/node-libs-browser--node-libs-browser-2.2.1.tar.xz,4048,13.493625010596588
node-notifier--node-notifier-10.0.1,repacked,../data/unpacked_2500/node-notifier--node-notifier-10.0.1,../data/repacked_xz_2500/node-notifier--node-notifier-10.0.1.tar.xz,1421708,1072.6352909987327
node-releases--node-releases-2.0.46,repacked,../data/unpacked_2500/node-releases--node-releases-2.0.46,../data/repacked_xz_2500/node-releases--node-releases-2.0.46.tar.xz,4536,17.993375004152767
node-uuid--node-uuid-1.4.8,repacked,../data/unpacked_2500/node-uuid--node-uuid-1.4.8,../data/repacked_xz_2500/node-uuid--node-uuid-1.4.8.tar.xz,13772,22.89591600128915
nopt--nopt-10.0.0,repacked,../data/unpacked_2500/nopt--nopt-10.0.0,../data/repacked_xz_2500/nopt--nopt-10.0.0.tar.xz,9420,16.08966699859593
normalize-package-data--normalize-package-data-9.0.0,repacked,../data/unpacked_2500/normalize-package-data--normalize-package-data-9.0.0,../data/repacked_xz_2500/normalize-package-data--normalize-package-data-9.0.0.tar.xz,8720,15.22816599754151
normalize-path--normalize-path-3.0.0,repacked,../data/unpacked_2500/normalize-path--normalize-path-3.0.0,../data/repacked_xz_2500/normalize-path--normalize-path-3.0.0.tar.xz,3604,9.821416999329813
normalize-range--normalize-range-0.1.2,repacked,../data/unpacked_2500/normalize-range--normalize-range-0.1.2,../data/repacked_xz_2500/normalize-range--normalize-range-0.1.2.tar.xz,3304,10.135083008208312
normalize-url--normalize-url-9.0.1,repacked,../data/unpacked_2500/normalize-url--normalize-url-9.0.1,../data/repacked_xz_2500/normalize-url--normalize-url-9.0.1.tar.xz,8908,16.41216699499637
npm-bundled--npm-bundled-6.0.0,repacked,../data/unpacked_2500/npm-bundled--npm-bundled-6.0.0,../data/repacked_xz_2500/npm-bundled--npm-bundled-6.0.0.tar.xz,4048,10.70695900125429
npm-conf--npm-conf-1.1.3,repacked,../data/unpacked_2500/npm-conf--npm-conf-1.1.3,../data/repacked_xz_2500/npm-conf--npm-conf-1.1.3.tar.xz,6672,14.671458993689157
npm-normalize-package-bin--npm-normalize-package-bin-6.0.0,repacked,../data/unpacked_2500/npm-normalize-package-bin--npm-normalize-package-bin-6.0.0,../data/repacked_xz_2500/npm-normalize-package-bin--npm-normalize-package-bin-6.0.0.tar.xz,2128,9.386999998241663
npm-package-arg--npm-package-arg-14.0.0,repacked,../data/unpacked_2500/npm-package-arg--npm-package-arg-14.0.0,../data/repacked_xz_2500/npm-package-arg--npm-package-arg-14.0.0.tar.xz,7792,13.367334002396092
npm-run-path--npm-run-path-6.0.0,repacked,../data/unpacked_2500/npm-run-path--npm-run-path-6.0.0,../data/repacked_xz_2500/npm-run-path--npm-run-path-6.0.0.tar.xz,3096,9.735582993016578
npmlog--npmlog-7.0.1,repacked,../data/unpacked_2500/npmlog--npmlog-7.0.1,../data/repacked_xz_2500/npmlog--npmlog-7.0.1.tar.xz,6068,12.688916001934558
nth-check--nth-check-3.0.1,repacked,../data/unpacked_2500/nth-check--nth-check-3.0.1,../data/repacked_xz_2500/nth-check--nth-check-3.0.1.tar.xz,6916,19.555165999918245
num2fraction--num2fraction-1.2.2,repacked,../data/unpacked_2500/num2fraction--num2fraction-1.2.2,../data/repacked_xz_2500/num2fraction--num2fraction-1.2.2.tar.xz,2724,9.979166992707178
number-is-nan--number-is-nan-3.0.0,repacked,../data/unpacked_2500/number-is-nan--number-is-nan-3.0.0,../data/repacked_xz_2500/number-is-nan--number-is-nan-3.0.0.tar.xz,1752,8.37416599097196
nwsapi--nwsapi-2.2.23,repacked,../data/unpacked_2500/nwsapi--nwsapi-2.2.23,../data/repacked_xz_2500/nwsapi--nwsapi-2.2.23.tar.xz,19992,27.964708002400585
oauth-sign--oauth-sign-0.9.0,repacked,../data/unpacked_2500/oauth-sign--oauth-sign-0.9.0,../data/repacked_xz_2500/oauth-sign--oauth-sign-0.9.0.tar.xz,5128,11.191708996193483
object-assign--object-assign-4.1.1,repacked,../data/unpacked_2500/object-assign--object-assign-4.1.1,../data/repacked_xz_2500/object-assign--object-assign-4.1.1.tar.xz,2800,8.952415999374352
object-copy--object-copy-1.0.0,repacked,../data/unpacked_2500/object-copy--object-copy-1.0.0,../data/repacked_xz_2500/object-copy--object-copy-1.0.0.tar.xz,3508,9.989917001803406
object-hash--object-hash-3.0.0,repacked,../data/unpacked_2500/object-hash--object-hash-3.0.0,../data/repacked_xz_2500/object-hash--object-hash-3.0.0.tar.xz,16736,21.14920898748096
object-inspect--object-inspect-1.13.4,repacked,../data/unpacked_2500/object-inspect--object-inspect-1.13.4,../data/repacked_xz_2500/object-inspect--object-inspect-1.13.4.tar.xz,25296,46.306707998155616
object-is--object-is-1.1.6,repacked,../data/unpacked_2500/object-is--object-is-1.1.6,../data/repacked_xz_2500/object-is--object-is-1.1.6.tar.xz,8960,17.050541995558888
object-keys--object-keys-1.1.1,repacked,../data/unpacked_2500/object-keys--object-keys-1.1.1,../data/repacked_xz_2500/object-keys--object-keys-1.1.1.tar.xz,7240,16.881707997526973
object-visit--object-visit-1.0.1,repacked,../data/unpacked_2500/object-visit--object-visit-1.0.1,../data/repacked_xz_2500/object-visit--object-visit-1.0.1.tar.xz,2920,9.386999998241663
object.assign--object.assign-4.1.7,repacked,../data/unpacked_2500/object.assign--object.assign-4.1.7,../data/repacked_xz_2500/object.assign--object.assign-4.1.7.tar.xz,18724,30.337875010445714
object.entries--object.entries-1.1.9,repacked,../data/unpacked_2500/object.entries--object.entries-1.1.9,../data/repacked_xz_2500/object.entries--object.entries-1.1.9.tar.xz,10204,19.30325001012534
object.fromentries--object.fromentries-2.0.8,repacked,../data/unpacked_2500/object.fromentries--object.fromentries-2.0.8,../data/repacked_xz_2500/object.fromentries--object.fromentries-2.0.8.tar.xz,6036,15.144917008001357
object.getownpropertydescriptors--object.getownpropertydescriptors-2.1.9,repacked,../data/unpacked_2500/object.getownpropertydescriptors--object.getownpropertydescriptors-2.1.9,../data/repacked_xz_2500/object.getownpropertydescriptors--object.getownpropertydescriptors-2.1.9.tar.xz,7676,17.291666998062283
object.groupby--object.groupby-1.0.3,repacked,../data/unpacked_2500/object.groupby--object.groupby-1.0.3,../data/repacked_xz_2500/object.groupby--object.groupby-1.0.3.tar.xz,6120,16.50579200941138
object.omit--object.omit-3.0.0,repacked,../data/unpacked_2500/object.omit--object.omit-3.0.0,../data/repacked_xz_2500/object.omit--object.omit-3.0.0.tar.xz,3232,10.649875010130927
object.pick--object.pick-1.3.0,repacked,../data/unpacked_2500/object.pick--object.pick-1.3.0,../data/repacked_xz_2500/object.pick--object.pick-1.3.0.tar.xz,2736,9.459749999223277
object.values--object.values-1.2.1,repacked,../data/unpacked_2500/object.values--object.values-1.2.1,../data/repacked_xz_2500/object.values--object.values-1.2.1.tar.xz,10104,18.46474999911152
obuf--obuf-1.1.2,repacked,../data/unpacked_2500/obuf--obuf-1.1.2,../data/repacked_xz_2500/obuf--obuf-1.1.2.tar.xz,4032,12.589749996550381
on-exit-leak-free--on-exit-leak-free-2.1.2,repacked,../data/unpacked_2500/on-exit-leak-free--on-exit-leak-free-2.1.2,../data/repacked_xz_2500/on-exit-leak-free--on-exit-leak-free-2.1.2.tar.xz,4140,14.111708995187655
on-finished--on-finished-2.4.1,repacked,../data/unpacked_2500/on-finished--on-finished-2.4.1,../data/repacked_xz_2500/on-finished--on-finished-2.4.1.tar.xz,5020,11.63708399690222
on-headers--on-headers-1.1.0,repacked,../data/unpacked_2500/on-headers--on-headers-1.1.0,../data/repacked_xz_2500/on-headers--on-headers-1.1.0.tar.xz,3652,10.149084002478048
once--once-1.4.0,repacked,../data/unpacked_2500/once--once-1.4.0,../data/repacked_xz_2500/once--once-1.4.0.tar.xz,2112,8.235291999881156
one-time--one-time-1.0.0,repacked,../data/unpacked_2500/one-time--one-time-1.0.0,../data/repacked_xz_2500/one-time--one-time-1.0.0.tar.xz,2772,9.82804098748602
onetime--onetime-8.0.0,repacked,../data/unpacked_2500/onetime--onetime-8.0.0,../data/repacked_xz_2500/onetime--onetime-8.0.0.tar.xz,2564,9.238750004442409
open--open-11.0.0,repacked,../data/unpacked_2500/open--open-11.0.0,../data/repacked_xz_2500/open--open-11.0.0.tar.xz,15396,21.276957995723933
opn--opn-6.0.0,repacked,../data/unpacked_2500/opn--opn-6.0.0,../data/repacked_xz_2500/opn--opn-6.0.0.tar.xz,9696,16.1788749974221
optimist--optimist-0.6.1,repacked,../data/unpacked_2500/optimist--optimist-0.6.1,../data/repacked_xz_2500/optimist--optimist-0.6.1.tar.xz,12144,25.585292009054683
optionator--optionator-0.9.4,repacked,../data/unpacked_2500/optionator--optionator-0.9.4,../data/repacked_xz_2500/optionator--optionator-0.9.4.tar.xz,13212,21.20124999783002
ora--ora-9.4.0,repacked,../data/unpacked_2500/ora--ora-9.4.0,../data/repacked_xz_2500/ora--ora-9.4.0.tar.xz,10564,16.603666997980326
ordered-read-streams--ordered-read-streams-2.0.0,repacked,../data/unpacked_2500/ordered-read-streams--ordered-read-streams-2.0.0,../data/repacked_xz_2500/ordered-read-streams--ordered-read-streams-2.0.0.tar.xz,3044,9.88229199720081
os-browserify--os-browserify-0.3.0,repacked,../data/unpacked_2500/os-browserify--os-browserify-0.3.0,../data/repacked_xz_2500/os-browserify--os-browserify-0.3.0.tar.xz,1732,8.797875008895062
os-homedir--os-homedir-2.0.0,repacked,../data/unpacked_2500/os-homedir--os-homedir-2.0.0,../data/repacked_xz_2500/os-homedir--os-homedir-2.0.0.tar.xz,1900,8.500625001033768
os-locale--os-locale-8.0.0,repacked,../data/unpacked_2500/os-locale--os-locale-8.0.0,../data/repacked_xz_2500/os-locale--os-locale-8.0.0.tar.xz,2108,8.985000007669441
os-tmpdir--os-tmpdir-2.0.0,repacked,../data/unpacked_2500/os-tmpdir--os-tmpdir-2.0.0,../data/repacked_xz_2500/os-tmpdir--os-tmpdir-2.0.0.tar.xz,1960,8.205916994484141
osenv--osenv-0.1.5,repacked,../data/unpacked_2500/osenv--osenv-0.1.5,../data/repacked_xz_2500/osenv--osenv-0.1.5.tar.xz,2396,8.553833002224565
own-keys--own-keys-1.0.1,repacked,../data/unpacked_2500/own-keys--own-keys-1.0.1,../data/repacked_xz_2500/own-keys--own-keys-1.0.1.tar.xz,4848,14.205291998223402
p-cancelable--p-cancelable-4.0.1,repacked,../data/unpacked_2500/p-cancelable--p-cancelable-4.0.1,../data/repacked_xz_2500/p-cancelable--p-cancelable-4.0.1.tar.xz,4484,11.196292005479336
p-defer--p-defer-4.0.1,repacked,../data/unpacked_2500/p-defer--p-defer-4.0.1,../data/repacked_xz_2500/p-defer--p-defer-4.0.1.tar.xz,2080,8.854875006363727
p-event--p-event-7.1.0,repacked,../data/unpacked_2500/p-event--p-event-7.1.0,../data/repacked_xz_2500/p-event--p-event-7.1.0.tar.xz,7680,15.238791995216161
p-finally--p-finally-3.0.0,repacked,../data/unpacked_2500/p-finally--p-finally-3.0.0,../data/repacked_xz_2500/p-finally--p-finally-3.0.0.tar.xz,2020,8.934999990742654
p-is-promise--p-is-promise-4.0.0,repacked,../data/unpacked_2500/p-is-promise--p-is-promise-4.0.0,../data/repacked_xz_2500/p-is-promise--p-is-promise-4.0.0.tar.xz,2172,9.187709001707844
p-limit--p-limit-7.3.0,repacked,../data/unpacked_2500/p-limit--p-limit-7.3.0,../data/repacked_xz_2500/p-limit--p-limit-7.3.0.tar.xz,4584,10.852999999769963
p-locate--p-locate-7.0.0,repacked,../data/unpacked_2500/p-locate--p-locate-7.0.0,../data/repacked_xz_2500/p-locate--p-locate-7.0.0.tar.xz,3188,10.07591700181365
p-map--p-map-7.0.4,repacked,../data/unpacked_2500/p-map--p-map-7.0.4,../data/repacked_xz_2500/p-map--p-map-7.0.4.tar.xz,5764,11.972542008152232
p-queue--p-queue-9.3.0,repacked,../data/unpacked_2500/p-queue--p-queue-9.3.0,../data/repacked_xz_2500/p-queue--p-queue-9.3.0.tar.xz,17840,28.80624998942949
p-retry--p-retry-8.0.0,repacked,../data/unpacked_2500/p-retry--p-retry-8.0.0,../data/repacked_xz_2500/p-retry--p-retry-8.0.0.tar.xz,6744,12.93562499631662
p-timeout--p-timeout-7.0.1,repacked,../data/unpacked_2500/p-timeout--p-timeout-7.0.1,../data/repacked_xz_2500/p-timeout--p-timeout-7.0.1.tar.xz,4456,11.51279199984856
p-try--p-try-3.0.0,repacked,../data/unpacked_2500/p-try--p-try-3.0.0,../data/repacked_xz_2500/p-try--p-try-3.0.0.tar.xz,2296,9.608082997146994
package-json--package-json-10.0.1,repacked,../data/unpacked_2500/package-json--package-json-10.0.1,../data/repacked_xz_2500/package-json--package-json-10.0.1.tar.xz,5116,11.567250010557473
package-json-from-dist--package-json-from-dist-1.0.1,repacked,../data/unpacked_2500/package-json-from-dist--package-json-from-dist-1.0.1,../data/repacked_xz_2500/package-json-from-dist--package-json-from-dist-1.0.1.tar.xz,5648,16.806458006612957
pako--pako-2.1.0,repacked,../data/unpacked_2500/pako--pako-2.1.0,../data/repacked_xz_2500/pako--pako-2.1.0.tar.xz,104660,298.2128330040723
parallel-transform--parallel-transform-1.2.0,repacked,../data/unpacked_2500/parallel-transform--parallel-transform-1.2.0,../data/repacked_xz_2500/parallel-transform--parallel-transform-1.2.0.tar.xz,2564,9.168040996883065
param-case--param-case-4.0.0,repacked,../data/unpacked_2500/param-case--param-case-4.0.0,../data/repacked_xz_2500/param-case--param-case-4.0.0.tar.xz,1432,8.153415998094715
parent-module--parent-module-3.2.0,repacked,../data/unpacked_2500/parent-module--parent-module-3.2.0,../data/repacked_xz_2500/parent-module--parent-module-3.2.0.tar.xz,2368,8.6005409975769
parse-asn1--parse-asn1-5.1.9,repacked,../data/unpacked_2500/parse-asn1--parse-asn1-5.1.9,../data/repacked_xz_2500/parse-asn1--parse-asn1-5.1.9.tar.xz,8080,15.484125004149973
parse-entities--parse-entities-4.0.2,repacked,../data/unpacked_2500/parse-entities--parse-entities-4.0.2,../data/repacked_xz_2500/parse-entities--parse-entities-4.0.2.tar.xz,8036,15.286541995010339
parse-filepath--parse-filepath-1.0.2,repacked,../data/unpacked_2500/parse-filepath--parse-filepath-1.0.2,../data/repacked_xz_2500/parse-filepath--parse-filepath-1.0.2.tar.xz,3060,10.16637499560602
parse-glob--parse-glob-3.0.4,repacked,../data/unpacked_2500/parse-glob--parse-glob-3.0.4,../data/repacked_xz_2500/parse-glob--parse-glob-3.0.4.tar.xz,3984,10.779083997476846
parse-json--parse-json-8.3.0,repacked,../data/unpacked_2500/parse-json--parse-json-8.3.0,../data/repacked_xz_2500/parse-json--parse-json-8.3.0.tar.xz,3544,9.976792003726587
parse-ms--parse-ms-4.0.0,repacked,../data/unpacked_2500/parse-ms--parse-ms-4.0.0,../data/repacked_xz_2500/parse-ms--parse-ms-4.0.0.tar.xz,2096,8.906041999580339
parse-node-version--parse-node-version-2.0.0,repacked,../data/unpacked_2500/parse-node-version--parse-node-version-2.0.0,../data/repacked_xz_2500/parse-node-version--parse-node-version-2.0.0.tar.xz,2336,8.793332992354408
parse-passwd--parse-passwd-1.0.0,repacked,../data/unpacked_2500/parse-passwd--parse-passwd-1.0.0,../data/repacked_xz_2500/parse-passwd--parse-passwd-1.0.0.tar.xz,2776,9.698249996290542
parse5--parse5-8.0.1,repacked,../data/unpacked_2500/parse5--parse5-8.0.1,../data/repacked_xz_2500/parse5--parse5-8.0.1.tar.xz,44524,78.33054200455081
parse5-htmlparser2-tree-adapter--parse5-htmlparser2-tree-adapter-8.0.1,repacked,../data/unpacked_2500/parse5-htmlparser2-tree-adapter--parse5-htmlparser2-tree-adapter-8.0.1,../data/repacked_xz_2500/parse5-htmlparser2-tree-adapter--parse5-htmlparser2-tree-adapter-8.0.1.tar.xz,3444,10.412875009933487
parse5-parser-stream--parse5-parser-stream-8.0.0,repacked,../data/unpacked_2500/parse5-parser-stream--parse5-parser-stream-8.0.0,../data/repacked_xz_2500/parse5-parser-stream--parse5-parser-stream-8.0.0.tar.xz,3348,10.818583003128879
parseuri--parseuri-3.0.2,repacked,../data/unpacked_2500/parseuri--parseuri-3.0.2,../data/repacked_xz_2500/parseuri--parseuri-3.0.2.tar.xz,23120,38.6829590133857
parseurl--parseurl-1.3.3,repacked,../data/unpacked_2500/parseurl--parseurl-1.3.3,../data/repacked_xz_2500/parseurl--parseurl-1.3.3.tar.xz,3876,11.700332994223572
pascal-case--pascal-case-4.0.0,repacked,../data/unpacked_2500/pascal-case--pascal-case-4.0.0,../data/repacked_xz_2500/pascal-case--pascal-case-4.0.0.tar.xz,1772,9.397540998179466
pascalcase--pascalcase-2.0.0,repacked,../data/unpacked_2500/pascalcase--pascalcase-2.0.0,../data/repacked_xz_2500/pascalcase--pascalcase-2.0.0.tar.xz,3288,10.303625007509254
path--path-0.12.7,repacked,../data/unpacked_2500/path--path-0.12.7,../data/repacked_xz_2500/path--path-0.12.7.tar.xz,5332,13.884708008845337
path-browserify--path-browserify-1.0.1,repacked,../data/unpacked_2500/path-browserify--path-browserify-1.0.1,../data/repacked_xz_2500/path-browserify--path-browserify-1.0.1.tar.xz,11416,25.261290997150354
path-dirname--path-dirname-1.0.2,repacked,../data/unpacked_2500/path-dirname--path-dirname-1.0.2,../data/repacked_xz_2500/path-dirname--path-dirname-1.0.2.tar.xz,2560,9.600334000424482
path-exists--path-exists-5.0.0,repacked,../data/unpacked_2500/path-exists--path-exists-5.0.0,../data/repacked_xz_2500/path-exists--path-exists-5.0.0.tar.xz,2216,8.807041012914851
path-expression-matcher--path-expression-matcher-1.5.0,repacked,../data/unpacked_2500/path-expression-matcher--path-expression-matcher-1.5.0,../data/repacked_xz_2500/path-expression-matcher--path-expression-matcher-1.5.0.tar.xz,26696,41.3093750103144
path-is-absolute--path-is-absolute-2.0.0,repacked,../data/unpacked_2500/path-is-absolute--path-is-absolute-2.0.0,../data/repacked_xz_2500/path-is-absolute--path-is-absolute-2.0.0.tar.xz,2032,8.784917008597404
path-is-inside--path-is-inside-1.0.2,repacked,../data/unpacked_2500/path-is-inside--path-is-inside-1.0.2,../data/repacked_xz_2500/path-is-inside--path-is-inside-1.0.2.tar.xz,2020,8.534291991963983
path-key--path-key-4.0.0,repacked,../data/unpacked_2500/path-key--path-key-4.0.0,../data/repacked_xz_2500/path-key--path-key-4.0.0.tar.xz,2184,8.933666002121754
path-parse--path-parse-1.0.7,repacked,../data/unpacked_2500/path-parse--path-parse-1.0.7,../data/repacked_xz_2500/path-parse--path-parse-1.0.7.tar.xz,2184,8.452417008811608
path-root--path-root-0.1.1,repacked,../data/unpacked_2500/path-root--path-root-0.1.1,../data/repacked_xz_2500/path-root--path-root-0.1.1.tar.xz,2476,9.157125008641742
path-root-regex--path-root-regex-0.1.2,repacked,../data/unpacked_2500/path-root-regex--path-root-regex-0.1.2,../data/repacked_xz_2500/path-root-regex--path-root-regex-0.1.2.tar.xz,2344,9.146000011241995
path-scurry--path-scurry-2.0.2,repacked,../data/unpacked_2500/path-scurry--path-scurry-2.0.2,../data/repacked_xz_2500/path-scurry--path-scurry-2.0.2.tar.xz,40948,92.86570799304172
path-to-regexp--path-to-regexp-8.4.2,repacked,../data/unpacked_2500/path-to-regexp--path-to-regexp-8.4.2,../data/repacked_xz_2500/path-to-regexp--path-to-regexp-8.4.2.tar.xz,12940,24.061542004346848
path-type--path-type-6.0.0,repacked,../data/unpacked_2500/path-type--path-type-6.0.0,../data/repacked_xz_2500/path-type--path-type-6.0.0.tar.xz,2108,9.004292005556636
pathe--pathe-2.0.3,repacked,../data/unpacked_2500/pathe--pathe-2.0.3,../data/repacked_xz_2500/pathe--pathe-2.0.3.tar.xz,9840,22.211582996533252
pbkdf2--pbkdf2-3.1.5,repacked,../data/unpacked_2500/pbkdf2--pbkdf2-3.1.5,../data/repacked_xz_2500/pbkdf2--pbkdf2-3.1.5.tar.xz,13112,21.915709003224038
pend--pend-1.2.0,repacked,../data/unpacked_2500/pend--pend-1.2.0,../data/repacked_xz_2500/pend--pend-1.2.0.tar.xz,2400,10.419790996820666
performance-now--performance-now-2.1.0,repacked,../data/unpacked_2500/performance-now--performance-now-2.1.0,../data/repacked_xz_2500/performance-now--performance-now-2.1.0.tar.xz,5024,17.764959004125558
pg-connection-string--pg-connection-string-2.13.0,repacked,../data/unpacked_2500/pg-connection-string--pg-connection-string-2.13.0,../data/repacked_xz_2500/pg-connection-string--pg-connection-string-2.13.0.tar.xz,5700,13.832291995640844
pg-int8--pg-int8-1.0.1,repacked,../data/unpacked_2500/pg-int8--pg-int8-1.0.1,../data/repacked_xz_2500/pg-int8--pg-int8-1.0.1.tar.xz,1628,8.202290991903283
pg-types--pg-types-4.1.0,repacked,../data/unpacked_2500/pg-types--pg-types-4.1.0,../data/repacked_xz_2500/pg-types--pg-types-4.1.0.tar.xz,6276,13.294208998559043
picocolors--picocolors-1.1.1,repacked,../data/unpacked_2500/picocolors--picocolors-1.1.1,../data/repacked_xz_2500/picocolors--picocolors-1.1.1.tar.xz,2680,9.661083007813431
picomatch--picomatch-4.0.4,repacked,../data/unpacked_2500/picomatch--picomatch-4.0.4,../data/repacked_xz_2500/picomatch--picomatch-4.0.4.tar.xz,21480,31.286875004298054
pify--pify-6.1.0,repacked,../data/unpacked_2500/pify--pify-6.1.0,../data/repacked_xz_2500/pify--pify-6.1.0.tar.xz,5152,13.161167007638142
pinkie--pinkie-2.0.4,repacked,../data/unpacked_2500/pinkie--pinkie-2.0.4,../data/repacked_xz_2500/pinkie--pinkie-2.0.4.tar.xz,3932,10.420542006613687
pinkie-promise--pinkie-promise-2.0.1,repacked,../data/unpacked_2500/pinkie-promise--pinkie-promise-2.0.1,../data/repacked_xz_2500/pinkie-promise--pinkie-promise-2.0.1.tar.xz,1668,8.572874998208135
pino--pino-10.3.1,repacked,../data/unpacked_2500/pino--pino-10.3.1,../data/repacked_xz_2500/pino--pino-10.3.1.tar.xz,116900,180.2588340069633
pino-abstract-transport--pino-abstract-transport-3.0.0,repacked,../data/unpacked_2500/pino-abstract-transport--pino-abstract-transport-3.0.0,../data/repacked_xz_2500/pino-abstract-transport--pino-abstract-transport-3.0.0.tar.xz,8944,20.63070799340494
pino-std-serializers--pino-std-serializers-7.1.0,repacked,../data/unpacked_2500/pino-std-serializers--pino-std-serializers-7.1.0,../data/repacked_xz_2500/pino-std-serializers--pino-std-serializers-7.1.0.tar.xz,10204,23.31324999977369
pirates--pirates-4.0.7,repacked,../data/unpacked_2500/pirates--pirates-4.0.7,../data/repacked_xz_2500/pirates--pirates-4.0.7.tar.xz,4732,13.663124991580844
pkce-challenge--pkce-challenge-6.0.0,repacked,../data/unpacked_2500/pkce-challenge--pkce-challenge-6.0.0,../data/repacked_xz_2500/pkce-challenge--pkce-challenge-6.0.0.tar.xz,4880,13.359458011109382
pkg-dir--pkg-dir-9.0.0,repacked,../data/unpacked_2500/pkg-dir--pkg-dir-9.0.0,../data/repacked_xz_2500/pkg-dir--pkg-dir-9.0.0.tar.xz,2140,9.823040993069299
pkg-types--pkg-types-2.3.1,repacked,../data/unpacked_2500/pkg-types--pkg-types-2.3.1,../data/repacked_xz_2500/pkg-types--pkg-types-2.3.1.tar.xz,12280,17.84091698937118
pkg-up--pkg-up-5.0.0,repacked,../data/unpacked_2500/pkg-up--pkg-up-5.0.0,../data/repacked_xz_2500/pkg-up--pkg-up-5.0.0.tar.xz,2064,9.41416599380318
pluralize--pluralize-8.0.0,repacked,../data/unpacked_2500/pluralize--pluralize-8.0.0,../data/repacked_xz_2500/pluralize--pluralize-8.0.0.tar.xz,5876,12.827708007534966
pngjs--pngjs-7.0.0,repacked,../data/unpacked_2500/pngjs--pngjs-7.0.0,../data/repacked_xz_2500/pngjs--pngjs-7.0.0.tar.xz,116420,151.4832499960903
popper.js--popper.js-1.16.1,repacked,../data/unpacked_2500/popper.js--popper.js-1.16.1,../data/repacked_xz_2500/popper.js--popper.js-1.16.1.tar.xz,96844,276.7418750008801
portfinder--portfinder-1.0.38,repacked,../data/unpacked_2500/portfinder--portfinder-1.0.38,../data/repacked_xz_2500/portfinder--portfinder-1.0.38.tar.xz,6668,14.531041000736877
posix-character-classes--posix-character-classes-1.0.0,repacked,../data/unpacked_2500/posix-character-classes--posix-character-classes-1.0.0,../data/repacked_xz_2500/posix-character-classes--posix-character-classes-1.0.0.tar.xz,3216,9.965749995899387
possible-typed-array-names--possible-typed-array-names-1.1.0,repacked,../data/unpacked_2500/possible-typed-array-names--possible-typed-array-names-1.1.0,../data/repacked_xz_2500/possible-typed-array-names--possible-typed-array-names-1.1.0.tar.xz,4528,13.104500001645647
postcss--postcss-8.5.15,repacked,../data/unpacked_2500/postcss--postcss-8.5.15,../data/repacked_xz_2500/postcss--postcss-8.5.15.tar.xz,42736,64.3735000048764
postcss-attribute-case-insensitive--postcss-attribute-case-insensitive-8.0.0,repacked,../data/unpacked_2500/postcss-attribute-case-insensitive--postcss-attribute-case-insensitive-8.0.0,../data/repacked_xz_2500/postcss-attribute-case-insensitive--postcss-attribute-case-insensitive-8.0.0.tar.xz,3324,10.462124992045574
postcss-browser-comments--postcss-browser-comments-7.0.0,repacked,../data/unpacked_2500/postcss-browser-comments--postcss-browser-comments-7.0.0,../data/repacked_xz_2500/postcss-browser-comments--postcss-browser-comments-7.0.0.tar.xz,3332,9.967375008272938
postcss-calc--postcss-calc-10.1.1,repacked,../data/unpacked_2500/postcss-calc--postcss-calc-10.1.1,../data/repacked_xz_2500/postcss-calc--postcss-calc-10.1.1.tar.xz,34536,46.240417010267265
postcss-clamp--postcss-clamp-4.1.0,repacked,../data/unpacked_2500/postcss-clamp--postcss-clamp-4.1.0,../data/repacked_xz_2500/postcss-clamp--postcss-clamp-4.1.0.tar.xz,4500,12.415792007232085
postcss-color-functional-notation--postcss-color-functional-notation-8.0.4,repacked,../data/unpacked_2500/postcss-color-functional-notation--postcss-color-functional-notation-8.0.4,../data/repacked_xz_2500/postcss-color-functional-notation--postcss-color-functional-notation-8.0.4.tar.xz,3396,10.895166007685475
postcss-color-hex-alpha--postcss-color-hex-alpha-11.0.0,repacked,../data/unpacked_2500/postcss-color-hex-alpha--postcss-color-hex-alpha-11.0.0,../data/repacked_xz_2500/postcss-color-hex-alpha--postcss-color-hex-alpha-11.0.0.tar.xz,3032,10.656416998244822
postcss-color-rebeccapurple--postcss-color-rebeccapurple-11.0.0,repacked,../data/unpacked_2500/postcss-color-rebeccapurple--postcss-color-rebeccapurple-11.0.0,../data/repacked_xz_2500/postcss-color-rebeccapurple--postcss-color-rebeccapurple-11.0.0.tar.xz,2964,10.894125007325783
postcss-colormin--postcss-colormin-8.0.0,repacked,../data/unpacked_2500/postcss-colormin--postcss-colormin-8.0.0,../data/repacked_xz_2500/postcss-colormin--postcss-colormin-8.0.0.tar.xz,4620,12.920875000418164
postcss-convert-values--postcss-convert-values-8.0.0,repacked,../data/unpacked_2500/postcss-convert-values--postcss-convert-values-8.0.0,../data/repacked_xz_2500/postcss-convert-values--postcss-convert-values-8.0.0.tar.xz,5568,14.345999996294267
postcss-custom-media--postcss-custom-media-12.0.1,repacked,../data/unpacked_2500/postcss-custom-media--postcss-custom-media-12.0.1,../data/repacked_xz_2500/postcss-custom-media--postcss-custom-media-12.0.1.tar.xz,6244,12.772749993018806
postcss-custom-properties--postcss-custom-properties-15.0.1,repacked,../data/unpacked_2500/postcss-custom-properties--postcss-custom-properties-15.0.1,../data/repacked_xz_2500/postcss-custom-properties--postcss-custom-properties-15.0.1.tar.xz,5908,13.684500008821487
postcss-custom-selectors--postcss-custom-selectors-9.0.1,repacked,../data/unpacked_2500/postcss-custom-selectors--postcss-custom-selectors-9.0.1,../data/repacked_xz_2500/postcss-custom-selectors--postcss-custom-selectors-9.0.1.tar.xz,4176,12.097167011233978
postcss-dir-pseudo-class--postcss-dir-pseudo-class-10.0.0,repacked,../data/unpacked_2500/postcss-dir-pseudo-class--postcss-dir-pseudo-class-10.0.0,../data/repacked_xz_2500/postcss-dir-pseudo-class--postcss-dir-pseudo-class-10.0.0.tar.xz,3924,10.783041987451725
postcss-discard-comments--postcss-discard-comments-8.0.0,repacked,../data/unpacked_2500/postcss-discard-comments--postcss-discard-comments-8.0.0,../data/repacked_xz_2500/postcss-discard-comments--postcss-discard-comments-8.0.0.tar.xz,5452,20.395750005263835
postcss-discard-duplicates--postcss-discard-duplicates-8.0.0,repacked,../data/unpacked_2500/postcss-discard-duplicates--postcss-discard-duplicates-8.0.0,../data/repacked_xz_2500/postcss-discard-duplicates--postcss-discard-duplicates-8.0.0.tar.xz,3308,11.309499997878447
postcss-discard-empty--postcss-discard-empty-8.0.0,repacked,../data/unpacked_2500/postcss-discard-empty--postcss-discard-empty-8.0.0,../data/repacked_xz_2500/postcss-discard-empty--postcss-discard-empty-8.0.0.tar.xz,2704,10.331917001167312
postcss-discard-overridden--postcss-discard-overridden-8.0.0,repacked,../data/unpacked_2500/postcss-discard-overridden--postcss-discard-overridden-8.0.0,../data/repacked_xz_2500/postcss-discard-overridden--postcss-discard-overridden-8.0.0.tar.xz,2600,9.353750006994233
postcss-double-position-gradients--postcss-double-position-gradients-7.0.1,repacked,../data/unpacked_2500/postcss-double-position-gradients--postcss-double-position-gradients-7.0.1,../data/repacked_xz_2500/postcss-double-position-gradients--postcss-double-position-gradients-7.0.1.tar.xz,3764,10.455290990648791
postcss-env-function--postcss-env-function-8.0.0,repacked,../data/unpacked_2500/postcss-env-function--postcss-env-function-8.0.0,../data/repacked_xz_2500/postcss-env-function--postcss-env-function-8.0.0.tar.xz,4168,11.542542008101009
postcss-flexbugs-fixes--postcss-flexbugs-fixes-5.0.2,repacked,../data/unpacked_2500/postcss-flexbugs-fixes--postcss-flexbugs-fixes-5.0.2,../data/repacked_xz_2500/postcss-flexbugs-fixes--postcss-flexbugs-fixes-5.0.2.tar.xz,3368,11.021792000974528
postcss-focus-visible--postcss-focus-visible-11.0.0,repacked,../data/unpacked_2500/postcss-focus-visible--postcss-focus-visible-11.0.0,../data/repacked_xz_2500/postcss-focus-visible--postcss-focus-visible-11.0.0.tar.xz,3760,10.840792005183175
postcss-focus-within--postcss-focus-within-10.0.0,repacked,../data/unpacked_2500/postcss-focus-within--postcss-focus-within-10.0.0,../data/repacked_xz_2500/postcss-focus-within--postcss-focus-within-10.0.0.tar.xz,7016,17.305459012277424
postcss-font-variant--postcss-font-variant-5.0.0,repacked,../data/unpacked_2500/postcss-font-variant--postcss-font-variant-5.0.0,../data/repacked_xz_2500/postcss-font-variant--postcss-font-variant-5.0.0.tar.xz,3372,10.541249997913837
postcss-gap-properties--postcss-gap-properties-7.0.0,repacked,../data/unpacked_2500/postcss-gap-properties--postcss-gap-properties-7.0.0,../data/repacked_xz_2500/postcss-gap-properties--postcss-gap-properties-7.0.0.tar.xz,2744,11.012332994141616
postcss-image-set-function--postcss-image-set-function-8.0.0,repacked,../data/unpacked_2500/postcss-image-set-function--postcss-image-set-function-8.0.0,../data/repacked_xz_2500/postcss-image-set-function--postcss-image-set-function-8.0.0.tar.xz,4988,13.110833009704947
postcss-import--postcss-import-16.1.1,repacked,../data/unpacked_2500/postcss-import--postcss-import-16.1.1,../data/repacked_xz_2500/postcss-import--postcss-import-16.1.1.tar.xz,9632,19.902749991160817
postcss-initial--postcss-initial-3.0.4,repacked,../data/unpacked_2500/postcss-initial--postcss-initial-3.0.4,../data/repacked_xz_2500/postcss-initial--postcss-initial-3.0.4.tar.xz,7264,19.710458000190556
postcss-js--postcss-js-5.1.0,repacked,../data/unpacked_2500/postcss-js--postcss-js-5.1.0,../data/repacked_xz_2500/postcss-js--postcss-js-5.1.0.tar.xz,4624,16.89512500888668
postcss-lab-function--postcss-lab-function-8.0.4,repacked,../data/unpacked_2500/postcss-lab-function--postcss-lab-function-8.0.4,../data/repacked_xz_2500/postcss-lab-function--postcss-lab-function-8.0.4.tar.xz,3976,12.217333991429769
postcss-load-config--postcss-load-config-6.0.1,repacked,../data/unpacked_2500/postcss-load-config--postcss-load-config-6.0.1,../data/repacked_xz_2500/postcss-load-config--postcss-load-config-6.0.1.tar.xz,7012,14.777250005863607
postcss-loader--postcss-loader-8.2.1,repacked,../data/unpacked_2500/postcss-loader--postcss-loader-8.2.1,../data/repacked_xz_2500/postcss-loader--postcss-loader-8.2.1.tar.xz,12348,20.84995798941236
postcss-logical--postcss-logical-9.0.0,repacked,../data/unpacked_2500/postcss-logical--postcss-logical-9.0.0,../data/repacked_xz_2500/postcss-logical--postcss-logical-9.0.0.tar.xz,5952,19.33774999633897
postcss-media-minmax--postcss-media-minmax-5.0.0,repacked,../data/unpacked_2500/postcss-media-minmax--postcss-media-minmax-5.0.0,../data/repacked_xz_2500/postcss-media-minmax--postcss-media-minmax-5.0.0.tar.xz,6736,14.566416997695342
postcss-merge-longhand--postcss-merge-longhand-8.0.0,repacked,../data/unpacked_2500/postcss-merge-longhand--postcss-merge-longhand-8.0.0,../data/repacked_xz_2500/postcss-merge-longhand--postcss-merge-longhand-8.0.0.tar.xz,12988,44.864916999358684
postcss-merge-rules--postcss-merge-rules-8.0.0,repacked,../data/unpacked_2500/postcss-merge-rules--postcss-merge-rules-8.0.0,../data/repacked_xz_2500/postcss-merge-rules--postcss-merge-rules-8.0.0.tar.xz,8820,19.547791001969017
postcss-minify-font-values--postcss-minify-font-values-8.0.0,repacked,../data/unpacked_2500/postcss-minify-font-values--postcss-minify-font-values-8.0.0,../data/repacked_xz_2500/postcss-minify-font-values--postcss-minify-font-values-8.0.0.tar.xz,6744,18.124875001376495
postcss-minify-gradients--postcss-minify-gradients-8.0.0,repacked,../data/unpacked_2500/postcss-minify-gradients--postcss-minify-gradients-8.0.0,../data/repacked_xz_2500/postcss-minify-gradients--postcss-minify-gradients-8.0.0.tar.xz,4064,13.014333002502099
postcss-minify-params--postcss-minify-params-8.0.0,repacked,../data/unpacked_2500/postcss-minify-params--postcss-minify-params-8.0.0,../data/repacked_xz_2500/postcss-minify-params--postcss-minify-params-8.0.0.tar.xz,3736,11.54287499957718
postcss-minify-selectors--postcss-minify-selectors-8.0.1,repacked,../data/unpacked_2500/postcss-minify-selectors--postcss-minify-selectors-8.0.1,../data/repacked_xz_2500/postcss-minify-selectors--postcss-minify-selectors-8.0.1.tar.xz,8296,20.431334007298574
postcss-modules-extract-imports--postcss-modules-extract-imports-3.1.0,repacked,../data/unpacked_2500/postcss-modules-extract-imports--postcss-modules-extract-imports-3.1.0,../data/repacked_xz_2500/postcss-modules-extract-imports--postcss-modules-extract-imports-3.1.0.tar.xz,3972,10.852416002308019
postcss-modules-local-by-default--postcss-modules-local-by-default-4.2.0,repacked,../data/unpacked_2500/postcss-modules-local-by-default--postcss-modules-local-by-default-4.2.0,../data/repacked_xz_2500/postcss-modules-local-by-default--postcss-modules-local-by-default-4.2.0.tar.xz,7152,13.950500011560507
postcss-modules-scope--postcss-modules-scope-3.2.1,repacked,../data/unpacked_2500/postcss-modules-scope--postcss-modules-scope-3.2.1,../data/repacked_xz_2500/postcss-modules-scope--postcss-modules-scope-3.2.1.tar.xz,5576,13.773665996268392
postcss-modules-values--postcss-modules-values-4.0.0,repacked,../data/unpacked_2500/postcss-modules-values--postcss-modules-values-4.0.0,../data/repacked_xz_2500/postcss-modules-values--postcss-modules-values-4.0.0.tar.xz,3784,11.27591700060293
postcss-nested--postcss-nested-7.0.2,repacked,../data/unpacked_2500/postcss-nested--postcss-nested-7.0.2,../data/repacked_xz_2500/postcss-nested--postcss-nested-7.0.2.tar.xz,5108,11.215291000553407
postcss-nesting--postcss-nesting-14.0.0,repacked,../data/unpacked_2500/postcss-nesting--postcss-nesting-14.0.0,../data/repacked_xz_2500/postcss-nesting--postcss-nesting-14.0.0.tar.xz,6916,13.593541996669956
postcss-normalize--postcss-normalize-13.0.1,repacked,../data/unpacked_2500/postcss-normalize--postcss-normalize-13.0.1,../data/repacked_xz_2500/postcss-normalize--postcss-normalize-13.0.1.tar.xz,7304,13.747667006100528
postcss-normalize-charset--postcss-normalize-charset-8.0.0,repacked,../data/unpacked_2500/postcss-normalize-charset--postcss-normalize-charset-8.0.0,../data/repacked_xz_2500/postcss-normalize-charset--postcss-normalize-charset-8.0.0.tar.xz,2752,10.902833004365675
postcss-normalize-display-values--postcss-normalize-display-values-8.0.0,repacked,../data/unpacked_2500/postcss-normalize-display-values--postcss-normalize-display-values-8.0.0,../data/repacked_xz_2500/postcss-normalize-display-values--postcss-normalize-display-values-8.0.0.tar.xz,3176,12.445790998754092
postcss-normalize-positions--postcss-normalize-positions-8.0.0,repacked,../data/unpacked_2500/postcss-normalize-positions--postcss-normalize-positions-8.0.0,../data/repacked_xz_2500/postcss-normalize-positions--postcss-normalize-positions-8.0.0.tar.xz,3496,11.632291993009858
postcss-normalize-repeat-style--postcss-normalize-repeat-style-8.0.0,repacked,../data/unpacked_2500/postcss-normalize-repeat-style--postcss-normalize-repeat-style-8.0.0,../data/repacked_xz_2500/postcss-normalize-repeat-style--postcss-normalize-repeat-style-8.0.0.tar.xz,3504,14.244834004784934
postcss-normalize-string--postcss-normalize-string-8.0.0,repacked,../data/unpacked_2500/postcss-normalize-string--postcss-normalize-string-8.0.0,../data/repacked_xz_2500/postcss-normalize-string--postcss-normalize-string-8.0.0.tar.xz,4400,12.471666996134445
postcss-normalize-timing-functions--postcss-normalize-timing-functions-8.0.0,repacked,../data/unpacked_2500/postcss-normalize-timing-functions--postcss-normalize-timing-functions-8.0.0,../data/repacked_xz_2500/postcss-normalize-timing-functions--postcss-normalize-timing-functions-8.0.0.tar.xz,3112,10.614708007778972
postcss-normalize-unicode--postcss-normalize-unicode-8.0.0,repacked,../data/unpacked_2500/postcss-normalize-unicode--postcss-normalize-unicode-8.0.0,../data/repacked_xz_2500/postcss-normalize-unicode--postcss-normalize-unicode-8.0.0.tar.xz,3504,11.822957996628247
postcss-normalize-url--postcss-normalize-url-8.0.0,repacked,../data/unpacked_2500/postcss-normalize-url--postcss-normalize-url-8.0.0,../data/repacked_xz_2500/postcss-normalize-url--postcss-normalize-url-8.0.0.tar.xz,4760,15.533708996372297
postcss-normalize-whitespace--postcss-normalize-whitespace-8.0.0,repacked,../data/unpacked_2500/postcss-normalize-whitespace--postcss-normalize-whitespace-8.0.0,../data/repacked_xz_2500/postcss-normalize-whitespace--postcss-normalize-whitespace-8.0.0.tar.xz,3032,11.0828750039218
postcss-opacity-percentage--postcss-opacity-percentage-3.0.0,repacked,../data/unpacked_2500/postcss-opacity-percentage--postcss-opacity-percentage-3.0.0,../data/repacked_xz_2500/postcss-opacity-percentage--postcss-opacity-percentage-3.0.0.tar.xz,2508,8.726332991500385
postcss-ordered-values--postcss-ordered-values-8.0.0,repacked,../data/unpacked_2500/postcss-ordered-values--postcss-ordered-values-8.0.0,../data/repacked_xz_2500/postcss-ordered-values--postcss-ordered-values-8.0.0.tar.xz,8940,29.57804199832026
postcss-overflow-shorthand--postcss-overflow-shorthand-7.0.0,repacked,../data/unpacked_2500/postcss-overflow-shorthand--postcss-overflow-shorthand-7.0.0,../data/repacked_xz_2500/postcss-overflow-shorthand--postcss-overflow-shorthand-7.0.0.tar.xz,2784,9.808292001252994
postcss-page-break--postcss-page-break-3.0.4,repacked,../data/unpacked_2500/postcss-page-break--postcss-page-break-3.0.4,../data/repacked_xz_2500/postcss-page-break--postcss-page-break-3.0.4.tar.xz,2640,9.296167001593858
postcss-place--postcss-place-11.0.0,repacked,../data/unpacked_2500/postcss-place--postcss-place-11.0.0,../data/repacked_xz_2500/postcss-place--postcss-place-11.0.0.tar.xz,2900,9.954749999451451
postcss-preset-env--postcss-preset-env-11.3.0,repacked,../data/unpacked_2500/postcss-preset-env--postcss-preset-env-11.3.0,../data/repacked_xz_2500/postcss-preset-env--postcss-preset-env-11.3.0.tar.xz,16108,24.6582919935463
postcss-pseudo-class-any-link--postcss-pseudo-class-any-link-11.0.0,repacked,../data/unpacked_2500/postcss-pseudo-class-any-link--postcss-pseudo-class-any-link-11.0.0,../data/repacked_xz_2500/postcss-pseudo-class-any-link--postcss-pseudo-class-any-link-11.0.0.tar.xz,3740,11.752249993151054
postcss-reduce-initial--postcss-reduce-initial-8.0.0,repacked,../data/unpacked_2500/postcss-reduce-initial--postcss-reduce-initial-8.0.0,../data/repacked_xz_2500/postcss-reduce-initial--postcss-reduce-initial-8.0.0.tar.xz,6124,16.17970800725743
postcss-reduce-transforms--postcss-reduce-transforms-8.0.0,repacked,../data/unpacked_2500/postcss-reduce-transforms--postcss-reduce-transforms-8.0.0,../data/repacked_xz_2500/postcss-reduce-transforms--postcss-reduce-transforms-8.0.0.tar.xz,3520,11.649624997517094
postcss-replace-overflow-wrap--postcss-replace-overflow-wrap-4.0.0,repacked,../data/unpacked_2500/postcss-replace-overflow-wrap--postcss-replace-overflow-wrap-4.0.0,../data/repacked_xz_2500/postcss-replace-overflow-wrap--postcss-replace-overflow-wrap-4.0.0.tar.xz,2232,9.422417002497241
postcss-safe-parser--postcss-safe-parser-7.0.1,repacked,../data/unpacked_2500/postcss-safe-parser--postcss-safe-parser-7.0.1,../data/repacked_xz_2500/postcss-safe-parser--postcss-safe-parser-7.0.1.tar.xz,2780,9.176874998956919
postcss-selector-not--postcss-selector-not-9.0.0,repacked,../data/unpacked_2500/postcss-selector-not--postcss-selector-not-9.0.0,../data/repacked_xz_2500/postcss-selector-not--postcss-selector-not-9.0.0.tar.xz,2880,10.367583992774598
postcss-selector-parser--postcss-selector-parser-7.1.1,repacked,../data/unpacked_2500/postcss-selector-parser--postcss-selector-parser-7.1.1,../data/repacked_xz_2500/postcss-selector-parser--postcss-selector-parser-7.1.1.tar.xz,37268,52.77379200560972
postcss-svgo--postcss-svgo-8.0.0,repacked,../data/unpacked_2500/postcss-svgo--postcss-svgo-8.0.0,../data/repacked_xz_2500/postcss-svgo--postcss-svgo-8.0.0.tar.xz,5256,13.808250005240552
postcss-unique-selectors--postcss-unique-selectors-8.0.0,repacked,../data/unpacked_2500/postcss-unique-selectors--postcss-unique-selectors-8.0.0,../data/repacked_xz_2500/postcss-unique-selectors--postcss-unique-selectors-8.0.0.tar.xz,2852,11.666833001072519
postcss-value-parser--postcss-value-parser-4.2.0,repacked,../data/unpacked_2500/postcss-value-parser--postcss-value-parser-4.2.0,../data/repacked_xz_2500/postcss-value-parser--postcss-value-parser-4.2.0.tar.xz,7756,16.218874996411614
postgres-array--postgres-array-3.0.4,repacked,../data/unpacked_2500/postgres-array--postgres-array-3.0.4,../data/repacked_xz_2500/postgres-array--postgres-array-3.0.4.tar.xz,2888,9.920124997734092
postgres-bytea--postgres-bytea-3.0.0,repacked,../data/unpacked_2500/postgres-bytea--postgres-bytea-3.0.0,../data/repacked_xz_2500/postgres-bytea--postgres-bytea-3.0.0.tar.xz,3804,11.020540987374261
postgres-date--postgres-date-2.1.0,repacked,../data/unpacked_2500/postgres-date--postgres-date-2.1.0,../data/repacked_xz_2500/postgres-date--postgres-date-2.1.0.tar.xz,3460,10.803166995174251
postgres-interval--postgres-interval-4.0.2,repacked,../data/unpacked_2500/postgres-interval--postgres-interval-4.0.2,../data/repacked_xz_2500/postgres-interval--postgres-interval-4.0.2.tar.xz,3540,10.536333007621579
prebuild-install--prebuild-install-7.1.3,repacked,../data/unpacked_2500/prebuild-install--prebuild-install-7.1.3,../data/repacked_xz_2500/prebuild-install--prebuild-install-7.1.3.tar.xz,10792,18.303375007235445
prelude-ls--prelude-ls-1.2.1,repacked,../data/unpacked_2500/prelude-ls--prelude-ls-1.2.1,../data/repacked_xz_2500/prelude-ls--prelude-ls-1.2.1.tar.xz,8744,16.44220799789764
prepend-http--prepend-http-4.0.0,repacked,../data/unpacked_2500/prepend-http--prepend-http-4.0.0,../data/repacked_xz_2500/prepend-http--prepend-http-4.0.0.tar.xz,2124,9.114500004216097
preserve--preserve-0.2.0,repacked,../data/unpacked_2500/preserve--preserve-0.2.0,../data/repacked_xz_2500/preserve--preserve-0.2.0.tar.xz,3752,11.677500006044284
prettier--prettier-3.8.3,repacked,../data/unpacked_2500/prettier--prettier-3.8.3,../data/repacked_xz_2500/prettier--prettier-3.8.3.tar.xz,947932,1617.5253330002306
pretty-bytes--pretty-bytes-7.1.0,repacked,../data/unpacked_2500/pretty-bytes--pretty-bytes-7.1.0,../data/repacked_xz_2500/pretty-bytes--pretty-bytes-7.1.0.tar.xz,4608,11.039790988434106
pretty-error--pretty-error-4.0.0,repacked,../data/unpacked_2500/pretty-error--pretty-error-4.0.0,../data/repacked_xz_2500/pretty-error--pretty-error-4.0.0.tar.xz,14656,26.01170899288263
pretty-format--pretty-format-30.4.1,repacked,../data/unpacked_2500/pretty-format--pretty-format-30.4.1,../data/repacked_xz_2500/pretty-format--pretty-format-30.4.1.tar.xz,13768,20.47087499522604
prismjs--prismjs-1.30.0,repacked,../data/unpacked_2500/prismjs--prismjs-1.30.0,../data/repacked_xz_2500/prismjs--prismjs-1.30.0.tar.xz,398252,645.1804579992313
private--private-0.1.8,repacked,../data/unpacked_2500/private--private-0.1.8,../data/repacked_xz_2500/private--private-0.1.8.tar.xz,5240,11.66699999885168
proc-log--proc-log-7.0.0,repacked,../data/unpacked_2500/proc-log--proc-log-7.0.0,../data/repacked_xz_2500/proc-log--proc-log-7.0.0.tar.xz,4144,11.544374996447004
process--process-0.11.10,repacked,../data/unpacked_2500/process--process-0.11.10,../data/repacked_xz_2500/process--process-0.11.10.tar.xz,4660,12.501667006290518
process-nextick-args--process-nextick-args-2.0.1,repacked,../data/unpacked_2500/process-nextick-args--process-nextick-args-2.0.1,../data/repacked_xz_2500/process-nextick-args--process-nextick-args-2.0.1.tar.xz,1796,8.204333993489854
process-warning--process-warning-5.0.0,repacked,../data/unpacked_2500/process-warning--process-warning-5.0.0,../data/repacked_xz_2500/process-warning--process-warning-5.0.0.tar.xz,7192,19.83870900585316
progress--progress-2.0.3,repacked,../data/unpacked_2500/progress--progress-2.0.3,../data/repacked_xz_2500/progress--progress-2.0.3.tar.xz,5948,12.997499987250194
promise--promise-8.3.0,repacked,../data/unpacked_2500/promise--promise-8.3.0,../data/repacked_xz_2500/promise--promise-8.3.0.tar.xz,13588,33.38137500395533
promise-inflight--promise-inflight-1.0.1,repacked,../data/unpacked_2500/promise-inflight--promise-inflight-1.0.1,../data/repacked_xz_2500/promise-inflight--promise-inflight-1.0.1.tar.xz,1804,8.79345799330622
promise-retry--promise-retry-2.0.1,repacked,../data/unpacked_2500/promise-retry--promise-retry-2.0.1,../data/repacked_xz_2500/promise-retry--promise-retry-2.0.1.tar.xz,4124,12.383833003696054
prompts--prompts-2.4.2,repacked,../data/unpacked_2500/prompts--prompts-2.4.2,../data/repacked_xz_2500/prompts--prompts-2.4.2.tar.xz,25944,55.55558399646543
prop-types--prop-types-15.8.1,repacked,../data/unpacked_2500/prop-types--prop-types-15.8.1,../data/repacked_xz_2500/prop-types--prop-types-15.8.1.tar.xz,16592,26.77566700731404
property-information--property-information-7.1.0,repacked,../data/unpacked_2500/property-information--property-information-7.1.0,../data/repacked_xz_2500/property-information--property-information-7.1.0.tar.xz,21160,55.649834001087584
proto-list--proto-list-1.2.4,repacked,../data/unpacked_2500/proto-list--proto-list-1.2.4,../data/repacked_xz_2500/proto-list--proto-list-1.2.4.tar.xz,2268,9.884833998512477
protobufjs--protobufjs-8.4.2,repacked,../data/unpacked_2500/protobufjs--protobufjs-8.4.2,../data/repacked_xz_2500/protobufjs--protobufjs-8.4.2.tar.xz,210836,611.9554169999901
proxy-addr--proxy-addr-2.0.7,repacked,../data/unpacked_2500/proxy-addr--proxy-addr-2.0.7,../data/repacked_xz_2500/proxy-addr--proxy-addr-2.0.7.tar.xz,5328,11.680208990583196
proxy-from-env--proxy-from-env-2.1.0,repacked,../data/unpacked_2500/proxy-from-env--proxy-from-env-2.1.0,../data/repacked_xz_2500/proxy-from-env--proxy-from-env-2.1.0.tar.xz,5292,11.549999995622784
prr--prr-1.0.1,repacked,../data/unpacked_2500/prr--prr-1.0.1,../data/repacked_xz_2500/prr--prr-1.0.1.tar.xz,3480,10.549582992098294
pseudomap--pseudomap-1.0.2,repacked,../data/unpacked_2500/pseudomap--pseudomap-1.0.2,../data/repacked_xz_2500/pseudomap--pseudomap-1.0.2.tar.xz,3636,10.449499997776002
psl--psl-1.15.0,repacked,../data/unpacked_2500/psl--psl-1.15.0,../data/repacked_xz_2500/psl--psl-1.15.0.tar.xz,72936,129.61491699388716
public-encrypt--public-encrypt-4.0.3,repacked,../data/unpacked_2500/public-encrypt--public-encrypt-4.0.3,../data/repacked_xz_2500/public-encrypt--public-encrypt-4.0.3.tar.xz,13288,24.252084011095576
pump--pump-3.0.4,repacked,../data/unpacked_2500/pump--pump-3.0.4,../data/repacked_xz_2500/pump--pump-3.0.4.tar.xz,3936,13.584957996499725
pumpify--pumpify-2.0.1,repacked,../data/unpacked_2500/pumpify--pumpify-2.0.1,../data/repacked_xz_2500/pumpify--pumpify-2.0.1.tar.xz,3508,11.05874999484513
punycode--punycode-2.3.1,repacked,../data/unpacked_2500/punycode--punycode-2.3.1,../data/repacked_xz_2500/punycode--punycode-2.3.1.tar.xz,7260,15.376332987216301
q--q-1.5.1,repacked,../data/unpacked_2500/q--q-1.5.1,../data/repacked_xz_2500/q--q-1.5.1.tar.xz,33148,37.0468329929281
qs--qs-6.15.2,repacked,../data/unpacked_2500/qs--qs-6.15.2,../data/repacked_xz_2500/qs--qs-6.15.2.tar.xz,57824,73.3745000034105
query-string--query-string-9.3.1,repacked,../data/unpacked_2500/query-string--query-string-9.3.1,../data/repacked_xz_2500/query-string--query-string-9.3.1.tar.xz,11024,20.247249995009042
querystring--querystring-0.2.1,repacked,../data/unpacked_2500/querystring--querystring-0.2.1,../data/repacked_xz_2500/querystring--querystring-0.2.1.tar.xz,3436,10.983709013089538
querystring-es3--querystring-es3-0.2.1,repacked,../data/unpacked_2500/querystring-es3--querystring-es3-0.2.1,../data/repacked_xz_2500/querystring-es3--querystring-es3-0.2.1.tar.xz,4812,13.83262500166893
querystringify--querystringify-2.2.0,repacked,../data/unpacked_2500/querystringify--querystringify-2.2.0,../data/repacked_xz_2500/querystringify--querystringify-2.2.0.tar.xz,3160,9.58504200389143
queue-microtask--queue-microtask-1.2.3,repacked,../data/unpacked_2500/queue-microtask--queue-microtask-1.2.3,../data/repacked_xz_2500/queue-microtask--queue-microtask-1.2.3.tar.xz,3708,10.201458004303277
quick-format-unescaped--quick-format-unescaped-4.0.4,repacked,../data/unpacked_2500/quick-format-unescaped--quick-format-unescaped-4.0.4,../data/repacked_xz_2500/quick-format-unescaped--quick-format-unescaped-4.0.4.tar.xz,4388,13.595917000202462
quick-lru--quick-lru-7.3.0,repacked,../data/unpacked_2500/quick-lru--quick-lru-7.3.0,../data/repacked_xz_2500/quick-lru--quick-lru-7.3.0.tar.xz,5940,12.851749997935258
raf--raf-3.4.1,repacked,../data/unpacked_2500/raf--raf-3.4.1,../data/repacked_xz_2500/raf--raf-3.4.1.tar.xz,3764,11.10862499626819
ramda--ramda-0.32.0,repacked,../data/unpacked_2500/ramda--ramda-0.32.0,../data/repacked_xz_2500/ramda--ramda-0.32.0.tar.xz,132644,456.2536659941543
randomatic--randomatic-3.1.1,repacked,../data/unpacked_2500/randomatic--randomatic-3.1.1,../data/repacked_xz_2500/randomatic--randomatic-3.1.1.tar.xz,4696,11.45633299893234
randombytes--randombytes-2.1.0,repacked,../data/unpacked_2500/randombytes--randombytes-2.1.0,../data/repacked_xz_2500/randombytes--randombytes-2.1.0.tar.xz,2736,9.890790999634191
randomfill--randomfill-1.0.4,repacked,../data/unpacked_2500/randomfill--randomfill-1.0.4,../data/repacked_xz_2500/randomfill--randomfill-1.0.4.tar.xz,2908,10.08320800610818
range-parser--range-parser-1.2.1,repacked,../data/unpacked_2500/range-parser--range-parser-1.2.1,../data/repacked_xz_2500/range-parser--range-parser-1.2.1.tar.xz,3640,9.785208007087931
raw-body--raw-body-3.0.2,repacked,../data/unpacked_2500/raw-body--raw-body-3.0.2,../data/repacked_xz_2500/raw-body--raw-body-3.0.2.tar.xz,6168,12.445000000298023
rc--rc-1.2.8,repacked,../data/unpacked_2500/rc--rc-1.2.8,../data/repacked_xz_2500/rc--rc-1.2.8.tar.xz,7316,15.310666000004858
rc-util--rc-util-5.44.4,repacked,../data/unpacked_2500/rc-util--rc-util-5.44.4,../data/repacked_xz_2500/rc-util--rc-util-5.44.4.tar.xz,35660,93.97966699907556
react--react-19.2.6,repacked,../data/unpacked_2500/react--react-19.2.6,../data/repacked_xz_2500/react--react-19.2.6.tar.xz,16100,40.827208998962305
react-app-polyfill--react-app-polyfill-3.0.0,repacked,../data/unpacked_2500/react-app-polyfill--react-app-polyfill-3.0.0,../data/repacked_xz_2500/react-app-polyfill--react-app-polyfill-3.0.0.tar.xz,2892,10.041457993793301
react-dev-utils--react-dev-utils-12.0.1,repacked,../data/unpacked_2500/react-dev-utils--react-dev-utils-12.0.1,../data/repacked_xz_2500/react-dev-utils--react-dev-utils-12.0.1.tar.xz,30376,40.888959003495984
react-dom--react-dom-19.2.6,repacked,../data/unpacked_2500/react-dom--react-dom-19.2.6,../data/repacked_xz_2500/react-dom--react-dom-19.2.6.tar.xz,290348,1331.6091659944504
react-error-overlay--react-error-overlay-6.1.0,repacked,../data/unpacked_2500/react-error-overlay--react-error-overlay-6.1.0,../data/repacked_xz_2500/react-error-overlay--react-error-overlay-6.1.0.tar.xz,107480,85.75408400793094
react-fast-compare--react-fast-compare-3.2.2,repacked,../data/unpacked_2500/react-fast-compare--react-fast-compare-3.2.2,../data/repacked_xz_2500/react-fast-compare--react-fast-compare-3.2.2.tar.xz,6100,12.285749995498918
react-is--react-is-19.2.6,repacked,../data/unpacked_2500/react-is--react-is-19.2.6,../data/repacked_xz_2500/react-is--react-is-19.2.6.tar.xz,3236,10.72208400000818
react-lifecycles-compat--react-lifecycles-compat-3.0.4,repacked,../data/unpacked_2500/react-lifecycles-compat--react-lifecycles-compat-3.0.4,../data/repacked_xz_2500/react-lifecycles-compat--react-lifecycles-compat-3.0.4.tar.xz,5808,15.06537500245031
react-redux--react-redux-9.3.0,repacked,../data/unpacked_2500/react-redux--react-redux-9.3.0,../data/repacked_xz_2500/react-redux--react-redux-9.3.0.tar.xz,54776,139.02874999621417
react-refresh--react-refresh-0.18.0,repacked,../data/unpacked_2500/react-refresh--react-refresh-0.18.0,../data/repacked_xz_2500/react-refresh--react-refresh-0.18.0.tar.xz,9316,22.207041998626664
react-remove-scroll--react-remove-scroll-2.7.2,repacked,../data/unpacked_2500/react-remove-scroll--react-remove-scroll-2.7.2,../data/repacked_xz_2500/react-remove-scroll--react-remove-scroll-2.7.2.tar.xz,13132,39.85383299004752
react-remove-scroll-bar--react-remove-scroll-bar-2.3.8,repacked,../data/unpacked_2500/react-remove-scroll-bar--react-remove-scroll-bar-2.3.8,../data/repacked_xz_2500/react-remove-scroll-bar--react-remove-scroll-bar-2.3.8.tar.xz,5336,18.977207990246825
react-router--react-router-7.15.1,repacked,../data/unpacked_2500/react-router--react-router-7.15.1,../data/repacked_xz_2500/react-router--react-router-7.15.1.tar.xz,191604,678.897459001746
react-router-dom--react-router-dom-7.15.1,repacked,../data/unpacked_2500/react-router-dom--react-router-dom-7.15.1,../data/repacked_xz_2500/react-router-dom--react-router-dom-7.15.1.tar.xz,2556,10.709792011766694
react-scripts--react-scripts-5.0.1,repacked,../data/unpacked_2500/react-scripts--react-scripts-5.0.1,../data/repacked_xz_2500/react-scripts--react-scripts-5.0.1.tar.xz,30008,39.73658400354907
react-style-singleton--react-style-singleton-2.2.3,repacked,../data/unpacked_2500/react-style-singleton--react-style-singleton-2.2.3,../data/repacked_xz_2500/react-style-singleton--react-style-singleton-2.2.3.tar.xz,4900,18.005916994297877
react-transition-group--react-transition-group-4.4.5,repacked,../data/unpacked_2500/react-transition-group--react-transition-group-4.4.5,../data/repacked_xz_2500/react-transition-group--react-transition-group-4.4.5.tar.xz,35344,58.53641600697301
read-cache--read-cache-1.0.0,repacked,../data/unpacked_2500/read-cache--read-cache-1.0.0,../data/repacked_xz_2500/read-cache--read-cache-1.0.0.tar.xz,2036,9.604916995158419
read-chunk--read-chunk-5.0.0,repacked,../data/unpacked_2500/read-chunk--read-chunk-5.0.0,../data/repacked_xz_2500/read-chunk--read-chunk-5.0.0.tar.xz,2104,8.437583994236775
read-pkg--read-pkg-10.1.0,repacked,../data/unpacked_2500/read-pkg--read-pkg-10.1.0,../data/repacked_xz_2500/read-pkg--read-pkg-10.1.0.tar.xz,2672,9.27287500235252
read-pkg-up--read-pkg-up-11.0.0,repacked,../data/unpacked_2500/read-pkg-up--read-pkg-up-11.0.0,../data/repacked_xz_2500/read-pkg-up--read-pkg-up-11.0.0.tar.xz,2480,8.85008298791945
readable-stream--readable-stream-4.7.0,repacked,../data/unpacked_2500/readable-stream--readable-stream-4.7.0,../data/repacked_xz_2500/readable-stream--readable-stream-4.7.0.tar.xz,44284,64.15954099793453
readdirp--readdirp-5.0.0,repacked,../data/unpacked_2500/readdirp--readdirp-5.0.0,../data/repacked_xz_2500/readdirp--readdirp-5.0.0.tar.xz,7288,13.945625003543682
real-require--real-require-1.0.0,repacked,../data/unpacked_2500/real-require--real-require-1.0.0,../data/repacked_xz_2500/real-require--real-require-1.0.0.tar.xz,2272,8.979916005046107
recast--recast-0.23.11,repacked,../data/unpacked_2500/recast--recast-0.23.11,../data/repacked_xz_2500/recast--recast-0.23.11.tar.xz,46812,73.19608300167602
rechoir--rechoir-0.8.0,repacked,../data/unpacked_2500/rechoir--rechoir-0.8.0,../data/repacked_xz_2500/rechoir--rechoir-0.8.0.tar.xz,3924,11.822833999758586
recursive-readdir--recursive-readdir-2.2.3,repacked,../data/unpacked_2500/recursive-readdir--recursive-readdir-2.2.3,../data/repacked_xz_2500/recursive-readdir--recursive-readdir-2.2.3.tar.xz,2580,9.249333990737796
redent--redent-4.0.0,repacked,../data/unpacked_2500/redent--redent-4.0.0,../data/repacked_xz_2500/redent--redent-4.0.0.tar.xz,2084,8.447416999842972
redis-parser--redis-parser-3.0.0,repacked,../data/unpacked_2500/redis-parser--redis-parser-3.0.0,../data/repacked_xz_2500/redis-parser--redis-parser-3.0.0.tar.xz,8140,14.894000007188879
redux--redux-5.0.1,repacked,../data/unpacked_2500/redux--redux-5.0.1,../data/repacked_xz_2500/redux--redux-5.0.1.tar.xz,29800,56.14050000440329
reflect-metadata--reflect-metadata-0.2.2,repacked,../data/unpacked_2500/reflect-metadata--reflect-metadata-0.2.2,../data/repacked_xz_2500/reflect-metadata--reflect-metadata-0.2.2.tar.xz,19880,44.1198749904288
reflect.getprototypeof--reflect.getprototypeof-1.0.10,repacked,../data/unpacked_2500/reflect.getprototypeof--reflect.getprototypeof-1.0.10,../data/repacked_xz_2500/reflect.getprototypeof--reflect.getprototypeof-1.0.10.tar.xz,7308,17.197833993122913
regenerate--regenerate-1.4.2,repacked,../data/unpacked_2500/regenerate--regenerate-1.4.2,../data/repacked_xz_2500/regenerate--regenerate-1.4.2.tar.xz,11836,18.08208299917169
regenerate-unicode-properties--regenerate-unicode-properties-10.2.2,repacked,../data/unpacked_2500/regenerate-unicode-properties--regenerate-unicode-properties-10.2.2,../data/repacked_xz_2500/regenerate-unicode-properties--regenerate-unicode-properties-10.2.2.tar.xz,43796,243.20845799229573
regenerator-runtime--regenerator-runtime-0.14.1,repacked,../data/unpacked_2500/regenerator-runtime--regenerator-runtime-0.14.1,../data/repacked_xz_2500/regenerator-runtime--regenerator-runtime-0.14.1.tar.xz,8252,14.007042002049275
regenerator-transform--regenerator-transform-0.15.2,repacked,../data/unpacked_2500/regenerator-transform--regenerator-transform-0.15.2,../data/repacked_xz_2500/regenerator-transform--regenerator-transform-0.15.2.tar.xz,22164,37.256790994433686
regex-cache--regex-cache-0.4.4,repacked,../data/unpacked_2500/regex-cache--regex-cache-0.4.4,../data/repacked_xz_2500/regex-cache--regex-cache-0.4.4.tar.xz,3936,10.190583008807153
regex-not--regex-not-1.0.2,repacked,../data/unpacked_2500/regex-not--regex-not-1.0.2,../data/repacked_xz_2500/regex-not--regex-not-1.0.2.tar.xz,3404,9.799166000448167
regex-parser--regex-parser-2.3.1,repacked,../data/unpacked_2500/regex-parser--regex-parser-2.3.1,../data/repacked_xz_2500/regex-parser--regex-parser-2.3.1.tar.xz,3592,10.468250009580515
regexp.prototype.flags--regexp.prototype.flags-1.5.4,repacked,../data/unpacked_2500/regexp.prototype.flags--regexp.prototype.flags-1.5.4,../data/repacked_xz_2500/regexp.prototype.flags--regexp.prototype.flags-1.5.4.tar.xz,12124,21.014792000642046
regexpp--regexpp-3.2.0,repacked,../data/unpacked_2500/regexpp--regexpp-3.2.0,../data/repacked_xz_2500/regexpp--regexpp-3.2.0.tar.xz,24212,55.056833996786736
regexpu-core--regexpu-core-6.4.0,repacked,../data/unpacked_2500/regexpu-core--regexpu-core-6.4.0,../data/repacked_xz_2500/regexpu-core--regexpu-core-6.4.0.tar.xz,19084,35.83587500907015
registry-auth-token--registry-auth-token-5.1.1,repacked,../data/unpacked_2500/registry-auth-token--registry-auth-token-5.1.1,../data/repacked_xz_2500/registry-auth-token--registry-auth-token-5.1.1.tar.xz,5684,13.498415995854884
registry-url--registry-url-7.2.0,repacked,../data/unpacked_2500/registry-url--registry-url-7.2.0,../data/repacked_xz_2500/registry-url--registry-url-7.2.0.tar.xz,2232,9.185999995679595
regjsgen--regjsgen-0.8.0,repacked,../data/unpacked_2500/regjsgen--regjsgen-0.8.0,../data/repacked_xz_2500/regjsgen--regjsgen-0.8.0.tar.xz,4652,11.125500008347444
regjsparser--regjsparser-0.13.1,repacked,../data/unpacked_2500/regjsparser--regjsparser-0.13.1,../data/repacked_xz_2500/regjsparser--regjsparser-0.13.1.tar.xz,17036,24.83974999631755
relateurl--relateurl-0.2.7,repacked,../data/unpacked_2500/relateurl--relateurl-0.2.7,../data/repacked_xz_2500/relateurl--relateurl-0.2.7.tar.xz,9520,21.97616700141225
remark-parse--remark-parse-11.0.0,repacked,../data/unpacked_2500/remark-parse--remark-parse-11.0.0,../data/repacked_xz_2500/remark-parse--remark-parse-11.0.0.tar.xz,6420,13.036875010584481
remove-trailing-separator--remove-trailing-separator-1.1.0,repacked,../data/unpacked_2500/remove-trailing-separator--remove-trailing-separator-1.1.0,../data/repacked_xz_2500/remove-trailing-separator--remove-trailing-separator-1.1.0.tar.xz,2212,9.289833004004322
renderkid--renderkid-3.0.0,repacked,../data/unpacked_2500/renderkid--renderkid-3.0.0,../data/repacked_xz_2500/renderkid--renderkid-3.0.0.tar.xz,33020,50.75024999678135
repeat-element--repeat-element-1.1.4,repacked,../data/unpacked_2500/repeat-element--repeat-element-1.1.4,../data/repacked_xz_2500/repeat-element--repeat-element-1.1.4.tar.xz,2524,9.041582990903407
repeat-string--repeat-string-1.6.1,repacked,../data/unpacked_2500/repeat-string--repeat-string-1.6.1,../data/repacked_xz_2500/repeat-string--repeat-string-1.6.1.tar.xz,3348,10.103041990078054
repeating--repeating-4.0.0,repacked,../data/unpacked_2500/repeating--repeating-4.0.0,../data/repacked_xz_2500/repeating--repeating-4.0.0.tar.xz,2080,8.479374999296851
replace-ext--replace-ext-2.0.0,repacked,../data/unpacked_2500/replace-ext--replace-ext-2.0.0,../data/repacked_xz_2500/replace-ext--replace-ext-2.0.0.tar.xz,2568,9.145000003627501
request--request-2.88.2,repacked,../data/unpacked_2500/request--request-2.88.2,../data/repacked_xz_2500/request--request-2.88.2.tar.xz,51536,58.0504160025157
request-promise-core--request-promise-core-1.1.4,repacked,../data/unpacked_2500/request-promise-core--request-promise-core-1.1.4,../data/repacked_xz_2500/request-promise-core--request-promise-core-1.1.4.tar.xz,6000,14.878166999551468
request-promise-native--request-promise-native-1.0.9,repacked,../data/unpacked_2500/request-promise-native--request-promise-native-1.0.9,../data/repacked_xz_2500/request-promise-native--request-promise-native-1.0.9.tar.xz,3680,9.872583003016189
require-directory--require-directory-2.1.1,repacked,../data/unpacked_2500/require-directory--require-directory-2.1.1,../data/repacked_xz_2500/require-directory--require-directory-2.1.1.tar.xz,4336,12.02862498757895
require-from-string--require-from-string-2.0.2,repacked,../data/unpacked_2500/require-from-string--require-from-string-2.0.2,../data/repacked_xz_2500/require-from-string--require-from-string-2.0.2.tar.xz,1960,8.07491599698551
require-main-filename--require-main-filename-2.0.0,repacked,../data/unpacked_2500/require-main-filename--require-main-filename-2.0.0,../data/repacked_xz_2500/require-main-filename--require-main-filename-2.0.0.tar.xz,2068,8.996042000944726
requires-port--requires-port-1.0.0,repacked,../data/unpacked_2500/requires-port--requires-port-1.0.0,../data/repacked_xz_2500/requires-port--requires-port-1.0.0.tar.xz,3116,10.514749999856576
reselect--reselect-5.2.0,repacked,../data/unpacked_2500/reselect--reselect-5.2.0,../data/repacked_xz_2500/reselect--reselect-5.2.0.tar.xz,49672,118.51912499696482
resize-observer-polyfill--resize-observer-polyfill-1.5.1,repacked,../data/unpacked_2500/resize-observer-polyfill--resize-observer-polyfill-1.5.1,../data/repacked_xz_2500/resize-observer-polyfill--resize-observer-polyfill-1.5.1.tar.xz,18064,39.182334003271535
resolve--resolve-1.22.12,repacked,../data/unpacked_2500/resolve--resolve-1.22.12,../data/repacked_xz_2500/resolve--resolve-1.22.12.tar.xz,30248,80.70095899165608
resolve-alpn--resolve-alpn-1.2.1,repacked,../data/unpacked_2500/resolve-alpn--resolve-alpn-1.2.1,../data/repacked_xz_2500/resolve-alpn--resolve-alpn-1.2.1.tar.xz,2364,9.356541006127372
resolve-cwd--resolve-cwd-3.0.0,repacked,../data/unpacked_2500/resolve-cwd--resolve-cwd-3.0.0,../data/repacked_xz_2500/resolve-cwd--resolve-cwd-3.0.0.tar.xz,2068,9.012583002913743
resolve-dir--resolve-dir-1.0.1,repacked,../data/unpacked_2500/resolve-dir--resolve-dir-1.0.1,../data/repacked_xz_2500/resolve-dir--resolve-dir-1.0.1.tar.xz,2660,8.642082990263589
resolve-from--resolve-from-5.0.0,repacked,../data/unpacked_2500/resolve-from--resolve-from-5.0.0,../data/repacked_xz_2500/resolve-from--resolve-from-5.0.0.tar.xz,2440,9.41437498840969
resolve-pathname--resolve-pathname-3.0.0,repacked,../data/unpacked_2500/resolve-pathname--resolve-pathname-3.0.0,../data/repacked_xz_2500/resolve-pathname--resolve-pathname-3.0.0.tar.xz,4236,13.84104200406
resolve-url--resolve-url-0.2.1,repacked,../data/unpacked_2500/resolve-url--resolve-url-0.2.1,../data/repacked_xz_2500/resolve-url--resolve-url-0.2.1.tar.xz,3712,11.530000003403984
resolve-url-loader--resolve-url-loader-5.0.0,repacked,../data/unpacked_2500/resolve-url-loader--resolve-url-loader-5.0.0,../data/repacked_xz_2500/resolve-url-loader--resolve-url-loader-5.0.0.tar.xz,26824,34.1107089916477
resolve.exports--resolve.exports-2.0.3,repacked,../data/unpacked_2500/resolve.exports--resolve.exports-2.0.3,../data/repacked_xz_2500/resolve.exports--resolve.exports-2.0.3.tar.xz,7276,14.240416989196092
responselike--responselike-4.0.2,repacked,../data/unpacked_2500/responselike--responselike-4.0.2,../data/repacked_xz_2500/responselike--responselike-4.0.2.tar.xz,2600,9.26041700586211
restore-cursor--restore-cursor-5.1.0,repacked,../data/unpacked_2500/restore-cursor--restore-cursor-5.1.0,../data/repacked_xz_2500/restore-cursor--restore-cursor-5.1.0.tar.xz,1816,9.272707990021445
ret--ret-0.5.0,repacked,../data/unpacked_2500/ret--ret-0.5.0,../data/repacked_xz_2500/ret--ret-0.5.0.tar.xz,15184,32.044540988863446
retry--retry-0.13.1,repacked,../data/unpacked_2500/retry--retry-0.13.1,../data/repacked_xz_2500/retry--retry-0.13.1.tar.xz,6708,15.283999993698671
reusify--reusify-1.1.0,repacked,../data/unpacked_2500/reusify--reusify-1.1.0,../data/repacked_xz_2500/reusify--reusify-1.1.0.tar.xz,5076,14.066166986594908
rfdc--rfdc-1.4.1,repacked,../data/unpacked_2500/rfdc--rfdc-1.4.1,../data/repacked_xz_2500/rfdc--rfdc-1.4.1.tar.xz,7028,16.847834005602635
rgb-regex--rgb-regex-1.0.1,repacked,../data/unpacked_2500/rgb-regex--rgb-regex-1.0.1,../data/repacked_xz_2500/rgb-regex--rgb-regex-1.0.1.tar.xz,2512,10.693915988667868
rgba-regex--rgba-regex-1.0.0,repacked,../data/unpacked_2500/rgba-regex--rgba-regex-1.0.0,../data/repacked_xz_2500/rgba-regex--rgba-regex-1.0.0.tar.xz,2548,9.738166001625359
right-align--right-align-0.1.3,repacked,../data/unpacked_2500/right-align--right-align-0.1.3,../data/repacked_xz_2500/right-align--right-align-0.1.3.tar.xz,2224,9.236915997462347
rimraf--rimraf-6.1.3,repacked,../data/unpacked_2500/rimraf--rimraf-6.1.3,../data/repacked_xz_2500/rimraf--rimraf-6.1.3.tar.xz,31244,88.59120799752418
ripemd160--ripemd160-2.0.3,repacked,../data/unpacked_2500/ripemd160--ripemd160-2.0.3,../data/repacked_xz_2500/ripemd160--ripemd160-2.0.3.tar.xz,5164,12.683709006523713
rollup--rollup-4.60.4,repacked,../data/unpacked_2500/rollup--rollup-4.60.4,../data/repacked_xz_2500/rollup--rollup-4.60.4.tar.xz,234328,510.86133300850634
rollup-plugin-terser--rollup-plugin-terser-7.0.2,repacked,../data/unpacked_2500/rollup-plugin-terser--rollup-plugin-terser-7.0.2,../data/repacked_xz_2500/rollup-plugin-terser--rollup-plugin-terser-7.0.2.tar.xz,3668,11.145958007546142
router--router-2.2.0,repacked,../data/unpacked_2500/router--router-2.2.0,../data/repacked_xz_2500/router--router-2.2.0.tar.xz,13424,18.527624997659586
rsvp--rsvp-4.8.5,repacked,../data/unpacked_2500/rsvp--rsvp-4.8.5,../data/repacked_xz_2500/rsvp--rsvp-4.8.5.tar.xz,53748,123.61191700620111
run-async--run-async-4.0.6,repacked,../data/unpacked_2500/run-async--run-async-4.0.6,../data/repacked_xz_2500/run-async--run-async-4.0.6.tar.xz,3284,10.097708000103012
run-parallel--run-parallel-1.2.0,repacked,../data/unpacked_2500/run-parallel--run-parallel-1.2.0,../data/repacked_xz_2500/run-parallel--run-parallel-1.2.0.tar.xz,2900,9.28337499499321
run-queue--run-queue-2.0.1,repacked,../data/unpacked_2500/run-queue--run-queue-2.0.1,../data/repacked_xz_2500/run-queue--run-queue-2.0.1.tar.xz,3024,9.035999988554977
rw--rw-1.3.3,repacked,../data/unpacked_2500/rw--rw-1.3.3,../data/repacked_xz_2500/rw--rw-1.3.3.tar.xz,6864,20.360333001008257
rx-lite--rx-lite-4.0.8,repacked,../data/unpacked_2500/rx-lite--rx-lite-4.0.8,../data/repacked_xz_2500/rx-lite--rx-lite-4.0.8.tar.xz,89172,101.20000000461005
rxjs--rxjs-7.8.2,repacked,../data/unpacked_2500/rxjs--rxjs-7.8.2,../data/repacked_xz_2500/rxjs--rxjs-7.8.2.tar.xz,541872,1702.2206660039956
rylie--rylie-1.1.4,repacked,../data/unpacked_2500/rylie--rylie-1.1.4,../data/repacked_xz_2500/rylie--rylie-1.1.4.tar.xz,13980,20.14970801246818
safe-array-concat--safe-array-concat-1.1.4,repacked,../data/unpacked_2500/safe-array-concat--safe-array-concat-1.1.4,../data/repacked_xz_2500/safe-array-concat--safe-array-concat-1.1.4.tar.xz,6988,15.207750009722076
safe-buffer--safe-buffer-5.2.1,repacked,../data/unpacked_2500/safe-buffer--safe-buffer-5.2.1,../data/repacked_xz_2500/safe-buffer--safe-buffer-5.2.1.tar.xz,9572,14.889792000758462
safe-push-apply--safe-push-apply-1.0.0,repacked,../data/unpacked_2500/safe-push-apply--safe-push-apply-1.0.0,../data/repacked_xz_2500/safe-push-apply--safe-push-apply-1.0.0.tar.xz,4464,12.805916005163454
safe-regex--safe-regex-2.1.1,repacked,../data/unpacked_2500/safe-regex--safe-regex-2.1.1,../data/repacked_xz_2500/safe-regex--safe-regex-2.1.1.tar.xz,6828,15.882291991147213
safe-regex-test--safe-regex-test-1.1.0,repacked,../data/unpacked_2500/safe-regex-test--safe-regex-test-1.1.0,../data/repacked_xz_2500/safe-regex-test--safe-regex-test-1.1.0.tar.xz,5312,14.466583001194522
safe-stable-stringify--safe-stable-stringify-2.5.0,repacked,../data/unpacked_2500/safe-stable-stringify--safe-stable-stringify-2.5.0,../data/repacked_xz_2500/safe-stable-stringify--safe-stable-stringify-2.5.0.tar.xz,7080,14.980208012275398
safer-buffer--safer-buffer-2.1.2,repacked,../data/unpacked_2500/safer-buffer--safer-buffer-2.1.2,../data/repacked_xz_2500/safer-buffer--safer-buffer-2.1.2.tar.xz,11432,17.4540000007255
sane--sane-5.0.1,repacked,../data/unpacked_2500/sane--sane-5.0.1,../data/repacked_xz_2500/sane--sane-5.0.1.tar.xz,13788,21.143791993381456
sanitize.css--sanitize.css-13.0.0,repacked,../data/unpacked_2500/sanitize.css--sanitize.css-13.0.0,../data/repacked_xz_2500/sanitize.css--sanitize.css-13.0.0.tar.xz,8600,16.104000009363517
sass-loader--sass-loader-17.0.0,repacked,../data/unpacked_2500/sass-loader--sass-loader-17.0.0,../data/repacked_xz_2500/sass-loader--sass-loader-17.0.0.tar.xz,17240,27.780667005572468
sax--sax-1.6.0,repacked,../data/unpacked_2500/sax--sax-1.6.0,../data/repacked_xz_2500/sax--sax-1.6.0.tar.xz,15144,23.289459000807256
saxes--saxes-6.0.0,repacked,../data/unpacked_2500/saxes--saxes-6.0.0,../data/repacked_xz_2500/saxes--saxes-6.0.0.tar.xz,30000,42.14987499290146
scheduler--scheduler-0.27.0,repacked,../data/unpacked_2500/scheduler--scheduler-0.27.0,../data/repacked_xz_2500/scheduler--scheduler-0.27.0.tar.xz,8220,24.48837501287926
schema-utils--schema-utils-4.3.3,repacked,../data/unpacked_2500/schema-utils--schema-utils-4.3.3,../data/repacked_xz_2500/schema-utils--schema-utils-4.3.3.tar.xz,16572,31.011500002932735
scrypt-js--scrypt-js-3.0.1,repacked,../data/unpacked_2500/scrypt-js--scrypt-js-3.0.1,../data/repacked_xz_2500/scrypt-js--scrypt-js-3.0.1.tar.xz,41396,56.03029100166168
secp256k1--secp256k1-5.0.1,repacked,../data/unpacked_2500/secp256k1--secp256k1-5.0.1,../data/repacked_xz_2500/secp256k1--secp256k1-5.0.1.tar.xz,435568,383.2482500001788
seek-bzip--seek-bzip-2.0.0,repacked,../data/unpacked_2500/seek-bzip--seek-bzip-2.0.0,../data/repacked_xz_2500/seek-bzip--seek-bzip-2.0.0.tar.xz,13912,19.79800000844989
select-hose--select-hose-2.0.0,repacked,../data/unpacked_2500/select-hose--select-hose-2.0.0,../data/repacked_xz_2500/select-hose--select-hose-2.0.0.tar.xz,5648,13.757207998423837
selfsigned--selfsigned-5.5.0,repacked,../data/unpacked_2500/selfsigned--selfsigned-5.5.0,../data/repacked_xz_2500/selfsigned--selfsigned-5.5.0.tar.xz,18760,29.408875008812174
semver--semver-7.8.1,repacked,../data/unpacked_2500/semver--semver-7.8.1,../data/repacked_xz_2500/semver--semver-7.8.1.tar.xz,25788,42.23649999767076
semver-diff--semver-diff-5.0.0,repacked,../data/unpacked_2500/semver-diff--semver-diff-5.0.0,../data/repacked_xz_2500/semver-diff--semver-diff-5.0.0.tar.xz,2096,8.833709012833424
send--send-1.2.1,repacked,../data/unpacked_2500/send--send-1.2.1,../data/repacked_xz_2500/send--send-1.2.1.tar.xz,9864,14.80575000459794
serialize-error--serialize-error-13.0.1,repacked,../data/unpacked_2500/serialize-error--serialize-error-13.0.1,../data/repacked_xz_2500/serialize-error--serialize-error-13.0.1.tar.xz,5760,12.258332993951626
serialize-javascript--serialize-javascript-7.0.5,repacked,../data/unpacked_2500/serialize-javascript--serialize-javascript-7.0.5,../data/repacked_xz_2500/serialize-javascript--serialize-javascript-7.0.5.tar.xz,6876,13.166124990675598
serve-index--serve-index-1.9.2,repacked,../data/unpacked_2500/serve-index--serve-index-1.9.2,../data/repacked_xz_2500/serve-index--serve-index-1.9.2.tar.xz,59016,48.36600000271574
serve-static--serve-static-2.2.1,repacked,../data/unpacked_2500/serve-static--serve-static-2.2.1,../data/repacked_xz_2500/serve-static--serve-static-2.2.1.tar.xz,5444,11.645999999018386
set-blocking--set-blocking-2.0.0,repacked,../data/unpacked_2500/set-blocking--set-blocking-2.0.0,../data/repacked_xz_2500/set-blocking--set-blocking-2.0.0.tar.xz,2340,9.067750012036413
set-function-length--set-function-length-1.2.2,repacked,../data/unpacked_2500/set-function-length--set-function-length-1.2.2,../data/repacked_xz_2500/set-function-length--set-function-length-1.2.2.tar.xz,5680,13.710125000216067
set-function-name--set-function-name-2.0.2,repacked,../data/unpacked_2500/set-function-name--set-function-name-2.0.2,../data/repacked_xz_2500/set-function-name--set-function-name-2.0.2.tar.xz,6300,13.59654100087937
set-proto--set-proto-1.0.0,repacked,../data/unpacked_2500/set-proto--set-proto-1.0.0,../data/repacked_xz_2500/set-proto--set-proto-1.0.0.tar.xz,4580,14.16179200168699
set-value--set-value-4.1.0,repacked,../data/unpacked_2500/set-value--set-value-4.1.0,../data/repacked_xz_2500/set-value--set-value-4.1.0.tar.xz,6548,12.921916990308091
setimmediate--setimmediate-1.0.5,repacked,../data/unpacked_2500/setimmediate--setimmediate-1.0.5,../data/repacked_xz_2500/setimmediate--setimmediate-1.0.5.tar.xz,3312,9.411708990228362
setprototypeof--setprototypeof-1.2.0,repacked,../data/unpacked_2500/setprototypeof--setprototypeof-1.2.0,../data/repacked_xz_2500/setprototypeof--setprototypeof-1.2.0.tar.xz,2148,9.591334004653618
sha.js--sha.js-2.4.12,repacked,../data/unpacked_2500/sha.js--sha.js-2.4.12,../data/repacked_xz_2500/sha.js--sha.js-2.4.12.tar.xz,19004,24.670083992532454
shallow-clone--shallow-clone-3.0.1,repacked,../data/unpacked_2500/shallow-clone--shallow-clone-3.0.1,../data/repacked_xz_2500/shallow-clone--shallow-clone-3.0.1.tar.xz,3704,10.22320800984744
shallowequal--shallowequal-1.1.0,repacked,../data/unpacked_2500/shallowequal--shallowequal-1.1.0,../data/repacked_xz_2500/shallowequal--shallowequal-1.1.0.tar.xz,3112,10.111166993738152
sharp--sharp-0.34.5,repacked,../data/unpacked_2500/sharp--sharp-0.34.5,../data/repacked_xz_2500/sharp--sharp-0.34.5.tar.xz,92968,126.16291599988472
shebang-command--shebang-command-2.0.0,repacked,../data/unpacked_2500/shebang-command--shebang-command-2.0.0,../data/repacked_xz_2500/shebang-command--shebang-command-2.0.0.tar.xz,1644,8.485416998155415
shebang-regex--shebang-regex-4.0.0,repacked,../data/unpacked_2500/shebang-regex--shebang-regex-4.0.0,../data/repacked_xz_2500/shebang-regex--shebang-regex-4.0.0.tar.xz,1844,8.205499994801357
shell-quote--shell-quote-1.8.4,repacked,../data/unpacked_2500/shell-quote--shell-quote-1.8.4,../data/repacked_xz_2500/shell-quote--shell-quote-1.8.4.tar.xz,9296,18.456124991644174
shelljs--shelljs-0.10.0,repacked,../data/unpacked_2500/shelljs--shelljs-0.10.0,../data/repacked_xz_2500/shelljs--shelljs-0.10.0.tar.xz,35744,49.47312500735279
shellwords--shellwords-1.1.1,repacked,../data/unpacked_2500/shellwords--shellwords-1.1.1,../data/repacked_xz_2500/shellwords--shellwords-1.1.1.tar.xz,4952,15.380875003756955
side-channel--side-channel-1.1.0,repacked,../data/unpacked_2500/side-channel--side-channel-1.1.0,../data/repacked_xz_2500/side-channel--side-channel-1.1.0.tar.xz,7696,17.069958004867658
side-channel-list--side-channel-list-1.0.1,repacked,../data/unpacked_2500/side-channel-list--side-channel-list-1.0.1,../data/repacked_xz_2500/side-channel-list--side-channel-list-1.0.1.tar.xz,6416,16.574167006183416
side-channel-map--side-channel-map-1.0.1,repacked,../data/unpacked_2500/side-channel-map--side-channel-map-1.0.1,../data/repacked_xz_2500/side-channel-map--side-channel-map-1.0.1.tar.xz,5608,14.899749992764555
side-channel-weakmap--side-channel-weakmap-1.0.2,repacked,../data/unpacked_2500/side-channel-weakmap--side-channel-weakmap-1.0.2,../data/repacked_xz_2500/side-channel-weakmap--side-channel-weakmap-1.0.2.tar.xz,5740,15.147167010582052
sigmund--sigmund-1.0.1,repacked,../data/unpacked_2500/sigmund--sigmund-1.0.1,../data/repacked_xz_2500/sigmund--sigmund-1.0.1.tar.xz,3920,10.934374993667006
signal-exit--signal-exit-4.1.0,repacked,../data/unpacked_2500/signal-exit--signal-exit-4.1.0,../data/repacked_xz_2500/signal-exit--signal-exit-4.1.0.tar.xz,10808,28.56904099462554
simple-concat--simple-concat-1.0.1,repacked,../data/unpacked_2500/simple-concat--simple-concat-1.0.1,../data/repacked_xz_2500/simple-concat--simple-concat-1.0.1.tar.xz,2260,9.432165999896824
simple-get--simple-get-4.0.1,repacked,../data/unpacked_2500/simple-get--simple-get-4.0.1,../data/repacked_xz_2500/simple-get--simple-get-4.0.1.tar.xz,5560,12.864124990301207
simple-swizzle--simple-swizzle-0.2.4,repacked,../data/unpacked_2500/simple-swizzle--simple-swizzle-0.2.4,../data/repacked_xz_2500/simple-swizzle--simple-swizzle-0.2.4.tar.xz,2308,9.461459005251527
sisteransi--sisteransi-1.0.5,repacked,../data/unpacked_2500/sisteransi--sisteransi-1.0.5,../data/repacked_xz_2500/sisteransi--sisteransi-1.0.5.tar.xz,2716,10.429125002701767
slash--slash-5.1.0,repacked,../data/unpacked_2500/slash--slash-5.1.0,../data/repacked_xz_2500/slash--slash-5.1.0.tar.xz,1824,8.660334002343006
slice-ansi--slice-ansi-9.0.0,repacked,../data/unpacked_2500/slice-ansi--slice-ansi-9.0.0,../data/repacked_xz_2500/slice-ansi--slice-ansi-9.0.0.tar.xz,7220,14.274041997850873
smart-buffer--smart-buffer-4.2.0,repacked,../data/unpacked_2500/smart-buffer--smart-buffer-4.2.0,../data/repacked_xz_2500/smart-buffer--smart-buffer-4.2.0.tar.xz,18472,32.36241600825451
snake-case--snake-case-4.0.0,repacked,../data/unpacked_2500/snake-case--snake-case-4.0.0,../data/repacked_xz_2500/snake-case--snake-case-4.0.0.tar.xz,1440,8.229250001022592
snapdragon--snapdragon-0.12.1,repacked,../data/unpacked_2500/snapdragon--snapdragon-0.12.1,../data/repacked_xz_2500/snapdragon--snapdragon-0.12.1.tar.xz,12508,19.746791003854014
snapdragon-node--snapdragon-node-3.0.0,repacked,../data/unpacked_2500/snapdragon-node--snapdragon-node-3.0.0,../data/repacked_xz_2500/snapdragon-node--snapdragon-node-3.0.0.tar.xz,8308,15.107958999578841
snapdragon-util--snapdragon-util-5.0.1,repacked,../data/unpacked_2500/snapdragon-util--snapdragon-util-5.0.1,../data/repacked_xz_2500/snapdragon-util--snapdragon-util-5.0.1.tar.xz,9844,17.34779099933803
sntp--sntp-3.0.2,repacked,../data/unpacked_2500/sntp--sntp-3.0.2,../data/repacked_xz_2500/sntp--sntp-3.0.2.tar.xz,4696,10.79629200103227
socket.io--socket.io-4.8.3,repacked,../data/unpacked_2500/socket.io--socket.io-4.8.3,../data/repacked_xz_2500/socket.io--socket.io-4.8.3.tar.xz,169976,285.78458398988005
socket.io-adapter--socket.io-adapter-2.5.7,repacked,../data/unpacked_2500/socket.io-adapter--socket.io-adapter-2.5.7,../data/repacked_xz_2500/socket.io-adapter--socket.io-adapter-2.5.7.tar.xz,10672,23.890124997706152
socket.io-client--socket.io-client-4.8.3,repacked,../data/unpacked_2500/socket.io-client--socket.io-client-4.8.3,../data/repacked_xz_2500/socket.io-client--socket.io-client-4.8.3.tar.xz,154476,284.9967500078492
socket.io-parser--socket.io-parser-4.2.6,repacked,../data/unpacked_2500/socket.io-parser--socket.io-parser-4.2.6,../data/repacked_xz_2500/socket.io-parser--socket.io-parser-4.2.6.tar.xz,7380,23.499458999140188
sockjs--sockjs-0.3.24,repacked,../data/unpacked_2500/sockjs--sockjs-0.3.24,../data/repacked_xz_2500/sockjs--sockjs-0.3.24.tar.xz,20208,28.15816599468235
sockjs-client--sockjs-client-1.6.1,repacked,../data/unpacked_2500/sockjs-client--sockjs-client-1.6.1,../data/repacked_xz_2500/sockjs-client--sockjs-client-1.6.1.tar.xz,91128,140.3732500039041
socks--socks-2.8.9,repacked,../data/unpacked_2500/socks--socks-2.8.9,../data/repacked_xz_2500/socks--socks-2.8.9.tar.xz,26248,48.48641600983683
socks-proxy-agent--socks-proxy-agent-10.0.0,repacked,../data/unpacked_2500/socks-proxy-agent--socks-proxy-agent-10.0.0,../data/repacked_xz_2500/socks-proxy-agent--socks-proxy-agent-10.0.0.tar.xz,6112,13.917167001636699
sonic-boom--sonic-boom-5.0.0,repacked,../data/unpacked_2500/sonic-boom--sonic-boom-5.0.0,../data/repacked_xz_2500/sonic-boom--sonic-boom-5.0.0.tar.xz,15076,30.886541993822902
sort-keys--sort-keys-6.0.0,repacked,../data/unpacked_2500/sort-keys--sort-keys-6.0.0,../data/repacked_xz_2500/sort-keys--sort-keys-6.0.0.tar.xz,5124,12.640166009077802
source-list-map--source-list-map-2.0.1,repacked,../data/unpacked_2500/source-list-map--source-list-map-2.0.1,../data/repacked_xz_2500/source-list-map--source-list-map-2.0.1.tar.xz,7000,15.629790999810211
source-map--source-map-0.7.6,repacked,../data/unpacked_2500/source-map--source-map-0.7.6,../data/repacked_xz_2500/source-map--source-map-0.7.6.tar.xz,42788,50.54195898992475
source-map-js--source-map-js-1.2.1,repacked,../data/unpacked_2500/source-map-js--source-map-js-1.2.1,../data/repacked_xz_2500/source-map-js--source-map-js-1.2.1.tar.xz,30780,41.5427089901641
source-map-loader--source-map-loader-5.0.0,repacked,../data/unpacked_2500/source-map-loader--source-map-loader-5.0.0,../data/repacked_xz_2500/source-map-loader--source-map-loader-5.0.0.tar.xz,10264,17.097083007683977
source-map-resolve--source-map-resolve-0.6.0,repacked,../data/unpacked_2500/source-map-resolve--source-map-resolve-0.6.0,../data/repacked_xz_2500/source-map-resolve--source-map-resolve-0.6.0.tar.xz,7376,14.280167000833899
source-map-support--source-map-support-0.5.21,repacked,../data/unpacked_2500/source-map-support--source-map-support-0.5.21,../data/repacked_xz_2500/source-map-support--source-map-support-0.5.21.tar.xz,25156,26.90654199977871
source-map-url--source-map-url-0.4.1,repacked,../data/unpacked_2500/source-map-url--source-map-url-0.4.1,../data/repacked_xz_2500/source-map-url--source-map-url-0.4.1.tar.xz,3412,9.86600000760518
sourcemap-codec--sourcemap-codec-1.4.8,repacked,../data/unpacked_2500/sourcemap-codec--sourcemap-codec-1.4.8,../data/repacked_xz_2500/sourcemap-codec--sourcemap-codec-1.4.8.tar.xz,6612,17.338582998490892
space-separated-tokens--space-separated-tokens-2.0.2,repacked,../data/unpacked_2500/space-separated-tokens--space-separated-tokens-2.0.2,../data/repacked_xz_2500/space-separated-tokens--space-separated-tokens-2.0.2.tar.xz,3288,10.327416006475687
sparkles--sparkles-2.1.0,repacked,../data/unpacked_2500/sparkles--sparkles-2.1.0,../data/repacked_xz_2500/sparkles--sparkles-2.1.0.tar.xz,2656,9.674167013145052
sparse-bitfield--sparse-bitfield-3.0.3,repacked,../data/unpacked_2500/sparse-bitfield--sparse-bitfield-3.0.3,../data/repacked_xz_2500/sparse-bitfield--sparse-bitfield-3.0.3.tar.xz,3232,10.532208005315624
spdx-correct--spdx-correct-3.2.0,repacked,../data/unpacked_2500/spdx-correct--spdx-correct-3.2.0,../data/repacked_xz_2500/spdx-correct--spdx-correct-3.2.0.tar.xz,7080,12.982499989448115
spdx-exceptions--spdx-exceptions-2.5.0,repacked,../data/unpacked_2500/spdx-exceptions--spdx-exceptions-2.5.0,../data/repacked_xz_2500/spdx-exceptions--spdx-exceptions-2.5.0.tar.xz,1796,8.314666993101127
spdx-expression-parse--spdx-expression-parse-4.0.0,repacked,../data/unpacked_2500/spdx-expression-parse--spdx-expression-parse-4.0.0,../data/repacked_xz_2500/spdx-expression-parse--spdx-expression-parse-4.0.0.tar.xz,4592,12.010749996989034
spdx-license-ids--spdx-license-ids-3.0.23,repacked,../data/unpacked_2500/spdx-license-ids--spdx-license-ids-3.0.23,../data/repacked_xz_2500/spdx-license-ids--spdx-license-ids-3.0.23.tar.xz,4688,11.05575000110548
spdy--spdy-4.0.2,repacked,../data/unpacked_2500/spdy--spdy-4.0.2,../data/repacked_xz_2500/spdy--spdy-4.0.2.tar.xz,15340,25.132042006589472
spdy-transport--spdy-transport-3.0.0,repacked,../data/unpacked_2500/spdy-transport--spdy-transport-3.0.0,../data/repacked_xz_2500/spdy-transport--spdy-transport-3.0.0.tar.xz,28392,46.85225000139326
split--split-1.0.1,repacked,../data/unpacked_2500/split--split-1.0.1,../data/repacked_xz_2500/split--split-1.0.1.tar.xz,4796,13.914458992076106
split-on-first--split-on-first-4.0.0,repacked,../data/unpacked_2500/split-on-first--split-on-first-4.0.0,../data/repacked_xz_2500/split-on-first--split-on-first-4.0.0.tar.xz,2196,8.694416988873854
split-string--split-string-6.1.0,repacked,../data/unpacked_2500/split-string--split-string-6.1.0,../data/repacked_xz_2500/split-string--split-string-6.1.0.tar.xz,6652,13.35937500698492
split2--split2-4.2.0,repacked,../data/unpacked_2500/split2--split2-4.2.0,../data/repacked_xz_2500/split2--split2-4.2.0.tar.xz,4652,11.765208008000627
sprintf-js--sprintf-js-1.1.3,repacked,../data/unpacked_2500/sprintf-js--sprintf-js-1.1.3,../data/repacked_xz_2500/sprintf-js--sprintf-js-1.1.3.tar.xz,10720,20.61949999188073
sshpk--sshpk-1.18.0,repacked,../data/unpacked_2500/sshpk--sshpk-1.18.0,../data/repacked_xz_2500/sshpk--sshpk-1.18.0.tar.xz,47020,61.097209007130004
ssri--ssri-14.0.0,repacked,../data/unpacked_2500/ssri--ssri-14.0.0,../data/repacked_xz_2500/ssri--ssri-14.0.0.tar.xz,11172,16.203333987505175
stable--stable-0.1.8,repacked,../data/unpacked_2500/stable--stable-0.1.8,../data/repacked_xz_2500/stable--stable-0.1.8.tar.xz,3748,10.858958004973829
stack-trace--stack-trace-1.0.0,repacked,../data/unpacked_2500/stack-trace--stack-trace-1.0.0,../data/repacked_xz_2500/stack-trace--stack-trace-1.0.0.tar.xz,4096,11.763208007323556
stack-utils--stack-utils-2.0.6,repacked,../data/unpacked_2500/stack-utils--stack-utils-2.0.6,../data/repacked_xz_2500/stack-utils--stack-utils-2.0.6.tar.xz,5436,11.68899999174755
stackframe--stackframe-1.3.4,repacked,../data/unpacked_2500/stackframe--stackframe-1.3.4,../data/repacked_xz_2500/stackframe--stackframe-1.3.4.tar.xz,6320,14.050500001758337
static-eval--static-eval-2.1.1,repacked,../data/unpacked_2500/static-eval--static-eval-2.1.1,../data/repacked_xz_2500/static-eval--static-eval-2.1.1.tar.xz,6128,15.820375003386289
static-extend--static-extend-0.1.2,repacked,../data/unpacked_2500/static-extend--static-extend-0.1.2,../data/repacked_xz_2500/static-extend--static-extend-0.1.2.tar.xz,2248,8.23454100464005
statuses--statuses-2.0.2,repacked,../data/unpacked_2500/statuses--statuses-2.0.2,../data/repacked_xz_2500/statuses--statuses-2.0.2.tar.xz,4724,11.82512499508448
stdin-discarder--stdin-discarder-0.3.2,repacked,../data/unpacked_2500/stdin-discarder--stdin-discarder-0.3.2,../data/repacked_xz_2500/stdin-discarder--stdin-discarder-0.3.2.tar.xz,2388,8.801582996966317
stealthy-require--stealthy-require-1.1.1,repacked,../data/unpacked_2500/stealthy-require--stealthy-require-1.1.1,../data/repacked_xz_2500/stealthy-require--stealthy-require-1.1.1.tar.xz,4792,12.116000012611039
stop-iteration-iterator--stop-iteration-iterator-1.1.0,repacked,../data/unpacked_2500/stop-iteration-iterator--stop-iteration-iterator-1.1.0,../data/repacked_xz_2500/stop-iteration-iterator--stop-iteration-iterator-1.1.0.tar.xz,5268,14.378749998286366
stream-browserify--stream-browserify-3.0.0,repacked,../data/unpacked_2500/stream-browserify--stream-browserify-3.0.0,../data/repacked_xz_2500/stream-browserify--stream-browserify-3.0.0.tar.xz,4936,14.816958995652385
stream-each--stream-each-1.2.3,repacked,../data/unpacked_2500/stream-each--stream-each-1.2.3,../data/repacked_xz_2500/stream-each--stream-each-1.2.3.tar.xz,2808,9.966290992451832
stream-http--stream-http-3.2.0,repacked,../data/unpacked_2500/stream-http--stream-http-3.2.0,../data/repacked_xz_2500/stream-http--stream-http-3.2.0.tar.xz,9352,16.263957993942313
stream-shift--stream-shift-1.0.3,repacked,../data/unpacked_2500/stream-shift--stream-shift-1.0.3,../data/repacked_xz_2500/stream-shift--stream-shift-1.0.3.tar.xz,2244,10.48845800687559
streamsearch--streamsearch-1.1.0,repacked,../data/unpacked_2500/streamsearch--streamsearch-1.1.0,../data/repacked_xz_2500/streamsearch--streamsearch-1.1.0.tar.xz,5120,15.38558398897294
streamx--streamx-2.25.0,repacked,../data/unpacked_2500/streamx--streamx-2.25.0,../data/repacked_xz_2500/streamx--streamx-2.25.0.tar.xz,11916,19.85445900936611
strict-uri-encode--strict-uri-encode-2.0.0,repacked,../data/unpacked_2500/strict-uri-encode--strict-uri-encode-2.0.0,../data/repacked_xz_2500/strict-uri-encode--strict-uri-encode-2.0.0.tar.xz,1648,9.198957995977253
string-length--string-length-7.0.1,repacked,../data/unpacked_2500/string-length--string-length-7.0.1,../data/repacked_xz_2500/string-length--string-length-7.0.1.tar.xz,2180,9.52079200942535
string-natural-compare--string-natural-compare-3.0.1,repacked,../data/unpacked_2500/string-natural-compare--string-natural-compare-3.0.1,../data/repacked_xz_2500/string-natural-compare--string-natural-compare-3.0.1.tar.xz,4028,10.942334003630094
string-width--string-width-8.2.1,repacked,../data/unpacked_2500/string-width--string-width-8.2.1,../data/repacked_xz_2500/string-width--string-width-8.2.1.tar.xz,4260,11.87479100190103
string.prototype.includes--string.prototype.includes-2.0.1,repacked,../data/unpacked_2500/string.prototype.includes--string.prototype.includes-2.0.1,../data/repacked_xz_2500/string.prototype.includes--string.prototype.includes-2.0.1.tar.xz,5848,19.275625003501773
string.prototype.matchall--string.prototype.matchall-4.0.12,repacked,../data/unpacked_2500/string.prototype.matchall--string.prototype.matchall-4.0.12,../data/repacked_xz_2500/string.prototype.matchall--string.prototype.matchall-4.0.12.tar.xz,11312,22.16779100126587
string.prototype.repeat--string.prototype.repeat-1.0.0,repacked,../data/unpacked_2500/string.prototype.repeat--string.prototype.repeat-1.0.0,../data/repacked_xz_2500/string.prototype.repeat--string.prototype.repeat-1.0.0.tar.xz,3772,13.44329200219363
string.prototype.trim--string.prototype.trim-1.2.10,repacked,../data/unpacked_2500/string.prototype.trim--string.prototype.trim-1.2.10,../data/repacked_xz_2500/string.prototype.trim--string.prototype.trim-1.2.10.tar.xz,10304,18.601792005938478
string.prototype.trimend--string.prototype.trimend-1.0.9,repacked,../data/unpacked_2500/string.prototype.trimend--string.prototype.trimend-1.0.9,../data/repacked_xz_2500/string.prototype.trimend--string.prototype.trimend-1.0.9.tar.xz,7800,18.834917005733587
string.prototype.trimstart--string.prototype.trimstart-1.0.8,repacked,../data/unpacked_2500/string.prototype.trimstart--string.prototype.trimstart-1.0.8,../data/repacked_xz_2500/string.prototype.trimstart--string.prototype.trimstart-1.0.8.tar.xz,7556,17.720707997796126
string_decoder--string_decoder-1.3.0,repacked,../data/unpacked_2500/string_decoder--string_decoder-1.3.0,../data/repacked_xz_2500/string_decoder--string_decoder-1.3.0.tar.xz,4628,11.343332997057587
stringify-object--stringify-object-6.0.0,repacked,../data/unpacked_2500/stringify-object--stringify-object-6.0.0,../data/repacked_xz_2500/stringify-object--stringify-object-6.0.0.tar.xz,3968,10.786291997646913
stringstream--stringstream-1.0.0,repacked,../data/unpacked_2500/stringstream--stringstream-1.0.0,../data/repacked_xz_2500/stringstream--stringstream-1.0.0.tar.xz,3304,11.622416001046076
strip-ansi--strip-ansi-7.2.0,repacked,../data/unpacked_2500/strip-ansi--strip-ansi-7.2.0,../data/repacked_xz_2500/strip-ansi--strip-ansi-7.2.0.tar.xz,2284,9.690083999885246
strip-bom--strip-bom-5.0.0,repacked,../data/unpacked_2500/strip-bom--strip-bom-5.0.0,../data/repacked_xz_2500/strip-bom--strip-bom-5.0.0.tar.xz,2096,9.37645799422171
strip-bom-stream--strip-bom-stream-5.0.0,repacked,../data/unpacked_2500/strip-bom-stream--strip-bom-stream-5.0.0,../data/repacked_xz_2500/strip-bom-stream--strip-bom-stream-5.0.0.tar.xz,1916,9.131833998253569
strip-comments--strip-comments-2.0.1,repacked,../data/unpacked_2500/strip-comments--strip-comments-2.0.1,../data/repacked_xz_2500/strip-comments--strip-comments-2.0.1.tar.xz,7640,14.83320799889043
strip-dirs--strip-dirs-3.0.0,repacked,../data/unpacked_2500/strip-dirs--strip-dirs-3.0.0,../data/repacked_xz_2500/strip-dirs--strip-dirs-3.0.0.tar.xz,2720,9.453582999412902
strip-eof--strip-eof-2.0.0,repacked,../data/unpacked_2500/strip-eof--strip-eof-2.0.0,../data/repacked_xz_2500/strip-eof--strip-eof-2.0.0.tar.xz,1652,8.207582999602892
strip-final-newline--strip-final-newline-4.0.0,repacked,../data/unpacked_2500/strip-final-newline--strip-final-newline-4.0.0,../data/repacked_xz_2500/strip-final-newline--strip-final-newline-4.0.0.tar.xz,2300,8.480207994580269
strip-indent--strip-indent-4.1.1,repacked,../data/unpacked_2500/strip-indent--strip-indent-4.1.1,../data/repacked_xz_2500/strip-indent--strip-indent-4.1.1.tar.xz,2120,8.495250003761612
strip-json-comments--strip-json-comments-5.0.3,repacked,../data/unpacked_2500/strip-json-comments--strip-json-comments-5.0.3,../data/repacked_xz_2500/strip-json-comments--strip-json-comments-5.0.3.tar.xz,3080,9.698958005174063
strip-outer--strip-outer-2.0.0,repacked,../data/unpacked_2500/strip-outer--strip-outer-2.0.0,../data/repacked_xz_2500/strip-outer--strip-outer-2.0.0.tar.xz,1592,8.07399999757763
strnum--strnum-2.3.0,repacked,../data/unpacked_2500/strnum--strnum-2.3.0,../data/repacked_xz_2500/strnum--strnum-2.3.0.tar.xz,4420,11.754791994462721
strtok3--strtok3-10.3.5,repacked,../data/unpacked_2500/strtok3--strtok3-10.3.5,../data/repacked_xz_2500/strtok3--strtok3-10.3.5.tar.xz,13420,33.04266600753181
style-loader--style-loader-4.0.0,repacked,../data/unpacked_2500/style-loader--style-loader-4.0.0,../data/repacked_xz_2500/style-loader--style-loader-4.0.0.tar.xz,12476,22.935082990443334
styled-components--styled-components-6.4.2,repacked,../data/unpacked_2500/styled-components--styled-components-6.4.2,../data/repacked_xz_2500/styled-components--styled-components-6.4.2.tar.xz,172284,404.2348749935627
styled-jsx--styled-jsx-5.1.7,repacked,../data/unpacked_2500/styled-jsx--styled-jsx-5.1.7,../data/repacked_xz_2500/styled-jsx--styled-jsx-5.1.7.tar.xz,122628,212.23641699180007
stylehacks--stylehacks-8.0.0,repacked,../data/unpacked_2500/stylehacks--stylehacks-8.0.0,../data/repacked_xz_2500/stylehacks--stylehacks-8.0.0.tar.xz,9188,35.09008300898131
stylis--stylis-4.4.0,repacked,../data/unpacked_2500/stylis--stylis-4.4.0,../data/repacked_xz_2500/stylis--stylis-4.4.0.tar.xz,24496,40.09799999766983
sucrase--sucrase-3.35.1,repacked,../data/unpacked_2500/sucrase--sucrase-3.35.1,../data/repacked_xz_2500/sucrase--sucrase-3.35.1.tar.xz,122560,289.0547089918982
superstruct--superstruct-2.0.2,repacked,../data/unpacked_2500/superstruct--superstruct-2.0.2,../data/repacked_xz_2500/superstruct--superstruct-2.0.2.tar.xz,26124,53.56312499498017
supports-color--supports-color-10.2.2,repacked,../data/unpacked_2500/supports-color--supports-color-10.2.2,../data/repacked_xz_2500/supports-color--supports-color-10.2.2.tar.xz,4356,11.485583003377542
supports-hyperlinks--supports-hyperlinks-4.4.0,repacked,../data/unpacked_2500/supports-hyperlinks--supports-hyperlinks-4.4.0,../data/repacked_xz_2500/supports-hyperlinks--supports-hyperlinks-4.4.0.tar.xz,3544,11.054916001739912
supports-preserve-symlinks-flag--supports-preserve-symlinks-flag-1.0.0,repacked,../data/unpacked_2500/supports-preserve-symlinks-flag--supports-preserve-symlinks-flag-1.0.0,../data/repacked_xz_2500/supports-preserve-symlinks-flag--supports-preserve-symlinks-flag-1.0.0.tar.xz,4216,13.152083003660664
svg-parser--svg-parser-2.0.4,repacked,../data/unpacked_2500/svg-parser--svg-parser-2.0.4,../data/repacked_xz_2500/svg-parser--svg-parser-2.0.4.tar.xz,7120,18.226500003947876
svgo--svgo-4.0.1,repacked,../data/unpacked_2500/svgo--svgo-4.0.1,../data/repacked_xz_2500/svgo--svgo-4.0.1.tar.xz,206692,334.8650409898255
symbol-observable--symbol-observable-4.0.0,repacked,../data/unpacked_2500/symbol-observable--symbol-observable-4.0.0,../data/repacked_xz_2500/symbol-observable--symbol-observable-4.0.0.tar.xz,5816,15.150874998653308
symbol-tree--symbol-tree-3.2.4,repacked,../data/unpacked_2500/symbol-tree--symbol-tree-3.2.4,../data/repacked_xz_2500/symbol-tree--symbol-tree-3.2.4.tar.xz,8368,18.790874994010665
table--table-6.9.0,repacked,../data/unpacked_2500/table--table-6.9.0,../data/repacked_xz_2500/table--table-6.9.0.tar.xz,39164,89.74783300072886
tailwind-merge--tailwind-merge-3.6.0,repacked,../data/unpacked_2500/tailwind-merge--tailwind-merge-3.6.0,../data/repacked_xz_2500/tailwind-merge--tailwind-merge-3.6.0.tar.xz,63244,157.30570899904706
tailwindcss--tailwindcss-4.3.0,repacked,../data/unpacked_2500/tailwindcss--tailwindcss-4.3.0,../data/repacked_xz_2500/tailwindcss--tailwindcss-4.3.0.tar.xz,91392,140.51116700284183
tapable--tapable-2.3.3,repacked,../data/unpacked_2500/tapable--tapable-2.3.3,../data/repacked_xz_2500/tapable--tapable-2.3.3.tar.xz,17468,27.029624994611368
tar--tar-7.5.15,repacked,../data/unpacked_2500/tar--tar-7.5.15,../data/repacked_xz_2500/tar--tar-7.5.15.tar.xz,200288,485.2450000034878
tar-fs--tar-fs-3.1.2,repacked,../data/unpacked_2500/tar-fs--tar-fs-3.1.2,../data/repacked_xz_2500/tar-fs--tar-fs-3.1.2.tar.xz,5600,11.869916008436121
tar-stream--tar-stream-3.2.0,repacked,../data/unpacked_2500/tar-stream--tar-stream-3.2.0,../data/repacked_xz_2500/tar-stream--tar-stream-3.2.0.tar.xz,9372,16.080041998066008
teanager--teanager-1.1.10,repacked,../data/unpacked_2500/teanager--teanager-1.1.10,../data/repacked_xz_2500/teanager--teanager-1.1.10.tar.xz,54780,50.93674999079667
teex--teex-1.0.1,repacked,../data/unpacked_2500/teex--teex-1.0.1,../data/repacked_xz_2500/teex--teex-1.0.1.tar.xz,2280,8.913124998798594
temp-dir--temp-dir-3.0.0,repacked,../data/unpacked_2500/temp-dir--temp-dir-3.0.0,../data/repacked_xz_2500/temp-dir--temp-dir-3.0.0.tar.xz,1784,7.845125001040287
tempy--tempy-3.2.0,repacked,../data/unpacked_2500/tempy--tempy-3.2.0,../data/repacked_xz_2500/tempy--tempy-3.2.0.tar.xz,4404,10.65274998836685
term-size--term-size-4.0.0,repacked,../data/unpacked_2500/term-size--term-size-4.0.0,../data/repacked_xz_2500/term-size--term-size-4.0.0.tar.xz,14872,18.02516599127557
terminal-link--terminal-link-5.0.0,repacked,../data/unpacked_2500/terminal-link--terminal-link-5.0.0,../data/repacked_xz_2500/terminal-link--terminal-link-5.0.0.tar.xz,2768,9.401167000760324
terser--terser-5.48.0,repacked,../data/unpacked_2500/terser--terser-5.48.0,../data/repacked_xz_2500/terser--terser-5.48.0.tar.xz,202476,428.0258340004366
terser-webpack-plugin--terser-webpack-plugin-5.6.0,repacked,../data/unpacked_2500/terser-webpack-plugin--terser-webpack-plugin-5.6.0,../data/repacked_xz_2500/terser-webpack-plugin--terser-webpack-plugin-5.6.0.tar.xz,31572,45.80362499109469
test-exclude--test-exclude-8.0.0,repacked,../data/unpacked_2500/test-exclude--test-exclude-8.0.0,../data/repacked_xz_2500/test-exclude--test-exclude-8.0.0.tar.xz,4204,11.702000003424473
text-decoder--text-decoder-1.2.7,repacked,../data/unpacked_2500/text-decoder--text-decoder-1.2.7,../data/repacked_xz_2500/text-decoder--text-decoder-1.2.7.tar.xz,6204,13.402458003838547
text-hex--text-hex-1.0.0,repacked,../data/unpacked_2500/text-hex--text-hex-1.0.0,../data/repacked_xz_2500/text-hex--text-hex-1.0.0.tar.xz,1816,8.999707992188632
text-table--text-table-0.2.0,repacked,../data/unpacked_2500/text-table--text-table-0.2.0,../data/repacked_xz_2500/text-table--text-table-0.2.0.tar.xz,4292,15.143083001021296
textextensions--textextensions-6.11.0,repacked,../data/unpacked_2500/textextensions--textextensions-6.11.0,../data/repacked_xz_2500/textextensions--textextensions-6.11.0.tar.xz,12928,25.48637500149198
thenify--thenify-3.3.1,repacked,../data/unpacked_2500/thenify--thenify-3.3.1,../data/repacked_xz_2500/thenify--thenify-3.3.1.tar.xz,3136,9.567707995302044
thenify-all--thenify-all-1.6.0,repacked,../data/unpacked_2500/thenify-all--thenify-all-1.6.0,../data/repacked_xz_2500/thenify-all--thenify-all-1.6.0.tar.xz,2516,9.597624986781739
thread-stream--thread-stream-4.2.0,repacked,../data/unpacked_2500/thread-stream--thread-stream-4.2.0,../data/repacked_xz_2500/thread-stream--thread-stream-4.2.0.tar.xz,19572,40.779000002657995
throat--throat-6.0.2,repacked,../data/unpacked_2500/throat--throat-6.0.2,../data/repacked_xz_2500/throat--throat-6.0.2.tar.xz,3536,10.203958008787595
throttle-debounce--throttle-debounce-5.0.2,repacked,../data/unpacked_2500/throttle-debounce--throttle-debounce-5.0.2,../data/repacked_xz_2500/throttle-debounce--throttle-debounce-5.0.2.tar.xz,10024,21.570790995610878
through--through-2.3.8,repacked,../data/unpacked_2500/through--through-2.3.8,../data/repacked_xz_2500/through--through-2.3.8.tar.xz,4516,12.5875840021763
through2--through2-5.0.1,repacked,../data/unpacked_2500/through2--through2-5.0.1,../data/repacked_xz_2500/through2--through2-5.0.1.tar.xz,16276,25.01887500693556
through2-filter--through2-filter-4.0.0,repacked,../data/unpacked_2500/through2-filter--through2-filter-4.0.0,../data/repacked_xz_2500/through2-filter--through2-filter-4.0.0.tar.xz,2596,8.137833996443078
thunky--thunky-1.1.0,repacked,../data/unpacked_2500/thunky--thunky-1.1.0,../data/repacked_xz_2500/thunky--thunky-1.1.0.tar.xz,3176,10.373874989454634
time-stamp--time-stamp-2.2.0,repacked,../data/unpacked_2500/time-stamp--time-stamp-2.2.0,../data/repacked_xz_2500/time-stamp--time-stamp-2.2.0.tar.xz,3892,10.339500004192814
timed-out--timed-out-7.0.0,repacked,../data/unpacked_2500/timed-out--timed-out-7.0.0,../data/repacked_xz_2500/timed-out--timed-out-7.0.0.tar.xz,2208,8.54224999784492
timers-browserify--timers-browserify-2.0.12,repacked,../data/unpacked_2500/timers-browserify--timers-browserify-2.0.12,../data/repacked_xz_2500/timers-browserify--timers-browserify-2.0.12.tar.xz,4004,10.00262500019744
timsort--timsort-0.3.0,repacked,../data/unpacked_2500/timsort--timsort-0.3.0,../data/repacked_xz_2500/timsort--timsort-0.3.0.tar.xz,12428,21.755292007583193
tiny-invariant--tiny-invariant-1.3.3,repacked,../data/unpacked_2500/tiny-invariant--tiny-invariant-1.3.3,../data/repacked_xz_2500/tiny-invariant--tiny-invariant-1.3.3.tar.xz,5060,14.689208008348942
tiny-warning--tiny-warning-1.0.3,repacked,../data/unpacked_2500/tiny-warning--tiny-warning-1.0.3,../data/repacked_xz_2500/tiny-warning--tiny-warning-1.0.3.tar.xz,4032,12.351709010545164
tinycolor2--tinycolor2-1.6.0,repacked,../data/unpacked_2500/tinycolor2--tinycolor2-1.6.0,../data/repacked_xz_2500/tinycolor2--tinycolor2-1.6.0.tar.xz,33852,59.949333997792564
tinyglobby--tinyglobby-0.2.16,repacked,../data/unpacked_2500/tinyglobby--tinyglobby-0.2.16,../data/repacked_xz_2500/tinyglobby--tinyglobby-0.2.16.tar.xz,7472,15.18275000853464
tmp--tmp-0.2.5,repacked,../data/unpacked_2500/tmp--tmp-0.2.5,../data/repacked_xz_2500/tmp--tmp-0.2.5.tar.xz,10500,15.799375003552996
tmpl--tmpl-1.0.5,repacked,../data/unpacked_2500/tmpl--tmpl-1.0.5,../data/repacked_xz_2500/tmpl--tmpl-1.0.5.tar.xz,1824,8.57454098877497
to-arraybuffer--to-arraybuffer-1.0.1,repacked,../data/unpacked_2500/to-arraybuffer--to-arraybuffer-1.0.1,../data/repacked_xz_2500/to-arraybuffer--to-arraybuffer-1.0.1.tar.xz,2724,10.20037499256432
to-buffer--to-buffer-1.2.2,repacked,../data/unpacked_2500/to-buffer--to-buffer-1.2.2,../data/repacked_xz_2500/to-buffer--to-buffer-1.2.2.tar.xz,5560,12.090709002222866
to-fast-properties--to-fast-properties-4.0.0,repacked,../data/unpacked_2500/to-fast-properties--to-fast-properties-4.0.0,../data/repacked_xz_2500/to-fast-properties--to-fast-properties-4.0.0.tar.xz,2148,9.10733400087338
to-object-path--to-object-path-0.3.0,repacked,../data/unpacked_2500/to-object-path--to-object-path-0.3.0,../data/repacked_xz_2500/to-object-path--to-object-path-0.3.0.tar.xz,2416,8.875582992914133
to-regex--to-regex-3.0.2,repacked,../data/unpacked_2500/to-regex--to-regex-3.0.2,../data/repacked_xz_2500/to-regex--to-regex-3.0.2.tar.xz,4560,10.823499993421137
to-regex-range--to-regex-range-5.0.1,repacked,../data/unpacked_2500/to-regex-range--to-regex-range-5.0.1,../data/repacked_xz_2500/to-regex-range--to-regex-range-5.0.1.tar.xz,7216,13.985999990836717
toggle-selection--toggle-selection-2.1.0,repacked,../data/unpacked_2500/toggle-selection--toggle-selection-2.1.0,../data/repacked_xz_2500/toggle-selection--toggle-selection-2.1.0.tar.xz,2252,9.19029199576471
toidentifier--toidentifier-1.0.1,repacked,../data/unpacked_2500/toidentifier--toidentifier-1.0.1,../data/repacked_xz_2500/toidentifier--toidentifier-1.0.1.tar.xz,2476,8.77329200739041
token-types--token-types-6.1.2,repacked,../data/unpacked_2500/token-types--token-types-6.1.2,../data/repacked_xz_2500/token-types--token-types-6.1.2.tar.xz,5012,12.519415991846472
tough-cookie--tough-cookie-6.0.1,repacked,../data/unpacked_2500/tough-cookie--tough-cookie-6.0.1,../data/repacked_xz_2500/tough-cookie--tough-cookie-6.0.1.tar.xz,56996,114.71470800461248
tr46--tr46-6.0.0,repacked,../data/unpacked_2500/tr46--tr46-6.0.0,../data/repacked_xz_2500/tr46--tr46-6.0.0.tar.xz,34748,52.10174999956507
traverse--traverse-0.6.11,repacked,../data/unpacked_2500/traverse--traverse-0.6.11,../data/repacked_xz_2500/traverse--traverse-0.6.11.tar.xz,23464,33.70587500103284
trim-newlines--trim-newlines-5.0.0,repacked,../data/unpacked_2500/trim-newlines--trim-newlines-5.0.0,../data/repacked_xz_2500/trim-newlines--trim-newlines-5.0.0.tar.xz,2048,9.706083001219667
trim-repeated--trim-repeated-2.0.0,repacked,../data/unpacked_2500/trim-repeated--trim-repeated-2.0.0,../data/repacked_xz_2500/trim-repeated--trim-repeated-2.0.0.tar.xz,1744,8.772625005804002
trim-right--trim-right-2.0.0,repacked,../data/unpacked_2500/trim-right--trim-right-2.0.0,../data/repacked_xz_2500/trim-right--trim-right-2.0.0.tar.xz,1888,8.27233400195837
triple-beam--triple-beam-1.4.1,repacked,../data/unpacked_2500/triple-beam--triple-beam-1.4.1,../data/repacked_xz_2500/triple-beam--triple-beam-1.4.1.tar.xz,4104,14.635250001447275
trough--trough-2.2.0,repacked,../data/unpacked_2500/trough--trough-2.2.0,../data/repacked_xz_2500/trough--trough-2.2.0.tar.xz,6620,15.496708001592197
tryer--tryer-1.0.1,repacked,../data/unpacked_2500/tryer--tryer-1.0.1,../data/repacked_xz_2500/tryer--tryer-1.0.1.tar.xz,8764,19.570833988836966
ts-interface-checker--ts-interface-checker-1.0.2,repacked,../data/unpacked_2500/ts-interface-checker--ts-interface-checker-1.0.2,../data/repacked_xz_2500/ts-interface-checker--ts-interface-checker-1.0.2.tar.xz,18120,26.785707988892682
ts-node--ts-node-10.9.2,repacked,../data/unpacked_2500/ts-node--ts-node-10.9.2,../data/repacked_xz_2500/ts-node--ts-node-10.9.2.tar.xz,138488,221.4723749930272
tsconfig-paths--tsconfig-paths-4.2.0,repacked,../data/unpacked_2500/tsconfig-paths--tsconfig-paths-4.2.0,../data/repacked_xz_2500/tsconfig-paths--tsconfig-paths-4.2.0.tar.xz,34252,72.06212499295361
tslib--tslib-2.8.1,repacked,../data/unpacked_2500/tslib--tslib-2.8.1,../data/repacked_xz_2500/tslib--tslib-2.8.1.tar.xz,14808,27.38074999069795
tsscmp--tsscmp-1.0.6,repacked,../data/unpacked_2500/tsscmp--tsscmp-1.0.6,../data/repacked_xz_2500/tsscmp--tsscmp-1.0.6.tar.xz,4020,13.37541700922884
tsutils--tsutils-3.21.0,repacked,../data/unpacked_2500/tsutils--tsutils-3.21.0,../data/repacked_xz_2500/tsutils--tsutils-3.21.0.tar.xz,58360,111.85899999691173
tty-browserify--tty-browserify-0.0.1,repacked,../data/unpacked_2500/tty-browserify--tty-browserify-0.0.1,../data/repacked_xz_2500/tty-browserify--tty-browserify-0.0.1.tar.xz,1412,8.7913750030566
tunnel-agent--tunnel-agent-0.6.0,repacked,../data/unpacked_2500/tunnel-agent--tunnel-agent-0.6.0,../data/repacked_xz_2500/tunnel-agent--tunnel-agent-0.6.0.tar.xz,5756,12.302249990170822
tweetnacl--tweetnacl-1.0.3,repacked,../data/unpacked_2500/tweetnacl--tweetnacl-1.0.3,../data/repacked_xz_2500/tweetnacl--tweetnacl-1.0.3.tar.xz,32956,42.467084000236355
type--type-2.7.3,repacked,../data/unpacked_2500/type--type-2.7.3,../data/repacked_xz_2500/type--type-2.7.3.tar.xz,21308,71.67529199796263
type-check--type-check-0.4.0,repacked,../data/unpacked_2500/type-check--type-check-0.4.0,../data/repacked_xz_2500/type-check--type-check-0.4.0.tar.xz,6664,13.623207996715792
type-detect--type-detect-4.1.0,repacked,../data/unpacked_2500/type-detect--type-detect-4.1.0,../data/repacked_xz_2500/type-detect--type-detect-4.1.0.tar.xz,8416,16.178499994566664
type-fest--type-fest-5.6.0,repacked,../data/unpacked_2500/type-fest--type-fest-5.6.0,../data/repacked_xz_2500/type-fest--type-fest-5.6.0.tar.xz,113696,183.9672499918379
type-is--type-is-2.1.0,repacked,../data/unpacked_2500/type-is--type-is-2.1.0,../data/repacked_xz_2500/type-is--type-is-2.1.0.tar.xz,6496,14.106540998909622
typed-array-buffer--typed-array-buffer-1.0.3,repacked,../data/unpacked_2500/typed-array-buffer--typed-array-buffer-1.0.3,../data/repacked_xz_2500/typed-array-buffer--typed-array-buffer-1.0.3.tar.xz,5372,15.138582995859906
typed-array-byte-length--typed-array-byte-length-1.0.3,repacked,../data/unpacked_2500/typed-array-byte-length--typed-array-byte-length-1.0.3,../data/repacked_xz_2500/typed-array-byte-length--typed-array-byte-length-1.0.3.tar.xz,6532,15.870584000367671
typed-array-byte-offset--typed-array-byte-offset-1.0.4,repacked,../data/unpacked_2500/typed-array-byte-offset--typed-array-byte-offset-1.0.4,../data/repacked_xz_2500/typed-array-byte-offset--typed-array-byte-offset-1.0.4.tar.xz,6792,15.854832992772572
typed-array-length--typed-array-length-1.0.7,repacked,../data/unpacked_2500/typed-array-length--typed-array-length-1.0.7,../data/repacked_xz_2500/typed-array-length--typed-array-length-1.0.7.tar.xz,8088,17.78950000880286
typedarray--typedarray-0.0.7,repacked,../data/unpacked_2500/typedarray--typedarray-0.0.7,../data/repacked_xz_2500/typedarray--typedarray-0.0.7.tar.xz,10376,19.661749989609234
typedarray-to-buffer--typedarray-to-buffer-4.0.0,repacked,../data/unpacked_2500/typedarray-to-buffer--typedarray-to-buffer-4.0.0,../data/repacked_xz_2500/typedarray-to-buffer--typedarray-to-buffer-4.0.0.tar.xz,2972,9.81441700423602
typescript--typescript-6.0.3,repacked,../data/unpacked_2500/typescript--typescript-6.0.3,../data/repacked_xz_2500/typescript--typescript-6.0.3.tar.xz,2112144,6301.3498750078725
ua-parser-js--ua-parser-js-2.0.10,repacked,../data/unpacked_2500/ua-parser-js--ua-parser-js-2.0.10,../data/repacked_xz_2500/ua-parser-js--ua-parser-js-2.0.10.tar.xz,670640,287.8090419981163
uc.micro--uc.micro-2.1.0,repacked,../data/unpacked_2500/uc.micro--uc.micro-2.1.0,../data/repacked_xz_2500/uc.micro--uc.micro-2.1.0.tar.xz,4116,17.83591699495446
ufo--ufo-1.6.4,repacked,../data/unpacked_2500/ufo--ufo-1.6.4,../data/repacked_xz_2500/ufo--ufo-1.6.4.tar.xz,12084,25.0527080061147
uglify-js--uglify-js-3.19.3,repacked,../data/unpacked_2500/uglify-js--uglify-js-3.19.3,../data/repacked_xz_2500/uglify-js--uglify-js-3.19.3.tar.xz,188784,324.2144579999149
uglify-to-browserify--uglify-to-browserify-2.1.0,repacked,../data/unpacked_2500/uglify-to-browserify--uglify-to-browserify-2.1.0,../data/repacked_xz_2500/uglify-to-browserify--uglify-to-browserify-2.1.0.tar.xz,2260,12.24174999515526
ultron--ultron-1.1.1,repacked,../data/unpacked_2500/ultron--ultron-1.1.1,../data/repacked_xz_2500/ultron--ultron-1.1.1.tar.xz,3840,10.370500007411465
unbox-primitive--unbox-primitive-1.1.0,repacked,../data/unpacked_2500/unbox-primitive--unbox-primitive-1.1.0,../data/repacked_xz_2500/unbox-primitive--unbox-primitive-1.1.0.tar.xz,7080,15.472084007342346
unbzip2-stream--unbzip2-stream-1.4.3,repacked,../data/unpacked_2500/unbzip2-stream--unbzip2-stream-1.4.3,../data/repacked_xz_2500/unbzip2-stream--unbzip2-stream-1.4.3.tar.xz,31968,38.79970801062882
unc-path-regex--unc-path-regex-0.1.2,repacked,../data/unpacked_2500/unc-path-regex--unc-path-regex-0.1.2,../data/repacked_xz_2500/unc-path-regex--unc-path-regex-0.1.2.tar.xz,2320,9.417499997653067
underscore--underscore-1.13.8,repacked,../data/unpacked_2500/underscore--underscore-1.13.8,../data/repacked_xz_2500/underscore--underscore-1.13.8.tar.xz,95860,302.06399998860434
underscore.string--underscore.string-3.3.6,repacked,../data/unpacked_2500/underscore.string--underscore.string-3.3.6,../data/repacked_xz_2500/underscore.string--underscore.string-3.3.6.tar.xz,27864,58.71399999887217
undici--undici-8.3.0,repacked,../data/unpacked_2500/undici--undici-8.3.0,../data/repacked_xz_2500/undici--undici-8.3.0.tar.xz,298620,459.04474999406375
undici-types--undici-types-8.3.0,repacked,../data/unpacked_2500/undici-types--undici-types-8.3.0,../data/repacked_xz_2500/undici-types--undici-types-8.3.0.tar.xz,25184,41.34870799316559
unicode-canonical-property-names-ecmascript--unicode-canonical-property-names-ecmascript-2.0.1,repacked,../data/unpacked_2500/unicode-canonical-property-names-ecmascript--unicode-canonical-property-names-ecmascript-2.0.1,../data/repacked_xz_2500/unicode-canonical-property-names-ecmascript--unicode-canonical-property-names-ecmascript-2.0.1.tar.xz,2404,9.450249999645166
unicode-match-property-ecmascript--unicode-match-property-ecmascript-2.0.0,repacked,../data/unpacked_2500/unicode-match-property-ecmascript--unicode-match-property-ecmascript-2.0.0,../data/repacked_xz_2500/unicode-match-property-ecmascript--unicode-match-property-ecmascript-2.0.0.tar.xz,2376,9.394167005666532
unicode-match-property-value-ecmascript--unicode-match-property-value-ecmascript-2.2.1,repacked,../data/unpacked_2500/unicode-match-property-value-ecmascript--unicode-match-property-value-ecmascript-2.2.1,../data/repacked_xz_2500/unicode-match-property-value-ecmascript--unicode-match-property-value-ecmascript-2.2.1.tar.xz,5204,13.642750011058524
unicode-property-aliases-ecmascript--unicode-property-aliases-ecmascript-2.2.0,repacked,../data/unpacked_2500/unicode-property-aliases-ecmascript--unicode-property-aliases-ecmascript-2.2.0,../data/repacked_xz_2500/unicode-property-aliases-ecmascript--unicode-property-aliases-ecmascript-2.2.0.tar.xz,2788,9.887291002087295
unicorn-magic--unicorn-magic-0.4.0,repacked,../data/unpacked_2500/unicorn-magic--unicorn-magic-0.4.0,../data/repacked_xz_2500/unicorn-magic--unicorn-magic-0.4.0.tar.xz,3296,10.836583998752758
unified--unified-11.0.5,repacked,../data/unpacked_2500/unified--unified-11.0.5,../data/repacked_xz_2500/unified--unified-11.0.5.tar.xz,24544,34.5097910030745
union-value--union-value-2.0.1,repacked,../data/unpacked_2500/union-value--union-value-2.0.1,../data/repacked_xz_2500/union-value--union-value-2.0.1.tar.xz,3116,9.447042000829242
uniq--uniq-1.0.1,repacked,../data/unpacked_2500/uniq--uniq-1.0.1,../data/repacked_xz_2500/uniq--uniq-1.0.1.tar.xz,2488,9.268667010474019
uniqs--uniqs-2.0.0,repacked,../data/unpacked_2500/uniqs--uniqs-2.0.0,../data/repacked_xz_2500/uniqs--uniqs-2.0.0.tar.xz,1516,7.902249999460764
unique-filename--unique-filename-6.0.0,repacked,../data/unpacked_2500/unique-filename--unique-filename-6.0.0,../data/repacked_xz_2500/unique-filename--unique-filename-6.0.0.tar.xz,2092,8.375666991923936
unique-slug--unique-slug-7.0.0,repacked,../data/unpacked_2500/unique-slug--unique-slug-7.0.0,../data/repacked_xz_2500/unique-slug--unique-slug-7.0.0.tar.xz,1812,8.441124999080785
unique-stream--unique-stream-2.4.0,repacked,../data/unpacked_2500/unique-stream--unique-stream-2.4.0,../data/repacked_xz_2500/unique-stream--unique-stream-2.4.0.tar.xz,2860,10.01120799628552
unique-string--unique-string-3.0.0,repacked,../data/unpacked_2500/unique-string--unique-string-3.0.0,../data/repacked_xz_2500/unique-string--unique-string-3.0.0.tar.xz,1664,8.609333002823405
unist-util-is--unist-util-is-6.0.1,repacked,../data/unpacked_2500/unist-util-is--unist-util-is-6.0.1,../data/repacked_xz_2500/unist-util-is--unist-util-is-6.0.1.tar.xz,7408,17.91854199836962
unist-util-position--unist-util-position-5.0.0,repacked,../data/unpacked_2500/unist-util-position--unist-util-position-5.0.0,../data/repacked_xz_2500/unist-util-position--unist-util-position-5.0.0.tar.xz,4440,11.830959003418684
unist-util-stringify-position--unist-util-stringify-position-4.0.0,repacked,../data/unpacked_2500/unist-util-stringify-position--unist-util-stringify-position-4.0.0,../data/repacked_xz_2500/unist-util-stringify-position--unist-util-stringify-position-4.0.0.tar.xz,4412,12.294333006138913
unist-util-visit--unist-util-visit-5.1.0,repacked,../data/unpacked_2500/unist-util-visit--unist-util-visit-5.1.0,../data/repacked_xz_2500/unist-util-visit--unist-util-visit-5.1.0.tar.xz,8468,16.10691600944847
unist-util-visit-parents--unist-util-visit-parents-6.0.2,repacked,../data/unpacked_2500/unist-util-visit-parents--unist-util-visit-parents-6.0.2,../data/repacked_xz_2500/unist-util-visit-parents--unist-util-visit-parents-6.0.2.tar.xz,9792,19.04041599482298
universal-user-agent--universal-user-agent-7.0.3,repacked,../data/unpacked_2500/universal-user-agent--universal-user-agent-7.0.3,../data/repacked_xz_2500/universal-user-agent--universal-user-agent-7.0.3.tar.xz,4464,14.74199999938719
universalify--universalify-2.0.1,repacked,../data/unpacked_2500/universalify--universalify-2.0.1,../data/repacked_xz_2500/universalify--universalify-2.0.1.tar.xz,2196,9.445208008401096
unpipe--unpipe-1.0.0,repacked,../data/unpacked_2500/unpipe--unpipe-1.0.0,../data/repacked_xz_2500/unpipe--unpipe-1.0.0.tar.xz,2220,9.077832990442403
unquote--unquote-1.1.1,repacked,../data/unpacked_2500/unquote--unquote-1.1.1,../data/repacked_xz_2500/unquote--unquote-1.1.1.tar.xz,1628,7.638583003426902
unset-value--unset-value-2.0.1,repacked,../data/unpacked_2500/unset-value--unset-value-2.0.1,../data/repacked_xz_2500/unset-value--unset-value-2.0.1.tar.xz,3696,10.569457997917198
untildify--untildify-6.0.0,repacked,../data/unpacked_2500/untildify--untildify-6.0.0,../data/repacked_xz_2500/untildify--untildify-6.0.0.tar.xz,2092,9.34183299250435
unzip-response--unzip-response-3.0.0,repacked,../data/unpacked_2500/unzip-response--unzip-response-3.0.0,../data/repacked_xz_2500/unzip-response--unzip-response-3.0.0.tar.xz,2036,8.213041990529746
upath--upath-3.0.7,repacked,../data/unpacked_2500/upath--upath-3.0.7,../data/repacked_xz_2500/upath--upath-3.0.7.tar.xz,13212,23.02279199648183
update-browserslist-db--update-browserslist-db-1.2.3,repacked,../data/unpacked_2500/update-browserslist-db--update-browserslist-db-1.2.3,../data/repacked_xz_2500/update-browserslist-db--update-browserslist-db-1.2.3.tar.xz,5196,13.274791999720037
update-notifier--update-notifier-7.3.1,repacked,../data/unpacked_2500/update-notifier--update-notifier-7.3.1,../data/repacked_xz_2500/update-notifier--update-notifier-7.3.1.tar.xz,5980,12.967999995453283
upper-case--upper-case-3.0.0,repacked,../data/unpacked_2500/upper-case--upper-case-3.0.0,../data/repacked_xz_2500/upper-case--upper-case-3.0.0.tar.xz,2592,10.166249994654208
upper-case-first--upper-case-first-3.0.0,repacked,../data/unpacked_2500/upper-case-first--upper-case-first-3.0.0,../data/repacked_xz_2500/upper-case-first--upper-case-first-3.0.0.tar.xz,1300,8.049000010942109
uri-js--uri-js-4.4.1,repacked,../data/unpacked_2500/uri-js--uri-js-4.4.1,../data/repacked_xz_2500/uri-js--uri-js-4.4.1.tar.xz,90472,103.01279100531247
urix--urix-0.1.0,repacked,../data/unpacked_2500/urix--urix-0.1.0,../data/repacked_xz_2500/urix--urix-0.1.0.tar.xz,2348,10.436750002554618
url--url-0.11.4,repacked,../data/unpacked_2500/url--url-0.11.4,../data/repacked_xz_2500/url--url-0.11.4.tar.xz,16336,26.15216700360179
url-join--url-join-5.0.0,repacked,../data/unpacked_2500/url-join--url-join-5.0.0,../data/repacked_xz_2500/url-join--url-join-5.0.0.tar.xz,2568,9.872624999843538
url-loader--url-loader-4.1.1,repacked,../data/unpacked_2500/url-loader--url-loader-4.1.1,../data/repacked_xz_2500/url-loader--url-loader-4.1.1.tar.xz,7704,16.389124997658655
url-parse--url-parse-1.5.10,repacked,../data/unpacked_2500/url-parse--url-parse-1.5.10,../data/repacked_xz_2500/url-parse--url-parse-1.5.10.tar.xz,15724,20.00329199654516
url-parse-lax--url-parse-lax-6.0.0,repacked,../data/unpacked_2500/url-parse-lax--url-parse-lax-6.0.0,../data/repacked_xz_2500/url-parse-lax--url-parse-lax-6.0.0.tar.xz,2384,10.222915996564552
url-to-options--url-to-options-2.0.0,repacked,../data/unpacked_2500/url-to-options--url-to-options-2.0.0,../data/repacked_xz_2500/url-to-options--url-to-options-2.0.0.tar.xz,1928,8.48599999153521
use--use-3.1.1,repacked,../data/unpacked_2500/use--use-3.1.1,../data/repacked_xz_2500/use--use-3.1.1.tar.xz,3836,10.281082999426872
use-callback-ref--use-callback-ref-1.3.3,repacked,../data/unpacked_2500/use-callback-ref--use-callback-ref-1.3.3,../data/repacked_xz_2500/use-callback-ref--use-callback-ref-1.3.3.tar.xz,8208,32.35758299706504
use-sidecar--use-sidecar-1.1.3,repacked,../data/unpacked_2500/use-sidecar--use-sidecar-1.1.3,../data/repacked_xz_2500/use-sidecar--use-sidecar-1.1.3.tar.xz,10764,30.639750009868294
use-sync-external-store--use-sync-external-store-1.6.0,repacked,../data/unpacked_2500/use-sync-external-store--use-sync-external-store-1.6.0,../data/repacked_xz_2500/use-sync-external-store--use-sync-external-store-1.6.0.tar.xz,4440,17.333541007246822
user-home--user-home-3.0.0,repacked,../data/unpacked_2500/user-home--user-home-3.0.0,../data/repacked_xz_2500/user-home--user-home-3.0.0.tar.xz,2200,8.723332997760735
utf-8-validate--utf-8-validate-6.0.6,repacked,../data/unpacked_2500/utf-8-validate--utf-8-validate-6.0.6,../data/repacked_xz_2500/utf-8-validate--utf-8-validate-6.0.6.tar.xz,188520,128.83145800151397
util--util-0.12.5,repacked,../data/unpacked_2500/util--util-0.12.5,../data/repacked_xz_2500/util--util-0.12.5.tar.xz,9588,16.604125004960224
util-deprecate--util-deprecate-1.0.2,repacked,../data/unpacked_2500/util-deprecate--util-deprecate-1.0.2,../data/repacked_xz_2500/util-deprecate--util-deprecate-1.0.2.tar.xz,2352,8.956916994065978
util.promisify--util.promisify-1.1.3,repacked,../data/unpacked_2500/util.promisify--util.promisify-1.1.3,../data/repacked_xz_2500/util.promisify--util.promisify-1.1.3.tar.xz,9072,19.40045799710788
utila--utila-0.5.0-dev.1,repacked,../data/unpacked_2500/utila--utila-0.5.0-dev.1,../data/repacked_xz_2500/utila--utila-0.5.0-dev.1.tar.xz,7340,19.790209000348113
utils-merge--utils-merge-1.0.1,repacked,../data/unpacked_2500/utils-merge--utils-merge-1.0.1,../data/repacked_xz_2500/utils-merge--utils-merge-1.0.1.tar.xz,2100,9.249041992006823
uuid--uuid-14.0.0,repacked,../data/unpacked_2500/uuid--uuid-14.0.0,../data/repacked_xz_2500/uuid--uuid-14.0.0.tar.xz,14152,41.68779200699646
v8-compile-cache--v8-compile-cache-2.4.0,repacked,../data/unpacked_2500/v8-compile-cache--v8-compile-cache-2.4.0,../data/repacked_xz_2500/v8-compile-cache--v8-compile-cache-2.4.0.tar.xz,5192,11.559374994249083
v8-compile-cache-lib--v8-compile-cache-lib-3.0.1,repacked,../data/unpacked_2500/v8-compile-cache-lib--v8-compile-cache-lib-3.0.1,../data/repacked_xz_2500/v8-compile-cache-lib--v8-compile-cache-lib-3.0.1.tar.xz,6232,13.350082997931167
v8-to-istanbul--v8-to-istanbul-9.3.0,repacked,../data/unpacked_2500/v8-to-istanbul--v8-to-istanbul-9.3.0,../data/repacked_xz_2500/v8-to-istanbul--v8-to-istanbul-9.3.0.tar.xz,12816,21.42358299170155
v8flags--v8flags-4.0.1,repacked,../data/unpacked_2500/v8flags--v8flags-4.0.1,../data/repacked_xz_2500/v8flags--v8flags-4.0.1.tar.xz,4292,10.771375003969297
validate-npm-package-license--validate-npm-package-license-3.0.4,repacked,../data/unpacked_2500/validate-npm-package-license--validate-npm-package-license-3.0.4,../data/repacked_xz_2500/validate-npm-package-license--validate-npm-package-license-3.0.4.tar.xz,5564,11.039582997909747
validate-npm-package-name--validate-npm-package-name-8.0.0,repacked,../data/unpacked_2500/validate-npm-package-name--validate-npm-package-name-8.0.0,../data/repacked_xz_2500/validate-npm-package-name--validate-npm-package-name-8.0.0.tar.xz,3848,10.54791700153146
validator--validator-13.15.35,repacked,../data/unpacked_2500/validator--validator-13.15.35,../data/repacked_xz_2500/validator--validator-13.15.35.tar.xz,94620,195.33141700958367
value-equal--value-equal-1.0.1,repacked,../data/unpacked_2500/value-equal--value-equal-1.0.1,../data/repacked_xz_2500/value-equal--value-equal-1.0.1.tar.xz,3468,12.636708008358255
vary--vary-1.1.2,repacked,../data/unpacked_2500/vary--vary-1.1.2,../data/repacked_xz_2500/vary--vary-1.1.2.tar.xz,3792,10.769333006464876
vendors--vendors-2.0.1,repacked,../data/unpacked_2500/vendors--vendors-2.0.1,../data/repacked_xz_2500/vendors--vendors-2.0.1.tar.xz,3016,10.162125006900169
verror--verror-1.10.1,repacked,../data/unpacked_2500/verror--verror-1.10.1,../data/repacked_xz_2500/verror--verror-1.10.1.tar.xz,11688,16.98095799656585
vfile--vfile-6.0.3,repacked,../data/unpacked_2500/vfile--vfile-6.0.3,../data/repacked_xz_2500/vfile--vfile-6.0.3.tar.xz,17444,32.80429101141635
vfile-message--vfile-message-4.0.3,repacked,../data/unpacked_2500/vfile-message--vfile-message-4.0.3,../data/repacked_xz_2500/vfile-message--vfile-message-4.0.3.tar.xz,6208,14.834292000159621
vinyl--vinyl-3.0.1,repacked,../data/unpacked_2500/vinyl--vinyl-3.0.1,../data/repacked_xz_2500/vinyl--vinyl-3.0.1.tar.xz,7220,14.192916991305538
vinyl-fs--vinyl-fs-4.0.2,repacked,../data/unpacked_2500/vinyl-fs--vinyl-fs-4.0.2,../data/repacked_xz_2500/vinyl-fs--vinyl-fs-4.0.2.tar.xz,13528,29.133375006495044
vm-browserify--vm-browserify-1.1.2,repacked,../data/unpacked_2500/vm-browserify--vm-browserify-1.1.2,../data/repacked_xz_2500/vm-browserify--vm-browserify-1.1.2.tar.xz,5300,16.5307919960469
vue--vue-3.5.34,repacked,../data/unpacked_2500/vue--vue-3.5.34,../data/repacked_xz_2500/vue--vue-3.5.34.tar.xz,233992,591.7325000045821
vue-router--vue-router-5.0.7,repacked,../data/unpacked_2500/vue-router--vue-router-5.0.7,../data/repacked_xz_2500/vue-router--vue-router-5.0.7.tar.xz,123788,198.78183299442753
w3c-hr-time--w3c-hr-time-1.0.2,repacked,../data/unpacked_2500/w3c-hr-time--w3c-hr-time-1.0.2,../data/repacked_xz_2500/w3c-hr-time--w3c-hr-time-1.0.2.tar.xz,6296,14.771916001336649
w3c-xmlserializer--w3c-xmlserializer-5.0.0,repacked,../data/unpacked_2500/w3c-xmlserializer--w3c-xmlserializer-5.0.0,../data/repacked_xz_2500/w3c-xmlserializer--w3c-xmlserializer-5.0.0.tar.xz,5304,12.326583004323766
walker--walker-1.0.8,repacked,../data/unpacked_2500/walker--walker-1.0.8,../data/repacked_xz_2500/walker--walker-1.0.8.tar.xz,2428,9.717499997350387
warning--warning-4.0.3,repacked,../data/unpacked_2500/warning--warning-4.0.3,../data/repacked_xz_2500/warning--warning-4.0.3.tar.xz,3724,10.001374990679324
watchpack--watchpack-2.5.1,repacked,../data/unpacked_2500/watchpack--watchpack-2.5.1,../data/repacked_xz_2500/watchpack--watchpack-2.5.1.tar.xz,18700,31.08833299484104
watchpack-chokidar2--watchpack-chokidar2-2.0.1,repacked,../data/unpacked_2500/watchpack-chokidar2--watchpack-chokidar2-2.0.1,../data/repacked_xz_2500/watchpack-chokidar2--watchpack-chokidar2-2.0.1.tar.xz,500,6.382332998327911
wbuf--wbuf-1.7.3,repacked,../data/unpacked_2500/wbuf--wbuf-1.7.3,../data/repacked_xz_2500/wbuf--wbuf-1.7.3.tar.xz,4592,13.221208995673805
wcwidth--wcwidth-1.0.1,repacked,../data/unpacked_2500/wcwidth--wcwidth-1.0.1,../data/repacked_xz_2500/wcwidth--wcwidth-1.0.1.tar.xz,5864,13.717207999434322
web-streams-polyfill--web-streams-polyfill-4.3.0,repacked,../data/unpacked_2500/web-streams-polyfill--web-streams-polyfill-4.3.0,../data/repacked_xz_2500/web-streams-polyfill--web-streams-polyfill-4.3.0.tar.xz,39344,88.44399999361485
web-vitals--web-vitals-5.2.0,repacked,../data/unpacked_2500/web-vitals--web-vitals-5.2.0,../data/repacked_xz_2500/web-vitals--web-vitals-5.2.0.tar.xz,50156,112.31633300485555
webidl-conversions--webidl-conversions-8.0.1,repacked,../data/unpacked_2500/webidl-conversions--webidl-conversions-8.0.1,../data/repacked_xz_2500/webidl-conversions--webidl-conversions-8.0.1.tar.xz,7176,14.455124997766688
webpack--webpack-5.107.1,repacked,../data/unpacked_2500/webpack--webpack-5.107.1,../data/repacked_xz_2500/webpack--webpack-5.107.1.tar.xz,876108,1923.052917001769
webpack-dev-middleware--webpack-dev-middleware-8.0.3,repacked,../data/unpacked_2500/webpack-dev-middleware--webpack-dev-middleware-8.0.3,../data/repacked_xz_2500/webpack-dev-middleware--webpack-dev-middleware-8.0.3.tar.xz,27048,37.27079099917319
webpack-dev-server--webpack-dev-server-5.2.4,repacked,../data/unpacked_2500/webpack-dev-server--webpack-dev-server-5.2.4,../data/repacked_xz_2500/webpack-dev-server--webpack-dev-server-5.2.4.tar.xz,92568,121.32195800950285
webpack-log--webpack-log-3.0.2,repacked,../data/unpacked_2500/webpack-log--webpack-log-3.0.2,../data/repacked_xz_2500/webpack-log--webpack-log-3.0.2.tar.xz,7932,14.026874996488914
webpack-manifest-plugin--webpack-manifest-plugin-6.0.1,repacked,../data/unpacked_2500/webpack-manifest-plugin--webpack-manifest-plugin-6.0.1,../data/repacked_xz_2500/webpack-manifest-plugin--webpack-manifest-plugin-6.0.1.tar.xz,10196,19.24120901094284
webpack-sources--webpack-sources-3.5.0,repacked,../data/unpacked_2500/webpack-sources--webpack-sources-3.5.0,../data/repacked_xz_2500/webpack-sources--webpack-sources-3.5.0.tar.xz,26936,46.44012499193195
websocket-driver--websocket-driver-0.7.4,repacked,../data/unpacked_2500/websocket-driver--websocket-driver-0.7.4,../data/repacked_xz_2500/websocket-driver--websocket-driver-0.7.4.tar.xz,17772,27.882374997716397
websocket-extensions--websocket-extensions-0.1.4,repacked,../data/unpacked_2500/websocket-extensions--websocket-extensions-0.1.4,../data/repacked_xz_2500/websocket-extensions--websocket-extensions-0.1.4.tar.xz,14872,23.25054199900478
whatwg-encoding--whatwg-encoding-3.1.1,repacked,../data/unpacked_2500/whatwg-encoding--whatwg-encoding-3.1.1,../data/repacked_xz_2500/whatwg-encoding--whatwg-encoding-3.1.1.tar.xz,4196,11.449375000665896
whatwg-fetch--whatwg-fetch-3.6.20,repacked,../data/unpacked_2500/whatwg-fetch--whatwg-fetch-3.6.20,../data/repacked_xz_2500/whatwg-fetch--whatwg-fetch-3.6.20.tar.xz,12624,21.282665999024175
whatwg-mimetype--whatwg-mimetype-5.0.0,repacked,../data/unpacked_2500/whatwg-mimetype--whatwg-mimetype-5.0.0,../data/repacked_xz_2500/whatwg-mimetype--whatwg-mimetype-5.0.0.tar.xz,10404,25.43662500102073
whatwg-url--whatwg-url-16.0.1,repacked,../data/unpacked_2500/whatwg-url--whatwg-url-16.0.1,../data/repacked_xz_2500/whatwg-url--whatwg-url-16.0.1.tar.xz,17988,32.18279199791141
which--which-7.0.0,repacked,../data/unpacked_2500/which--which-7.0.0,../data/repacked_xz_2500/which--which-7.0.0.tar.xz,3744,11.00916598807089
which-boxed-primitive--which-boxed-primitive-1.1.1,repacked,../data/unpacked_2500/which-boxed-primitive--which-boxed-primitive-1.1.1,../data/repacked_xz_2500/which-boxed-primitive--which-boxed-primitive-1.1.1.tar.xz,6788,17.07979200000409
which-builtin-type--which-builtin-type-1.2.1,repacked,../data/unpacked_2500/which-builtin-type--which-builtin-type-1.2.1,../data/repacked_xz_2500/which-builtin-type--which-builtin-type-1.2.1.tar.xz,8856,17.782833994715475
which-collection--which-collection-1.0.2,repacked,../data/unpacked_2500/which-collection--which-collection-1.0.2,../data/repacked_xz_2500/which-collection--which-collection-1.0.2.tar.xz,7312,17.42950000334531
which-module--which-module-2.0.1,repacked,../data/unpacked_2500/which-module--which-module-2.0.1,../data/repacked_xz_2500/which-module--which-module-2.0.1.tar.xz,2116,9.069750012713484
which-typed-array--which-typed-array-1.1.20,repacked,../data/unpacked_2500/which-typed-array--which-typed-array-1.1.20,../data/repacked_xz_2500/which-typed-array--which-typed-array-1.1.20.tar.xz,12344,20.958166001946665
wide-align--wide-align-1.1.5,repacked,../data/unpacked_2500/wide-align--wide-align-1.1.5,../data/repacked_xz_2500/wide-align--wide-align-1.1.5.tar.xz,2084,9.258167003281415
widest-line--widest-line-6.0.0,repacked,../data/unpacked_2500/widest-line--widest-line-6.0.0,../data/repacked_xz_2500/widest-line--widest-line-6.0.0.tar.xz,1912,9.500125001068227
window-size--window-size-1.1.1,repacked,../data/unpacked_2500/window-size--window-size-1.1.1,../data/repacked_xz_2500/window-size--window-size-1.1.1.tar.xz,4620,12.068583004293032
winston--winston-3.19.0,repacked,../data/unpacked_2500/winston--winston-3.19.0,../data/repacked_xz_2500/winston--winston-3.19.0.tar.xz,41432,71.98962500842754
winston-transport--winston-transport-4.9.0,repacked,../data/unpacked_2500/winston-transport--winston-transport-4.9.0,../data/repacked_xz_2500/winston-transport--winston-transport-4.9.0.tar.xz,10780,25.539416004903615
word-wrap--word-wrap-1.2.5,repacked,../data/unpacked_2500/word-wrap--word-wrap-1.2.5,../data/repacked_xz_2500/word-wrap--word-wrap-1.2.5.tar.xz,4416,12.239415998919867
wordwrap--wordwrap-1.0.0,repacked,../data/unpacked_2500/wordwrap--wordwrap-1.0.0,../data/repacked_xz_2500/wordwrap--wordwrap-1.0.0.tar.xz,14072,19.28279100684449
workbox-background-sync--workbox-background-sync-7.4.1,repacked,../data/unpacked_2500/workbox-background-sync--workbox-background-sync-7.4.1,../data/repacked_xz_2500/workbox-background-sync--workbox-background-sync-7.4.1.tar.xz,45904,68.34337499458343
workbox-broadcast-update--workbox-broadcast-update-7.4.1,repacked,../data/unpacked_2500/workbox-broadcast-update--workbox-broadcast-update-7.4.1,../data/repacked_xz_2500/workbox-broadcast-update--workbox-broadcast-update-7.4.1.tar.xz,24348,38.802833994850516
workbox-build--workbox-build-7.4.1,repacked,../data/unpacked_2500/workbox-build--workbox-build-7.4.1,../data/repacked_xz_2500/workbox-build--workbox-build-7.4.1.tar.xz,64532,115.39083300158381
workbox-cacheable-response--workbox-cacheable-response-7.4.1,repacked,../data/unpacked_2500/workbox-cacheable-response--workbox-cacheable-response-7.4.1,../data/repacked_xz_2500/workbox-cacheable-response--workbox-cacheable-response-7.4.1.tar.xz,19664,29.590625010314398
workbox-core--workbox-core-7.4.1,repacked,../data/unpacked_2500/workbox-core--workbox-core-7.4.1,../data/repacked_xz_2500/workbox-core--workbox-core-7.4.1.tar.xz,48836,96.02837500278838
workbox-expiration--workbox-expiration-7.4.1,repacked,../data/unpacked_2500/workbox-expiration--workbox-expiration-7.4.1,../data/repacked_xz_2500/workbox-expiration--workbox-expiration-7.4.1.tar.xz,40692,57.8532919898862
workbox-google-analytics--workbox-google-analytics-7.4.1,repacked,../data/unpacked_2500/workbox-google-analytics--workbox-google-analytics-7.4.1,../data/repacked_xz_2500/workbox-google-analytics--workbox-google-analytics-7.4.1.tar.xz,22672,31.456416996661574
workbox-navigation-preload--workbox-navigation-preload-7.4.1,repacked,../data/unpacked_2500/workbox-navigation-preload--workbox-navigation-preload-7.4.1,../data/repacked_xz_2500/workbox-navigation-preload--workbox-navigation-preload-7.4.1.tar.xz,17192,27.542708005057648
workbox-precaching--workbox-precaching-7.4.1,repacked,../data/unpacked_2500/workbox-precaching--workbox-precaching-7.4.1,../data/repacked_xz_2500/workbox-precaching--workbox-precaching-7.4.1.tar.xz,51520,101.82033300225157
workbox-range-requests--workbox-range-requests-7.4.1,repacked,../data/unpacked_2500/workbox-range-requests--workbox-range-requests-7.4.1,../data/repacked_xz_2500/workbox-range-requests--workbox-range-requests-7.4.1.tar.xz,22696,35.16045901051257
workbox-routing--workbox-routing-7.4.1,repacked,../data/unpacked_2500/workbox-routing--workbox-routing-7.4.1,../data/repacked_xz_2500/workbox-routing--workbox-routing-7.4.1.tar.xz,39212,66.66058299015276
workbox-strategies--workbox-strategies-7.4.1,repacked,../data/unpacked_2500/workbox-strategies--workbox-strategies-7.4.1,../data/repacked_xz_2500/workbox-strategies--workbox-strategies-7.4.1.tar.xz,47624,83.77087500412017
workbox-streams--workbox-streams-7.4.1,repacked,../data/unpacked_2500/workbox-streams--workbox-streams-7.4.1,../data/repacked_xz_2500/workbox-streams--workbox-streams-7.4.1.tar.xz,24288,38.77749999810476
workbox-sw--workbox-sw-7.4.1,repacked,../data/unpacked_2500/workbox-sw--workbox-sw-7.4.1,../data/repacked_xz_2500/workbox-sw--workbox-sw-7.4.1.tar.xz,5924,15.946208004606888
workbox-webpack-plugin--workbox-webpack-plugin-7.4.1,repacked,../data/unpacked_2500/workbox-webpack-plugin--workbox-webpack-plugin-7.4.1,../data/repacked_xz_2500/workbox-webpack-plugin--workbox-webpack-plugin-7.4.1.tar.xz,29032,43.08512499846984
workbox-window--workbox-window-7.4.1,repacked,../data/unpacked_2500/workbox-window--workbox-window-7.4.1,../data/repacked_xz_2500/workbox-window--workbox-window-7.4.1.tar.xz,50980,105.58775000390597
worker-farm--worker-farm-1.7.0,repacked,../data/unpacked_2500/worker-farm--worker-farm-1.7.0,../data/repacked_xz_2500/worker-farm--worker-farm-1.7.0.tar.xz,13940,26.69087500544265
wrap-ansi--wrap-ansi-10.0.0,repacked,../data/unpacked_2500/wrap-ansi--wrap-ansi-10.0.0,../data/repacked_xz_2500/wrap-ansi--wrap-ansi-10.0.0.tar.xz,5756,13.253750003059395
wrappy--wrappy-1.0.2,repacked,../data/unpacked_2500/wrappy--wrappy-1.0.2,../data/repacked_xz_2500/wrappy--wrappy-1.0.2.tar.xz,1824,9.498833998804912
write--write-2.0.0,repacked,../data/unpacked_2500/write--write-2.0.0,../data/repacked_xz_2500/write--write-2.0.0.tar.xz,5640,14.128041992080398
write-file-atomic--write-file-atomic-8.0.0,repacked,../data/unpacked_2500/write-file-atomic--write-file-atomic-8.0.0,../data/repacked_xz_2500/write-file-atomic--write-file-atomic-8.0.0.tar.xz,4496,12.73337499878835
ws--ws-8.21.0,repacked,../data/unpacked_2500/ws--ws-8.21.0,../data/repacked_xz_2500/ws--ws-8.21.0.tar.xz,30792,44.164459002786316
xdg-basedir--xdg-basedir-5.1.0,repacked,../data/unpacked_2500/xdg-basedir--xdg-basedir-5.1.0,../data/repacked_xz_2500/xdg-basedir--xdg-basedir-5.1.0.tar.xz,2736,11.30008400650695
xml-name-validator--xml-name-validator-5.0.0,repacked,../data/unpacked_2500/xml-name-validator--xml-name-validator-5.0.0,../data/repacked_xz_2500/xml-name-validator--xml-name-validator-5.0.0.tar.xz,4732,12.173334005638026
xml-naming--xml-naming-0.1.0,repacked,../data/unpacked_2500/xml-naming--xml-naming-0.1.0,../data/repacked_xz_2500/xml-naming--xml-naming-0.1.0.tar.xz,5340,14.943749993108213
xml2js--xml2js-0.6.2,repacked,../data/unpacked_2500/xml2js--xml2js-0.6.2,../data/repacked_xz_2500/xml2js--xml2js-0.6.2.tar.xz,642672,788.8804999965942
xmlbuilder--xmlbuilder-15.1.1,repacked,../data/unpacked_2500/xmlbuilder--xmlbuilder-15.1.1,../data/repacked_xz_2500/xmlbuilder--xmlbuilder-15.1.1.tar.xz,45272,76.09312499698717
xmlchars--xmlchars-2.2.0,repacked,../data/unpacked_2500/xmlchars--xmlchars-2.2.0,../data/repacked_xz_2500/xmlchars--xmlchars-2.2.0.tar.xz,8948,23.177916009444743
xmlhttprequest-ssl--xmlhttprequest-ssl-4.0.0,repacked,../data/unpacked_2500/xmlhttprequest-ssl--xmlhttprequest-ssl-4.0.0,../data/repacked_xz_2500/xmlhttprequest-ssl--xmlhttprequest-ssl-4.0.0.tar.xz,12936,18.45141701051034
xregexp--xregexp-5.1.2,repacked,../data/unpacked_2500/xregexp--xregexp-5.1.2,../data/repacked_xz_2500/xregexp--xregexp-5.1.2.tar.xz,88208,145.91804199153557
xtend--xtend-4.0.2,repacked,../data/unpacked_2500/xtend--xtend-4.0.2,../data/repacked_xz_2500/xtend--xtend-4.0.2.tar.xz,2596,10.092540993355215
y18n--y18n-5.0.8,repacked,../data/unpacked_2500/y18n--y18n-5.0.8,../data/repacked_xz_2500/y18n--y18n-5.0.8.tar.xz,6012,15.10795799549669
yallist--yallist-5.0.0,repacked,../data/unpacked_2500/yallist--yallist-5.0.0,../data/repacked_xz_2500/yallist--yallist-5.0.0.tar.xz,8584,24.773249999270774
yaml--yaml-2.9.0,repacked,../data/unpacked_2500/yaml--yaml-2.9.0,../data/repacked_xz_2500/yaml--yaml-2.9.0.tar.xz,81736,214.14579200791195
yargs--yargs-18.0.0,repacked,../data/unpacked_2500/yargs--yargs-18.0.0,../data/repacked_xz_2500/yargs--yargs-18.0.0.tar.xz,42320,74.72541699826252
yargs-parser--yargs-parser-22.0.0,repacked,../data/unpacked_2500/yargs-parser--yargs-parser-22.0.0,../data/repacked_xz_2500/yargs-parser--yargs-parser-22.0.0.tar.xz,19620,29.984749999130145
yauzl--yauzl-3.3.1,repacked,../data/unpacked_2500/yauzl--yauzl-3.3.1,../data/repacked_xz_2500/yauzl--yauzl-3.3.1.tar.xz,24264,29.602833004901186
yeoman-generator--yeoman-generator-8.2.2,repacked,../data/unpacked_2500/yeoman-generator--yeoman-generator-8.2.2,../data/repacked_xz_2500/yeoman-generator--yeoman-generator-8.2.2.tar.xz,26272,43.00641600275412
yn--yn-5.1.0,repacked,../data/unpacked_2500/yn--yn-5.1.0,../data/repacked_xz_2500/yn--yn-5.1.0.tar.xz,2704,10.874708008486778
yocto-queue--yocto-queue-1.2.2,repacked,../data/unpacked_2500/yocto-queue--yocto-queue-1.2.2,../data/repacked_xz_2500/yocto-queue--yocto-queue-1.2.2.tar.xz,3268,9.823707994655706
yoctocolors-cjs--yoctocolors-cjs-2.1.3,repacked,../data/unpacked_2500/yoctocolors-cjs--yoctocolors-cjs-2.1.3,../data/repacked_xz_2500/yoctocolors-cjs--yoctocolors-cjs-2.1.3.tar.xz,4048,10.576250002486631
zip-stream--zip-stream-7.0.5,repacked,../data/unpacked_2500/zip-stream--zip-stream-7.0.5,../data/repacked_xz_2500/zip-stream--zip-stream-7.0.5.tar.xz,3768,10.000209003919736
zod--zod-4.4.3,repacked,../data/unpacked_2500/zod--zod-4.4.3,../data/repacked_xz_2500/zod--zod-4.4.3.tar.xz,372480,1009.2307500017341
zod-to-json-schema--zod-to-json-schema-3.25.2,repacked,../data/unpacked_2500/zod-to-json-schema--zod-to-json-schema-3.25.2,../data/repacked_xz_2500/zod-to-json-schema--zod-to-json-schema-3.25.2.tar.xz,41152,77.32841599499807
zwitch--zwitch-2.0.4,repacked,../data/unpacked_2500/zwitch--zwitch-2.0.4,../data/repacked_xz_2500/zwitch--zwitch-2.0.4.tar.xz,4552,12.039166002068669
