__run_id,__done,alg,subject,energy-pkg,energy-ram,execution-time
run_12_repetition_9,DONE,npm,npm/@next__swc-linux-arm64-musl--swc-linux-arm64-musl-16.2.6.tgz,70.14,8.47,1.095882608
run_64_repetition_18,DONE,zstd,zstd/@esbuild__linux-x64--linux-x64-0.28.0.tar.zst,3.25,0.38,0.048537285
run_104_repetition_4,DONE,brotli,brotli/@esbuild__linux-ia32--linux-ia32-0.28.0.tar.br,5.73,0.69,0.088613327
run_58_repetition_2,DONE,zopfli,zopfli/@esbuild__darwin-x64--darwin-x64-0.28.0.tgz,8.17,1.0,0.128356299
run_23_repetition_7,DONE,xz,xz/@next__swc-darwin-x64--swc-darwin-x64-16.2.6.tar.xz,166.24,19.89,2.593830858
run_27_repetition_7,DONE,xz,xz/@next__swc-win32-x64-msvc--swc-win32-x64-msvc-16.2.6.tar.xz,174.97,20.97,2.730404875
run_14_repetition_0,DONE,npm,npm/@esbuild__openbsd-x64--openbsd-x64-0.28.0.tgz,7.69,0.93,0.119733622
run_96_repetition_13,DONE,brotli,brotli/@next__swc-win32-arm64-msvc--swc-win32-arm64-msvc-16.2.6.tar.br,36.01,4.35,0.558990693
run_6_repetition_9,DONE,npm,npm/next--next-16.2.6.tgz,79.96,9.54,1.242833346
run_5_repetition_2,DONE,npm,npm/@esbuild__aix-ppc64--aix-ppc64-0.28.0.tgz,7.96,0.95,0.123949543
run_65_repetition_6,DONE,zstd,zstd/@next__swc-linux-arm64-musl--swc-linux-arm64-musl-16.2.6.tar.zst,29.54,3.54,0.446797116
run_0_repetition_2,DONE,npm,npm/@next__swc-darwin-arm64--swc-darwin-arm64-16.2.6.tgz,67.39,8.06,1.052850712
run_2_repetition_0,DONE,npm,npm/@esbuild__win32-ia32--win32-ia32-0.28.0.tgz,7.57,0.91,0.117711568
run_79_repetition_3,DONE,zstd,zstd/@next__swc-linux-x64-gnu--swc-linux-x64-gnu-16.2.6.tar.zst,31.11,3.72,0.467775318
run_96_repetition_17,DONE,brotli,brotli/@next__swc-win32-arm64-msvc--swc-win32-arm64-msvc-16.2.6.tar.br,36.08,4.34,0.55607813
run_44_repetition_1,DONE,zopfli,zopfli/@esbuild__win32-ia32--win32-ia32-0.28.0.tgz,7.8,0.93,0.122422237
run_7_repetition_15,DONE,npm,npm/@next__swc-linux-arm64-gnu--swc-linux-arm64-gnu-16.2.6.tgz,70.34,8.54,1.101339227
run_37_repetition_26,DONE,xz,xz/@next__swc-linux-x64-musl--swc-linux-x64-musl-16.2.6.tar.xz,180.42,21.36,2.803063391
run_71_repetition_25,DONE,zstd,zstd/aws-sdk--aws-sdk-2.1693.0.tar.zst,14.67,1.76,0.217133444
run_101_repetition_25,DONE,brotli,brotli/@next__swc-linux-arm64-musl--swc-linux-arm64-musl-16.2.6.tar.br,40.63,4.96,0.634613404
run_2_repetition_14,DONE,npm,npm/@esbuild__win32-ia32--win32-ia32-0.28.0.tgz,7.55,0.9,0.117825238
run_92_repetition_29,DONE,brotli,brotli/@next__swc-darwin-arm64--swc-darwin-arm64-16.2.6.tar.br,38.79,4.69,0.603300562
run_17_repetition_24,DONE,npm,npm/@esbuild__darwin-x64--darwin-x64-0.28.0.tgz,7.86,0.95,0.122809539
run_96_repetition_16,DONE,brotli,brotli/@next__swc-win32-arm64-msvc--swc-win32-arm64-msvc-16.2.6.tar.br,35.57,4.36,0.555335565
run_91_repetition_23,DONE,brotli,brotli/aws-sdk--aws-sdk-2.1693.0.tar.br,13.21,1.68,0.201887494
run_55_repetition_4,DONE,zopfli,zopfli/@esbuild__openbsd-x64--openbsd-x64-0.28.0.tgz,8.01,0.99,0.125262174
run_34_repetition_28,DONE,xz,xz/@esbuild__freebsd-x64--freebsd-x64-0.28.0.tar.xz,23.1,2.79,0.361139179
run_57_repetition_1,DONE,zopfli,zopfli/@esbuild__linux-x64--linux-x64-0.28.0.tgz,8.01,0.97,0.12650353
run_33_repetition_11,DONE,xz,xz/@esbuild__linux-x64--linux-x64-0.28.0.tar.xz,22.79,2.76,0.35710813
run_44_repetition_14,DONE,zopfli,zopfli/@esbuild__win32-ia32--win32-ia32-0.28.0.tgz,7.81,0.95,0.122393923
run_84_repetition_16,DONE,brotli,brotli/@esbuild__win32-x64--win32-x64-0.28.0.tar.br,6.1,0.73,0.095122221
run_12_repetition_18,DONE,npm,npm/@next__swc-linux-arm64-musl--swc-linux-arm64-musl-16.2.6.tgz,70.1,8.43,1.094682332
run_4_repetition_4,DONE,npm,npm/@next__swc-darwin-x64--swc-darwin-x64-16.2.6.tgz,70.32,8.52,1.099415209
run_26_repetition_17,DONE,xz,xz/@esbuild__linux-riscv64--linux-riscv64-0.28.0.tar.xz,21.59,2.56,0.338633124
run_58_repetition_17,DONE,zopfli,zopfli/@esbuild__darwin-x64--darwin-x64-0.28.0.tgz,8.19,0.98,0.128696558
run_67_repetition_12,DONE,zstd,zstd/@next__swc-darwin-x64--swc-darwin-x64-16.2.6.tar.zst,28.76,3.46,0.433877026
run_43_repetition_4,DONE,zopfli,zopfli/@next__swc-win32-arm64-msvc--swc-win32-arm64-msvc-16.2.6.tgz,65.11,7.83,1.023060457
run_90_repetition_23,DONE,brotli,brotli/@esbuild__netbsd-x64--netbsd-x64-0.28.0.tar.br,5.96,0.71,0.092647947
run_42_repetition_19,DONE,zopfli,zopfli/@next__swc-darwin-arm64--swc-darwin-arm64-16.2.6.tgz,71.27,8.65,1.11836412
run_22_repetition_28,DONE,xz,xz/@next__swc-linux-arm64-musl--swc-linux-arm64-musl-16.2.6.tar.xz,155.03,18.65,2.424923064
run_14_repetition_11,DONE,npm,npm/@esbuild__openbsd-x64--openbsd-x64-0.28.0.tgz,7.68,0.92,0.119495485
run_22_repetition_10,DONE,xz,xz/@next__swc-linux-arm64-musl--swc-linux-arm64-musl-16.2.6.tar.xz,154.41,18.55,2.420817809
run_96_repetition_2,DONE,brotli,brotli/@next__swc-win32-arm64-msvc--swc-win32-arm64-msvc-16.2.6.tar.br,35.48,4.33,0.555126629
run_71_repetition_4,DONE,zstd,zstd/aws-sdk--aws-sdk-2.1693.0.tar.zst,14.58,1.75,0.216221063
run_101_repetition_6,DONE,brotli,brotli/@next__swc-linux-arm64-musl--swc-linux-arm64-musl-16.2.6.tar.br,40.29,4.93,0.629721289
run_33_repetition_2,DONE,xz,xz/@esbuild__linux-x64--linux-x64-0.28.0.tar.xz,22.77,2.75,0.357336034
run_79_repetition_8,DONE,zstd,zstd/@next__swc-linux-x64-gnu--swc-linux-x64-gnu-16.2.6.tar.zst,31.73,3.82,0.475231698
run_41_repetition_19,DONE,xz,xz/@esbuild__darwin-x64--darwin-x64-0.28.0.tar.xz,23.57,2.8,0.369696561
run_21_repetition_13,DONE,xz,xz/@esbuild__win32-ia32--win32-ia32-0.28.0.tar.xz,22.73,2.72,0.356139423
run_59_repetition_3,DONE,zopfli,zopfli/typescript--typescript-6.0.3.tgz,11.27,1.36,0.178012013
run_49_repetition_16,DONE,zopfli,zopfli/@esbuild__sunos-x64--sunos-x64-0.28.0.tgz,7.95,0.96,0.125266739
run_87_repetition_3,DONE,brotli,brotli/@esbuild__freebsd-x64--freebsd-x64-0.28.0.tar.br,5.97,0.72,0.092809697
run_51_repetition_14,DONE,zopfli,zopfli/@next__swc-linux-x64-gnu--swc-linux-x64-gnu-16.2.6.tgz,77.95,9.37,1.228705354
run_22_repetition_7,DONE,xz,xz/@next__swc-linux-arm64-musl--swc-linux-arm64-musl-16.2.6.tar.xz,154.46,18.54,2.421212904
run_75_repetition_28,DONE,zstd,zstd/@esbuild__freebsd-x64--freebsd-x64-0.28.0.tar.zst,3.19,0.38,0.048800263
run_45_repetition_10,DONE,zopfli,zopfli/@next__swc-win32-ia32-msvc--swc-win32-ia32-msvc-14.2.16.tgz,54.56,6.64,0.859106905
run_96_repetition_0,DONE,brotli,brotli/@next__swc-win32-arm64-msvc--swc-win32-arm64-msvc-16.2.6.tar.br,35.59,4.34,0.555265633
run_64_repetition_27,DONE,zstd,zstd/@esbuild__linux-x64--linux-x64-0.28.0.tar.zst,3.22,0.39,0.048346068
run_18_repetition_27,DONE,npm,npm/@esbuild__linux-s390x--linux-s390x-0.28.0.tgz,7.74,0.95,0.121946405
run_73_repetition_16,DONE,zstd,zstd/@next__swc-linux-arm64-gnu--swc-linux-arm64-gnu-16.2.6.tar.zst,29.43,3.56,0.44679033
run_47_repetition_16,DONE,zopfli,zopfli/next--next-16.2.6.tgz,81.15,9.88,1.280163916
run_70_repetition_11,DONE,zstd,zstd/@esbuild__win32-x64--win32-x64-0.28.0.tar.zst,3.3,0.39,0.049569374
run_58_repetition_27,DONE,zopfli,zopfli/@esbuild__darwin-x64--darwin-x64-0.28.0.tgz,8.2,0.99,0.129218211
run_103_repetition_12,DONE,brotli,brotli/@esbuild__sunos-x64--sunos-x64-0.28.0.tar.br,5.97,0.71,0.093178708
run_82_repetition_0,DONE,zstd,zstd/@next__swc-darwin-arm64--swc-darwin-arm64-16.2.6.tar.zst,27.99,3.36,0.422693178
run_26_repetition_9,DONE,xz,xz/@esbuild__linux-riscv64--linux-riscv64-0.28.0.tar.xz,21.69,2.59,0.33814038
run_100_repetition_21,DONE,brotli,brotli/@esbuild__openbsd-x64--openbsd-x64-0.28.0.tar.br,5.96,0.73,0.093424908
run_49_repetition_9,DONE,zopfli,zopfli/@esbuild__sunos-x64--sunos-x64-0.28.0.tgz,7.97,0.97,0.125357368
run_78_repetition_0,DONE,zstd,zstd/@esbuild__netbsd-x64--netbsd-x64-0.28.0.tar.zst,3.17,0.37,0.047807689
run_68_repetition_21,DONE,zstd,zstd/@next__swc-win32-ia32-msvc--swc-win32-ia32-msvc-14.2.16.tar.zst,21.48,2.58,0.324465632
run_44_repetition_20,DONE,zopfli,zopfli/@esbuild__win32-ia32--win32-ia32-0.28.0.tgz,7.78,0.92,0.12274292
run_73_repetition_13,DONE,zstd,zstd/@next__swc-linux-arm64-gnu--swc-linux-arm64-gnu-16.2.6.tar.zst,30.35,3.6,0.457480473
run_51_repetition_4,DONE,zopfli,zopfli/@next__swc-linux-x64-gnu--swc-linux-x64-gnu-16.2.6.tgz,78.32,9.36,1.229308817
run_7_repetition_20,DONE,npm,npm/@next__swc-linux-arm64-gnu--swc-linux-arm64-gnu-16.2.6.tgz,70.37,8.46,1.09936648
run_104_repetition_15,DONE,brotli,brotli/@esbuild__linux-ia32--linux-ia32-0.28.0.tar.br,5.68,0.67,0.088173659
run_90_repetition_29,DONE,brotli,brotli/@esbuild__netbsd-x64--netbsd-x64-0.28.0.tar.br,5.96,0.72,0.092412506
run_20_repetition_18,DONE,npm,npm/aws-sdk--aws-sdk-2.1693.0.tgz,37.57,4.54,0.584103435
run_22_repetition_5,DONE,xz,xz/@next__swc-linux-arm64-musl--swc-linux-arm64-musl-16.2.6.tar.xz,154.64,18.51,2.418386199
run_59_repetition_6,DONE,zopfli,zopfli/typescript--typescript-6.0.3.tgz,11.31,1.37,0.177754083
run_20_repetition_13,DONE,npm,npm/aws-sdk--aws-sdk-2.1693.0.tgz,37.61,4.51,0.58369498
run_12_repetition_28,DONE,npm,npm/@next__swc-linux-arm64-musl--swc-linux-arm64-musl-16.2.6.tgz,69.93,8.4,1.092348706
run_26_repetition_3,DONE,xz,xz/@esbuild__linux-riscv64--linux-riscv64-0.28.0.tar.xz,21.6,2.57,0.33787845
run_68_repetition_26,DONE,zstd,zstd/@next__swc-win32-ia32-msvc--swc-win32-ia32-msvc-14.2.16.tar.zst,21.24,2.57,0.32282729
run_95_repetition_28,DONE,brotli,brotli/@esbuild__win32-ia32--win32-ia32-0.28.0.tar.br,5.79,0.69,0.09035964
run_34_repetition_27,DONE,xz,xz/@esbuild__freebsd-x64--freebsd-x64-0.28.0.tar.xz,23.0,2.75,0.360520978
run_99_repetition_2,DONE,brotli,brotli/@next__swc-win32-ia32-msvc--swc-win32-ia32-msvc-14.2.16.tar.br,30.12,3.64,0.46958678
run_98_repetition_29,DONE,brotli,brotli/@next__swc-linux-x64-musl--swc-linux-x64-musl-16.2.6.tar.br,43.59,5.22,0.679052456
run_57_repetition_2,DONE,zopfli,zopfli/@esbuild__linux-x64--linux-x64-0.28.0.tgz,8.1,0.96,0.126363001
run_59_repetition_19,DONE,zopfli,zopfli/typescript--typescript-6.0.3.tgz,11.32,1.35,0.17804613
run_17_repetition_1,DONE,npm,npm/@esbuild__darwin-x64--darwin-x64-0.28.0.tgz,7.97,0.95,0.122770949
run_29_repetition_9,DONE,xz,xz/@esbuild__netbsd-x64--netbsd-x64-0.28.0.tar.xz,23.06,2.75,0.359715731
run_8_repetition_24,DONE,npm,npm/@esbuild__sunos-x64--sunos-x64-0.28.0.tgz,7.7,0.91,0.119898402
run_65_repetition_29,DONE,zstd,zstd/@next__swc-linux-arm64-musl--swc-linux-arm64-musl-16.2.6.tar.zst,29.32,3.54,0.443071883
run_49_repetition_12,DONE,zopfli,zopfli/@esbuild__sunos-x64--sunos-x64-0.28.0.tgz,8.03,0.98,0.125654742
run_31_repetition_8,DONE,xz,xz/@esbuild__openbsd-x64--openbsd-x64-0.28.0.tar.xz,23.09,2.76,0.360570031
run_69_repetition_24,DONE,zstd,zstd/@next__swc-linux-x64-musl--swc-linux-x64-musl-16.2.6.tar.zst,31.0,3.7,0.467286427
run_15_repetition_7,DONE,npm,npm/@next__swc-win32-x64-msvc--swc-win32-x64-msvc-16.2.6.tgz,75.85,9.18,1.18277936
run_59_repetition_27,DONE,zopfli,zopfli/typescript--typescript-6.0.3.tgz,11.33,1.37,0.178111207
run_41_repetition_20,DONE,xz,xz/@esbuild__darwin-x64--darwin-x64-0.28.0.tar.xz,23.61,2.84,0.369481847
run_69_repetition_26,DONE,zstd,zstd/@next__swc-linux-x64-musl--swc-linux-x64-musl-16.2.6.tar.zst,31.41,3.77,0.473724586
run_28_repetition_17,DONE,xz,xz/@next__swc-linux-arm64-gnu--swc-linux-arm64-gnu-16.2.6.tar.xz,156.6,18.79,2.444843284
run_20_repetition_9,DONE,npm,npm/aws-sdk--aws-sdk-2.1693.0.tgz,37.59,4.56,0.583794374
run_14_repetition_14,DONE,npm,npm/@esbuild__openbsd-x64--openbsd-x64-0.28.0.tgz,7.67,0.93,0.119647149
run_33_repetition_20,DONE,xz,xz/@esbuild__linux-x64--linux-x64-0.28.0.tar.xz,22.87,2.73,0.357447071
run_58_repetition_20,DONE,zopfli,zopfli/@esbuild__darwin-x64--darwin-x64-0.28.0.tgz,8.25,0.99,0.128422818
run_74_repetition_21,DONE,zstd,zstd/@esbuild__darwin-x64--darwin-x64-0.28.0.tar.zst,3.4,0.4,0.050190535
run_87_repetition_28,DONE,brotli,brotli/@esbuild__freebsd-x64--freebsd-x64-0.28.0.tar.br,6.04,0.74,0.094187164
run_17_repetition_28,DONE,npm,npm/@esbuild__darwin-x64--darwin-x64-0.28.0.tgz,7.89,0.96,0.122926881
run_13_repetition_3,DONE,npm,npm/@esbuild__win32-x64--win32-x64-0.28.0.tgz,7.88,0.97,0.122732588
run_89_repetition_16,DONE,brotli,brotli/@esbuild__darwin-x64--darwin-x64-0.28.0.tar.br,6.08,0.73,0.094915128
run_59_repetition_4,DONE,zopfli,zopfli/typescript--typescript-6.0.3.tgz,11.28,1.38,0.177531056
run_47_repetition_29,DONE,zopfli,zopfli/next--next-16.2.6.tgz,81.41,9.9,1.279129559
run_24_repetition_26,DONE,xz,xz/aws-sdk--aws-sdk-2.1693.0.tar.xz,46.1,5.63,0.719459911
run_14_repetition_13,DONE,npm,npm/@esbuild__openbsd-x64--openbsd-x64-0.28.0.tgz,7.71,0.94,0.119766939
run_11_repetition_27,DONE,npm,npm/@esbuild__netbsd-x64--netbsd-x64-0.28.0.tgz,7.68,0.91,0.11967712
run_23_repetition_17,DONE,xz,xz/@next__swc-darwin-x64--swc-darwin-x64-16.2.6.tar.xz,166.12,20.02,2.589510042
run_54_repetition_1,DONE,zopfli,zopfli/@esbuild__win32-x64--win32-x64-0.28.0.tgz,8.1,0.98,0.12794546
run_56_repetition_9,DONE,zopfli,zopfli/@next__swc-win32-x64-msvc--swc-win32-x64-msvc-16.2.6.tgz,79.79,9.6,1.257616064
run_74_repetition_14,DONE,zstd,zstd/@esbuild__darwin-x64--darwin-x64-0.28.0.tar.zst,3.29,0.4,0.050098836
run_78_repetition_14,DONE,zstd,zstd/@esbuild__netbsd-x64--netbsd-x64-0.28.0.tar.zst,3.16,0.38,0.047995953
run_58_repetition_24,DONE,zopfli,zopfli/@esbuild__darwin-x64--darwin-x64-0.28.0.tgz,8.21,0.98,0.128204
run_0_repetition_20,DONE,npm,npm/@next__swc-darwin-arm64--swc-darwin-arm64-16.2.6.tgz,67.19,8.09,1.051736514
run_78_repetition_15,DONE,zstd,zstd/@esbuild__netbsd-x64--netbsd-x64-0.28.0.tar.zst,3.18,0.37,0.047899629
run_45_repetition_27,DONE,zopfli,zopfli/@next__swc-win32-ia32-msvc--swc-win32-ia32-msvc-14.2.16.tgz,54.67,6.56,0.859199897
run_45_repetition_0,DONE,zopfli,zopfli/@next__swc-win32-ia32-msvc--swc-win32-ia32-msvc-14.2.16.tgz,54.97,6.6,0.858251838
run_25_repetition_26,DONE,xz,xz/@next__swc-win32-ia32-msvc--swc-win32-ia32-msvc-14.2.16.tar.xz,116.56,13.9,1.818275042
run_9_repetition_26,DONE,npm,npm/@next__swc-linux-x64-musl--swc-linux-x64-musl-16.2.6.tgz,74.8,9.08,1.169288351
run_66_repetition_14,DONE,zstd,zstd/@esbuild__openbsd-x64--openbsd-x64-0.28.0.tar.zst,3.23,0.38,0.048330586
run_50_repetition_13,DONE,zopfli,zopfli/@next__swc-linux-x64-musl--swc-linux-x64-musl-16.2.6.tgz,78.15,9.51,1.231815761
run_40_repetition_20,DONE,xz,xz/@next__swc-win32-arm64-msvc--swc-win32-arm64-msvc-16.2.6.tar.xz,134.66,16.21,2.1114537
run_41_repetition_18,DONE,xz,xz/@esbuild__darwin-x64--darwin-x64-0.28.0.tar.xz,23.51,2.85,0.368753057
run_31_repetition_9,DONE,xz,xz/@esbuild__openbsd-x64--openbsd-x64-0.28.0.tar.xz,23.06,2.78,0.361152422
run_61_repetition_11,DONE,zopfli,zopfli/@esbuild__freebsd-x64--freebsd-x64-0.28.0.tgz,7.95,0.96,0.125467925
run_12_repetition_19,DONE,npm,npm/@next__swc-linux-arm64-musl--swc-linux-arm64-musl-16.2.6.tgz,69.89,8.44,1.095761564
run_63_repetition_10,DONE,zstd,zstd/next--next-16.2.6.tar.zst,20.53,2.49,0.302491977
run_67_repetition_4,DONE,zstd,zstd/@next__swc-darwin-x64--swc-darwin-x64-16.2.6.tar.zst,28.45,3.39,0.429561949
run_70_repetition_28,DONE,zstd,zstd/@esbuild__win32-x64--win32-x64-0.28.0.tar.zst,3.25,0.38,0.049221296
run_69_repetition_25,DONE,zstd,zstd/@next__swc-linux-x64-musl--swc-linux-x64-musl-16.2.6.tar.zst,30.67,3.71,0.465188765
run_30_repetition_23,DONE,xz,xz/next--next-16.2.6.tar.xz,73.31,8.9,1.14323208
run_46_repetition_19,DONE,zopfli,zopfli/@next__swc-darwin-x64--swc-darwin-x64-16.2.6.tgz,76.08,9.27,1.197336915
run_33_repetition_10,DONE,xz,xz/@esbuild__linux-x64--linux-x64-0.28.0.tar.xz,22.8,2.74,0.357272332
run_36_repetition_8,DONE,xz,xz/@esbuild__win32-x64--win32-x64-0.28.0.tar.xz,23.24,2.78,0.363958425
run_28_repetition_7,DONE,xz,xz/@next__swc-linux-arm64-gnu--swc-linux-arm64-gnu-16.2.6.tar.xz,156.28,18.81,2.446336231
run_6_repetition_10,DONE,npm,npm/next--next-16.2.6.tgz,79.56,9.62,1.236778372
run_14_repetition_10,DONE,npm,npm/@esbuild__openbsd-x64--openbsd-x64-0.28.0.tgz,7.72,0.94,0.119988092
run_95_repetition_25,DONE,brotli,brotli/@esbuild__win32-ia32--win32-ia32-0.28.0.tar.br,5.89,0.72,0.090711238
run_72_repetition_12,DONE,zstd,zstd/@esbuild__win32-ia32--win32-ia32-0.28.0.tar.zst,3.15,0.38,0.048123783
run_77_repetition_10,DONE,zstd,zstd/@esbuild__linux-s390x--linux-s390x-0.28.0.tar.zst,3.19,0.37,0.048040665
run_49_repetition_1,DONE,zopfli,zopfli/@esbuild__sunos-x64--sunos-x64-0.28.0.tgz,8.02,0.98,0.125515116
run_32_repetition_13,DONE,xz,xz/@next__swc-linux-x64-gnu--swc-linux-x64-gnu-16.2.6.tar.xz,178.55,21.34,2.794536239
run_17_repetition_21,DONE,npm,npm/@esbuild__darwin-x64--darwin-x64-0.28.0.tgz,7.88,0.95,0.123371138
run_85_repetition_19,DONE,brotli,brotli/@next__swc-linux-arm64-gnu--swc-linux-arm64-gnu-16.2.6.tar.br,40.76,4.97,0.633369983
run_0_repetition_15,DONE,npm,npm/@next__swc-darwin-arm64--swc-darwin-arm64-16.2.6.tgz,67.48,8.1,1.052623703
run_8_repetition_5,DONE,npm,npm/@esbuild__sunos-x64--sunos-x64-0.28.0.tgz,7.65,0.93,0.119882445
run_11_repetition_18,DONE,npm,npm/@esbuild__netbsd-x64--netbsd-x64-0.28.0.tgz,7.68,0.93,0.119717365
run_2_repetition_18,DONE,npm,npm/@esbuild__win32-ia32--win32-ia32-0.28.0.tgz,7.54,0.91,0.117543614
run_75_repetition_23,DONE,zstd,zstd/@esbuild__freebsd-x64--freebsd-x64-0.28.0.tar.zst,3.17,0.38,0.047919253
run_29_repetition_12,DONE,xz,xz/@esbuild__netbsd-x64--netbsd-x64-0.28.0.tar.xz,22.92,2.76,0.359764007
run_25_repetition_6,DONE,xz,xz/@next__swc-win32-ia32-msvc--swc-win32-ia32-msvc-14.2.16.tar.xz,116.02,13.98,1.822778887
run_21_repetition_16,DONE,xz,xz/@esbuild__win32-ia32--win32-ia32-0.28.0.tar.xz,22.73,2.74,0.356740358
run_2_repetition_24,DONE,npm,npm/@esbuild__win32-ia32--win32-ia32-0.28.0.tgz,7.56,0.92,0.118184662
run_92_repetition_18,DONE,brotli,brotli/@next__swc-darwin-arm64--swc-darwin-arm64-16.2.6.tar.br,38.73,4.75,0.604117347
run_94_repetition_11,DONE,brotli,brotli/@next__swc-win32-x64-msvc--swc-win32-x64-msvc-16.2.6.tar.br,44.66,5.45,0.695195691
run_7_repetition_21,DONE,npm,npm/@next__swc-linux-arm64-gnu--swc-linux-arm64-gnu-16.2.6.tgz,70.38,8.57,1.101082572
run_35_repetition_26,DONE,xz,xz/@next__swc-darwin-arm64--swc-darwin-arm64-16.2.6.tar.xz,146.86,17.86,2.303853993
run_69_repetition_1,DONE,zstd,zstd/@next__swc-linux-x64-musl--swc-linux-x64-musl-16.2.6.tar.zst,30.74,3.72,0.46494988
run_100_repetition_18,DONE,brotli,brotli/@esbuild__openbsd-x64--openbsd-x64-0.28.0.tar.br,5.91,0.72,0.09268218
run_54_repetition_6,DONE,zopfli,zopfli/@esbuild__win32-x64--win32-x64-0.28.0.tgz,8.11,0.99,0.127698148
run_103_repetition_25,DONE,brotli,brotli/@esbuild__sunos-x64--sunos-x64-0.28.0.tar.br,5.97,0.74,0.092785056
run_19_repetition_6,DONE,npm,npm/@esbuild__freebsd-x64--freebsd-x64-0.28.0.tgz,7.65,0.94,0.119838665
run_48_repetition_19,DONE,zopfli,zopfli/@next__swc-linux-arm64-gnu--swc-linux-arm64-gnu-16.2.6.tgz,74.32,8.99,1.168653306
run_44_repetition_25,DONE,zopfli,zopfli/@esbuild__win32-ia32--win32-ia32-0.28.0.tgz,7.84,0.95,0.122436157
run_45_repetition_13,DONE,zopfli,zopfli/@next__swc-win32-ia32-msvc--swc-win32-ia32-msvc-14.2.16.tgz,55.17,6.67,0.863034381
run_12_repetition_4,DONE,npm,npm/@next__swc-linux-arm64-musl--swc-linux-arm64-musl-16.2.6.tgz,69.93,8.47,1.095664753
run_91_repetition_11,DONE,brotli,brotli/aws-sdk--aws-sdk-2.1693.0.tar.br,12.94,1.64,0.200730598
run_104_repetition_11,DONE,brotli,brotli/@esbuild__linux-ia32--linux-ia32-0.28.0.tar.br,5.65,0.67,0.087964386
run_53_repetition_10,DONE,zopfli,zopfli/@next__swc-linux-arm64-musl--swc-linux-arm64-musl-16.2.6.tgz,74.29,8.99,1.163725419
run_72_repetition_24,DONE,zstd,zstd/@esbuild__win32-ia32--win32-ia32-0.28.0.tar.zst,3.18,0.38,0.048040597
run_36_repetition_28,DONE,xz,xz/@esbuild__win32-x64--win32-x64-0.28.0.tar.xz,23.27,2.77,0.363647183
run_32_repetition_27,DONE,xz,xz/@next__swc-linux-x64-gnu--swc-linux-x64-gnu-16.2.6.tar.xz,178.69,21.27,2.794347613
run_99_repetition_19,DONE,brotli,brotli/@next__swc-win32-ia32-msvc--swc-win32-ia32-msvc-14.2.16.tar.br,30.25,3.62,0.469307156
run_61_repetition_8,DONE,zopfli,zopfli/@esbuild__freebsd-x64--freebsd-x64-0.28.0.tgz,8.01,0.96,0.125423194
run_21_repetition_14,DONE,xz,xz/@esbuild__win32-ia32--win32-ia32-0.28.0.tar.xz,23.06,2.74,0.356328257
run_26_repetition_19,DONE,xz,xz/@esbuild__linux-riscv64--linux-riscv64-0.28.0.tar.xz,21.69,2.59,0.338384326
run_99_repetition_22,DONE,brotli,brotli/@next__swc-win32-ia32-msvc--swc-win32-ia32-msvc-14.2.16.tar.br,30.2,3.67,0.470785748
run_66_repetition_20,DONE,zstd,zstd/@esbuild__openbsd-x64--openbsd-x64-0.28.0.tar.zst,3.17,0.37,0.048224098
run_88_repetition_2,DONE,brotli,brotli/@next__swc-linux-x64-gnu--swc-linux-x64-gnu-16.2.6.tar.br,43.89,5.28,0.684491506
run_92_repetition_16,DONE,brotli,brotli/@next__swc-darwin-arm64--swc-darwin-arm64-16.2.6.tar.br,38.79,4.69,0.6038268
run_76_repetition_14,DONE,zstd,zstd/@esbuild__linux-riscv64--linux-riscv64-0.28.0.tar.zst,2.91,0.35,0.044033681
run_15_repetition_19,DONE,npm,npm/@next__swc-win32-x64-msvc--swc-win32-x64-msvc-16.2.6.tgz,75.64,9.16,1.183960737
run_10_repetition_19,DONE,npm,npm/@next__swc-linux-x64-gnu--swc-linux-x64-gnu-16.2.6.tgz,74.81,8.99,1.169329187
run_78_repetition_22,DONE,zstd,zstd/@esbuild__netbsd-x64--netbsd-x64-0.28.0.tar.zst,3.18,0.38,0.047795937
run_28_repetition_10,DONE,xz,xz/@next__swc-linux-arm64-gnu--swc-linux-arm64-gnu-16.2.6.tar.xz,156.64,18.73,2.452187183
run_41_repetition_15,DONE,xz,xz/@esbuild__darwin-x64--darwin-x64-0.28.0.tar.xz,23.58,2.83,0.368898365
run_58_repetition_6,DONE,zopfli,zopfli/@esbuild__darwin-x64--darwin-x64-0.28.0.tgz,8.2,0.98,0.127899983
run_44_repetition_19,DONE,zopfli,zopfli/@esbuild__win32-ia32--win32-ia32-0.28.0.tgz,7.81,0.94,0.122513455
run_54_repetition_2,DONE,zopfli,zopfli/@esbuild__win32-x64--win32-x64-0.28.0.tgz,8.12,0.98,0.127607944
run_27_repetition_10,DONE,xz,xz/@next__swc-win32-x64-msvc--swc-win32-x64-msvc-16.2.6.tar.xz,174.55,20.71,2.729902267
run_9_repetition_22,DONE,npm,npm/@next__swc-linux-x64-musl--swc-linux-x64-musl-16.2.6.tgz,75.37,8.99,1.168006246
run_102_repetition_21,DONE,brotli,brotli/@esbuild__linux-riscv64--linux-riscv64-0.28.0.tar.br,5.68,0.68,0.088753372
run_58_repetition_26,DONE,zopfli,zopfli/@esbuild__darwin-x64--darwin-x64-0.28.0.tgz,8.22,0.98,0.128126139
run_29_repetition_21,DONE,xz,xz/@esbuild__netbsd-x64--netbsd-x64-0.28.0.tar.xz,23.19,2.73,0.360444438
run_67_repetition_17,DONE,zstd,zstd/@next__swc-darwin-x64--swc-darwin-x64-16.2.6.tar.zst,28.68,3.43,0.432267572
run_21_repetition_5,DONE,xz,xz/@esbuild__win32-ia32--win32-ia32-0.28.0.tar.xz,22.82,2.71,0.356380505
run_40_repetition_15,DONE,xz,xz/@next__swc-win32-arm64-msvc--swc-win32-arm64-msvc-16.2.6.tar.xz,135.09,15.87,2.1035587
run_88_repetition_11,DONE,brotli,brotli/@next__swc-linux-x64-gnu--swc-linux-x64-gnu-16.2.6.tar.br,44.08,5.26,0.684570977
run_32_repetition_23,DONE,xz,xz/@next__swc-linux-x64-gnu--swc-linux-x64-gnu-16.2.6.tar.xz,178.41,21.24,2.789711201
run_26_repetition_8,DONE,xz,xz/@esbuild__linux-riscv64--linux-riscv64-0.28.0.tar.xz,21.56,2.58,0.33837734
run_51_repetition_26,DONE,zopfli,zopfli/@next__swc-linux-x64-gnu--swc-linux-x64-gnu-16.2.6.tgz,78.0,9.44,1.229538043
run_9_repetition_12,DONE,npm,npm/@next__swc-linux-x64-musl--swc-linux-x64-musl-16.2.6.tgz,74.76,8.94,1.168483668
run_29_repetition_18,DONE,xz,xz/@esbuild__netbsd-x64--netbsd-x64-0.28.0.tar.xz,22.95,2.74,0.359990362
run_85_repetition_5,DONE,brotli,brotli/@next__swc-linux-arm64-gnu--swc-linux-arm64-gnu-16.2.6.tar.br,40.4,4.84,0.630364721
run_27_repetition_12,DONE,xz,xz/@next__swc-win32-x64-msvc--swc-win32-x64-msvc-16.2.6.tar.xz,174.32,20.59,2.730598515
run_5_repetition_24,DONE,npm,npm/@esbuild__aix-ppc64--aix-ppc64-0.28.0.tgz,7.98,0.94,0.124074023
run_74_repetition_20,DONE,zstd,zstd/@esbuild__darwin-x64--darwin-x64-0.28.0.tar.zst,3.26,0.39,0.049813161
run_1_repetition_0,DONE,npm,npm/@next__swc-win32-arm64-msvc--swc-win32-arm64-msvc-16.2.6.tgz,61.47,7.37,0.961049754
run_85_repetition_4,DONE,brotli,brotli/@next__swc-linux-arm64-gnu--swc-linux-arm64-gnu-16.2.6.tar.br,40.47,4.88,0.632300662
run_65_repetition_2,DONE,zstd,zstd/@next__swc-linux-arm64-musl--swc-linux-arm64-musl-16.2.6.tar.zst,29.21,3.49,0.441041168
run_31_repetition_12,DONE,xz,xz/@esbuild__openbsd-x64--openbsd-x64-0.28.0.tar.xz,23.03,2.74,0.360576725
run_72_repetition_6,DONE,zstd,zstd/@esbuild__win32-ia32--win32-ia32-0.28.0.tar.zst,3.21,0.38,0.04805413
run_104_repetition_6,DONE,brotli,brotli/@esbuild__linux-ia32--linux-ia32-0.28.0.tar.br,5.67,0.68,0.087969873
run_29_repetition_22,DONE,xz,xz/@esbuild__netbsd-x64--netbsd-x64-0.28.0.tar.xz,22.96,2.73,0.359728091
run_66_repetition_15,DONE,zstd,zstd/@esbuild__openbsd-x64--openbsd-x64-0.28.0.tar.zst,3.16,0.38,0.04817336
run_1_repetition_9,DONE,npm,npm/@next__swc-win32-arm64-msvc--swc-win32-arm64-msvc-16.2.6.tgz,61.48,7.39,0.960408888
run_6_repetition_23,DONE,npm,npm/next--next-16.2.6.tgz,79.53,9.59,1.234829023
run_34_repetition_18,DONE,xz,xz/@esbuild__freebsd-x64--freebsd-x64-0.28.0.tar.xz,23.03,2.76,0.361191581
run_61_repetition_13,DONE,zopfli,zopfli/@esbuild__freebsd-x64--freebsd-x64-0.28.0.tgz,7.99,0.95,0.125368436
run_71_repetition_11,DONE,zstd,zstd/aws-sdk--aws-sdk-2.1693.0.tar.zst,14.65,1.75,0.216060615
run_5_repetition_28,DONE,npm,npm/@esbuild__aix-ppc64--aix-ppc64-0.28.0.tgz,7.89,0.93,0.12392943
run_5_repetition_21,DONE,npm,npm/@esbuild__aix-ppc64--aix-ppc64-0.28.0.tgz,7.94,0.95,0.123409065
run_44_repetition_13,DONE,zopfli,zopfli/@esbuild__win32-ia32--win32-ia32-0.28.0.tgz,7.81,0.95,0.122404297
run_37_repetition_19,DONE,xz,xz/@next__swc-linux-x64-musl--swc-linux-x64-musl-16.2.6.tar.xz,179.15,21.32,2.798621613
run_77_repetition_23,DONE,zstd,zstd/@esbuild__linux-s390x--linux-s390x-0.28.0.tar.zst,3.19,0.38,0.048434603
run_20_repetition_11,DONE,npm,npm/aws-sdk--aws-sdk-2.1693.0.tgz,37.45,4.54,0.585128188
run_23_repetition_5,DONE,xz,xz/@next__swc-darwin-x64--swc-darwin-x64-16.2.6.tar.xz,166.32,19.9,2.591374025
run_72_repetition_19,DONE,zstd,zstd/@esbuild__win32-ia32--win32-ia32-0.28.0.tar.zst,3.16,0.37,0.047612173
run_85_repetition_17,DONE,brotli,brotli/@next__swc-linux-arm64-gnu--swc-linux-arm64-gnu-16.2.6.tar.br,40.61,4.9,0.631276311
run_19_repetition_4,DONE,npm,npm/@esbuild__freebsd-x64--freebsd-x64-0.28.0.tgz,7.72,0.93,0.119597132
run_18_repetition_9,DONE,npm,npm/@esbuild__linux-s390x--linux-s390x-0.28.0.tgz,7.74,0.93,0.121197212
run_2_repetition_23,DONE,npm,npm/@esbuild__win32-ia32--win32-ia32-0.28.0.tgz,7.5,0.9,0.117268681
run_74_repetition_27,DONE,zstd,zstd/@esbuild__darwin-x64--darwin-x64-0.28.0.tar.zst,3.33,0.39,0.050156599
run_55_repetition_20,DONE,zopfli,zopfli/@esbuild__openbsd-x64--openbsd-x64-0.28.0.tgz,7.95,0.96,0.125361852
run_81_repetition_2,DONE,zstd,zstd/@next__swc-win32-x64-msvc--swc-win32-x64-msvc-16.2.6.tar.zst,32.67,3.94,0.49318802
run_85_repetition_11,DONE,brotli,brotli/@next__swc-linux-arm64-gnu--swc-linux-arm64-gnu-16.2.6.tar.br,40.42,4.88,0.630581068
run_66_repetition_0,DONE,zstd,zstd/@esbuild__openbsd-x64--openbsd-x64-0.28.0.tar.zst,3.12,0.37,0.047490971
run_22_repetition_18,DONE,xz,xz/@next__swc-linux-arm64-musl--swc-linux-arm64-musl-16.2.6.tar.xz,155.23,18.61,2.427019839
run_75_repetition_29,DONE,zstd,zstd/@esbuild__freebsd-x64--freebsd-x64-0.28.0.tar.zst,3.18,0.37,0.047892801
run_64_repetition_12,DONE,zstd,zstd/@esbuild__linux-x64--linux-x64-0.28.0.tar.zst,3.2,0.38,0.047982044
run_84_repetition_1,DONE,brotli,brotli/@esbuild__win32-x64--win32-x64-0.28.0.tar.br,6.12,0.74,0.095437779
run_54_repetition_29,DONE,zopfli,zopfli/@esbuild__win32-x64--win32-x64-0.28.0.tgz,8.15,0.99,0.128072928
run_72_repetition_4,DONE,zstd,zstd/@esbuild__win32-ia32--win32-ia32-0.28.0.tar.zst,3.15,0.37,0.048116903
run_63_repetition_29,DONE,zstd,zstd/next--next-16.2.6.tar.zst,20.43,2.45,0.300249252
run_26_repetition_11,DONE,xz,xz/@esbuild__linux-riscv64--linux-riscv64-0.28.0.tar.xz,21.66,2.6,0.338411104
run_48_repetition_22,DONE,zopfli,zopfli/@next__swc-linux-arm64-gnu--swc-linux-arm64-gnu-16.2.6.tgz,74.47,8.93,1.170114473
run_34_repetition_14,DONE,xz,xz/@esbuild__freebsd-x64--freebsd-x64-0.28.0.tar.xz,23.1,2.74,0.361280892
run_16_repetition_3,DONE,npm,npm/@esbuild__linux-x64--linux-x64-0.28.0.tgz,7.77,0.92,0.120922041
run_55_repetition_3,DONE,zopfli,zopfli/@esbuild__openbsd-x64--openbsd-x64-0.28.0.tgz,8.01,0.95,0.125520006
run_15_repetition_5,DONE,npm,npm/@next__swc-win32-x64-msvc--swc-win32-x64-msvc-16.2.6.tgz,75.73,9.08,1.183803492
run_37_repetition_4,DONE,xz,xz/@next__swc-linux-x64-musl--swc-linux-x64-musl-16.2.6.tar.xz,178.4,21.15,2.795983526
run_38_repetition_24,DONE,xz,xz/@esbuild__linux-ia32--linux-ia32-0.28.0.tar.xz,21.52,2.57,0.337103
run_79_repetition_7,DONE,zstd,zstd/@next__swc-linux-x64-gnu--swc-linux-x64-gnu-16.2.6.tar.zst,30.79,3.65,0.465521696
run_82_repetition_9,DONE,zstd,zstd/@next__swc-darwin-arm64--swc-darwin-arm64-16.2.6.tar.zst,27.96,3.32,0.419394689
run_16_repetition_26,DONE,npm,npm/@esbuild__linux-x64--linux-x64-0.28.0.tgz,7.76,0.93,0.120631057
run_7_repetition_2,DONE,npm,npm/@next__swc-linux-arm64-gnu--swc-linux-arm64-gnu-16.2.6.tgz,70.48,8.44,1.101387445
run_44_repetition_29,DONE,zopfli,zopfli/@esbuild__win32-ia32--win32-ia32-0.28.0.tgz,7.75,0.94,0.122491382
run_87_repetition_21,DONE,brotli,brotli/@esbuild__freebsd-x64--freebsd-x64-0.28.0.tar.br,5.93,0.72,0.092965229
run_9_repetition_1,DONE,npm,npm/@next__swc-linux-x64-musl--swc-linux-x64-musl-16.2.6.tgz,74.4,9.04,1.168633644
run_6_repetition_3,DONE,npm,npm/next--next-16.2.6.tgz,79.76,9.61,1.238316971
run_13_repetition_12,DONE,npm,npm/@esbuild__win32-x64--win32-x64-0.28.0.tgz,7.86,0.95,0.122771423
run_75_repetition_5,DONE,zstd,zstd/@esbuild__freebsd-x64--freebsd-x64-0.28.0.tar.zst,3.18,0.38,0.048205314
run_82_repetition_15,DONE,zstd,zstd/@next__swc-darwin-arm64--swc-darwin-arm64-16.2.6.tar.zst,28.0,3.35,0.41977
run_29_repetition_14,DONE,xz,xz/@esbuild__netbsd-x64--netbsd-x64-0.28.0.tar.xz,23.08,2.79,0.360403006
run_33_repetition_0,DONE,xz,xz/@esbuild__linux-x64--linux-x64-0.28.0.tar.xz,22.93,2.75,0.357711688
run_12_repetition_1,DONE,npm,npm/@next__swc-linux-arm64-musl--swc-linux-arm64-musl-16.2.6.tgz,70.54,8.44,1.09617283
run_61_repetition_14,DONE,zopfli,zopfli/@esbuild__freebsd-x64--freebsd-x64-0.28.0.tgz,7.99,0.96,0.125211248
run_14_repetition_20,DONE,npm,npm/@esbuild__openbsd-x64--openbsd-x64-0.28.0.tgz,7.7,0.92,0.119681891
run_103_repetition_7,DONE,brotli,brotli/@esbuild__sunos-x64--sunos-x64-0.28.0.tar.br,5.96,0.72,0.092778213
run_28_repetition_14,DONE,xz,xz/@next__swc-linux-arm64-gnu--swc-linux-arm64-gnu-16.2.6.tar.xz,155.99,18.69,2.446178685
run_67_repetition_13,DONE,zstd,zstd/@next__swc-darwin-x64--swc-darwin-x64-16.2.6.tar.zst,28.38,3.39,0.429624959
run_2_repetition_1,DONE,npm,npm/@esbuild__win32-ia32--win32-ia32-0.28.0.tgz,7.52,0.88,0.117636754
run_59_repetition_21,DONE,zopfli,zopfli/typescript--typescript-6.0.3.tgz,11.29,1.37,0.177867173
run_15_repetition_16,DONE,npm,npm/@next__swc-win32-x64-msvc--swc-win32-x64-msvc-16.2.6.tgz,76.06,9.13,1.187465936
run_91_repetition_19,DONE,brotli,brotli/aws-sdk--aws-sdk-2.1693.0.tar.br,13.05,1.62,0.201656137
run_21_repetition_26,DONE,xz,xz/@esbuild__win32-ia32--win32-ia32-0.28.0.tar.xz,22.79,2.74,0.356883935
run_95_repetition_15,DONE,brotli,brotli/@esbuild__win32-ia32--win32-ia32-0.28.0.tar.br,5.83,0.7,0.090407297
run_32_repetition_18,DONE,xz,xz/@next__swc-linux-x64-gnu--swc-linux-x64-gnu-16.2.6.tar.xz,177.58,21.26,2.786533302
run_18_repetition_7,DONE,npm,npm/@esbuild__linux-s390x--linux-s390x-0.28.0.tgz,7.72,0.93,0.120904537
run_0_repetition_16,DONE,npm,npm/@next__swc-darwin-arm64--swc-darwin-arm64-16.2.6.tgz,67.4,8.03,1.053493528
run_7_repetition_3,DONE,npm,npm/@next__swc-linux-arm64-gnu--swc-linux-arm64-gnu-16.2.6.tgz,70.67,8.52,1.10352
run_72_repetition_10,DONE,zstd,zstd/@esbuild__win32-ia32--win32-ia32-0.28.0.tar.zst,3.14,0.38,0.047570398
run_80_repetition_1,DONE,zstd,zstd/@next__swc-win32-arm64-msvc--swc-win32-arm64-msvc-16.2.6.tar.zst,26.36,3.16,0.397975843
run_13_repetition_22,DONE,npm,npm/@esbuild__win32-x64--win32-x64-0.28.0.tgz,7.87,0.96,0.123087414
run_48_repetition_6,DONE,zopfli,zopfli/@next__swc-linux-arm64-gnu--swc-linux-arm64-gnu-16.2.6.tgz,74.4,8.99,1.168970926
run_76_repetition_3,DONE,zstd,zstd/@esbuild__linux-riscv64--linux-riscv64-0.28.0.tar.zst,2.9,0.35,0.043580199
run_10_repetition_4,DONE,npm,npm/@next__swc-linux-x64-gnu--swc-linux-x64-gnu-16.2.6.tgz,74.83,9.03,1.169756832
run_46_repetition_15,DONE,zopfli,zopfli/@next__swc-darwin-x64--swc-darwin-x64-16.2.6.tgz,73.53,8.85,1.158697529
run_53_repetition_3,DONE,zopfli,zopfli/@next__swc-linux-arm64-musl--swc-linux-arm64-musl-16.2.6.tgz,73.99,8.91,1.164191985
run_101_repetition_24,DONE,brotli,brotli/@next__swc-linux-arm64-musl--swc-linux-arm64-musl-16.2.6.tar.br,40.37,4.88,0.62976734
run_58_repetition_25,DONE,zopfli,zopfli/@esbuild__darwin-x64--darwin-x64-0.28.0.tgz,8.16,0.98,0.127993752
run_33_repetition_17,DONE,xz,xz/@esbuild__linux-x64--linux-x64-0.28.0.tar.xz,22.82,2.71,0.357281668
run_43_repetition_20,DONE,zopfli,zopfli/@next__swc-win32-arm64-msvc--swc-win32-arm64-msvc-16.2.6.tgz,65.17,7.78,1.022251658
run_100_repetition_14,DONE,brotli,brotli/@esbuild__openbsd-x64--openbsd-x64-0.28.0.tar.br,5.95,0.7,0.093140253
run_28_repetition_0,DONE,xz,xz/@next__swc-linux-arm64-gnu--swc-linux-arm64-gnu-16.2.6.tar.xz,156.36,18.53,2.451192648
run_61_repetition_19,DONE,zopfli,zopfli/@esbuild__freebsd-x64--freebsd-x64-0.28.0.tgz,8.02,0.96,0.125547363
run_22_repetition_22,DONE,xz,xz/@next__swc-linux-arm64-musl--swc-linux-arm64-musl-16.2.6.tar.xz,154.91,18.43,2.422379443
run_100_repetition_28,DONE,brotli,brotli/@esbuild__openbsd-x64--openbsd-x64-0.28.0.tar.br,5.98,0.71,0.092947075
run_32_repetition_24,DONE,xz,xz/@next__swc-linux-x64-gnu--swc-linux-x64-gnu-16.2.6.tar.xz,178.51,21.2,2.791906154
run_79_repetition_28,DONE,zstd,zstd/@next__swc-linux-x64-gnu--swc-linux-x64-gnu-16.2.6.tar.zst,30.83,3.65,0.464551457
run_68_repetition_28,DONE,zstd,zstd/@next__swc-win32-ia32-msvc--swc-win32-ia32-msvc-14.2.16.tar.zst,21.35,2.52,0.321361965
run_51_repetition_15,DONE,zopfli,zopfli/@next__swc-linux-x64-gnu--swc-linux-x64-gnu-16.2.6.tgz,78.36,9.35,1.228233721
run_96_repetition_12,DONE,brotli,brotli/@next__swc-win32-arm64-msvc--swc-win32-arm64-msvc-16.2.6.tar.br,35.85,4.31,0.555945065
run_2_repetition_29,DONE,npm,npm/@esbuild__win32-ia32--win32-ia32-0.28.0.tgz,7.7,0.9,0.1178703
run_42_repetition_1,DONE,zopfli,zopfli/@next__swc-darwin-arm64--swc-darwin-arm64-16.2.6.tgz,71.86,8.59,1.120539517
run_84_repetition_24,DONE,brotli,brotli/@esbuild__win32-x64--win32-x64-0.28.0.tar.br,6.08,0.73,0.095219623
run_27_repetition_17,DONE,xz,xz/@next__swc-win32-x64-msvc--swc-win32-x64-msvc-16.2.6.tar.xz,173.93,20.72,2.729753836
run_31_repetition_21,DONE,xz,xz/@esbuild__openbsd-x64--openbsd-x64-0.28.0.tar.xz,22.96,2.75,0.360607319
run_93_repetition_17,DONE,brotli,brotli/@esbuild__linux-x64--linux-x64-0.28.0.tar.br,6.01,0.73,0.093416964
run_30_repetition_15,DONE,xz,xz/next--next-16.2.6.tar.xz,73.04,8.8,1.144863559
run_38_repetition_19,DONE,xz,xz/@esbuild__linux-ia32--linux-ia32-0.28.0.tar.xz,21.44,2.54,0.337217021
run_59_repetition_9,DONE,zopfli,zopfli/typescript--typescript-6.0.3.tgz,11.26,1.36,0.177661023
run_29_repetition_17,DONE,xz,xz/@esbuild__netbsd-x64--netbsd-x64-0.28.0.tar.xz,22.93,2.74,0.360034023
run_15_repetition_23,DONE,npm,npm/@next__swc-win32-x64-msvc--swc-win32-x64-msvc-16.2.6.tgz,75.54,9.08,1.183440486
run_34_repetition_24,DONE,xz,xz/@esbuild__freebsd-x64--freebsd-x64-0.28.0.tar.xz,23.05,2.77,0.361276093
run_19_repetition_18,DONE,npm,npm/@esbuild__freebsd-x64--freebsd-x64-0.28.0.tgz,7.7,0.94,0.120057803
run_81_repetition_16,DONE,zstd,zstd/@next__swc-win32-x64-msvc--swc-win32-x64-msvc-16.2.6.tar.zst,32.92,3.94,0.496534962
run_83_repetition_1,DONE,zstd,zstd/@esbuild__sunos-x64--sunos-x64-0.28.0.tar.zst,3.21,0.38,0.048184625
run_97_repetition_20,DONE,brotli,brotli/next--next-16.2.6.tar.br,22.53,2.77,0.349165712
run_73_repetition_27,DONE,zstd,zstd/@next__swc-linux-arm64-gnu--swc-linux-arm64-gnu-16.2.6.tar.zst,29.54,3.55,0.445005192
run_54_repetition_18,DONE,zopfli,zopfli/@esbuild__win32-x64--win32-x64-0.28.0.tgz,8.11,0.98,0.127753967
run_31_repetition_2,DONE,xz,xz/@esbuild__openbsd-x64--openbsd-x64-0.28.0.tar.xz,22.99,2.78,0.360774676
run_85_repetition_15,DONE,brotli,brotli/@next__swc-linux-arm64-gnu--swc-linux-arm64-gnu-16.2.6.tar.br,40.71,5.01,0.633215306
run_39_repetition_20,DONE,xz,xz/@esbuild__sunos-x64--sunos-x64-0.28.0.tar.xz,23.03,2.79,0.362042177
run_93_repetition_1,DONE,brotli,brotli/@esbuild__linux-x64--linux-x64-0.28.0.tar.br,6.01,0.72,0.093958692
run_42_repetition_22,DONE,zopfli,zopfli/@next__swc-darwin-arm64--swc-darwin-arm64-16.2.6.tgz,71.27,8.68,1.121352391
run_35_repetition_0,DONE,xz,xz/@next__swc-darwin-arm64--swc-darwin-arm64-16.2.6.tar.xz,146.49,17.66,2.299903287
run_89_repetition_13,DONE,brotli,brotli/@esbuild__darwin-x64--darwin-x64-0.28.0.tar.br,6.12,0.73,0.095136244
run_93_repetition_15,DONE,brotli,brotli/@esbuild__linux-x64--linux-x64-0.28.0.tar.br,5.98,0.72,0.093576774
run_18_repetition_15,DONE,npm,npm/@esbuild__linux-s390x--linux-s390x-0.28.0.tgz,7.82,0.95,0.121741738
run_1_repetition_4,DONE,npm,npm/@next__swc-win32-arm64-msvc--swc-win32-arm64-msvc-16.2.6.tgz,61.56,7.47,0.960887053
run_60_repetition_26,DONE,zopfli,zopfli/@esbuild__linux-s390x--linux-s390x-0.28.0.tgz,7.88,0.94,0.123375667
run_27_repetition_2,DONE,xz,xz/@next__swc-win32-x64-msvc--swc-win32-x64-msvc-16.2.6.tar.xz,174.23,20.85,2.730879703
run_0_repetition_6,DONE,npm,npm/@next__swc-darwin-arm64--swc-darwin-arm64-16.2.6.tgz,67.39,8.1,1.052686745
run_1_repetition_10,DONE,npm,npm/@next__swc-win32-arm64-msvc--swc-win32-arm64-msvc-16.2.6.tgz,61.43,7.38,0.959745556
run_16_repetition_23,DONE,npm,npm/@esbuild__linux-x64--linux-x64-0.28.0.tgz,7.67,0.92,0.120373366
run_11_repetition_13,DONE,npm,npm/@esbuild__netbsd-x64--netbsd-x64-0.28.0.tgz,7.71,0.92,0.119740494
run_83_repetition_28,DONE,zstd,zstd/@esbuild__sunos-x64--sunos-x64-0.28.0.tar.zst,3.26,0.37,0.048094294
run_31_repetition_5,DONE,xz,xz/@esbuild__openbsd-x64--openbsd-x64-0.28.0.tar.xz,23.01,2.73,0.360617566
run_51_repetition_13,DONE,zopfli,zopfli/@next__swc-linux-x64-gnu--swc-linux-x64-gnu-16.2.6.tgz,78.1,9.37,1.22920153
run_64_repetition_9,DONE,zstd,zstd/@esbuild__linux-x64--linux-x64-0.28.0.tar.zst,3.22,0.37,0.048414691
run_45_repetition_26,DONE,zopfli,zopfli/@next__swc-win32-ia32-msvc--swc-win32-ia32-msvc-14.2.16.tgz,54.65,6.58,0.859705942
run_88_repetition_12,DONE,brotli,brotli/@next__swc-linux-x64-gnu--swc-linux-x64-gnu-16.2.6.tar.br,43.87,5.28,0.684358603
run_43_repetition_25,DONE,zopfli,zopfli/@next__swc-win32-arm64-msvc--swc-win32-arm64-msvc-16.2.6.tgz,64.95,7.8,1.023264523
run_20_repetition_5,DONE,npm,npm/aws-sdk--aws-sdk-2.1693.0.tgz,37.68,4.5,0.585607972
run_35_repetition_7,DONE,xz,xz/@next__swc-darwin-arm64--swc-darwin-arm64-16.2.6.tar.xz,147.03,17.63,2.302048194
run_5_repetition_25,DONE,npm,npm/@esbuild__aix-ppc64--aix-ppc64-0.28.0.tgz,7.93,0.95,0.12364852
run_18_repetition_19,DONE,npm,npm/@esbuild__linux-s390x--linux-s390x-0.28.0.tgz,7.78,0.92,0.121273281
run_85_repetition_14,DONE,brotli,brotli/@next__swc-linux-arm64-gnu--swc-linux-arm64-gnu-16.2.6.tar.br,40.44,4.94,0.630300813
run_84_repetition_8,DONE,brotli,brotli/@esbuild__win32-x64--win32-x64-0.28.0.tar.br,6.12,0.74,0.095295126
run_24_repetition_23,DONE,xz,xz/aws-sdk--aws-sdk-2.1693.0.tar.xz,46.08,5.52,0.719268669
run_26_repetition_5,DONE,xz,xz/@esbuild__linux-riscv64--linux-riscv64-0.28.0.tar.xz,21.6,2.57,0.338357193
run_61_repetition_22,DONE,zopfli,zopfli/@esbuild__freebsd-x64--freebsd-x64-0.28.0.tgz,8.03,0.97,0.125527259
run_7_repetition_7,DONE,npm,npm/@next__swc-linux-arm64-gnu--swc-linux-arm64-gnu-16.2.6.tgz,70.91,8.45,1.104294321
run_53_repetition_28,DONE,zopfli,zopfli/@next__swc-linux-arm64-musl--swc-linux-arm64-musl-16.2.6.tgz,74.57,8.94,1.165216929
run_94_repetition_23,DONE,brotli,brotli/@next__swc-win32-x64-msvc--swc-win32-x64-msvc-16.2.6.tar.br,44.86,5.38,0.697101296
run_62_repetition_28,DONE,zopfli,zopfli/aws-sdk--aws-sdk-2.1693.0.tgz,38.68,4.64,0.604994928
run_24_repetition_0,DONE,xz,xz/aws-sdk--aws-sdk-2.1693.0.tar.xz,46.07,5.53,0.719117547
run_3_repetition_25,DONE,npm,npm/@next__swc-win32-ia32-msvc--swc-win32-ia32-msvc-14.2.16.tgz,52.37,6.23,0.815849596
run_81_repetition_1,DONE,zstd,zstd/@next__swc-win32-x64-msvc--swc-win32-x64-msvc-16.2.6.tar.zst,32.4,3.84,0.486303865
run_18_repetition_14,DONE,npm,npm/@esbuild__linux-s390x--linux-s390x-0.28.0.tgz,7.78,0.94,0.1209308
run_32_repetition_9,DONE,xz,xz/@next__swc-linux-x64-gnu--swc-linux-x64-gnu-16.2.6.tar.xz,178.37,21.42,2.789181412
run_52_repetition_0,DONE,zopfli,zopfli/@esbuild__netbsd-x64--netbsd-x64-0.28.0.tgz,8.13,0.97,0.124964639
run_2_repetition_16,DONE,npm,npm/@esbuild__win32-ia32--win32-ia32-0.28.0.tgz,7.54,0.9,0.118091075
run_20_repetition_3,DONE,npm,npm/aws-sdk--aws-sdk-2.1693.0.tgz,37.6,4.49,0.583452169
run_92_repetition_26,DONE,brotli,brotli/@next__swc-darwin-arm64--swc-darwin-arm64-16.2.6.tar.br,38.71,4.7,0.602741384
run_46_repetition_10,DONE,zopfli,zopfli/@next__swc-darwin-x64--swc-darwin-x64-16.2.6.tgz,73.76,8.89,1.157630074
run_46_repetition_6,DONE,zopfli,zopfli/@next__swc-darwin-x64--swc-darwin-x64-16.2.6.tgz,73.79,8.89,1.157253167
run_103_repetition_4,DONE,brotli,brotli/@esbuild__sunos-x64--sunos-x64-0.28.0.tar.br,5.98,0.72,0.093069568
run_76_repetition_5,DONE,zstd,zstd/@esbuild__linux-riscv64--linux-riscv64-0.28.0.tar.zst,2.93,0.34,0.044466095
run_15_repetition_2,DONE,npm,npm/@next__swc-win32-x64-msvc--swc-win32-x64-msvc-16.2.6.tgz,76.5,9.15,1.188255154
run_100_repetition_8,DONE,brotli,brotli/@esbuild__openbsd-x64--openbsd-x64-0.28.0.tar.br,5.96,0.71,0.092840043
run_64_repetition_24,DONE,zstd,zstd/@esbuild__linux-x64--linux-x64-0.28.0.tar.zst,3.26,0.38,0.048424224
run_11_repetition_4,DONE,npm,npm/@esbuild__netbsd-x64--netbsd-x64-0.28.0.tgz,7.85,0.91,0.120217091
run_35_repetition_24,DONE,xz,xz/@next__swc-darwin-arm64--swc-darwin-arm64-16.2.6.tar.xz,147.83,17.43,2.306492386
run_79_repetition_6,DONE,zstd,zstd/@next__swc-linux-x64-gnu--swc-linux-x64-gnu-16.2.6.tar.zst,30.88,3.67,0.463759168
run_7_repetition_25,DONE,npm,npm/@next__swc-linux-arm64-gnu--swc-linux-arm64-gnu-16.2.6.tgz,71.03,8.54,1.101782244
run_6_repetition_19,DONE,npm,npm/next--next-16.2.6.tgz,80.26,9.49,1.236180771
run_93_repetition_8,DONE,brotli,brotli/@esbuild__linux-x64--linux-x64-0.28.0.tar.br,6.02,0.73,0.093276341
run_103_repetition_21,DONE,brotli,brotli/@esbuild__sunos-x64--sunos-x64-0.28.0.tar.br,5.97,0.71,0.092719649
run_87_repetition_4,DONE,brotli,brotli/@esbuild__freebsd-x64--freebsd-x64-0.28.0.tar.br,6.06,0.71,0.093247631
run_82_repetition_19,DONE,zstd,zstd/@next__swc-darwin-arm64--swc-darwin-arm64-16.2.6.tar.zst,28.03,3.29,0.42179186
run_77_repetition_17,DONE,zstd,zstd/@esbuild__linux-s390x--linux-s390x-0.28.0.tar.zst,3.19,0.38,0.048215344
run_59_repetition_0,DONE,zopfli,zopfli/typescript--typescript-6.0.3.tgz,11.33,1.37,0.177653462
run_98_repetition_8,DONE,brotli,brotli/@next__swc-linux-x64-musl--swc-linux-x64-musl-16.2.6.tar.br,43.84,5.28,0.682686293
run_22_repetition_12,DONE,xz,xz/@next__swc-linux-arm64-musl--swc-linux-arm64-musl-16.2.6.tar.xz,155.01,18.47,2.425983623
run_41_repetition_10,DONE,xz,xz/@esbuild__darwin-x64--darwin-x64-0.28.0.tar.xz,23.55,2.82,0.369346126
run_101_repetition_22,DONE,brotli,brotli/@next__swc-linux-arm64-musl--swc-linux-arm64-musl-16.2.6.tar.br,40.43,4.86,0.629265792
run_23_repetition_24,DONE,xz,xz/@next__swc-darwin-x64--swc-darwin-x64-16.2.6.tar.xz,165.55,19.69,2.593143591
run_54_repetition_10,DONE,zopfli,zopfli/@esbuild__win32-x64--win32-x64-0.28.0.tgz,8.2,0.96,0.127916617
run_29_repetition_20,DONE,xz,xz/@esbuild__netbsd-x64--netbsd-x64-0.28.0.tar.xz,22.99,2.75,0.360140327
run_85_repetition_2,DONE,brotli,brotli/@next__swc-linux-arm64-gnu--swc-linux-arm64-gnu-16.2.6.tar.br,41.02,4.89,0.636757565
run_82_repetition_8,DONE,zstd,zstd/@next__swc-darwin-arm64--swc-darwin-arm64-16.2.6.tar.zst,27.99,3.28,0.421331489
run_56_repetition_22,DONE,zopfli,zopfli/@next__swc-win32-x64-msvc--swc-win32-x64-msvc-16.2.6.tgz,80.06,9.56,1.258127166
run_87_repetition_12,DONE,brotli,brotli/@esbuild__freebsd-x64--freebsd-x64-0.28.0.tar.br,5.97,0.71,0.09276393
run_33_repetition_5,DONE,xz,xz/@esbuild__linux-x64--linux-x64-0.28.0.tar.xz,22.82,2.7,0.357168412
run_61_repetition_20,DONE,zopfli,zopfli/@esbuild__freebsd-x64--freebsd-x64-0.28.0.tgz,8.0,0.96,0.125459521
run_97_repetition_10,DONE,brotli,brotli/next--next-16.2.6.tar.br,22.48,2.75,0.348427999
run_36_repetition_1,DONE,xz,xz/@esbuild__win32-x64--win32-x64-0.28.0.tar.xz,23.44,2.81,0.366679632
run_21_repetition_0,DONE,xz,xz/@esbuild__win32-ia32--win32-ia32-0.28.0.tar.xz,22.85,2.72,0.357116592
run_100_repetition_12,DONE,brotli,brotli/@esbuild__openbsd-x64--openbsd-x64-0.28.0.tar.br,5.96,0.72,0.093160435
run_55_repetition_14,DONE,zopfli,zopfli/@esbuild__openbsd-x64--openbsd-x64-0.28.0.tgz,8.04,0.97,0.126324601
run_67_repetition_25,DONE,zstd,zstd/@next__swc-darwin-x64--swc-darwin-x64-16.2.6.tar.zst,28.72,3.44,0.432600094
run_82_repetition_17,DONE,zstd,zstd/@next__swc-darwin-arm64--swc-darwin-arm64-16.2.6.tar.zst,27.98,3.33,0.42073967
run_74_repetition_26,DONE,zstd,zstd/@esbuild__darwin-x64--darwin-x64-0.28.0.tar.zst,3.29,0.39,0.049565466
run_67_repetition_6,DONE,zstd,zstd/@next__swc-darwin-x64--swc-darwin-x64-16.2.6.tar.zst,28.66,3.4,0.431517038
run_32_repetition_4,DONE,xz,xz/@next__swc-linux-x64-gnu--swc-linux-x64-gnu-16.2.6.tar.xz,178.42,21.33,2.78981605
run_75_repetition_15,DONE,zstd,zstd/@esbuild__freebsd-x64--freebsd-x64-0.28.0.tar.zst,3.22,0.38,0.04832751
run_73_repetition_2,DONE,zstd,zstd/@next__swc-linux-arm64-gnu--swc-linux-arm64-gnu-16.2.6.tar.zst,29.65,3.54,0.447878527
run_104_repetition_24,DONE,brotli,brotli/@esbuild__linux-ia32--linux-ia32-0.28.0.tar.br,5.64,0.67,0.087466624
run_93_repetition_27,DONE,brotli,brotli/@esbuild__linux-x64--linux-x64-0.28.0.tar.br,6.0,0.72,0.093730186
run_83_repetition_19,DONE,zstd,zstd/@esbuild__sunos-x64--sunos-x64-0.28.0.tar.zst,3.17,0.37,0.048373484
run_24_repetition_11,DONE,xz,xz/aws-sdk--aws-sdk-2.1693.0.tar.xz,46.55,5.52,0.72087848
run_3_repetition_29,DONE,npm,npm/@next__swc-win32-ia32-msvc--swc-win32-ia32-msvc-14.2.16.tgz,52.32,6.2,0.816311493
run_60_repetition_27,DONE,zopfli,zopfli/@esbuild__linux-s390x--linux-s390x-0.28.0.tgz,7.86,0.93,0.123464959
run_12_repetition_13,DONE,npm,npm/@next__swc-linux-arm64-musl--swc-linux-arm64-musl-16.2.6.tgz,69.96,8.4,1.094553715
run_103_repetition_15,DONE,brotli,brotli/@esbuild__sunos-x64--sunos-x64-0.28.0.tar.br,5.97,0.71,0.093205959
run_79_repetition_11,DONE,zstd,zstd/@next__swc-linux-x64-gnu--swc-linux-x64-gnu-16.2.6.tar.zst,31.07,3.71,0.46868241
run_1_repetition_14,DONE,npm,npm/@next__swc-win32-arm64-msvc--swc-win32-arm64-msvc-16.2.6.tgz,61.35,7.4,0.959714982
run_22_repetition_17,DONE,xz,xz/@next__swc-linux-arm64-musl--swc-linux-arm64-musl-16.2.6.tar.xz,154.19,18.51,2.4218914
run_59_repetition_2,DONE,zopfli,zopfli/typescript--typescript-6.0.3.tgz,11.23,1.35,0.177649524
run_57_repetition_6,DONE,zopfli,zopfli/@esbuild__linux-x64--linux-x64-0.28.0.tgz,8.01,0.96,0.125814964
run_101_repetition_18,DONE,brotli,brotli/@next__swc-linux-arm64-musl--swc-linux-arm64-musl-16.2.6.tar.br,40.51,4.86,0.630536055
run_88_repetition_0,DONE,brotli,brotli/@next__swc-linux-x64-gnu--swc-linux-x64-gnu-16.2.6.tar.br,43.86,5.23,0.684147499
run_18_repetition_11,DONE,npm,npm/@esbuild__linux-s390x--linux-s390x-0.28.0.tgz,7.81,0.93,0.122274595
run_53_repetition_14,DONE,zopfli,zopfli/@next__swc-linux-arm64-musl--swc-linux-arm64-musl-16.2.6.tgz,73.81,8.85,1.165222298
run_73_repetition_18,DONE,zstd,zstd/@next__swc-linux-arm64-gnu--swc-linux-arm64-gnu-16.2.6.tar.zst,29.55,3.53,0.449077133
run_4_repetition_26,DONE,npm,npm/@next__swc-darwin-x64--swc-darwin-x64-16.2.6.tgz,69.98,8.42,1.099720121
run_94_repetition_16,DONE,brotli,brotli/@next__swc-win32-x64-msvc--swc-win32-x64-msvc-16.2.6.tar.br,44.92,5.39,0.698417844
run_23_repetition_15,DONE,xz,xz/@next__swc-darwin-x64--swc-darwin-x64-16.2.6.tar.xz,165.44,19.76,2.595466029
run_99_repetition_11,DONE,brotli,brotli/@next__swc-win32-ia32-msvc--swc-win32-ia32-msvc-14.2.16.tar.br,30.1,3.67,0.471049986
run_16_repetition_16,DONE,npm,npm/@esbuild__linux-x64--linux-x64-0.28.0.tgz,7.72,0.93,0.121176151
run_54_repetition_0,DONE,zopfli,zopfli/@esbuild__win32-x64--win32-x64-0.28.0.tgz,8.17,0.99,0.128879804
run_79_repetition_5,DONE,zstd,zstd/@next__swc-linux-x64-gnu--swc-linux-x64-gnu-16.2.6.tar.zst,30.88,3.7,0.467613438
run_63_repetition_17,DONE,zstd,zstd/next--next-16.2.6.tar.zst,20.36,2.48,0.301420213
run_24_repetition_15,DONE,xz,xz/aws-sdk--aws-sdk-2.1693.0.tar.xz,46.09,5.48,0.72080397
run_75_repetition_20,DONE,zstd,zstd/@esbuild__freebsd-x64--freebsd-x64-0.28.0.tar.zst,3.17,0.37,0.048109009
run_40_repetition_17,DONE,xz,xz/@next__swc-win32-arm64-msvc--swc-win32-arm64-msvc-16.2.6.tar.xz,134.39,16.1,2.105690317
run_53_repetition_15,DONE,zopfli,zopfli/@next__swc-linux-arm64-musl--swc-linux-arm64-musl-16.2.6.tgz,73.84,8.93,1.166292057
run_3_repetition_16,DONE,npm,npm/@next__swc-win32-ia32-msvc--swc-win32-ia32-msvc-14.2.16.tgz,52.37,6.31,0.815174246
run_23_repetition_3,DONE,xz,xz/@next__swc-darwin-x64--swc-darwin-x64-16.2.6.tar.xz,165.79,19.83,2.591490786
run_54_repetition_16,DONE,zopfli,zopfli/@esbuild__win32-x64--win32-x64-0.28.0.tgz,8.16,0.99,0.12809112
run_85_repetition_24,DONE,brotli,brotli/@next__swc-linux-arm64-gnu--swc-linux-arm64-gnu-16.2.6.tar.br,40.5,4.88,0.631499504
run_64_repetition_20,DONE,zstd,zstd/@esbuild__linux-x64--linux-x64-0.28.0.tar.zst,3.2,0.37,0.048117391
run_43_repetition_10,DONE,zopfli,zopfli/@next__swc-win32-arm64-msvc--swc-win32-arm64-msvc-16.2.6.tgz,65.0,7.84,1.023117026
run_17_repetition_9,DONE,npm,npm/@esbuild__darwin-x64--darwin-x64-0.28.0.tgz,7.87,0.95,0.122749552
run_56_repetition_24,DONE,zopfli,zopfli/@next__swc-win32-x64-msvc--swc-win32-x64-msvc-16.2.6.tgz,79.9,9.6,1.259189713
run_96_repetition_6,DONE,brotli,brotli/@next__swc-win32-arm64-msvc--swc-win32-arm64-msvc-16.2.6.tar.br,35.46,4.32,0.553238787
run_14_repetition_23,DONE,npm,npm/@esbuild__openbsd-x64--openbsd-x64-0.28.0.tgz,7.66,0.91,0.119666271
run_39_repetition_27,DONE,xz,xz/@esbuild__sunos-x64--sunos-x64-0.28.0.tar.xz,23.04,2.73,0.360392975
run_99_repetition_24,DONE,brotli,brotli/@next__swc-win32-ia32-msvc--swc-win32-ia32-msvc-14.2.16.tar.br,30.26,3.67,0.471015112
run_35_repetition_2,DONE,xz,xz/@next__swc-darwin-arm64--swc-darwin-arm64-16.2.6.tar.xz,147.22,17.6,2.300602144
run_61_repetition_9,DONE,zopfli,zopfli/@esbuild__freebsd-x64--freebsd-x64-0.28.0.tgz,7.97,0.96,0.125204658
run_15_repetition_29,DONE,npm,npm/@next__swc-win32-x64-msvc--swc-win32-x64-msvc-16.2.6.tgz,76.1,9.02,1.184619243
run_32_repetition_6,DONE,xz,xz/@next__swc-linux-x64-gnu--swc-linux-x64-gnu-16.2.6.tar.xz,178.45,21.16,2.791329805
run_20_repetition_19,DONE,npm,npm/aws-sdk--aws-sdk-2.1693.0.tgz,37.51,4.48,0.584086452
run_97_repetition_1,DONE,brotli,brotli/next--next-16.2.6.tar.br,22.56,2.77,0.348281051
run_71_repetition_23,DONE,zstd,zstd/aws-sdk--aws-sdk-2.1693.0.tar.zst,14.55,1.73,0.215615376
run_76_repetition_0,DONE,zstd,zstd/@esbuild__linux-riscv64--linux-riscv64-0.28.0.tar.zst,2.88,0.34,0.043584091
run_38_repetition_12,DONE,xz,xz/@esbuild__linux-ia32--linux-ia32-0.28.0.tar.xz,21.66,2.59,0.337924141
run_37_repetition_9,DONE,xz,xz/@next__swc-linux-x64-musl--swc-linux-x64-musl-16.2.6.tar.xz,178.66,21.33,2.797476515
run_104_repetition_27,DONE,brotli,brotli/@esbuild__linux-ia32--linux-ia32-0.28.0.tar.br,5.65,0.68,0.088019857
run_11_repetition_10,DONE,npm,npm/@esbuild__netbsd-x64--netbsd-x64-0.28.0.tgz,7.7,0.92,0.120032737
run_101_repetition_28,DONE,brotli,brotli/@next__swc-linux-arm64-musl--swc-linux-arm64-musl-16.2.6.tar.br,40.49,4.92,0.63041832
run_17_repetition_18,DONE,npm,npm/@esbuild__darwin-x64--darwin-x64-0.28.0.tgz,7.85,0.95,0.122784398
run_85_repetition_27,DONE,brotli,brotli/@next__swc-linux-arm64-gnu--swc-linux-arm64-gnu-16.2.6.tar.br,40.53,4.9,0.63247366
run_101_repetition_27,DONE,brotli,brotli/@next__swc-linux-arm64-musl--swc-linux-arm64-musl-16.2.6.tar.br,40.33,4.93,0.629453739
run_45_repetition_3,DONE,zopfli,zopfli/@next__swc-win32-ia32-msvc--swc-win32-ia32-msvc-14.2.16.tgz,54.5,6.57,0.859379983
run_68_repetition_4,DONE,zstd,zstd/@next__swc-win32-ia32-msvc--swc-win32-ia32-msvc-14.2.16.tar.zst,21.33,2.54,0.323532703
run_31_repetition_27,DONE,xz,xz/@esbuild__openbsd-x64--openbsd-x64-0.28.0.tar.xz,22.93,2.74,0.360764738
run_76_repetition_27,DONE,zstd,zstd/@esbuild__linux-riscv64--linux-riscv64-0.28.0.tar.zst,2.82,0.34,0.043425741
run_28_repetition_11,DONE,xz,xz/@next__swc-linux-arm64-gnu--swc-linux-arm64-gnu-16.2.6.tar.xz,155.68,18.54,2.449540521
run_9_repetition_28,DONE,npm,npm/@next__swc-linux-x64-musl--swc-linux-x64-musl-16.2.6.tgz,74.69,8.99,1.17103964
run_64_repetition_23,DONE,zstd,zstd/@esbuild__linux-x64--linux-x64-0.28.0.tar.zst,3.23,0.38,0.04849087
run_26_repetition_25,DONE,xz,xz/@esbuild__linux-riscv64--linux-riscv64-0.28.0.tar.xz,21.56,2.59,0.338699324
run_1_repetition_11,DONE,npm,npm/@next__swc-win32-arm64-msvc--swc-win32-arm64-msvc-16.2.6.tgz,61.37,7.41,0.96098516
run_4_repetition_10,DONE,npm,npm/@next__swc-darwin-x64--swc-darwin-x64-16.2.6.tgz,70.56,8.46,1.099954503
run_4_repetition_9,DONE,npm,npm/@next__swc-darwin-x64--swc-darwin-x64-16.2.6.tgz,70.39,8.46,1.100508142
run_73_repetition_3,DONE,zstd,zstd/@next__swc-linux-arm64-gnu--swc-linux-arm64-gnu-16.2.6.tar.zst,29.63,3.54,0.447784219
run_94_repetition_18,DONE,brotli,brotli/@next__swc-win32-x64-msvc--swc-win32-x64-msvc-16.2.6.tar.br,45.03,5.46,0.69877836
run_56_repetition_15,DONE,zopfli,zopfli/@next__swc-win32-x64-msvc--swc-win32-x64-msvc-16.2.6.tgz,80.31,9.64,1.25488736
run_14_repetition_22,DONE,npm,npm/@esbuild__openbsd-x64--openbsd-x64-0.28.0.tgz,7.69,0.92,0.119835466
run_3_repetition_27,DONE,npm,npm/@next__swc-win32-ia32-msvc--swc-win32-ia32-msvc-14.2.16.tgz,52.36,6.27,0.815227388
run_51_repetition_8,DONE,zopfli,zopfli/@next__swc-linux-x64-gnu--swc-linux-x64-gnu-16.2.6.tgz,78.33,9.34,1.228998201
run_17_repetition_6,DONE,npm,npm/@esbuild__darwin-x64--darwin-x64-0.28.0.tgz,7.85,0.96,0.123008076
run_51_repetition_23,DONE,zopfli,zopfli/@next__swc-linux-x64-gnu--swc-linux-x64-gnu-16.2.6.tgz,78.19,9.47,1.229108469
run_56_repetition_7,DONE,zopfli,zopfli/@next__swc-win32-x64-msvc--swc-win32-x64-msvc-16.2.6.tgz,79.92,9.67,1.256517081
run_55_repetition_12,DONE,zopfli,zopfli/@esbuild__openbsd-x64--openbsd-x64-0.28.0.tgz,7.99,0.98,0.125410605
run_1_repetition_26,DONE,npm,npm/@next__swc-win32-arm64-msvc--swc-win32-arm64-msvc-16.2.6.tgz,61.51,7.37,0.960032859
run_23_repetition_12,DONE,xz,xz/@next__swc-darwin-x64--swc-darwin-x64-16.2.6.tar.xz,166.83,19.92,2.595082802
run_32_repetition_20,DONE,xz,xz/@next__swc-linux-x64-gnu--swc-linux-x64-gnu-16.2.6.tar.xz,178.19,21.31,2.790362679
run_41_repetition_25,DONE,xz,xz/@esbuild__darwin-x64--darwin-x64-0.28.0.tar.xz,23.53,2.79,0.368290885
run_42_repetition_25,DONE,zopfli,zopfli/@next__swc-darwin-arm64--swc-darwin-arm64-16.2.6.tgz,71.2,8.58,1.119087135
run_93_repetition_29,DONE,brotli,brotli/@esbuild__linux-x64--linux-x64-0.28.0.tar.br,6.03,0.72,0.093894356
run_100_repetition_25,DONE,brotli,brotli/@esbuild__openbsd-x64--openbsd-x64-0.28.0.tar.br,5.99,0.72,0.093240363
run_80_repetition_13,DONE,zstd,zstd/@next__swc-win32-arm64-msvc--swc-win32-arm64-msvc-16.2.6.tar.zst,26.35,3.16,0.398502673
run_88_repetition_22,DONE,brotli,brotli/@next__swc-linux-x64-gnu--swc-linux-x64-gnu-16.2.6.tar.br,43.77,5.34,0.684080173
run_102_repetition_8,DONE,brotli,brotli/@esbuild__linux-riscv64--linux-riscv64-0.28.0.tar.br,5.68,0.69,0.088635628
run_59_repetition_28,DONE,zopfli,zopfli/typescript--typescript-6.0.3.tgz,11.32,1.37,0.177446206
run_91_repetition_27,DONE,brotli,brotli/aws-sdk--aws-sdk-2.1693.0.tar.br,12.95,1.62,0.200022627
run_21_repetition_10,DONE,xz,xz/@esbuild__win32-ia32--win32-ia32-0.28.0.tar.xz,22.78,2.74,0.35680178
run_27_repetition_25,DONE,xz,xz/@next__swc-win32-x64-msvc--swc-win32-x64-msvc-16.2.6.tar.xz,174.18,21.01,2.72990301
run_78_repetition_9,DONE,zstd,zstd/@esbuild__netbsd-x64--netbsd-x64-0.28.0.tar.zst,3.25,0.39,0.048559706
run_68_repetition_7,DONE,zstd,zstd/@next__swc-win32-ia32-msvc--swc-win32-ia32-msvc-14.2.16.tar.zst,21.44,2.57,0.323363314
run_26_repetition_27,DONE,xz,xz/@esbuild__linux-riscv64--linux-riscv64-0.28.0.tar.xz,21.67,2.56,0.337643414
run_72_repetition_9,DONE,zstd,zstd/@esbuild__win32-ia32--win32-ia32-0.28.0.tar.zst,3.19,0.39,0.048560041
run_70_repetition_1,DONE,zstd,zstd/@esbuild__win32-x64--win32-x64-0.28.0.tar.zst,3.28,0.4,0.049670424
run_95_repetition_3,DONE,brotli,brotli/@esbuild__win32-ia32--win32-ia32-0.28.0.tar.br,5.81,0.7,0.090538716
run_28_repetition_3,DONE,xz,xz/@next__swc-linux-arm64-gnu--swc-linux-arm64-gnu-16.2.6.tar.xz,157.18,18.88,2.452776009
run_15_repetition_17,DONE,npm,npm/@next__swc-win32-x64-msvc--swc-win32-x64-msvc-16.2.6.tgz,75.82,9.2,1.183567882
run_12_repetition_0,DONE,npm,npm/@next__swc-linux-arm64-musl--swc-linux-arm64-musl-16.2.6.tgz,70.11,8.5,1.094122984
run_66_repetition_9,DONE,zstd,zstd/@esbuild__openbsd-x64--openbsd-x64-0.28.0.tar.zst,3.21,0.38,0.048210805
run_75_repetition_11,DONE,zstd,zstd/@esbuild__freebsd-x64--freebsd-x64-0.28.0.tar.zst,3.23,0.38,0.048276791
run_67_repetition_26,DONE,zstd,zstd/@next__swc-darwin-x64--swc-darwin-x64-16.2.6.tar.zst,28.54,3.43,0.431175137
run_69_repetition_0,DONE,zstd,zstd/@next__swc-linux-x64-musl--swc-linux-x64-musl-16.2.6.tar.zst,31.35,3.77,0.473987849
run_33_repetition_28,DONE,xz,xz/@esbuild__linux-x64--linux-x64-0.28.0.tar.xz,22.87,2.72,0.357113514
run_32_repetition_3,DONE,xz,xz/@next__swc-linux-x64-gnu--swc-linux-x64-gnu-16.2.6.tar.xz,178.54,21.41,2.789432646
run_37_repetition_25,DONE,xz,xz/@next__swc-linux-x64-musl--swc-linux-x64-musl-16.2.6.tar.xz,179.03,21.5,2.797468666
run_13_repetition_15,DONE,npm,npm/@esbuild__win32-x64--win32-x64-0.28.0.tgz,7.9,0.95,0.123222439
run_15_repetition_3,DONE,npm,npm/@next__swc-win32-x64-msvc--swc-win32-x64-msvc-16.2.6.tgz,76.03,9.09,1.183834582
run_73_repetition_9,DONE,zstd,zstd/@next__swc-linux-arm64-gnu--swc-linux-arm64-gnu-16.2.6.tar.zst,29.85,3.55,0.447451663
run_6_repetition_16,DONE,npm,npm/next--next-16.2.6.tgz,80.17,9.58,1.240294971
run_64_repetition_21,DONE,zstd,zstd/@esbuild__linux-x64--linux-x64-0.28.0.tar.zst,3.22,0.38,0.048011726
run_11_repetition_25,DONE,npm,npm/@esbuild__netbsd-x64--netbsd-x64-0.28.0.tgz,7.71,0.91,0.119393936
run_102_repetition_0,DONE,brotli,brotli/@esbuild__linux-riscv64--linux-riscv64-0.28.0.tar.br,5.68,0.68,0.088282462
run_16_repetition_5,DONE,npm,npm/@esbuild__linux-x64--linux-x64-0.28.0.tgz,7.74,0.94,0.120876185
run_95_repetition_24,DONE,brotli,brotli/@esbuild__win32-ia32--win32-ia32-0.28.0.tar.br,5.82,0.7,0.090879832
run_55_repetition_23,DONE,zopfli,zopfli/@esbuild__openbsd-x64--openbsd-x64-0.28.0.tgz,8.0,0.95,0.125586794
run_0_repetition_18,DONE,npm,npm/@next__swc-darwin-arm64--swc-darwin-arm64-16.2.6.tgz,67.35,8.01,1.052796724
run_48_repetition_10,DONE,zopfli,zopfli/@next__swc-linux-arm64-gnu--swc-linux-arm64-gnu-16.2.6.tgz,74.43,8.92,1.169581926
run_46_repetition_23,DONE,zopfli,zopfli/@next__swc-darwin-x64--swc-darwin-x64-16.2.6.tgz,73.56,8.91,1.157962435
run_89_repetition_9,DONE,brotli,brotli/@esbuild__darwin-x64--darwin-x64-0.28.0.tar.br,6.1,0.73,0.095024434
run_69_repetition_4,DONE,zstd,zstd/@next__swc-linux-x64-musl--swc-linux-x64-musl-16.2.6.tar.zst,30.97,3.69,0.467780389
run_18_repetition_10,DONE,npm,npm/@esbuild__linux-s390x--linux-s390x-0.28.0.tgz,7.77,0.94,0.121132634
run_57_repetition_8,DONE,zopfli,zopfli/@esbuild__linux-x64--linux-x64-0.28.0.tgz,8.03,0.98,0.126063244
run_96_repetition_8,DONE,brotli,brotli/@next__swc-win32-arm64-msvc--swc-win32-arm64-msvc-16.2.6.tar.br,35.7,4.3,0.555269357
run_60_repetition_1,DONE,zopfli,zopfli/@esbuild__linux-s390x--linux-s390x-0.28.0.tgz,7.89,0.96,0.123736934
run_9_repetition_27,DONE,npm,npm/@next__swc-linux-x64-musl--swc-linux-x64-musl-16.2.6.tgz,75.25,9.07,1.170135438
run_22_repetition_2,DONE,xz,xz/@next__swc-linux-arm64-musl--swc-linux-arm64-musl-16.2.6.tar.xz,155.26,18.62,2.424794119
run_104_repetition_1,DONE,brotli,brotli/@esbuild__linux-ia32--linux-ia32-0.28.0.tar.br,5.68,0.67,0.088016601
run_45_repetition_4,DONE,zopfli,zopfli/@next__swc-win32-ia32-msvc--swc-win32-ia32-msvc-14.2.16.tgz,54.7,6.59,0.858756377
run_69_repetition_6,DONE,zstd,zstd/@next__swc-linux-x64-musl--swc-linux-x64-musl-16.2.6.tar.zst,30.86,3.69,0.464931276
run_46_repetition_7,DONE,zopfli,zopfli/@next__swc-darwin-x64--swc-darwin-x64-16.2.6.tgz,73.77,8.95,1.158619365
run_33_repetition_27,DONE,xz,xz/@esbuild__linux-x64--linux-x64-0.28.0.tar.xz,22.82,2.77,0.35698673
run_35_repetition_4,DONE,xz,xz/@next__swc-darwin-arm64--swc-darwin-arm64-16.2.6.tar.xz,147.17,17.68,2.303181658
run_90_repetition_0,DONE,brotli,brotli/@esbuild__netbsd-x64--netbsd-x64-0.28.0.tar.br,5.93,0.71,0.092722799
run_71_repetition_3,DONE,zstd,zstd/aws-sdk--aws-sdk-2.1693.0.tar.zst,14.98,1.8,0.222136608
run_33_repetition_18,DONE,xz,xz/@esbuild__linux-x64--linux-x64-0.28.0.tar.xz,22.86,2.73,0.357336682
run_31_repetition_6,DONE,xz,xz/@esbuild__openbsd-x64--openbsd-x64-0.28.0.tar.xz,23.12,2.73,0.360662348
run_99_repetition_26,DONE,brotli,brotli/@next__swc-win32-ia32-msvc--swc-win32-ia32-msvc-14.2.16.tar.br,30.22,3.69,0.470936856
run_13_repetition_26,DONE,npm,npm/@esbuild__win32-x64--win32-x64-0.28.0.tgz,7.89,0.93,0.123175554
run_72_repetition_15,DONE,zstd,zstd/@esbuild__win32-ia32--win32-ia32-0.28.0.tar.zst,3.2,0.39,0.048025698
run_79_repetition_1,DONE,zstd,zstd/@next__swc-linux-x64-gnu--swc-linux-x64-gnu-16.2.6.tar.zst,31.11,3.7,0.466818289
run_25_repetition_0,DONE,xz,xz/@next__swc-win32-ia32-msvc--swc-win32-ia32-msvc-14.2.16.tar.xz,116.4,13.95,1.820138993
run_49_repetition_23,DONE,zopfli,zopfli/@esbuild__sunos-x64--sunos-x64-0.28.0.tgz,7.96,0.97,0.124934695
run_37_repetition_23,DONE,xz,xz/@next__swc-linux-x64-musl--swc-linux-x64-musl-16.2.6.tar.xz,179.97,21.47,2.79736272
run_32_repetition_19,DONE,xz,xz/@next__swc-linux-x64-gnu--swc-linux-x64-gnu-16.2.6.tar.xz,179.68,21.34,2.792182356
run_37_repetition_5,DONE,xz,xz/@next__swc-linux-x64-musl--swc-linux-x64-musl-16.2.6.tar.xz,179.66,21.41,2.794982827
run_80_repetition_20,DONE,zstd,zstd/@next__swc-win32-arm64-msvc--swc-win32-arm64-msvc-16.2.6.tar.zst,26.41,3.16,0.39799237
run_73_repetition_15,DONE,zstd,zstd/@next__swc-linux-arm64-gnu--swc-linux-arm64-gnu-16.2.6.tar.zst,30.2,3.64,0.455183009
run_55_repetition_11,DONE,zopfli,zopfli/@esbuild__openbsd-x64--openbsd-x64-0.28.0.tgz,8.01,0.95,0.124968571
run_3_repetition_6,DONE,npm,npm/@next__swc-win32-ia32-msvc--swc-win32-ia32-msvc-14.2.16.tgz,52.55,6.3,0.816958606
run_20_repetition_21,DONE,npm,npm/aws-sdk--aws-sdk-2.1693.0.tgz,37.69,4.51,0.583995088
run_26_repetition_7,DONE,xz,xz/@esbuild__linux-riscv64--linux-riscv64-0.28.0.tar.xz,21.65,2.6,0.338472506
run_36_repetition_12,DONE,xz,xz/@esbuild__win32-x64--win32-x64-0.28.0.tar.xz,23.31,2.79,0.363553416
run_41_repetition_13,DONE,xz,xz/@esbuild__darwin-x64--darwin-x64-0.28.0.tar.xz,23.78,2.81,0.368066384
run_24_repetition_19,DONE,xz,xz/aws-sdk--aws-sdk-2.1693.0.tar.xz,46.53,5.56,0.720833729
run_74_repetition_10,DONE,zstd,zstd/@esbuild__darwin-x64--darwin-x64-0.28.0.tar.zst,3.34,0.39,0.049975045
run_32_repetition_26,DONE,xz,xz/@next__swc-linux-x64-gnu--swc-linux-x64-gnu-16.2.6.tar.xz,178.62,21.36,2.791408377
run_21_repetition_27,DONE,xz,xz/@esbuild__win32-ia32--win32-ia32-0.28.0.tar.xz,22.83,2.75,0.356426477
run_94_repetition_26,DONE,brotli,brotli/@next__swc-win32-x64-msvc--swc-win32-x64-msvc-16.2.6.tar.br,45.31,5.48,0.698771298
run_71_repetition_5,DONE,zstd,zstd/aws-sdk--aws-sdk-2.1693.0.tar.zst,14.78,1.77,0.217594685
run_53_repetition_9,DONE,zopfli,zopfli/@next__swc-linux-arm64-musl--swc-linux-arm64-musl-16.2.6.tgz,74.2,9.03,1.167491005
run_72_repetition_21,DONE,zstd,zstd/@esbuild__win32-ia32--win32-ia32-0.28.0.tar.zst,3.17,0.38,0.047750189
run_76_repetition_26,DONE,zstd,zstd/@esbuild__linux-riscv64--linux-riscv64-0.28.0.tar.zst,2.88,0.35,0.043401254
run_9_repetition_23,DONE,npm,npm/@next__swc-linux-x64-musl--swc-linux-x64-musl-16.2.6.tgz,74.87,8.95,1.169477206
run_58_repetition_21,DONE,zopfli,zopfli/@esbuild__darwin-x64--darwin-x64-0.28.0.tgz,8.18,0.99,0.128116491
run_7_repetition_0,DONE,npm,npm/@next__swc-linux-arm64-gnu--swc-linux-arm64-gnu-16.2.6.tgz,70.3,8.48,1.100643985
run_89_repetition_11,DONE,brotli,brotli/@esbuild__darwin-x64--darwin-x64-0.28.0.tar.br,6.16,0.74,0.095315499
run_67_repetition_9,DONE,zstd,zstd/@next__swc-darwin-x64--swc-darwin-x64-16.2.6.tar.zst,29.24,3.47,0.440310843
run_81_repetition_4,DONE,zstd,zstd/@next__swc-win32-x64-msvc--swc-win32-x64-msvc-16.2.6.tar.zst,32.32,3.85,0.485190283
run_57_repetition_11,DONE,zopfli,zopfli/@esbuild__linux-x64--linux-x64-0.28.0.tgz,8.04,0.98,0.125907802
run_28_repetition_1,DONE,xz,xz/@next__swc-linux-arm64-gnu--swc-linux-arm64-gnu-16.2.6.tar.xz,157.34,18.88,2.450848708
run_88_repetition_10,DONE,brotli,brotli/@next__swc-linux-x64-gnu--swc-linux-x64-gnu-16.2.6.tar.br,44.2,5.35,0.683082147
run_102_repetition_14,DONE,brotli,brotli/@esbuild__linux-riscv64--linux-riscv64-0.28.0.tar.br,5.69,0.68,0.088899932
run_89_repetition_29,DONE,brotli,brotli/@esbuild__darwin-x64--darwin-x64-0.28.0.tar.br,6.2,0.74,0.095114128
run_7_repetition_18,DONE,npm,npm/@next__swc-linux-arm64-gnu--swc-linux-arm64-gnu-16.2.6.tgz,71.31,8.59,1.107711683
run_104_repetition_22,DONE,brotli,brotli/@esbuild__linux-ia32--linux-ia32-0.28.0.tar.br,5.67,0.67,0.087799401
run_14_repetition_19,DONE,npm,npm/@esbuild__openbsd-x64--openbsd-x64-0.28.0.tgz,7.72,0.92,0.119406293
run_97_repetition_4,DONE,brotli,brotli/next--next-16.2.6.tar.br,22.63,2.8,0.349439937
run_34_repetition_25,DONE,xz,xz/@esbuild__freebsd-x64--freebsd-x64-0.28.0.tar.xz,23.06,2.77,0.361046412
run_87_repetition_26,DONE,brotli,brotli/@esbuild__freebsd-x64--freebsd-x64-0.28.0.tar.br,5.96,0.71,0.093004469
run_37_repetition_0,DONE,xz,xz/@next__swc-linux-x64-musl--swc-linux-x64-musl-16.2.6.tar.xz,179.01,21.57,2.798924417
run_88_repetition_21,DONE,brotli,brotli/@next__swc-linux-x64-gnu--swc-linux-x64-gnu-16.2.6.tar.br,43.87,5.3,0.684205702
run_92_repetition_3,DONE,brotli,brotli/@next__swc-darwin-arm64--swc-darwin-arm64-16.2.6.tar.br,38.96,4.71,0.60729391
run_70_repetition_25,DONE,zstd,zstd/@esbuild__win32-x64--win32-x64-0.28.0.tar.zst,3.37,0.4,0.050424797
run_36_repetition_22,DONE,xz,xz/@esbuild__win32-x64--win32-x64-0.28.0.tar.xz,23.4,2.78,0.364696812
run_32_repetition_2,DONE,xz,xz/@next__swc-linux-x64-gnu--swc-linux-x64-gnu-16.2.6.tar.xz,178.1,21.23,2.789663673
run_65_repetition_3,DONE,zstd,zstd/@next__swc-linux-arm64-musl--swc-linux-arm64-musl-16.2.6.tar.zst,29.84,3.57,0.451532415
run_22_repetition_16,DONE,xz,xz/@next__swc-linux-arm64-musl--swc-linux-arm64-musl-16.2.6.tar.xz,155.05,18.46,2.423039677
run_26_repetition_22,DONE,xz,xz/@esbuild__linux-riscv64--linux-riscv64-0.28.0.tar.xz,21.58,2.57,0.33809583
run_87_repetition_19,DONE,brotli,brotli/@esbuild__freebsd-x64--freebsd-x64-0.28.0.tar.br,6.0,0.71,0.092806213
run_94_repetition_28,DONE,brotli,brotli/@next__swc-win32-x64-msvc--swc-win32-x64-msvc-16.2.6.tar.br,45.36,5.46,0.697992953
run_10_repetition_24,DONE,npm,npm/@next__swc-linux-x64-gnu--swc-linux-x64-gnu-16.2.6.tgz,74.92,8.99,1.169606534
run_41_repetition_4,DONE,xz,xz/@esbuild__darwin-x64--darwin-x64-0.28.0.tar.xz,23.5,2.84,0.368270945
run_3_repetition_15,DONE,npm,npm/@next__swc-win32-ia32-msvc--swc-win32-ia32-msvc-14.2.16.tgz,52.38,6.33,0.815545637
run_1_repetition_25,DONE,npm,npm/@next__swc-win32-arm64-msvc--swc-win32-arm64-msvc-16.2.6.tgz,61.7,7.4,0.96089174
run_70_repetition_22,DONE,zstd,zstd/@esbuild__win32-x64--win32-x64-0.28.0.tar.zst,3.23,0.38,0.049568819
run_39_repetition_17,DONE,xz,xz/@esbuild__sunos-x64--sunos-x64-0.28.0.tar.xz,23.13,2.74,0.360586925
run_64_repetition_22,DONE,zstd,zstd/@esbuild__linux-x64--linux-x64-0.28.0.tar.zst,3.17,0.38,0.048307511
run_92_repetition_1,DONE,brotli,brotli/@next__swc-darwin-arm64--swc-darwin-arm64-16.2.6.tar.br,38.87,4.68,0.604307815
run_51_repetition_12,DONE,zopfli,zopfli/@next__swc-linux-x64-gnu--swc-linux-x64-gnu-16.2.6.tgz,78.47,9.48,1.230218508
run_39_repetition_12,DONE,xz,xz/@esbuild__sunos-x64--sunos-x64-0.28.0.tar.xz,23.07,2.79,0.360578524
run_103_repetition_9,DONE,brotli,brotli/@esbuild__sunos-x64--sunos-x64-0.28.0.tar.br,5.93,0.72,0.092651926
run_3_repetition_3,DONE,npm,npm/@next__swc-win32-ia32-msvc--swc-win32-ia32-msvc-14.2.16.tgz,52.55,6.34,0.816140213
run_14_repetition_9,DONE,npm,npm/@esbuild__openbsd-x64--openbsd-x64-0.28.0.tgz,7.64,0.91,0.119518006
run_8_repetition_28,DONE,npm,npm/@esbuild__sunos-x64--sunos-x64-0.28.0.tgz,7.71,0.94,0.120031443
run_47_repetition_0,DONE,zopfli,zopfli/next--next-16.2.6.tgz,82.08,9.92,1.28248224
run_98_repetition_0,DONE,brotli,brotli/@next__swc-linux-x64-musl--swc-linux-x64-musl-16.2.6.tar.br,44.14,5.34,0.683356552
run_60_repetition_18,DONE,zopfli,zopfli/@esbuild__linux-s390x--linux-s390x-0.28.0.tgz,7.93,0.95,0.123304793
run_54_repetition_4,DONE,zopfli,zopfli/@esbuild__win32-x64--win32-x64-0.28.0.tgz,8.43,1.01,0.128544834
run_9_repetition_14,DONE,npm,npm/@next__swc-linux-x64-musl--swc-linux-x64-musl-16.2.6.tgz,75.03,9.04,1.169793637
run_99_repetition_1,DONE,brotli,brotli/@next__swc-win32-ia32-msvc--swc-win32-ia32-msvc-14.2.16.tar.br,30.22,3.67,0.470902625
run_84_repetition_3,DONE,brotli,brotli/@esbuild__win32-x64--win32-x64-0.28.0.tar.br,6.14,0.73,0.094939887
run_17_repetition_19,DONE,npm,npm/@esbuild__darwin-x64--darwin-x64-0.28.0.tgz,7.85,0.94,0.122644182
run_9_repetition_3,DONE,npm,npm/@next__swc-linux-x64-musl--swc-linux-x64-musl-16.2.6.tgz,74.62,9.04,1.169777877
run_21_repetition_25,DONE,xz,xz/@esbuild__win32-ia32--win32-ia32-0.28.0.tar.xz,22.78,2.75,0.35664786
run_31_repetition_26,DONE,xz,xz/@esbuild__openbsd-x64--openbsd-x64-0.28.0.tar.xz,22.98,2.76,0.360782657
run_8_repetition_2,DONE,npm,npm/@esbuild__sunos-x64--sunos-x64-0.28.0.tgz,7.72,0.93,0.120698861
run_14_repetition_28,DONE,npm,npm/@esbuild__openbsd-x64--openbsd-x64-0.28.0.tgz,7.66,0.92,0.11980753
run_71_repetition_27,DONE,zstd,zstd/aws-sdk--aws-sdk-2.1693.0.tar.zst,14.66,1.77,0.216738693
run_36_repetition_16,DONE,xz,xz/@esbuild__win32-x64--win32-x64-0.28.0.tar.xz,23.31,2.79,0.363929273
run_4_repetition_2,DONE,npm,npm/@next__swc-darwin-x64--swc-darwin-x64-16.2.6.tgz,70.4,8.47,1.09916377
run_77_repetition_26,DONE,zstd,zstd/@esbuild__linux-s390x--linux-s390x-0.28.0.tar.zst,3.18,0.38,0.047943519
run_80_repetition_27,DONE,zstd,zstd/@next__swc-win32-arm64-msvc--swc-win32-arm64-msvc-16.2.6.tar.zst,26.7,3.18,0.398885492
run_74_repetition_6,DONE,zstd,zstd/@esbuild__darwin-x64--darwin-x64-0.28.0.tar.zst,3.34,0.4,0.050319195
run_95_repetition_11,DONE,brotli,brotli/@esbuild__win32-ia32--win32-ia32-0.28.0.tar.br,5.86,0.72,0.091442945
run_40_repetition_4,DONE,xz,xz/@next__swc-win32-arm64-msvc--swc-win32-arm64-msvc-16.2.6.tar.xz,134.41,16.19,2.104853299
run_8_repetition_29,DONE,npm,npm/@esbuild__sunos-x64--sunos-x64-0.28.0.tgz,7.71,0.93,0.119777789
run_67_repetition_10,DONE,zstd,zstd/@next__swc-darwin-x64--swc-darwin-x64-16.2.6.tar.zst,28.7,3.46,0.430890199
run_75_repetition_27,DONE,zstd,zstd/@esbuild__freebsd-x64--freebsd-x64-0.28.0.tar.zst,3.19,0.39,0.047826973
run_78_repetition_4,DONE,zstd,zstd/@esbuild__netbsd-x64--netbsd-x64-0.28.0.tar.zst,3.18,0.38,0.048014859
run_47_repetition_4,DONE,zopfli,zopfli/next--next-16.2.6.tgz,81.62,9.82,1.281923809
run_102_repetition_18,DONE,brotli,brotli/@esbuild__linux-riscv64--linux-riscv64-0.28.0.tar.br,5.71,0.69,0.088897334
run_80_repetition_8,DONE,zstd,zstd/@next__swc-win32-arm64-msvc--swc-win32-arm64-msvc-16.2.6.tar.zst,26.45,3.16,0.397782714
run_23_repetition_4,DONE,xz,xz/@next__swc-darwin-x64--swc-darwin-x64-16.2.6.tar.xz,165.67,19.93,2.597137114
run_74_repetition_18,DONE,zstd,zstd/@esbuild__darwin-x64--darwin-x64-0.28.0.tar.zst,3.39,0.4,0.050267441
run_20_repetition_20,DONE,npm,npm/aws-sdk--aws-sdk-2.1693.0.tgz,37.74,4.52,0.583484764
run_0_repetition_8,DONE,npm,npm/@next__swc-darwin-arm64--swc-darwin-arm64-16.2.6.tgz,67.47,8.1,1.052157636
run_51_repetition_1,DONE,zopfli,zopfli/@next__swc-linux-x64-gnu--swc-linux-x64-gnu-16.2.6.tgz,78.75,9.45,1.232814871
run_7_repetition_8,DONE,npm,npm/@next__swc-linux-arm64-gnu--swc-linux-arm64-gnu-16.2.6.tgz,71.06,8.45,1.100768717
run_78_repetition_12,DONE,zstd,zstd/@esbuild__netbsd-x64--netbsd-x64-0.28.0.tar.zst,3.13,0.37,0.047418238
run_76_repetition_9,DONE,zstd,zstd/@esbuild__linux-riscv64--linux-riscv64-0.28.0.tar.zst,2.9,0.34,0.043665999
run_91_repetition_8,DONE,brotli,brotli/aws-sdk--aws-sdk-2.1693.0.tar.br,13.36,1.64,0.201087469
run_37_repetition_10,DONE,xz,xz/@next__swc-linux-x64-musl--swc-linux-x64-musl-16.2.6.tar.xz,178.78,21.27,2.793153802
run_97_repetition_27,DONE,brotli,brotli/next--next-16.2.6.tar.br,22.84,2.83,0.350257491
run_88_repetition_4,DONE,brotli,brotli/@next__swc-linux-x64-gnu--swc-linux-x64-gnu-16.2.6.tar.br,44.0,5.4,0.684279546
run_101_repetition_0,DONE,brotli,brotli/@next__swc-linux-arm64-musl--swc-linux-arm64-musl-16.2.6.tar.br,41.23,4.91,0.629859309
run_74_repetition_0,DONE,zstd,zstd/@esbuild__darwin-x64--darwin-x64-0.28.0.tar.zst,3.31,0.39,0.050108068
run_58_repetition_9,DONE,zopfli,zopfli/@esbuild__darwin-x64--darwin-x64-0.28.0.tgz,8.24,0.99,0.128180233
run_76_repetition_8,DONE,zstd,zstd/@esbuild__linux-riscv64--linux-riscv64-0.28.0.tar.zst,2.89,0.34,0.043607505
run_103_repetition_14,DONE,brotli,brotli/@esbuild__sunos-x64--sunos-x64-0.28.0.tar.br,5.96,0.72,0.093019967
run_24_repetition_1,DONE,xz,xz/aws-sdk--aws-sdk-2.1693.0.tar.xz,46.61,5.6,0.722558372
run_7_repetition_26,DONE,npm,npm/@next__swc-linux-arm64-gnu--swc-linux-arm64-gnu-16.2.6.tgz,70.78,8.48,1.100644138
run_24_repetition_12,DONE,xz,xz/aws-sdk--aws-sdk-2.1693.0.tar.xz,46.32,5.57,0.722124244
run_87_repetition_14,DONE,brotli,brotli/@esbuild__freebsd-x64--freebsd-x64-0.28.0.tar.br,5.99,0.71,0.092659867
run_93_repetition_16,DONE,brotli,brotli/@esbuild__linux-x64--linux-x64-0.28.0.tar.br,6.02,0.72,0.093694768
run_49_repetition_19,DONE,zopfli,zopfli/@esbuild__sunos-x64--sunos-x64-0.28.0.tgz,8.02,0.97,0.125408169
run_89_repetition_18,DONE,brotli,brotli/@esbuild__darwin-x64--darwin-x64-0.28.0.tar.br,6.09,0.74,0.094609718
run_64_repetition_15,DONE,zstd,zstd/@esbuild__linux-x64--linux-x64-0.28.0.tar.zst,3.24,0.39,0.048584315
run_82_repetition_10,DONE,zstd,zstd/@next__swc-darwin-arm64--swc-darwin-arm64-16.2.6.tar.zst,27.92,3.37,0.421190182
run_2_repetition_3,DONE,npm,npm/@esbuild__win32-ia32--win32-ia32-0.28.0.tgz,7.59,0.92,0.117833765
run_61_repetition_7,DONE,zopfli,zopfli/@esbuild__freebsd-x64--freebsd-x64-0.28.0.tgz,7.99,0.97,0.124996513
run_94_repetition_2,DONE,brotli,brotli/@next__swc-win32-x64-msvc--swc-win32-x64-msvc-16.2.6.tar.br,44.9,5.46,0.698497887
run_55_repetition_25,DONE,zopfli,zopfli/@esbuild__openbsd-x64--openbsd-x64-0.28.0.tgz,7.99,0.96,0.124834799
run_99_repetition_17,DONE,brotli,brotli/@next__swc-win32-ia32-msvc--swc-win32-ia32-msvc-14.2.16.tar.br,30.46,3.66,0.471247301
run_61_repetition_10,DONE,zopfli,zopfli/@esbuild__freebsd-x64--freebsd-x64-0.28.0.tgz,8.0,0.96,0.125567887
run_83_repetition_0,DONE,zstd,zstd/@esbuild__sunos-x64--sunos-x64-0.28.0.tar.zst,3.21,0.37,0.048164883
run_23_repetition_10,DONE,xz,xz/@next__swc-darwin-x64--swc-darwin-x64-16.2.6.tar.xz,166.05,19.9,2.592762841
run_37_repetition_28,DONE,xz,xz/@next__swc-linux-x64-musl--swc-linux-x64-musl-16.2.6.tar.xz,179.29,21.51,2.795330883
run_76_repetition_25,DONE,zstd,zstd/@esbuild__linux-riscv64--linux-riscv64-0.28.0.tar.zst,2.86,0.35,0.043574906
run_46_repetition_18,DONE,zopfli,zopfli/@next__swc-darwin-x64--swc-darwin-x64-16.2.6.tgz,73.91,8.89,1.158180369
run_8_repetition_1,DONE,npm,npm/@esbuild__sunos-x64--sunos-x64-0.28.0.tgz,7.69,0.94,0.120028307
run_74_repetition_28,DONE,zstd,zstd/@esbuild__darwin-x64--darwin-x64-0.28.0.tar.zst,3.32,0.4,0.050018867
run_11_repetition_14,DONE,npm,npm/@esbuild__netbsd-x64--netbsd-x64-0.28.0.tgz,7.73,0.94,0.119984138
run_4_repetition_3,DONE,npm,npm/@next__swc-darwin-x64--swc-darwin-x64-16.2.6.tgz,70.54,8.46,1.100903976
run_82_repetition_23,DONE,zstd,zstd/@next__swc-darwin-arm64--swc-darwin-arm64-16.2.6.tar.zst,28.17,3.37,0.422880367
run_96_repetition_18,DONE,brotli,brotli/@next__swc-win32-arm64-msvc--swc-win32-arm64-msvc-16.2.6.tar.br,35.67,4.32,0.552582787
run_83_repetition_27,DONE,zstd,zstd/@esbuild__sunos-x64--sunos-x64-0.28.0.tar.zst,3.2,0.38,0.048280644
run_44_repetition_0,DONE,zopfli,zopfli/@esbuild__win32-ia32--win32-ia32-0.28.0.tgz,7.8,0.95,0.122225615
run_103_repetition_3,DONE,brotli,brotli/@esbuild__sunos-x64--sunos-x64-0.28.0.tar.br,6.0,0.73,0.093720727
run_82_repetition_29,DONE,zstd,zstd/@next__swc-darwin-arm64--swc-darwin-arm64-16.2.6.tar.zst,28.22,3.39,0.421318441
run_54_repetition_12,DONE,zopfli,zopfli/@esbuild__win32-x64--win32-x64-0.28.0.tgz,8.16,0.99,0.12817146
run_65_repetition_28,DONE,zstd,zstd/@next__swc-linux-arm64-musl--swc-linux-arm64-musl-16.2.6.tar.zst,29.53,3.55,0.443323483
run_7_repetition_1,DONE,npm,npm/@next__swc-linux-arm64-gnu--swc-linux-arm64-gnu-16.2.6.tgz,71.05,8.62,1.100326309
run_55_repetition_9,DONE,zopfli,zopfli/@esbuild__openbsd-x64--openbsd-x64-0.28.0.tgz,8.0,0.95,0.125110807
run_63_repetition_20,DONE,zstd,zstd/next--next-16.2.6.tar.zst,20.86,2.52,0.306306107
run_56_repetition_8,DONE,zopfli,zopfli/@next__swc-win32-x64-msvc--swc-win32-x64-msvc-16.2.6.tgz,80.62,9.77,1.256389811
run_56_repetition_18,DONE,zopfli,zopfli/@next__swc-win32-x64-msvc--swc-win32-x64-msvc-16.2.6.tgz,80.3,9.73,1.256691733
run_27_repetition_14,DONE,xz,xz/@next__swc-win32-x64-msvc--swc-win32-x64-msvc-16.2.6.tar.xz,174.66,21.16,2.730337816
run_98_repetition_6,DONE,brotli,brotli/@next__swc-linux-x64-musl--swc-linux-x64-musl-16.2.6.tar.br,44.11,5.41,0.684249138
run_73_repetition_4,DONE,zstd,zstd/@next__swc-linux-arm64-gnu--swc-linux-arm64-gnu-16.2.6.tar.zst,29.91,3.58,0.448169974
run_62_repetition_19,DONE,zopfli,zopfli/aws-sdk--aws-sdk-2.1693.0.tgz,38.77,4.7,0.60540624
run_101_repetition_17,DONE,brotli,brotli/@next__swc-linux-arm64-musl--swc-linux-arm64-musl-16.2.6.tar.br,40.68,4.96,0.629866735
run_7_repetition_9,DONE,npm,npm/@next__swc-linux-arm64-gnu--swc-linux-arm64-gnu-16.2.6.tgz,70.72,8.49,1.10078218
run_73_repetition_12,DONE,zstd,zstd/@next__swc-linux-arm64-gnu--swc-linux-arm64-gnu-16.2.6.tar.zst,31.88,3.81,0.481424041
run_74_repetition_13,DONE,zstd,zstd/@esbuild__darwin-x64--darwin-x64-0.28.0.tar.zst,3.29,0.39,0.04964109
run_0_repetition_11,DONE,npm,npm/@next__swc-darwin-arm64--swc-darwin-arm64-16.2.6.tgz,67.28,8.08,1.054050792
run_25_repetition_11,DONE,xz,xz/@next__swc-win32-ia32-msvc--swc-win32-ia32-msvc-14.2.16.tar.xz,116.78,13.96,1.825309427
run_84_repetition_13,DONE,brotli,brotli/@esbuild__win32-x64--win32-x64-0.28.0.tar.br,6.16,0.74,0.095681748
run_97_repetition_17,DONE,brotli,brotli/next--next-16.2.6.tar.br,22.68,2.82,0.350433925
run_54_repetition_24,DONE,zopfli,zopfli/@esbuild__win32-x64--win32-x64-0.28.0.tgz,8.26,1.0,0.127915094
run_26_repetition_0,DONE,xz,xz/@esbuild__linux-riscv64--linux-riscv64-0.28.0.tar.xz,21.57,2.58,0.338201936
run_41_repetition_6,DONE,xz,xz/@esbuild__darwin-x64--darwin-x64-0.28.0.tar.xz,23.51,2.81,0.368434856
run_32_repetition_22,DONE,xz,xz/@next__swc-linux-x64-gnu--swc-linux-x64-gnu-16.2.6.tar.xz,177.93,21.47,2.789520128
run_0_repetition_17,DONE,npm,npm/@next__swc-darwin-arm64--swc-darwin-arm64-16.2.6.tgz,68.13,8.21,1.055415711
run_25_repetition_28,DONE,xz,xz/@next__swc-win32-ia32-msvc--swc-win32-ia32-msvc-14.2.16.tar.xz,116.41,13.87,1.820592351
run_33_repetition_29,DONE,xz,xz/@esbuild__linux-x64--linux-x64-0.28.0.tar.xz,22.9,2.72,0.356933805
run_45_repetition_24,DONE,zopfli,zopfli/@next__swc-win32-ia32-msvc--swc-win32-ia32-msvc-14.2.16.tgz,54.82,6.61,0.858577291
run_7_repetition_17,DONE,npm,npm/@next__swc-linux-arm64-gnu--swc-linux-arm64-gnu-16.2.6.tgz,71.15,8.55,1.101835032
run_31_repetition_22,DONE,xz,xz/@esbuild__openbsd-x64--openbsd-x64-0.28.0.tar.xz,23.57,2.82,0.369406854
run_98_repetition_17,DONE,brotli,brotli/@next__swc-linux-x64-musl--swc-linux-x64-musl-16.2.6.tar.br,43.95,5.26,0.68199706
run_104_repetition_10,DONE,brotli,brotli/@esbuild__linux-ia32--linux-ia32-0.28.0.tar.br,5.56,0.67,0.087679451
run_5_repetition_13,DONE,npm,npm/@esbuild__aix-ppc64--aix-ppc64-0.28.0.tgz,7.98,0.96,0.124102692
run_18_repetition_24,DONE,npm,npm/@esbuild__linux-s390x--linux-s390x-0.28.0.tgz,7.89,0.95,0.121739198
run_20_repetition_26,DONE,npm,npm/aws-sdk--aws-sdk-2.1693.0.tgz,37.92,4.53,0.585422137
run_30_repetition_25,DONE,xz,xz/next--next-16.2.6.tar.xz,73.17,8.82,1.14081777
run_90_repetition_3,DONE,brotli,brotli/@esbuild__netbsd-x64--netbsd-x64-0.28.0.tar.br,5.91,0.71,0.092526021
run_8_repetition_3,DONE,npm,npm/@esbuild__sunos-x64--sunos-x64-0.28.0.tgz,7.71,0.92,0.119971816
run_53_repetition_2,DONE,zopfli,zopfli/@next__swc-linux-arm64-musl--swc-linux-arm64-musl-16.2.6.tgz,74.38,9.01,1.164733996
run_47_repetition_3,DONE,zopfli,zopfli/next--next-16.2.6.tgz,81.63,9.87,1.280354635
run_27_repetition_26,DONE,xz,xz/@next__swc-win32-x64-msvc--swc-win32-x64-msvc-16.2.6.tar.xz,174.63,20.96,2.73021674
run_91_repetition_10,DONE,brotli,brotli/aws-sdk--aws-sdk-2.1693.0.tar.br,13.06,1.61,0.200163098
run_67_repetition_8,DONE,zstd,zstd/@next__swc-darwin-x64--swc-darwin-x64-16.2.6.tar.zst,29.14,3.47,0.436576989
run_28_repetition_12,DONE,xz,xz/@next__swc-linux-arm64-gnu--swc-linux-arm64-gnu-16.2.6.tar.xz,156.4,18.65,2.448512551
run_56_repetition_25,DONE,zopfli,zopfli/@next__swc-win32-x64-msvc--swc-win32-x64-msvc-16.2.6.tgz,80.23,9.67,1.25638033
run_97_repetition_16,DONE,brotli,brotli/next--next-16.2.6.tar.br,22.7,2.82,0.350033789
run_26_repetition_24,DONE,xz,xz/@esbuild__linux-riscv64--linux-riscv64-0.28.0.tar.xz,21.67,2.61,0.338528062
run_40_repetition_23,DONE,xz,xz/@next__swc-win32-arm64-msvc--swc-win32-arm64-msvc-16.2.6.tar.xz,134.39,16.03,2.102884196
run_104_repetition_3,DONE,brotli,brotli/@esbuild__linux-ia32--linux-ia32-0.28.0.tar.br,5.64,0.68,0.087651133
run_13_repetition_9,DONE,npm,npm/@esbuild__win32-x64--win32-x64-0.28.0.tgz,7.89,0.96,0.123155721
run_52_repetition_14,DONE,zopfli,zopfli/@esbuild__netbsd-x64--netbsd-x64-0.28.0.tgz,7.98,0.96,0.1251135
run_27_repetition_27,DONE,xz,xz/@next__swc-win32-x64-msvc--swc-win32-x64-msvc-16.2.6.tar.xz,174.53,20.79,2.732713828
run_56_repetition_28,DONE,zopfli,zopfli/@next__swc-win32-x64-msvc--swc-win32-x64-msvc-16.2.6.tgz,80.16,9.61,1.255999047
run_83_repetition_26,DONE,zstd,zstd/@esbuild__sunos-x64--sunos-x64-0.28.0.tar.zst,3.25,0.39,0.048351009
run_4_repetition_16,DONE,npm,npm/@next__swc-darwin-x64--swc-darwin-x64-16.2.6.tgz,70.82,8.53,1.100088172
run_48_repetition_26,DONE,zopfli,zopfli/@next__swc-linux-arm64-gnu--swc-linux-arm64-gnu-16.2.6.tgz,74.6,8.98,1.170495096
run_83_repetition_11,DONE,zstd,zstd/@esbuild__sunos-x64--sunos-x64-0.28.0.tar.zst,3.19,0.37,0.047824914
run_91_repetition_7,DONE,brotli,brotli/aws-sdk--aws-sdk-2.1693.0.tar.br,13.04,1.6,0.200603542
run_10_repetition_2,DONE,npm,npm/@next__swc-linux-x64-gnu--swc-linux-x64-gnu-16.2.6.tgz,75.09,8.94,1.169677494
run_22_repetition_13,DONE,xz,xz/@next__swc-linux-arm64-musl--swc-linux-arm64-musl-16.2.6.tar.xz,154.6,18.43,2.423722599
run_99_repetition_5,DONE,brotli,brotli/@next__swc-win32-ia32-msvc--swc-win32-ia32-msvc-14.2.16.tar.br,30.2,3.65,0.470351534
run_2_repetition_9,DONE,npm,npm/@esbuild__win32-ia32--win32-ia32-0.28.0.tgz,7.56,0.9,0.117841948
run_17_repetition_4,DONE,npm,npm/@esbuild__darwin-x64--darwin-x64-0.28.0.tgz,7.88,0.95,0.122867778
run_53_repetition_18,DONE,zopfli,zopfli/@next__swc-linux-arm64-musl--swc-linux-arm64-musl-16.2.6.tgz,74.12,8.9,1.163561971
run_88_repetition_5,DONE,brotli,brotli/@next__swc-linux-x64-gnu--swc-linux-x64-gnu-16.2.6.tar.br,43.86,5.28,0.685026535
run_91_repetition_18,DONE,brotli,brotli/aws-sdk--aws-sdk-2.1693.0.tar.br,13.01,1.6,0.200490088
run_97_repetition_12,DONE,brotli,brotli/next--next-16.2.6.tar.br,22.58,2.78,0.349340891
run_11_repetition_12,DONE,npm,npm/@esbuild__netbsd-x64--netbsd-x64-0.28.0.tgz,7.67,0.92,0.1199095
run_71_repetition_29,DONE,zstd,zstd/aws-sdk--aws-sdk-2.1693.0.tar.zst,14.56,1.72,0.214337818
run_102_repetition_12,DONE,brotli,brotli/@esbuild__linux-riscv64--linux-riscv64-0.28.0.tar.br,5.69,0.68,0.088588972
run_76_repetition_2,DONE,zstd,zstd/@esbuild__linux-riscv64--linux-riscv64-0.28.0.tar.zst,2.84,0.33,0.043196853
run_36_repetition_18,DONE,xz,xz/@esbuild__win32-x64--win32-x64-0.28.0.tar.xz,23.24,2.78,0.363559945
run_81_repetition_19,DONE,zstd,zstd/@next__swc-win32-x64-msvc--swc-win32-x64-msvc-16.2.6.tar.zst,32.24,3.88,0.486457241
run_85_repetition_10,DONE,brotli,brotli/@next__swc-linux-arm64-gnu--swc-linux-arm64-gnu-16.2.6.tar.br,40.39,4.88,0.630787431
run_73_repetition_11,DONE,zstd,zstd/@next__swc-linux-arm64-gnu--swc-linux-arm64-gnu-16.2.6.tar.zst,29.75,3.53,0.447708936
run_85_repetition_3,DONE,brotli,brotli/@next__swc-linux-arm64-gnu--swc-linux-arm64-gnu-16.2.6.tar.br,40.49,4.86,0.631750464
run_98_repetition_15,DONE,brotli,brotli/@next__swc-linux-x64-musl--swc-linux-x64-musl-16.2.6.tar.br,43.65,5.26,0.681695954
run_20_repetition_1,DONE,npm,npm/aws-sdk--aws-sdk-2.1693.0.tgz,37.68,4.49,0.584912103
run_4_repetition_28,DONE,npm,npm/@next__swc-darwin-x64--swc-darwin-x64-16.2.6.tgz,70.3,8.43,1.0998705
run_53_repetition_23,DONE,zopfli,zopfli/@next__swc-linux-arm64-musl--swc-linux-arm64-musl-16.2.6.tgz,73.99,8.92,1.16426046
run_40_repetition_9,DONE,xz,xz/@next__swc-win32-arm64-msvc--swc-win32-arm64-msvc-16.2.6.tar.xz,134.57,16.07,2.102816145
run_100_repetition_16,DONE,brotli,brotli/@esbuild__openbsd-x64--openbsd-x64-0.28.0.tar.br,5.94,0.71,0.092661653
run_99_repetition_28,DONE,brotli,brotli/@next__swc-win32-ia32-msvc--swc-win32-ia32-msvc-14.2.16.tar.br,30.18,3.68,0.470979078
run_98_repetition_20,DONE,brotli,brotli/@next__swc-linux-x64-musl--swc-linux-x64-musl-16.2.6.tar.br,44.5,5.29,0.682466624
run_29_repetition_27,DONE,xz,xz/@esbuild__netbsd-x64--netbsd-x64-0.28.0.tar.xz,22.95,2.76,0.359974918
run_75_repetition_26,DONE,zstd,zstd/@esbuild__freebsd-x64--freebsd-x64-0.28.0.tar.zst,3.17,0.38,0.048167264
run_33_repetition_3,DONE,xz,xz/@esbuild__linux-x64--linux-x64-0.28.0.tar.xz,22.76,2.7,0.356578435
run_56_repetition_26,DONE,zopfli,zopfli/@next__swc-win32-x64-msvc--swc-win32-x64-msvc-16.2.6.tgz,79.86,9.52,1.256177551
run_1_repetition_8,DONE,npm,npm/@next__swc-win32-arm64-msvc--swc-win32-arm64-msvc-16.2.6.tgz,61.71,7.39,0.960501303
run_104_repetition_13,DONE,brotli,brotli/@esbuild__linux-ia32--linux-ia32-0.28.0.tar.br,5.64,0.67,0.087639175
run_36_repetition_4,DONE,xz,xz/@esbuild__win32-x64--win32-x64-0.28.0.tar.xz,23.17,2.79,0.363296555
run_39_repetition_24,DONE,xz,xz/@esbuild__sunos-x64--sunos-x64-0.28.0.tar.xz,22.97,2.73,0.360738067
run_38_repetition_0,DONE,xz,xz/@esbuild__linux-ia32--linux-ia32-0.28.0.tar.xz,21.57,2.58,0.337541528
run_16_repetition_22,DONE,npm,npm/@esbuild__linux-x64--linux-x64-0.28.0.tgz,7.72,0.92,0.120750477
run_14_repetition_21,DONE,npm,npm/@esbuild__openbsd-x64--openbsd-x64-0.28.0.tgz,7.7,0.92,0.119968727
run_104_repetition_8,DONE,brotli,brotli/@esbuild__linux-ia32--linux-ia32-0.28.0.tar.br,5.64,0.67,0.087967114
run_84_repetition_2,DONE,brotli,brotli/@esbuild__win32-x64--win32-x64-0.28.0.tar.br,6.09,0.74,0.095011617
run_35_repetition_1,DONE,xz,xz/@next__swc-darwin-arm64--swc-darwin-arm64-16.2.6.tar.xz,147.47,17.68,2.303503431
run_88_repetition_13,DONE,brotli,brotli/@next__swc-linux-x64-gnu--swc-linux-x64-gnu-16.2.6.tar.br,43.87,5.38,0.684203371
run_78_repetition_17,DONE,zstd,zstd/@esbuild__netbsd-x64--netbsd-x64-0.28.0.tar.zst,3.23,0.38,0.048064158
run_93_repetition_3,DONE,brotli,brotli/@esbuild__linux-x64--linux-x64-0.28.0.tar.br,6.01,0.72,0.093442709
run_99_repetition_4,DONE,brotli,brotli/@next__swc-win32-ia32-msvc--swc-win32-ia32-msvc-14.2.16.tar.br,30.09,3.7,0.470791793
run_45_repetition_22,DONE,zopfli,zopfli/@next__swc-win32-ia32-msvc--swc-win32-ia32-msvc-14.2.16.tgz,54.59,6.56,0.858929754
run_77_repetition_22,DONE,zstd,zstd/@esbuild__linux-s390x--linux-s390x-0.28.0.tar.zst,3.26,0.39,0.048767584
run_19_repetition_17,DONE,npm,npm/@esbuild__freebsd-x64--freebsd-x64-0.28.0.tgz,7.72,0.93,0.119997851
run_67_repetition_20,DONE,zstd,zstd/@next__swc-darwin-x64--swc-darwin-x64-16.2.6.tar.zst,29.21,3.52,0.438139362
run_28_repetition_8,DONE,xz,xz/@next__swc-linux-arm64-gnu--swc-linux-arm64-gnu-16.2.6.tar.xz,156.19,18.88,2.448125222
run_25_repetition_17,DONE,xz,xz/@next__swc-win32-ia32-msvc--swc-win32-ia32-msvc-14.2.16.tar.xz,116.26,13.96,1.822386252
run_18_repetition_5,DONE,npm,npm/@esbuild__linux-s390x--linux-s390x-0.28.0.tgz,7.75,0.94,0.121669891
run_28_repetition_28,DONE,xz,xz/@next__swc-linux-arm64-gnu--swc-linux-arm64-gnu-16.2.6.tar.xz,156.11,18.67,2.452257091
run_104_repetition_18,DONE,brotli,brotli/@esbuild__linux-ia32--linux-ia32-0.28.0.tar.br,5.64,0.68,0.088017697
run_91_repetition_26,DONE,brotli,brotli/aws-sdk--aws-sdk-2.1693.0.tar.br,13.0,1.6,0.200409182
run_1_repetition_16,DONE,npm,npm/@next__swc-win32-arm64-msvc--swc-win32-arm64-msvc-16.2.6.tgz,61.53,7.38,0.959480333
run_50_repetition_12,DONE,zopfli,zopfli/@next__swc-linux-x64-musl--swc-linux-x64-musl-16.2.6.tgz,78.33,9.42,1.231749274
run_98_repetition_7,DONE,brotli,brotli/@next__swc-linux-x64-musl--swc-linux-x64-musl-16.2.6.tar.br,43.76,5.31,0.682866196
run_47_repetition_20,DONE,zopfli,zopfli/next--next-16.2.6.tgz,81.77,9.82,1.280652172
run_13_repetition_27,DONE,npm,npm/@esbuild__win32-x64--win32-x64-0.28.0.tgz,7.86,0.92,0.122676339
run_100_repetition_27,DONE,brotli,brotli/@esbuild__openbsd-x64--openbsd-x64-0.28.0.tar.br,5.94,0.71,0.092729877
run_20_repetition_4,DONE,npm,npm/aws-sdk--aws-sdk-2.1693.0.tgz,37.54,4.52,0.584527767
run_67_repetition_0,DONE,zstd,zstd/@next__swc-darwin-x64--swc-darwin-x64-16.2.6.tar.zst,29.23,3.51,0.439431385
run_27_repetition_13,DONE,xz,xz/@next__swc-win32-x64-msvc--swc-win32-x64-msvc-16.2.6.tar.xz,173.83,20.74,2.730194136
run_70_repetition_9,DONE,zstd,zstd/@esbuild__win32-x64--win32-x64-0.28.0.tar.zst,3.31,0.4,0.050196706
run_74_repetition_1,DONE,zstd,zstd/@esbuild__darwin-x64--darwin-x64-0.28.0.tar.zst,3.31,0.39,0.049959469
run_80_repetition_26,DONE,zstd,zstd/@next__swc-win32-arm64-msvc--swc-win32-arm64-msvc-16.2.6.tar.zst,26.36,3.13,0.396824602
run_77_repetition_3,DONE,zstd,zstd/@esbuild__linux-s390x--linux-s390x-0.28.0.tar.zst,3.28,0.39,0.048847525
run_21_repetition_7,DONE,xz,xz/@esbuild__win32-ia32--win32-ia32-0.28.0.tar.xz,22.74,2.71,0.356572688
run_3_repetition_26,DONE,npm,npm/@next__swc-win32-ia32-msvc--swc-win32-ia32-msvc-14.2.16.tgz,52.16,6.28,0.815667136
run_48_repetition_21,DONE,zopfli,zopfli/@next__swc-linux-arm64-gnu--swc-linux-arm64-gnu-16.2.6.tgz,74.93,8.95,1.171126476
run_4_repetition_25,DONE,npm,npm/@next__swc-darwin-x64--swc-darwin-x64-16.2.6.tgz,70.39,8.39,1.099804602
run_75_repetition_13,DONE,zstd,zstd/@esbuild__freebsd-x64--freebsd-x64-0.28.0.tar.zst,3.21,0.39,0.048539399
run_62_repetition_7,DONE,zopfli,zopfli/aws-sdk--aws-sdk-2.1693.0.tgz,38.54,4.65,0.605198515
run_59_repetition_13,DONE,zopfli,zopfli/typescript--typescript-6.0.3.tgz,11.28,1.36,0.177919068
run_83_repetition_29,DONE,zstd,zstd/@esbuild__sunos-x64--sunos-x64-0.28.0.tar.zst,3.22,0.38,0.048482617
run_33_repetition_9,DONE,xz,xz/@esbuild__linux-x64--linux-x64-0.28.0.tar.xz,22.72,2.72,0.356778762
run_49_repetition_5,DONE,zopfli,zopfli/@esbuild__sunos-x64--sunos-x64-0.28.0.tgz,8.01,0.96,0.124936741
run_30_repetition_22,DONE,xz,xz/next--next-16.2.6.tar.xz,73.13,8.84,1.143463655
run_64_repetition_4,DONE,zstd,zstd/@esbuild__linux-x64--linux-x64-0.28.0.tar.zst,3.24,0.38,0.048911457
run_99_repetition_20,DONE,brotli,brotli/@next__swc-win32-ia32-msvc--swc-win32-ia32-msvc-14.2.16.tar.br,30.1,3.66,0.46875817
run_45_repetition_23,DONE,zopfli,zopfli/@next__swc-win32-ia32-msvc--swc-win32-ia32-msvc-14.2.16.tgz,54.65,6.56,0.858282712
run_98_repetition_19,DONE,brotli,brotli/@next__swc-linux-x64-musl--swc-linux-x64-musl-16.2.6.tar.br,43.57,5.26,0.679698172
run_17_repetition_12,DONE,npm,npm/@esbuild__darwin-x64--darwin-x64-0.28.0.tgz,7.88,0.94,0.122736813
run_35_repetition_16,DONE,xz,xz/@next__swc-darwin-arm64--swc-darwin-arm64-16.2.6.tar.xz,146.7,17.51,2.299619136
run_98_repetition_25,DONE,brotli,brotli/@next__swc-linux-x64-musl--swc-linux-x64-musl-16.2.6.tar.br,43.83,5.3,0.682081337
run_29_repetition_3,DONE,xz,xz/@esbuild__netbsd-x64--netbsd-x64-0.28.0.tar.xz,22.93,2.77,0.359377039
run_31_repetition_25,DONE,xz,xz/@esbuild__openbsd-x64--openbsd-x64-0.28.0.tar.xz,23.21,2.77,0.363934148
run_11_repetition_23,DONE,npm,npm/@esbuild__netbsd-x64--netbsd-x64-0.28.0.tgz,7.74,0.92,0.120383332
run_43_repetition_1,DONE,zopfli,zopfli/@next__swc-win32-arm64-msvc--swc-win32-arm64-msvc-16.2.6.tgz,65.2,7.86,1.023334151
run_63_repetition_9,DONE,zstd,zstd/next--next-16.2.6.tar.zst,20.55,2.48,0.301974041
run_44_repetition_17,DONE,zopfli,zopfli/@esbuild__win32-ia32--win32-ia32-0.28.0.tgz,7.79,0.94,0.122409798
run_4_repetition_5,DONE,npm,npm/@next__swc-darwin-x64--swc-darwin-x64-16.2.6.tgz,70.61,8.51,1.100652888
run_90_repetition_6,DONE,brotli,brotli/@esbuild__netbsd-x64--netbsd-x64-0.28.0.tar.br,5.93,0.7,0.09270774
run_20_repetition_8,DONE,npm,npm/aws-sdk--aws-sdk-2.1693.0.tgz,37.98,4.54,0.585828008
run_0_repetition_1,DONE,npm,npm/@next__swc-darwin-arm64--swc-darwin-arm64-16.2.6.tgz,67.59,8.22,1.055710296
run_36_repetition_15,DONE,xz,xz/@esbuild__win32-x64--win32-x64-0.28.0.tar.xz,23.2,2.8,0.363851099
run_25_repetition_23,DONE,xz,xz/@next__swc-win32-ia32-msvc--swc-win32-ia32-msvc-14.2.16.tar.xz,115.93,13.95,1.821367819
run_55_repetition_28,DONE,zopfli,zopfli/@esbuild__openbsd-x64--openbsd-x64-0.28.0.tgz,7.99,0.96,0.125272052
run_42_repetition_21,DONE,zopfli,zopfli/@next__swc-darwin-arm64--swc-darwin-arm64-16.2.6.tgz,71.15,8.58,1.118843638
run_83_repetition_24,DONE,zstd,zstd/@esbuild__sunos-x64--sunos-x64-0.28.0.tar.zst,3.25,0.38,0.048216702
run_50_repetition_7,DONE,zopfli,zopfli/@next__swc-linux-x64-musl--swc-linux-x64-musl-16.2.6.tgz,78.75,9.4,1.230809959
run_75_repetition_18,DONE,zstd,zstd/@esbuild__freebsd-x64--freebsd-x64-0.28.0.tar.zst,3.27,0.39,0.049111476
run_35_repetition_28,DONE,xz,xz/@next__swc-darwin-arm64--swc-darwin-arm64-16.2.6.tar.xz,146.55,17.57,2.298086652
run_6_repetition_15,DONE,npm,npm/next--next-16.2.6.tgz,79.95,9.42,1.238113673
run_58_repetition_10,DONE,zopfli,zopfli/@esbuild__darwin-x64--darwin-x64-0.28.0.tgz,8.17,0.99,0.127881545
run_57_repetition_7,DONE,zopfli,zopfli/@esbuild__linux-x64--linux-x64-0.28.0.tgz,7.99,0.96,0.125669743
run_26_repetition_6,DONE,xz,xz/@esbuild__linux-riscv64--linux-riscv64-0.28.0.tar.xz,21.62,2.54,0.338332263
run_77_repetition_9,DONE,zstd,zstd/@esbuild__linux-s390x--linux-s390x-0.28.0.tar.zst,3.18,0.37,0.048017318
run_8_repetition_25,DONE,npm,npm/@esbuild__sunos-x64--sunos-x64-0.28.0.tgz,7.7,0.92,0.119770356
run_39_repetition_18,DONE,xz,xz/@esbuild__sunos-x64--sunos-x64-0.28.0.tar.xz,23.03,2.76,0.36135037
run_39_repetition_14,DONE,xz,xz/@esbuild__sunos-x64--sunos-x64-0.28.0.tar.xz,23.09,2.77,0.361190168
run_92_repetition_10,DONE,brotli,brotli/@next__swc-darwin-arm64--swc-darwin-arm64-16.2.6.tar.br,39.04,4.75,0.605799495
run_80_repetition_22,DONE,zstd,zstd/@next__swc-win32-arm64-msvc--swc-win32-arm64-msvc-16.2.6.tar.zst,27.02,3.2,0.404948352
run_3_repetition_24,DONE,npm,npm/@next__swc-win32-ia32-msvc--swc-win32-ia32-msvc-14.2.16.tgz,52.33,6.26,0.816015611
run_74_repetition_4,DONE,zstd,zstd/@esbuild__darwin-x64--darwin-x64-0.28.0.tar.zst,3.39,0.39,0.050783843
run_61_repetition_29,DONE,zopfli,zopfli/@esbuild__freebsd-x64--freebsd-x64-0.28.0.tgz,8.04,0.97,0.125802235
run_4_repetition_15,DONE,npm,npm/@next__swc-darwin-x64--swc-darwin-x64-16.2.6.tgz,70.54,8.49,1.099450212
run_37_repetition_21,DONE,xz,xz/@next__swc-linux-x64-musl--swc-linux-x64-musl-16.2.6.tar.xz,178.15,21.35,2.795684204
run_94_repetition_4,DONE,brotli,brotli/@next__swc-win32-x64-msvc--swc-win32-x64-msvc-16.2.6.tar.br,45.08,5.48,0.699944282
run_101_repetition_3,DONE,brotli,brotli/@next__swc-linux-arm64-musl--swc-linux-arm64-musl-16.2.6.tar.br,40.44,4.97,0.630339046
run_99_repetition_14,DONE,brotli,brotli/@next__swc-win32-ia32-msvc--swc-win32-ia32-msvc-14.2.16.tar.br,30.17,3.65,0.469293482
run_39_repetition_29,DONE,xz,xz/@esbuild__sunos-x64--sunos-x64-0.28.0.tar.xz,23.01,2.76,0.360505733
run_53_repetition_4,DONE,zopfli,zopfli/@next__swc-linux-arm64-musl--swc-linux-arm64-musl-16.2.6.tgz,74.42,8.89,1.16443938
run_27_repetition_29,DONE,xz,xz/@next__swc-win32-x64-msvc--swc-win32-x64-msvc-16.2.6.tar.xz,174.05,20.88,2.731152632
run_52_repetition_12,DONE,zopfli,zopfli/@esbuild__netbsd-x64--netbsd-x64-0.28.0.tgz,7.97,0.96,0.124972782
run_43_repetition_15,DONE,zopfli,zopfli/@next__swc-win32-arm64-msvc--swc-win32-arm64-msvc-16.2.6.tgz,65.34,7.78,1.023800178
run_23_repetition_9,DONE,xz,xz/@next__swc-darwin-x64--swc-darwin-x64-16.2.6.tar.xz,165.57,19.7,2.594536393
run_98_repetition_2,DONE,brotli,brotli/@next__swc-linux-x64-musl--swc-linux-x64-musl-16.2.6.tar.br,44.04,5.3,0.685160374
run_45_repetition_28,DONE,zopfli,zopfli/@next__swc-win32-ia32-msvc--swc-win32-ia32-msvc-14.2.16.tgz,54.82,6.55,0.860051417
run_64_repetition_1,DONE,zstd,zstd/@esbuild__linux-x64--linux-x64-0.28.0.tar.zst,3.25,0.38,0.048788524
run_27_repetition_28,DONE,xz,xz/@next__swc-win32-x64-msvc--swc-win32-x64-msvc-16.2.6.tar.xz,174.33,20.83,2.73135917
run_31_repetition_23,DONE,xz,xz/@esbuild__openbsd-x64--openbsd-x64-0.28.0.tar.xz,23.06,2.75,0.360660869
run_43_repetition_22,DONE,zopfli,zopfli/@next__swc-win32-arm64-msvc--swc-win32-arm64-msvc-16.2.6.tgz,65.23,7.84,1.023188113
run_82_repetition_24,DONE,zstd,zstd/@next__swc-darwin-arm64--swc-darwin-arm64-16.2.6.tar.zst,28.09,3.31,0.421507982
run_21_repetition_1,DONE,xz,xz/@esbuild__win32-ia32--win32-ia32-0.28.0.tar.xz,22.79,2.72,0.356948357
run_45_repetition_11,DONE,zopfli,zopfli/@next__swc-win32-ia32-msvc--swc-win32-ia32-msvc-14.2.16.tgz,54.8,6.54,0.859083958
run_8_repetition_4,DONE,npm,npm/@esbuild__sunos-x64--sunos-x64-0.28.0.tgz,7.71,0.92,0.120496431
run_22_repetition_0,DONE,xz,xz/@next__swc-linux-arm64-musl--swc-linux-arm64-musl-16.2.6.tar.xz,154.94,18.56,2.425346664
run_15_repetition_10,DONE,npm,npm/@next__swc-win32-x64-msvc--swc-win32-x64-msvc-16.2.6.tgz,76.73,9.17,1.18671438
run_4_repetition_12,DONE,npm,npm/@next__swc-darwin-x64--swc-darwin-x64-16.2.6.tgz,70.92,8.48,1.101195923
run_52_repetition_15,DONE,zopfli,zopfli/@esbuild__netbsd-x64--netbsd-x64-0.28.0.tgz,8.01,0.95,0.124829823
run_80_repetition_16,DONE,zstd,zstd/@next__swc-win32-arm64-msvc--swc-win32-arm64-msvc-16.2.6.tar.zst,26.3,3.14,0.394990132
run_49_repetition_18,DONE,zopfli,zopfli/@esbuild__sunos-x64--sunos-x64-0.28.0.tgz,8.15,0.97,0.125593129
run_23_repetition_13,DONE,xz,xz/@next__swc-darwin-x64--swc-darwin-x64-16.2.6.tar.xz,165.18,19.81,2.591706327
run_104_repetition_21,DONE,brotli,brotli/@esbuild__linux-ia32--linux-ia32-0.28.0.tar.br,5.63,0.67,0.087661298
run_43_repetition_29,DONE,zopfli,zopfli/@next__swc-win32-arm64-msvc--swc-win32-arm64-msvc-16.2.6.tgz,65.13,7.87,1.02344616
run_28_repetition_27,DONE,xz,xz/@next__swc-linux-arm64-gnu--swc-linux-arm64-gnu-16.2.6.tar.xz,157.13,18.63,2.452279684
run_94_repetition_21,DONE,brotli,brotli/@next__swc-win32-x64-msvc--swc-win32-x64-msvc-16.2.6.tar.br,45.09,5.39,0.699554812
run_97_repetition_13,DONE,brotli,brotli/next--next-16.2.6.tar.br,22.78,2.76,0.349946507
run_100_repetition_22,DONE,brotli,brotli/@esbuild__openbsd-x64--openbsd-x64-0.28.0.tar.br,5.95,0.71,0.092864149
run_95_repetition_17,DONE,brotli,brotli/@esbuild__win32-ia32--win32-ia32-0.28.0.tar.br,5.89,0.7,0.091133657
run_35_repetition_18,DONE,xz,xz/@next__swc-darwin-arm64--swc-darwin-arm64-16.2.6.tar.xz,149.94,17.69,2.306761544
run_72_repetition_7,DONE,zstd,zstd/@esbuild__win32-ia32--win32-ia32-0.28.0.tar.zst,3.16,0.37,0.047318458
run_39_repetition_1,DONE,xz,xz/@esbuild__sunos-x64--sunos-x64-0.28.0.tar.xz,23.04,2.76,0.360390038
run_36_repetition_3,DONE,xz,xz/@esbuild__win32-x64--win32-x64-0.28.0.tar.xz,23.28,2.77,0.363319384
run_79_repetition_26,DONE,zstd,zstd/@next__swc-linux-x64-gnu--swc-linux-x64-gnu-16.2.6.tar.zst,31.0,3.73,0.465959357
run_19_repetition_5,DONE,npm,npm/@esbuild__freebsd-x64--freebsd-x64-0.28.0.tgz,7.9,0.93,0.120322294
run_42_repetition_0,DONE,zopfli,zopfli/@next__swc-darwin-arm64--swc-darwin-arm64-16.2.6.tgz,71.23,8.57,1.11756165
run_24_repetition_16,DONE,xz,xz/aws-sdk--aws-sdk-2.1693.0.tar.xz,45.95,5.56,0.71916697
run_50_repetition_28,DONE,zopfli,zopfli/@next__swc-linux-x64-musl--swc-linux-x64-musl-16.2.6.tgz,78.47,9.48,1.229983441
run_93_repetition_20,DONE,brotli,brotli/@esbuild__linux-x64--linux-x64-0.28.0.tar.br,6.01,0.71,0.093482776
run_50_repetition_22,DONE,zopfli,zopfli/@next__swc-linux-x64-musl--swc-linux-x64-musl-16.2.6.tgz,78.43,9.57,1.230800746
run_19_repetition_29,DONE,npm,npm/@esbuild__freebsd-x64--freebsd-x64-0.28.0.tgz,7.71,0.92,0.119984802
run_72_repetition_28,DONE,zstd,zstd/@esbuild__win32-ia32--win32-ia32-0.28.0.tar.zst,3.15,0.37,0.047973651
run_40_repetition_6,DONE,xz,xz/@next__swc-win32-arm64-msvc--swc-win32-arm64-msvc-16.2.6.tar.xz,134.56,16.15,2.104293561
run_23_repetition_27,DONE,xz,xz/@next__swc-darwin-x64--swc-darwin-x64-16.2.6.tar.xz,165.49,19.85,2.589481321
run_40_repetition_19,DONE,xz,xz/@next__swc-win32-arm64-msvc--swc-win32-arm64-msvc-16.2.6.tar.xz,134.69,16.25,2.108788861
run_84_repetition_4,DONE,brotli,brotli/@esbuild__win32-x64--win32-x64-0.28.0.tar.br,6.12,0.74,0.095221213
run_52_repetition_21,DONE,zopfli,zopfli/@esbuild__netbsd-x64--netbsd-x64-0.28.0.tgz,8.06,0.97,0.125803458
run_58_repetition_5,DONE,zopfli,zopfli/@esbuild__darwin-x64--darwin-x64-0.28.0.tgz,8.19,1.0,0.128602943
run_26_repetition_10,DONE,xz,xz/@esbuild__linux-riscv64--linux-riscv64-0.28.0.tar.xz,22.0,2.65,0.339174597
run_36_repetition_20,DONE,xz,xz/@esbuild__win32-x64--win32-x64-0.28.0.tar.xz,23.31,2.82,0.364246098
run_42_repetition_9,DONE,zopfli,zopfli/@next__swc-darwin-arm64--swc-darwin-arm64-16.2.6.tgz,71.39,8.7,1.119071251
run_72_repetition_8,DONE,zstd,zstd/@esbuild__win32-ia32--win32-ia32-0.28.0.tar.zst,3.19,0.37,0.047576358
run_80_repetition_15,DONE,zstd,zstd/@next__swc-win32-arm64-msvc--swc-win32-arm64-msvc-16.2.6.tar.zst,26.37,3.18,0.39539631
run_84_repetition_28,DONE,brotli,brotli/@esbuild__win32-x64--win32-x64-0.28.0.tar.br,6.13,0.74,0.095137656
run_2_repetition_21,DONE,npm,npm/@esbuild__win32-ia32--win32-ia32-0.28.0.tgz,7.57,0.92,0.117799976
run_88_repetition_15,DONE,brotli,brotli/@next__swc-linux-x64-gnu--swc-linux-x64-gnu-16.2.6.tar.br,44.18,5.38,0.686515341
run_24_repetition_5,DONE,xz,xz/aws-sdk--aws-sdk-2.1693.0.tar.xz,46.16,5.6,0.720049309
run_0_repetition_4,DONE,npm,npm/@next__swc-darwin-arm64--swc-darwin-arm64-16.2.6.tgz,67.62,8.21,1.053147775
run_83_repetition_25,DONE,zstd,zstd/@esbuild__sunos-x64--sunos-x64-0.28.0.tar.zst,3.25,0.39,0.048884637
run_74_repetition_19,DONE,zstd,zstd/@esbuild__darwin-x64--darwin-x64-0.28.0.tar.zst,3.28,0.39,0.049443218
run_84_repetition_9,DONE,brotli,brotli/@esbuild__win32-x64--win32-x64-0.28.0.tar.br,6.16,0.74,0.095944739
run_68_repetition_27,DONE,zstd,zstd/@next__swc-win32-ia32-msvc--swc-win32-ia32-msvc-14.2.16.tar.zst,21.45,2.61,0.321420482
run_48_repetition_0,DONE,zopfli,zopfli/@next__swc-linux-arm64-gnu--swc-linux-arm64-gnu-16.2.6.tgz,74.9,9.06,1.169481026
run_33_repetition_15,DONE,xz,xz/@esbuild__linux-x64--linux-x64-0.28.0.tar.xz,22.84,2.77,0.357190565
run_48_repetition_20,DONE,zopfli,zopfli/@next__swc-linux-arm64-gnu--swc-linux-arm64-gnu-16.2.6.tgz,74.55,9.1,1.169891964
run_76_repetition_29,DONE,zstd,zstd/@esbuild__linux-riscv64--linux-riscv64-0.28.0.tar.zst,2.93,0.35,0.043933916
run_16_repetition_4,DONE,npm,npm/@esbuild__linux-x64--linux-x64-0.28.0.tgz,7.76,0.93,0.120707894
run_68_repetition_20,DONE,zstd,zstd/@next__swc-win32-ia32-msvc--swc-win32-ia32-msvc-14.2.16.tar.zst,21.92,2.65,0.327929128
run_78_repetition_8,DONE,zstd,zstd/@esbuild__netbsd-x64--netbsd-x64-0.28.0.tar.zst,3.2,0.38,0.047761473
run_31_repetition_19,DONE,xz,xz/@esbuild__openbsd-x64--openbsd-x64-0.28.0.tar.xz,23.04,2.79,0.361104432
run_67_repetition_2,DONE,zstd,zstd/@next__swc-darwin-x64--swc-darwin-x64-16.2.6.tar.zst,28.61,3.42,0.429011793
run_57_repetition_27,DONE,zopfli,zopfli/@esbuild__linux-x64--linux-x64-0.28.0.tgz,8.08,0.98,0.125873739
run_73_repetition_20,DONE,zstd,zstd/@next__swc-linux-arm64-gnu--swc-linux-arm64-gnu-16.2.6.tar.zst,29.7,3.58,0.446014636
run_1_repetition_23,DONE,npm,npm/@next__swc-win32-arm64-msvc--swc-win32-arm64-msvc-16.2.6.tgz,61.32,7.39,0.960555884
run_49_repetition_28,DONE,zopfli,zopfli/@esbuild__sunos-x64--sunos-x64-0.28.0.tgz,7.95,0.97,0.125207734
run_60_repetition_8,DONE,zopfli,zopfli/@esbuild__linux-s390x--linux-s390x-0.28.0.tgz,7.88,0.95,0.123734053
run_16_repetition_10,DONE,npm,npm/@esbuild__linux-x64--linux-x64-0.28.0.tgz,7.75,0.93,0.120560941
run_33_repetition_26,DONE,xz,xz/@esbuild__linux-x64--linux-x64-0.28.0.tar.xz,22.78,2.73,0.357364649
run_65_repetition_26,DONE,zstd,zstd/@next__swc-linux-arm64-musl--swc-linux-arm64-musl-16.2.6.tar.zst,29.48,3.48,0.44170906
run_81_repetition_18,DONE,zstd,zstd/@next__swc-win32-x64-msvc--swc-win32-x64-msvc-16.2.6.tar.zst,32.94,3.92,0.494242591
run_27_repetition_9,DONE,xz,xz/@next__swc-win32-x64-msvc--swc-win32-x64-msvc-16.2.6.tar.xz,174.02,20.84,2.726947528
run_76_repetition_7,DONE,zstd,zstd/@esbuild__linux-riscv64--linux-riscv64-0.28.0.tar.zst,2.92,0.34,0.043759744
run_69_repetition_3,DONE,zstd,zstd/@next__swc-linux-x64-musl--swc-linux-x64-musl-16.2.6.tar.zst,31.66,3.76,0.474694686
run_48_repetition_16,DONE,zopfli,zopfli/@next__swc-linux-arm64-gnu--swc-linux-arm64-gnu-16.2.6.tgz,74.66,8.95,1.169838812
run_98_repetition_26,DONE,brotli,brotli/@next__swc-linux-x64-musl--swc-linux-x64-musl-16.2.6.tar.br,43.68,5.29,0.679721177
run_13_repetition_13,DONE,npm,npm/@esbuild__win32-x64--win32-x64-0.28.0.tgz,7.94,0.95,0.123533735
run_22_repetition_26,DONE,xz,xz/@next__swc-linux-arm64-musl--swc-linux-arm64-musl-16.2.6.tar.xz,155.05,18.69,2.424062906
run_88_repetition_8,DONE,brotli,brotli/@next__swc-linux-x64-gnu--swc-linux-x64-gnu-16.2.6.tar.br,44.09,5.34,0.684759838
run_56_repetition_12,DONE,zopfli,zopfli/@next__swc-win32-x64-msvc--swc-win32-x64-msvc-16.2.6.tgz,80.04,9.6,1.2564475
run_13_repetition_16,DONE,npm,npm/@esbuild__win32-x64--win32-x64-0.28.0.tgz,7.92,0.94,0.123473267
run_96_repetition_27,DONE,brotli,brotli/@next__swc-win32-arm64-msvc--swc-win32-arm64-msvc-16.2.6.tar.br,35.69,4.33,0.554925474
run_51_repetition_20,DONE,zopfli,zopfli/@next__swc-linux-x64-gnu--swc-linux-x64-gnu-16.2.6.tgz,78.62,9.52,1.229482515
run_41_repetition_2,DONE,xz,xz/@esbuild__darwin-x64--darwin-x64-0.28.0.tar.xz,23.6,2.81,0.369060027
run_4_repetition_19,DONE,npm,npm/@next__swc-darwin-x64--swc-darwin-x64-16.2.6.tgz,70.63,8.46,1.100998514
run_9_repetition_17,DONE,npm,npm/@next__swc-linux-x64-musl--swc-linux-x64-musl-16.2.6.tgz,75.36,9.03,1.172484476
run_12_repetition_26,DONE,npm,npm/@next__swc-linux-arm64-musl--swc-linux-arm64-musl-16.2.6.tgz,70.14,8.34,1.095066632
run_99_repetition_0,DONE,brotli,brotli/@next__swc-win32-ia32-msvc--swc-win32-ia32-msvc-14.2.16.tar.br,30.27,3.67,0.470890596
run_96_repetition_29,DONE,brotli,brotli/@next__swc-win32-arm64-msvc--swc-win32-arm64-msvc-16.2.6.tar.br,35.45,4.28,0.552349174
run_80_repetition_2,DONE,zstd,zstd/@next__swc-win32-arm64-msvc--swc-win32-arm64-msvc-16.2.6.tar.zst,26.31,3.15,0.395758827
run_95_repetition_13,DONE,brotli,brotli/@esbuild__win32-ia32--win32-ia32-0.28.0.tar.br,5.82,0.69,0.091026013
run_70_repetition_8,DONE,zstd,zstd/@esbuild__win32-x64--win32-x64-0.28.0.tar.zst,3.26,0.39,0.049155043
run_62_repetition_21,DONE,zopfli,zopfli/aws-sdk--aws-sdk-2.1693.0.tgz,38.34,4.68,0.604466544
run_48_repetition_23,DONE,zopfli,zopfli/@next__swc-linux-arm64-gnu--swc-linux-arm64-gnu-16.2.6.tgz,74.49,8.97,1.170301962
run_92_repetition_7,DONE,brotli,brotli/@next__swc-darwin-arm64--swc-darwin-arm64-16.2.6.tar.br,38.65,4.68,0.600794812
run_27_repetition_22,DONE,xz,xz/@next__swc-win32-x64-msvc--swc-win32-x64-msvc-16.2.6.tar.xz,174.41,20.93,2.731903745
run_86_repetition_29,DONE,brotli,brotli/@next__swc-darwin-x64--swc-darwin-x64-16.2.6.tar.br,41.98,5.06,0.647388991
run_3_repetition_11,DONE,npm,npm/@next__swc-win32-ia32-msvc--swc-win32-ia32-msvc-14.2.16.tgz,52.19,6.3,0.814902265
run_73_repetition_23,DONE,zstd,zstd/@next__swc-linux-arm64-gnu--swc-linux-arm64-gnu-16.2.6.tar.zst,29.39,3.52,0.443750031
run_78_repetition_11,DONE,zstd,zstd/@esbuild__netbsd-x64--netbsd-x64-0.28.0.tar.zst,3.18,0.38,0.047655773
run_59_repetition_1,DONE,zopfli,zopfli/typescript--typescript-6.0.3.tgz,11.32,1.38,0.177992404
run_25_repetition_14,DONE,xz,xz/@next__swc-win32-ia32-msvc--swc-win32-ia32-msvc-14.2.16.tar.xz,116.36,13.94,1.819793956
run_75_repetition_4,DONE,zstd,zstd/@esbuild__freebsd-x64--freebsd-x64-0.28.0.tar.zst,3.25,0.38,0.048816425
run_7_repetition_13,DONE,npm,npm/@next__swc-linux-arm64-gnu--swc-linux-arm64-gnu-16.2.6.tgz,70.53,8.43,1.100171846
run_40_repetition_16,DONE,xz,xz/@next__swc-win32-arm64-msvc--swc-win32-arm64-msvc-16.2.6.tar.xz,134.43,16.14,2.100721668
run_78_repetition_6,DONE,zstd,zstd/@esbuild__netbsd-x64--netbsd-x64-0.28.0.tar.zst,3.19,0.38,0.047987664
run_66_repetition_1,DONE,zstd,zstd/@esbuild__openbsd-x64--openbsd-x64-0.28.0.tar.zst,3.16,0.38,0.047670169
run_81_repetition_23,DONE,zstd,zstd/@next__swc-win32-x64-msvc--swc-win32-x64-msvc-16.2.6.tar.zst,32.76,3.94,0.49355844
run_67_repetition_22,DONE,zstd,zstd/@next__swc-darwin-x64--swc-darwin-x64-16.2.6.tar.zst,28.55,3.4,0.428464614
run_68_repetition_6,DONE,zstd,zstd/@next__swc-win32-ia32-msvc--swc-win32-ia32-msvc-14.2.16.tar.zst,21.35,2.55,0.320319537
run_8_repetition_9,DONE,npm,npm/@esbuild__sunos-x64--sunos-x64-0.28.0.tgz,7.69,0.92,0.119772419
run_71_repetition_9,DONE,zstd,zstd/aws-sdk--aws-sdk-2.1693.0.tar.zst,14.6,1.78,0.21485034
run_67_repetition_15,DONE,zstd,zstd/@next__swc-darwin-x64--swc-darwin-x64-16.2.6.tar.zst,28.49,3.45,0.428834182
run_103_repetition_27,DONE,brotli,brotli/@esbuild__sunos-x64--sunos-x64-0.28.0.tar.br,5.95,0.72,0.093072888
run_84_repetition_0,DONE,brotli,brotli/@esbuild__win32-x64--win32-x64-0.28.0.tar.br,6.11,0.74,0.09571515
run_46_repetition_2,DONE,zopfli,zopfli/@next__swc-darwin-x64--swc-darwin-x64-16.2.6.tgz,73.57,8.91,1.158368204
run_4_repetition_18,DONE,npm,npm/@next__swc-darwin-x64--swc-darwin-x64-16.2.6.tgz,70.27,8.51,1.100373002
run_40_repetition_22,DONE,xz,xz/@next__swc-win32-arm64-msvc--swc-win32-arm64-msvc-16.2.6.tar.xz,134.34,16.1,2.106741501
run_83_repetition_13,DONE,zstd,zstd/@esbuild__sunos-x64--sunos-x64-0.28.0.tar.zst,3.25,0.39,0.048399055
run_63_repetition_16,DONE,zstd,zstd/next--next-16.2.6.tar.zst,20.54,2.5,0.302608076
run_37_repetition_17,DONE,xz,xz/@next__swc-linux-x64-musl--swc-linux-x64-musl-16.2.6.tar.xz,178.97,21.36,2.800769821
run_54_repetition_19,DONE,zopfli,zopfli/@esbuild__win32-x64--win32-x64-0.28.0.tgz,8.15,0.97,0.127798314
run_83_repetition_7,DONE,zstd,zstd/@esbuild__sunos-x64--sunos-x64-0.28.0.tar.zst,3.19,0.38,0.04765841
run_47_repetition_5,DONE,zopfli,zopfli/next--next-16.2.6.tgz,81.64,9.74,1.280519577
run_35_repetition_13,DONE,xz,xz/@next__swc-darwin-arm64--swc-darwin-arm64-16.2.6.tar.xz,146.9,17.59,2.303294041
run_16_repetition_25,DONE,npm,npm/@esbuild__linux-x64--linux-x64-0.28.0.tgz,7.82,0.95,0.12130284
run_60_repetition_23,DONE,zopfli,zopfli/@esbuild__linux-s390x--linux-s390x-0.28.0.tgz,7.91,0.94,0.123625238
run_41_repetition_23,DONE,xz,xz/@esbuild__darwin-x64--darwin-x64-0.28.0.tar.xz,23.58,2.82,0.368947048
run_70_repetition_0,DONE,zstd,zstd/@esbuild__win32-x64--win32-x64-0.28.0.tar.zst,3.3,0.39,0.049761338
run_15_repetition_21,DONE,npm,npm/@next__swc-win32-x64-msvc--swc-win32-x64-msvc-16.2.6.tgz,76.11,9.1,1.18610244
run_55_repetition_17,DONE,zopfli,zopfli/@esbuild__openbsd-x64--openbsd-x64-0.28.0.tgz,8.02,0.95,0.125042434
run_5_repetition_4,DONE,npm,npm/@esbuild__aix-ppc64--aix-ppc64-0.28.0.tgz,7.99,0.95,0.123961691
run_103_repetition_11,DONE,brotli,brotli/@esbuild__sunos-x64--sunos-x64-0.28.0.tar.br,5.97,0.71,0.092731604
run_37_repetition_27,DONE,xz,xz/@next__swc-linux-x64-musl--swc-linux-x64-musl-16.2.6.tar.xz,178.68,21.25,2.796972888
run_12_repetition_25,DONE,npm,npm/@next__swc-linux-arm64-musl--swc-linux-arm64-musl-16.2.6.tgz,70.14,8.34,1.094715713
run_73_repetition_7,DONE,zstd,zstd/@next__swc-linux-arm64-gnu--swc-linux-arm64-gnu-16.2.6.tar.zst,29.78,3.51,0.448280374
run_55_repetition_5,DONE,zopfli,zopfli/@esbuild__openbsd-x64--openbsd-x64-0.28.0.tgz,8.0,0.95,0.125288483
run_26_repetition_16,DONE,xz,xz/@esbuild__linux-riscv64--linux-riscv64-0.28.0.tar.xz,21.61,2.55,0.33830184
run_21_repetition_11,DONE,xz,xz/@esbuild__win32-ia32--win32-ia32-0.28.0.tar.xz,22.71,2.68,0.35612566
run_14_repetition_2,DONE,npm,npm/@esbuild__openbsd-x64--openbsd-x64-0.28.0.tgz,7.83,0.91,0.120654952
run_39_repetition_3,DONE,xz,xz/@esbuild__sunos-x64--sunos-x64-0.28.0.tar.xz,22.99,2.73,0.360860159
run_84_repetition_22,DONE,brotli,brotli/@esbuild__win32-x64--win32-x64-0.28.0.tar.br,6.11,0.73,0.095364473
run_76_repetition_11,DONE,zstd,zstd/@esbuild__linux-riscv64--linux-riscv64-0.28.0.tar.zst,2.92,0.34,0.043798715
run_43_repetition_7,DONE,zopfli,zopfli/@next__swc-win32-arm64-msvc--swc-win32-arm64-msvc-16.2.6.tgz,65.15,7.85,1.023931298
run_19_repetition_22,DONE,npm,npm/@esbuild__freebsd-x64--freebsd-x64-0.28.0.tgz,7.68,0.93,0.119907924
run_5_repetition_14,DONE,npm,npm/@esbuild__aix-ppc64--aix-ppc64-0.28.0.tgz,8.01,0.95,0.12468833
run_51_repetition_6,DONE,zopfli,zopfli/@next__swc-linux-x64-gnu--swc-linux-x64-gnu-16.2.6.tgz,78.14,9.42,1.229048166
run_42_repetition_24,DONE,zopfli,zopfli/@next__swc-darwin-arm64--swc-darwin-arm64-16.2.6.tgz,71.24,8.52,1.120122104
run_60_repetition_19,DONE,zopfli,zopfli/@esbuild__linux-s390x--linux-s390x-0.28.0.tgz,7.89,0.94,0.123422924
run_60_repetition_28,DONE,zopfli,zopfli/@esbuild__linux-s390x--linux-s390x-0.28.0.tgz,7.9,0.95,0.123412044
run_62_repetition_13,DONE,zopfli,zopfli/aws-sdk--aws-sdk-2.1693.0.tgz,38.54,4.64,0.605761173
run_36_repetition_11,DONE,xz,xz/@esbuild__win32-x64--win32-x64-0.28.0.tar.xz,23.25,2.76,0.363866225
run_8_repetition_14,DONE,npm,npm/@esbuild__sunos-x64--sunos-x64-0.28.0.tgz,7.78,0.93,0.120043522
run_31_repetition_14,DONE,xz,xz/@esbuild__openbsd-x64--openbsd-x64-0.28.0.tar.xz,23.0,2.73,0.360327912
run_48_repetition_13,DONE,zopfli,zopfli/@next__swc-linux-arm64-gnu--swc-linux-arm64-gnu-16.2.6.tgz,74.78,8.94,1.170431101
run_28_repetition_9,DONE,xz,xz/@next__swc-linux-arm64-gnu--swc-linux-arm64-gnu-16.2.6.tar.xz,156.36,18.37,2.44696247
run_101_repetition_8,DONE,brotli,brotli/@next__swc-linux-arm64-musl--swc-linux-arm64-musl-16.2.6.tar.br,40.82,4.91,0.630662628
run_64_repetition_25,DONE,zstd,zstd/@esbuild__linux-x64--linux-x64-0.28.0.tar.zst,3.2,0.38,0.048492354
run_95_repetition_10,DONE,brotli,brotli/@esbuild__win32-ia32--win32-ia32-0.28.0.tar.br,5.86,0.69,0.090922541
run_39_repetition_28,DONE,xz,xz/@esbuild__sunos-x64--sunos-x64-0.28.0.tar.xz,23.07,2.72,0.361198865
run_37_repetition_13,DONE,xz,xz/@next__swc-linux-x64-musl--swc-linux-x64-musl-16.2.6.tar.xz,178.29,21.39,2.794266132
run_87_repetition_25,DONE,brotli,brotli/@esbuild__freebsd-x64--freebsd-x64-0.28.0.tar.br,5.93,0.71,0.092613218
run_6_repetition_14,DONE,npm,npm/next--next-16.2.6.tgz,79.72,9.43,1.23827359
run_40_repetition_13,DONE,xz,xz/@next__swc-win32-arm64-msvc--swc-win32-arm64-msvc-16.2.6.tar.xz,134.01,15.99,2.102307959
run_32_repetition_29,DONE,xz,xz/@next__swc-linux-x64-gnu--swc-linux-x64-gnu-16.2.6.tar.xz,177.44,21.28,2.789182949
run_94_repetition_3,DONE,brotli,brotli/@next__swc-win32-x64-msvc--swc-win32-x64-msvc-16.2.6.tar.br,44.71,5.38,0.69853726
run_1_repetition_7,DONE,npm,npm/@next__swc-win32-arm64-msvc--swc-win32-arm64-msvc-16.2.6.tgz,61.26,7.38,0.960579558
run_27_repetition_20,DONE,xz,xz/@next__swc-win32-x64-msvc--swc-win32-x64-msvc-16.2.6.tar.xz,173.97,20.94,2.729252381
run_97_repetition_28,DONE,brotli,brotli/next--next-16.2.6.tar.br,22.59,2.77,0.349380193
run_39_repetition_2,DONE,xz,xz/@esbuild__sunos-x64--sunos-x64-0.28.0.tar.xz,23.04,2.75,0.36129373
run_79_repetition_29,DONE,zstd,zstd/@next__swc-linux-x64-gnu--swc-linux-x64-gnu-16.2.6.tar.zst,31.84,3.71,0.464210327
run_1_repetition_29,DONE,npm,npm/@next__swc-win32-arm64-msvc--swc-win32-arm64-msvc-16.2.6.tgz,61.58,7.34,0.96066913
run_30_repetition_12,DONE,xz,xz/next--next-16.2.6.tar.xz,73.05,8.77,1.141360528
run_6_repetition_6,DONE,npm,npm/next--next-16.2.6.tgz,79.98,9.48,1.236116177
run_37_repetition_24,DONE,xz,xz/@next__swc-linux-x64-musl--swc-linux-x64-musl-16.2.6.tar.xz,178.41,21.22,2.793617162
run_100_repetition_26,DONE,brotli,brotli/@esbuild__openbsd-x64--openbsd-x64-0.28.0.tar.br,5.93,0.7,0.092512411
run_1_repetition_20,DONE,npm,npm/@next__swc-win32-arm64-msvc--swc-win32-arm64-msvc-16.2.6.tgz,61.63,7.29,0.960392893
run_33_repetition_6,DONE,xz,xz/@esbuild__linux-x64--linux-x64-0.28.0.tar.xz,22.82,2.74,0.357655369
run_49_repetition_25,DONE,zopfli,zopfli/@esbuild__sunos-x64--sunos-x64-0.28.0.tgz,7.97,0.95,0.125427444
run_78_repetition_1,DONE,zstd,zstd/@esbuild__netbsd-x64--netbsd-x64-0.28.0.tar.zst,3.22,0.38,0.048225219
run_50_repetition_5,DONE,zopfli,zopfli/@next__swc-linux-x64-musl--swc-linux-x64-musl-16.2.6.tgz,78.25,9.41,1.231241383
run_40_repetition_5,DONE,xz,xz/@next__swc-win32-arm64-msvc--swc-win32-arm64-msvc-16.2.6.tar.xz,135.02,15.98,2.102965395
run_11_repetition_22,DONE,npm,npm/@esbuild__netbsd-x64--netbsd-x64-0.28.0.tgz,7.68,0.92,0.119899926
run_21_repetition_17,DONE,xz,xz/@esbuild__win32-ia32--win32-ia32-0.28.0.tar.xz,22.73,2.7,0.35596322
run_64_repetition_17,DONE,zstd,zstd/@esbuild__linux-x64--linux-x64-0.28.0.tar.zst,3.18,0.38,0.048201836
run_89_repetition_6,DONE,brotli,brotli/@esbuild__darwin-x64--darwin-x64-0.28.0.tar.br,6.1,0.73,0.094809188
run_26_repetition_15,DONE,xz,xz/@esbuild__linux-riscv64--linux-riscv64-0.28.0.tar.xz,21.6,2.57,0.338536766
run_71_repetition_7,DONE,zstd,zstd/aws-sdk--aws-sdk-2.1693.0.tar.zst,14.88,1.77,0.219166172
run_64_repetition_10,DONE,zstd,zstd/@esbuild__linux-x64--linux-x64-0.28.0.tar.zst,3.32,0.38,0.049695451
run_22_repetition_3,DONE,xz,xz/@next__swc-linux-arm64-musl--swc-linux-arm64-musl-16.2.6.tar.xz,155.36,18.51,2.431459955
run_46_repetition_28,DONE,zopfli,zopfli/@next__swc-darwin-x64--swc-darwin-x64-16.2.6.tgz,73.91,8.85,1.159312858
run_20_repetition_27,DONE,npm,npm/aws-sdk--aws-sdk-2.1693.0.tgz,37.54,4.51,0.584305809
run_25_repetition_27,DONE,xz,xz/@next__swc-win32-ia32-msvc--swc-win32-ia32-msvc-14.2.16.tar.xz,116.02,13.87,1.823722672
run_51_repetition_7,DONE,zopfli,zopfli/@next__swc-linux-x64-gnu--swc-linux-x64-gnu-16.2.6.tgz,78.07,9.31,1.229610198
run_95_repetition_8,DONE,brotli,brotli/@esbuild__win32-ia32--win32-ia32-0.28.0.tar.br,5.82,0.69,0.090883782
run_19_repetition_25,DONE,npm,npm/@esbuild__freebsd-x64--freebsd-x64-0.28.0.tgz,7.69,0.92,0.119810516
run_68_repetition_10,DONE,zstd,zstd/@next__swc-win32-ia32-msvc--swc-win32-ia32-msvc-14.2.16.tar.zst,21.43,2.57,0.322459316
run_96_repetition_19,DONE,brotli,brotli/@next__swc-win32-arm64-msvc--swc-win32-arm64-msvc-16.2.6.tar.br,35.65,4.35,0.555346935
run_3_repetition_4,DONE,npm,npm/@next__swc-win32-ia32-msvc--swc-win32-ia32-msvc-14.2.16.tgz,52.49,6.28,0.815759054
run_31_repetition_20,DONE,xz,xz/@esbuild__openbsd-x64--openbsd-x64-0.28.0.tar.xz,23.04,2.79,0.360635041
run_75_repetition_3,DONE,zstd,zstd/@esbuild__freebsd-x64--freebsd-x64-0.28.0.tar.zst,3.24,0.39,0.04844254
run_6_repetition_18,DONE,npm,npm/next--next-16.2.6.tgz,79.79,9.56,1.236233101
run_0_repetition_7,DONE,npm,npm/@next__swc-darwin-arm64--swc-darwin-arm64-16.2.6.tgz,67.52,8.09,1.051977341
run_86_repetition_5,DONE,brotli,brotli/@next__swc-darwin-x64--swc-darwin-x64-16.2.6.tar.br,41.44,4.96,0.644886036
run_30_repetition_10,DONE,xz,xz/next--next-16.2.6.tar.xz,73.23,8.79,1.142515322
run_56_repetition_6,DONE,zopfli,zopfli/@next__swc-win32-x64-msvc--swc-win32-x64-msvc-16.2.6.tgz,80.21,9.6,1.257292101
run_11_repetition_29,DONE,npm,npm/@esbuild__netbsd-x64--netbsd-x64-0.28.0.tgz,7.69,0.92,0.119604927
run_97_repetition_9,DONE,brotli,brotli/next--next-16.2.6.tar.br,22.62,2.77,0.3489521
run_52_repetition_27,DONE,zopfli,zopfli/@esbuild__netbsd-x64--netbsd-x64-0.28.0.tgz,7.98,0.95,0.124947391
run_23_repetition_20,DONE,xz,xz/@next__swc-darwin-x64--swc-darwin-x64-16.2.6.tar.xz,165.65,19.72,2.58916445
run_91_repetition_3,DONE,brotli,brotli/aws-sdk--aws-sdk-2.1693.0.tar.br,13.06,1.62,0.200371918
run_96_repetition_22,DONE,brotli,brotli/@next__swc-win32-arm64-msvc--swc-win32-arm64-msvc-16.2.6.tar.br,35.59,4.31,0.552830057
run_96_repetition_20,DONE,brotli,brotli/@next__swc-win32-arm64-msvc--swc-win32-arm64-msvc-16.2.6.tar.br,35.7,4.29,0.555064883
run_72_repetition_1,DONE,zstd,zstd/@esbuild__win32-ia32--win32-ia32-0.28.0.tar.zst,3.03,0.36,0.046618231
run_87_repetition_10,DONE,brotli,brotli/@esbuild__freebsd-x64--freebsd-x64-0.28.0.tar.br,5.93,0.71,0.092578181
run_23_repetition_28,DONE,xz,xz/@next__swc-darwin-x64--swc-darwin-x64-16.2.6.tar.xz,164.7,19.81,2.590324641
run_2_repetition_7,DONE,npm,npm/@esbuild__win32-ia32--win32-ia32-0.28.0.tgz,7.53,0.89,0.11788626
run_21_repetition_9,DONE,xz,xz/@esbuild__win32-ia32--win32-ia32-0.28.0.tar.xz,22.65,2.7,0.356378704
run_10_repetition_3,DONE,npm,npm/@next__swc-linux-x64-gnu--swc-linux-x64-gnu-16.2.6.tgz,75.02,8.94,1.170187363
run_102_repetition_23,DONE,brotli,brotli/@esbuild__linux-riscv64--linux-riscv64-0.28.0.tar.br,5.92,0.69,0.088830476
run_5_repetition_0,DONE,npm,npm/@esbuild__aix-ppc64--aix-ppc64-0.28.0.tgz,7.98,0.94,0.123923259
run_65_repetition_10,DONE,zstd,zstd/@next__swc-linux-arm64-musl--swc-linux-arm64-musl-16.2.6.tar.zst,29.45,3.49,0.441932576
run_26_repetition_28,DONE,xz,xz/@esbuild__linux-riscv64--linux-riscv64-0.28.0.tar.xz,21.58,2.56,0.338508872
run_91_repetition_2,DONE,brotli,brotli/aws-sdk--aws-sdk-2.1693.0.tar.br,13.1,1.61,0.201084263
run_10_repetition_28,DONE,npm,npm/@next__swc-linux-x64-gnu--swc-linux-x64-gnu-16.2.6.tgz,75.79,8.92,1.170283333
run_78_repetition_23,DONE,zstd,zstd/@esbuild__netbsd-x64--netbsd-x64-0.28.0.tar.zst,3.19,0.37,0.047912996
run_25_repetition_3,DONE,xz,xz/@next__swc-win32-ia32-msvc--swc-win32-ia32-msvc-14.2.16.tar.xz,116.22,13.83,1.820496544
run_65_repetition_1,DONE,zstd,zstd/@next__swc-linux-arm64-musl--swc-linux-arm64-musl-16.2.6.tar.zst,29.84,3.6,0.450172139
run_80_repetition_3,DONE,zstd,zstd/@next__swc-win32-arm64-msvc--swc-win32-arm64-msvc-16.2.6.tar.zst,26.7,3.17,0.401830299
run_104_repetition_9,DONE,brotli,brotli/@esbuild__linux-ia32--linux-ia32-0.28.0.tar.br,5.63,0.67,0.087795588
run_25_repetition_13,DONE,xz,xz/@next__swc-win32-ia32-msvc--swc-win32-ia32-msvc-14.2.16.tar.xz,116.57,13.71,1.823082672
run_40_repetition_11,DONE,xz,xz/@next__swc-win32-arm64-msvc--swc-win32-arm64-msvc-16.2.6.tar.xz,134.21,15.95,2.101004489
run_0_repetition_22,DONE,npm,npm/@next__swc-darwin-arm64--swc-darwin-arm64-16.2.6.tgz,68.29,8.15,1.054798154
run_34_repetition_7,DONE,xz,xz/@esbuild__freebsd-x64--freebsd-x64-0.28.0.tar.xz,23.14,2.76,0.361121273
run_97_repetition_6,DONE,brotli,brotli/next--next-16.2.6.tar.br,22.68,2.77,0.35059808
run_14_repetition_26,DONE,npm,npm/@esbuild__openbsd-x64--openbsd-x64-0.28.0.tgz,7.73,0.93,0.120306743
run_40_repetition_28,DONE,xz,xz/@next__swc-win32-arm64-msvc--swc-win32-arm64-msvc-16.2.6.tar.xz,134.3,16.07,2.105904171
run_46_repetition_14,DONE,zopfli,zopfli/@next__swc-darwin-x64--swc-darwin-x64-16.2.6.tgz,73.82,8.87,1.158665614
run_29_repetition_19,DONE,xz,xz/@esbuild__netbsd-x64--netbsd-x64-0.28.0.tar.xz,22.89,2.7,0.359703659
run_18_repetition_29,DONE,npm,npm/@esbuild__linux-s390x--linux-s390x-0.28.0.tgz,7.76,0.93,0.120926768
run_65_repetition_27,DONE,zstd,zstd/@next__swc-linux-arm64-musl--swc-linux-arm64-musl-16.2.6.tar.zst,29.51,3.51,0.44315178
run_33_repetition_14,DONE,xz,xz/@esbuild__linux-x64--linux-x64-0.28.0.tar.xz,22.73,2.72,0.357097465
run_53_repetition_25,DONE,zopfli,zopfli/@next__swc-linux-arm64-musl--swc-linux-arm64-musl-16.2.6.tgz,73.93,8.87,1.163801641
run_59_repetition_24,DONE,zopfli,zopfli/typescript--typescript-6.0.3.tgz,11.28,1.34,0.177825854
run_54_repetition_28,DONE,zopfli,zopfli/@esbuild__win32-x64--win32-x64-0.28.0.tgz,8.15,0.97,0.12785313
run_93_repetition_7,DONE,brotli,brotli/@esbuild__linux-x64--linux-x64-0.28.0.tar.br,5.99,0.71,0.093529309
run_62_repetition_3,DONE,zopfli,zopfli/aws-sdk--aws-sdk-2.1693.0.tgz,38.5,4.61,0.605376305
run_55_repetition_27,DONE,zopfli,zopfli/@esbuild__openbsd-x64--openbsd-x64-0.28.0.tgz,8.04,0.96,0.125290631
run_98_repetition_23,DONE,brotli,brotli/@next__swc-linux-x64-musl--swc-linux-x64-musl-16.2.6.tar.br,43.97,5.26,0.684484486
run_58_repetition_3,DONE,zopfli,zopfli/@esbuild__darwin-x64--darwin-x64-0.28.0.tgz,8.24,0.98,0.128295556
run_80_repetition_4,DONE,zstd,zstd/@next__swc-win32-arm64-msvc--swc-win32-arm64-msvc-16.2.6.tar.zst,26.51,3.16,0.396645359
run_70_repetition_10,DONE,zstd,zstd/@esbuild__win32-x64--win32-x64-0.28.0.tar.zst,3.26,0.38,0.049003404
run_55_repetition_22,DONE,zopfli,zopfli/@esbuild__openbsd-x64--openbsd-x64-0.28.0.tgz,7.98,0.95,0.125003624
run_95_repetition_2,DONE,brotli,brotli/@esbuild__win32-ia32--win32-ia32-0.28.0.tar.br,5.86,0.7,0.091474122
run_54_repetition_23,DONE,zopfli,zopfli/@esbuild__win32-x64--win32-x64-0.28.0.tgz,8.14,0.96,0.12785959
run_48_repetition_29,DONE,zopfli,zopfli/@next__swc-linux-arm64-gnu--swc-linux-arm64-gnu-16.2.6.tgz,74.55,8.93,1.169392661
run_78_repetition_2,DONE,zstd,zstd/@esbuild__netbsd-x64--netbsd-x64-0.28.0.tar.zst,3.23,0.37,0.048570726
run_46_repetition_1,DONE,zopfli,zopfli/@next__swc-darwin-x64--swc-darwin-x64-16.2.6.tgz,73.81,8.85,1.158264256
run_63_repetition_4,DONE,zstd,zstd/next--next-16.2.6.tar.zst,21.08,2.52,0.308547234
run_99_repetition_29,DONE,brotli,brotli/@next__swc-win32-ia32-msvc--swc-win32-ia32-msvc-14.2.16.tar.br,30.22,3.6,0.470258546
run_34_repetition_0,DONE,xz,xz/@esbuild__freebsd-x64--freebsd-x64-0.28.0.tar.xz,23.06,2.73,0.361105154
run_63_repetition_22,DONE,zstd,zstd/next--next-16.2.6.tar.zst,20.55,2.49,0.302042205
run_35_repetition_22,DONE,xz,xz/@next__swc-darwin-arm64--swc-darwin-arm64-16.2.6.tar.xz,146.74,17.59,2.302388037
run_18_repetition_18,DONE,npm,npm/@esbuild__linux-s390x--linux-s390x-0.28.0.tgz,7.79,0.93,0.121074893
run_24_repetition_9,DONE,xz,xz/aws-sdk--aws-sdk-2.1693.0.tar.xz,45.86,5.5,0.719493177
run_81_repetition_21,DONE,zstd,zstd/@next__swc-win32-x64-msvc--swc-win32-x64-msvc-16.2.6.tar.zst,32.37,3.87,0.486636884
run_29_repetition_23,DONE,xz,xz/@esbuild__netbsd-x64--netbsd-x64-0.28.0.tar.xz,22.99,2.75,0.361256828
run_95_repetition_20,DONE,brotli,brotli/@esbuild__win32-ia32--win32-ia32-0.28.0.tar.br,5.82,0.7,0.090988346
run_81_repetition_24,DONE,zstd,zstd/@next__swc-win32-x64-msvc--swc-win32-x64-msvc-16.2.6.tar.zst,32.42,3.89,0.487550552
run_84_repetition_14,DONE,brotli,brotli/@esbuild__win32-x64--win32-x64-0.28.0.tar.br,6.1,0.73,0.095064502
run_87_repetition_15,DONE,brotli,brotli/@esbuild__freebsd-x64--freebsd-x64-0.28.0.tar.br,5.96,0.72,0.092883675
run_48_repetition_5,DONE,zopfli,zopfli/@next__swc-linux-arm64-gnu--swc-linux-arm64-gnu-16.2.6.tgz,74.27,8.98,1.170433576
run_1_repetition_17,DONE,npm,npm/@next__swc-win32-arm64-msvc--swc-win32-arm64-msvc-16.2.6.tgz,61.42,7.39,0.96115417
run_74_repetition_22,DONE,zstd,zstd/@esbuild__darwin-x64--darwin-x64-0.28.0.tar.zst,3.33,0.39,0.049893536
run_66_repetition_28,DONE,zstd,zstd/@esbuild__openbsd-x64--openbsd-x64-0.28.0.tar.zst,3.21,0.38,0.048143414
run_2_repetition_20,DONE,npm,npm/@esbuild__win32-ia32--win32-ia32-0.28.0.tgz,7.58,0.91,0.117728615
run_87_repetition_0,DONE,brotli,brotli/@esbuild__freebsd-x64--freebsd-x64-0.28.0.tar.br,6.13,0.72,0.093563173
run_104_repetition_16,DONE,brotli,brotli/@esbuild__linux-ia32--linux-ia32-0.28.0.tar.br,5.6,0.67,0.087475369
run_55_repetition_19,DONE,zopfli,zopfli/@esbuild__openbsd-x64--openbsd-x64-0.28.0.tgz,7.97,0.96,0.125080063
run_79_repetition_20,DONE,zstd,zstd/@next__swc-linux-x64-gnu--swc-linux-x64-gnu-16.2.6.tar.zst,30.92,3.68,0.46481378
run_24_repetition_6,DONE,xz,xz/aws-sdk--aws-sdk-2.1693.0.tar.xz,45.97,5.51,0.719433497
run_65_repetition_17,DONE,zstd,zstd/@next__swc-linux-arm64-musl--swc-linux-arm64-musl-16.2.6.tar.zst,29.39,3.48,0.44126183
run_7_repetition_4,DONE,npm,npm/@next__swc-linux-arm64-gnu--swc-linux-arm64-gnu-16.2.6.tgz,71.12,8.46,1.100846919
run_82_repetition_1,DONE,zstd,zstd/@next__swc-darwin-arm64--swc-darwin-arm64-16.2.6.tar.zst,28.07,3.34,0.420215036
run_79_repetition_23,DONE,zstd,zstd/@next__swc-linux-x64-gnu--swc-linux-x64-gnu-16.2.6.tar.zst,31.5,3.72,0.473187569
run_47_repetition_26,DONE,zopfli,zopfli/next--next-16.2.6.tgz,81.64,9.8,1.280532121
run_99_repetition_25,DONE,brotli,brotli/@next__swc-win32-ia32-msvc--swc-win32-ia32-msvc-14.2.16.tar.br,30.34,3.64,0.471620474
run_11_repetition_5,DONE,npm,npm/@esbuild__netbsd-x64--netbsd-x64-0.28.0.tgz,7.67,0.93,0.119666603
run_88_repetition_23,DONE,brotli,brotli/@next__swc-linux-x64-gnu--swc-linux-x64-gnu-16.2.6.tar.br,44.57,5.37,0.684148878
run_45_repetition_8,DONE,zopfli,zopfli/@next__swc-win32-ia32-msvc--swc-win32-ia32-msvc-14.2.16.tgz,54.85,6.66,0.859546989
run_66_repetition_10,DONE,zstd,zstd/@esbuild__openbsd-x64--openbsd-x64-0.28.0.tar.zst,3.19,0.38,0.048135201
run_59_repetition_5,DONE,zopfli,zopfli/typescript--typescript-6.0.3.tgz,11.31,1.37,0.177596447
run_43_repetition_0,DONE,zopfli,zopfli/@next__swc-win32-arm64-msvc--swc-win32-arm64-msvc-16.2.6.tgz,65.31,7.95,1.023731438
run_90_repetition_21,DONE,brotli,brotli/@esbuild__netbsd-x64--netbsd-x64-0.28.0.tar.br,6.07,0.73,0.093985985
run_94_repetition_17,DONE,brotli,brotli/@next__swc-win32-x64-msvc--swc-win32-x64-msvc-16.2.6.tar.br,45.09,5.47,0.696020692
run_31_repetition_18,DONE,xz,xz/@esbuild__openbsd-x64--openbsd-x64-0.28.0.tar.xz,23.12,2.78,0.360912647
run_0_repetition_19,DONE,npm,npm/@next__swc-darwin-arm64--swc-darwin-arm64-16.2.6.tgz,67.92,8.15,1.053393035
run_57_repetition_24,DONE,zopfli,zopfli/@esbuild__linux-x64--linux-x64-0.28.0.tgz,8.06,0.98,0.125835686
run_45_repetition_25,DONE,zopfli,zopfli/@next__swc-win32-ia32-msvc--swc-win32-ia32-msvc-14.2.16.tgz,54.67,6.55,0.858884774
run_99_repetition_9,DONE,brotli,brotli/@next__swc-win32-ia32-msvc--swc-win32-ia32-msvc-14.2.16.tar.br,30.26,3.65,0.470484822
run_23_repetition_26,DONE,xz,xz/@next__swc-darwin-x64--swc-darwin-x64-16.2.6.tar.xz,165.19,19.64,2.58686944
run_37_repetition_3,DONE,xz,xz/@next__swc-linux-x64-musl--swc-linux-x64-musl-16.2.6.tar.xz,178.78,21.39,2.794345938
run_36_repetition_9,DONE,xz,xz/@esbuild__win32-x64--win32-x64-0.28.0.tar.xz,23.54,2.8,0.363493761
run_7_repetition_5,DONE,npm,npm/@next__swc-linux-arm64-gnu--swc-linux-arm64-gnu-16.2.6.tgz,70.85,8.49,1.103889022
run_16_repetition_27,DONE,npm,npm/@esbuild__linux-x64--linux-x64-0.28.0.tgz,7.76,0.93,0.12065936
run_25_repetition_20,DONE,xz,xz/@next__swc-win32-ia32-msvc--swc-win32-ia32-msvc-14.2.16.tar.xz,116.27,13.9,1.821270638
run_12_repetition_5,DONE,npm,npm/@next__swc-linux-arm64-musl--swc-linux-arm64-musl-16.2.6.tgz,70.07,8.43,1.094267428
run_69_repetition_9,DONE,zstd,zstd/@next__swc-linux-x64-musl--swc-linux-x64-musl-16.2.6.tar.zst,31.53,3.73,0.473973122
run_36_repetition_7,DONE,xz,xz/@esbuild__win32-x64--win32-x64-0.28.0.tar.xz,23.19,2.76,0.363841206
run_23_repetition_14,DONE,xz,xz/@next__swc-darwin-x64--swc-darwin-x64-16.2.6.tar.xz,165.53,19.81,2.589298417
run_83_repetition_10,DONE,zstd,zstd/@esbuild__sunos-x64--sunos-x64-0.28.0.tar.zst,3.17,0.38,0.048122674
run_86_repetition_27,DONE,brotli,brotli/@next__swc-darwin-x64--swc-darwin-x64-16.2.6.tar.br,41.03,4.97,0.638824427
run_94_repetition_19,DONE,brotli,brotli/@next__swc-win32-x64-msvc--swc-win32-x64-msvc-16.2.6.tar.br,44.91,5.42,0.69770273
run_44_repetition_2,DONE,zopfli,zopfli/@esbuild__win32-ia32--win32-ia32-0.28.0.tgz,7.81,0.93,0.122430653
run_15_repetition_13,DONE,npm,npm/@next__swc-win32-x64-msvc--swc-win32-x64-msvc-16.2.6.tgz,76.01,9.05,1.18307973
run_23_repetition_8,DONE,xz,xz/@next__swc-darwin-x64--swc-darwin-x64-16.2.6.tar.xz,165.26,19.73,2.589073891
run_34_repetition_20,DONE,xz,xz/@esbuild__freebsd-x64--freebsd-x64-0.28.0.tar.xz,23.14,2.74,0.361734661
run_50_repetition_1,DONE,zopfli,zopfli/@next__swc-linux-x64-musl--swc-linux-x64-musl-16.2.6.tgz,78.21,9.44,1.230868313
run_80_repetition_14,DONE,zstd,zstd/@next__swc-win32-arm64-msvc--swc-win32-arm64-msvc-16.2.6.tar.zst,26.46,3.1,0.397321605
run_80_repetition_0,DONE,zstd,zstd/@next__swc-win32-arm64-msvc--swc-win32-arm64-msvc-16.2.6.tar.zst,26.84,3.16,0.402858624
run_102_repetition_17,DONE,brotli,brotli/@esbuild__linux-riscv64--linux-riscv64-0.28.0.tar.br,5.7,0.68,0.08973004
run_69_repetition_7,DONE,zstd,zstd/@next__swc-linux-x64-musl--swc-linux-x64-musl-16.2.6.tar.zst,30.8,3.67,0.464359656
run_101_repetition_20,DONE,brotli,brotli/@next__swc-linux-arm64-musl--swc-linux-arm64-musl-16.2.6.tar.br,40.16,4.85,0.627822111
run_95_repetition_18,DONE,brotli,brotli/@esbuild__win32-ia32--win32-ia32-0.28.0.tar.br,5.83,0.69,0.091473769
run_43_repetition_26,DONE,zopfli,zopfli/@next__swc-win32-arm64-msvc--swc-win32-arm64-msvc-16.2.6.tgz,64.87,7.8,1.023497151
run_67_repetition_16,DONE,zstd,zstd/@next__swc-darwin-x64--swc-darwin-x64-16.2.6.tar.zst,28.62,3.4,0.429552938
run_44_repetition_18,DONE,zopfli,zopfli/@esbuild__win32-ia32--win32-ia32-0.28.0.tgz,7.75,0.93,0.12213027
run_57_repetition_17,DONE,zopfli,zopfli/@esbuild__linux-x64--linux-x64-0.28.0.tgz,7.99,0.96,0.125792887
run_71_repetition_6,DONE,zstd,zstd/aws-sdk--aws-sdk-2.1693.0.tar.zst,14.55,1.73,0.215508686
run_102_repetition_11,DONE,brotli,brotli/@esbuild__linux-riscv64--linux-riscv64-0.28.0.tar.br,5.66,0.67,0.088397884
run_68_repetition_9,DONE,zstd,zstd/@next__swc-win32-ia32-msvc--swc-win32-ia32-msvc-14.2.16.tar.zst,21.52,2.56,0.322246913
run_104_repetition_7,DONE,brotli,brotli/@esbuild__linux-ia32--linux-ia32-0.28.0.tar.br,5.61,0.67,0.087753915
run_24_repetition_20,DONE,xz,xz/aws-sdk--aws-sdk-2.1693.0.tar.xz,46.01,5.47,0.720136056
run_42_repetition_27,DONE,zopfli,zopfli/@next__swc-darwin-arm64--swc-darwin-arm64-16.2.6.tgz,71.37,8.53,1.118929689
run_96_repetition_14,DONE,brotli,brotli/@next__swc-win32-arm64-msvc--swc-win32-arm64-msvc-16.2.6.tar.br,35.74,4.27,0.55529329
run_86_repetition_11,DONE,brotli,brotli/@next__swc-darwin-x64--swc-darwin-x64-16.2.6.tar.br,41.02,4.93,0.638362359
run_69_repetition_22,DONE,zstd,zstd/@next__swc-linux-x64-musl--swc-linux-x64-musl-16.2.6.tar.zst,30.93,3.69,0.464502272
run_34_repetition_6,DONE,xz,xz/@esbuild__freebsd-x64--freebsd-x64-0.28.0.tar.xz,23.25,2.76,0.361420951
run_10_repetition_9,DONE,npm,npm/@next__swc-linux-x64-gnu--swc-linux-x64-gnu-16.2.6.tgz,75.09,9.01,1.171106274
run_81_repetition_27,DONE,zstd,zstd/@next__swc-win32-x64-msvc--swc-win32-x64-msvc-16.2.6.tar.zst,32.42,3.87,0.486914752
run_85_repetition_16,DONE,brotli,brotli/@next__swc-linux-arm64-gnu--swc-linux-arm64-gnu-16.2.6.tar.br,40.6,4.87,0.631241065
run_70_repetition_20,DONE,zstd,zstd/@esbuild__win32-x64--win32-x64-0.28.0.tar.zst,3.25,0.38,0.048994007
run_50_repetition_11,DONE,zopfli,zopfli/@next__swc-linux-x64-musl--swc-linux-x64-musl-16.2.6.tgz,78.34,9.36,1.230785148
run_15_repetition_28,DONE,npm,npm/@next__swc-win32-x64-msvc--swc-win32-x64-msvc-16.2.6.tgz,75.92,9.1,1.183454767
run_13_repetition_8,DONE,npm,npm/@esbuild__win32-x64--win32-x64-0.28.0.tgz,7.88,0.96,0.122506594
run_20_repetition_16,DONE,npm,npm/aws-sdk--aws-sdk-2.1693.0.tgz,37.82,4.53,0.58442326
run_1_repetition_22,DONE,npm,npm/@next__swc-win32-arm64-msvc--swc-win32-arm64-msvc-16.2.6.tgz,61.58,7.44,0.959439658
run_56_repetition_23,DONE,zopfli,zopfli/@next__swc-win32-x64-msvc--swc-win32-x64-msvc-16.2.6.tgz,80.03,9.62,1.256425678
run_57_repetition_22,DONE,zopfli,zopfli/@esbuild__linux-x64--linux-x64-0.28.0.tgz,8.04,0.96,0.126028286
run_60_repetition_22,DONE,zopfli,zopfli/@esbuild__linux-s390x--linux-s390x-0.28.0.tgz,7.88,0.94,0.123237981
run_10_repetition_16,DONE,npm,npm/@next__swc-linux-x64-gnu--swc-linux-x64-gnu-16.2.6.tgz,74.89,8.99,1.169059342
run_9_repetition_7,DONE,npm,npm/@next__swc-linux-x64-musl--swc-linux-x64-musl-16.2.6.tgz,75.56,9.03,1.171885058
run_54_repetition_15,DONE,zopfli,zopfli/@esbuild__win32-x64--win32-x64-0.28.0.tgz,8.17,0.98,0.127867461
run_17_repetition_15,DONE,npm,npm/@esbuild__darwin-x64--darwin-x64-0.28.0.tgz,7.9,0.93,0.122434124
run_66_repetition_7,DONE,zstd,zstd/@esbuild__openbsd-x64--openbsd-x64-0.28.0.tar.zst,3.22,0.38,0.048082666
run_55_repetition_16,DONE,zopfli,zopfli/@esbuild__openbsd-x64--openbsd-x64-0.28.0.tgz,8.0,0.96,0.124920545
run_73_repetition_0,DONE,zstd,zstd/@next__swc-linux-arm64-gnu--swc-linux-arm64-gnu-16.2.6.tar.zst,30.37,3.59,0.455565837
run_62_repetition_11,DONE,zopfli,zopfli/aws-sdk--aws-sdk-2.1693.0.tgz,38.52,4.57,0.604742924
run_50_repetition_2,DONE,zopfli,zopfli/@next__swc-linux-x64-musl--swc-linux-x64-musl-16.2.6.tgz,78.49,9.4,1.231736376
run_50_repetition_25,DONE,zopfli,zopfli/@next__swc-linux-x64-musl--swc-linux-x64-musl-16.2.6.tgz,78.85,9.45,1.231046117
run_103_repetition_8,DONE,brotli,brotli/@esbuild__sunos-x64--sunos-x64-0.28.0.tar.br,5.99,0.71,0.092724881
run_42_repetition_7,DONE,zopfli,zopfli/@next__swc-darwin-arm64--swc-darwin-arm64-16.2.6.tgz,75.26,8.71,1.131256074
run_66_repetition_3,DONE,zstd,zstd/@esbuild__openbsd-x64--openbsd-x64-0.28.0.tar.zst,3.2,0.37,0.048375873
run_52_repetition_23,DONE,zopfli,zopfli/@esbuild__netbsd-x64--netbsd-x64-0.28.0.tgz,7.97,0.95,0.124997368
run_32_repetition_7,DONE,xz,xz/@next__swc-linux-x64-gnu--swc-linux-x64-gnu-16.2.6.tar.xz,178.39,21.19,2.795673532
run_54_repetition_11,DONE,zopfli,zopfli/@esbuild__win32-x64--win32-x64-0.28.0.tgz,8.14,0.98,0.127953653
run_45_repetition_16,DONE,zopfli,zopfli/@next__swc-win32-ia32-msvc--swc-win32-ia32-msvc-14.2.16.tgz,55.17,6.62,0.858868773
run_84_repetition_21,DONE,brotli,brotli/@esbuild__win32-x64--win32-x64-0.28.0.tar.br,6.09,0.73,0.094649703
run_98_repetition_16,DONE,brotli,brotli/@next__swc-linux-x64-musl--swc-linux-x64-musl-16.2.6.tar.br,44.03,5.33,0.683232573
run_9_repetition_21,DONE,npm,npm/@next__swc-linux-x64-musl--swc-linux-x64-musl-16.2.6.tgz,75.59,9.01,1.170721418
run_31_repetition_29,DONE,xz,xz/@esbuild__openbsd-x64--openbsd-x64-0.28.0.tar.xz,23.43,2.76,0.360469632
run_40_repetition_2,DONE,xz,xz/@next__swc-win32-arm64-msvc--swc-win32-arm64-msvc-16.2.6.tar.xz,134.08,15.93,2.102160684
run_80_repetition_9,DONE,zstd,zstd/@next__swc-win32-arm64-msvc--swc-win32-arm64-msvc-16.2.6.tar.zst,26.46,3.13,0.397691453
run_37_repetition_2,DONE,xz,xz/@next__swc-linux-x64-musl--swc-linux-x64-musl-16.2.6.tar.xz,178.14,21.12,2.797703019
run_90_repetition_24,DONE,brotli,brotli/@esbuild__netbsd-x64--netbsd-x64-0.28.0.tar.br,5.96,0.7,0.092706082
run_53_repetition_29,DONE,zopfli,zopfli/@next__swc-linux-arm64-musl--swc-linux-arm64-musl-16.2.6.tgz,73.96,8.83,1.16430521
run_91_repetition_14,DONE,brotli,brotli/aws-sdk--aws-sdk-2.1693.0.tar.br,13.05,1.6,0.200865881
run_95_repetition_22,DONE,brotli,brotli/@esbuild__win32-ia32--win32-ia32-0.28.0.tar.br,5.88,0.7,0.091724681
run_76_repetition_15,DONE,zstd,zstd/@esbuild__linux-riscv64--linux-riscv64-0.28.0.tar.zst,2.93,0.34,0.043950415
run_9_repetition_10,DONE,npm,npm/@next__swc-linux-x64-musl--swc-linux-x64-musl-16.2.6.tgz,74.96,8.94,1.169947653
run_83_repetition_9,DONE,zstd,zstd/@esbuild__sunos-x64--sunos-x64-0.28.0.tar.zst,3.16,0.38,0.048202541
run_102_repetition_16,DONE,brotli,brotli/@esbuild__linux-riscv64--linux-riscv64-0.28.0.tar.br,5.68,0.68,0.088650203
run_73_repetition_21,DONE,zstd,zstd/@next__swc-linux-arm64-gnu--swc-linux-arm64-gnu-16.2.6.tar.zst,29.96,3.63,0.447104931
run_43_repetition_18,DONE,zopfli,zopfli/@next__swc-win32-arm64-msvc--swc-win32-arm64-msvc-16.2.6.tgz,65.11,7.8,1.023069383
run_25_repetition_16,DONE,xz,xz/@next__swc-win32-ia32-msvc--swc-win32-ia32-msvc-14.2.16.tar.xz,115.94,13.82,1.820766198
run_3_repetition_23,DONE,npm,npm/@next__swc-win32-ia32-msvc--swc-win32-ia32-msvc-14.2.16.tgz,52.19,6.25,0.814709956
run_77_repetition_12,DONE,zstd,zstd/@esbuild__linux-s390x--linux-s390x-0.28.0.tar.zst,3.17,0.37,0.04837715
run_63_repetition_23,DONE,zstd,zstd/next--next-16.2.6.tar.zst,20.69,2.49,0.304310451
run_81_repetition_28,DONE,zstd,zstd/@next__swc-win32-x64-msvc--swc-win32-x64-msvc-16.2.6.tar.zst,32.79,3.86,0.493841202
run_27_repetition_1,DONE,xz,xz/@next__swc-win32-x64-msvc--swc-win32-x64-msvc-16.2.6.tar.xz,174.22,20.68,2.728932038
run_39_repetition_11,DONE,xz,xz/@esbuild__sunos-x64--sunos-x64-0.28.0.tar.xz,23.02,2.74,0.360478811
run_93_repetition_14,DONE,brotli,brotli/@esbuild__linux-x64--linux-x64-0.28.0.tar.br,6.04,0.71,0.093665608
run_78_repetition_24,DONE,zstd,zstd/@esbuild__netbsd-x64--netbsd-x64-0.28.0.tar.zst,3.19,0.37,0.048180679
run_56_repetition_21,DONE,zopfli,zopfli/@next__swc-win32-x64-msvc--swc-win32-x64-msvc-16.2.6.tgz,80.44,9.56,1.256960852
run_44_repetition_27,DONE,zopfli,zopfli/@esbuild__win32-ia32--win32-ia32-0.28.0.tgz,7.82,0.93,0.122457318
run_78_repetition_10,DONE,zstd,zstd/@esbuild__netbsd-x64--netbsd-x64-0.28.0.tar.zst,3.19,0.37,0.048026447
run_30_repetition_1,DONE,xz,xz/next--next-16.2.6.tar.xz,73.7,8.81,1.144421522
run_82_repetition_5,DONE,zstd,zstd/@next__swc-darwin-arm64--swc-darwin-arm64-16.2.6.tar.zst,28.63,3.39,0.429178778
run_49_repetition_3,DONE,zopfli,zopfli/@esbuild__sunos-x64--sunos-x64-0.28.0.tgz,7.99,0.94,0.125083236
run_52_repetition_19,DONE,zopfli,zopfli/@esbuild__netbsd-x64--netbsd-x64-0.28.0.tgz,8.02,0.96,0.125119796
run_70_repetition_12,DONE,zstd,zstd/@esbuild__win32-x64--win32-x64-0.28.0.tar.zst,3.3,0.39,0.049452501
run_41_repetition_7,DONE,xz,xz/@esbuild__darwin-x64--darwin-x64-0.28.0.tar.xz,23.51,2.83,0.368169397
run_89_repetition_1,DONE,brotli,brotli/@esbuild__darwin-x64--darwin-x64-0.28.0.tar.br,6.14,0.74,0.096220807
run_8_repetition_7,DONE,npm,npm/@esbuild__sunos-x64--sunos-x64-0.28.0.tgz,7.7,0.92,0.119955344
run_0_repetition_26,DONE,npm,npm/@next__swc-darwin-arm64--swc-darwin-arm64-16.2.6.tgz,69.59,8.28,1.085123482
run_13_repetition_2,DONE,npm,npm/@esbuild__win32-x64--win32-x64-0.28.0.tgz,7.89,0.95,0.123073428
run_81_repetition_25,DONE,zstd,zstd/@next__swc-win32-x64-msvc--swc-win32-x64-msvc-16.2.6.tar.zst,32.41,3.85,0.48656501
run_0_repetition_3,DONE,npm,npm/@next__swc-darwin-arm64--swc-darwin-arm64-16.2.6.tgz,67.64,8.02,1.052925395
run_47_repetition_15,DONE,zopfli,zopfli/next--next-16.2.6.tgz,81.73,9.72,1.281073346
run_0_repetition_24,DONE,npm,npm/@next__swc-darwin-arm64--swc-darwin-arm64-16.2.6.tgz,67.65,7.96,1.05308341
run_42_repetition_5,DONE,zopfli,zopfli/@next__swc-darwin-arm64--swc-darwin-arm64-16.2.6.tgz,71.41,8.58,1.118518678
run_102_repetition_7,DONE,brotli,brotli/@esbuild__linux-riscv64--linux-riscv64-0.28.0.tar.br,5.7,0.68,0.089007034
run_38_repetition_29,DONE,xz,xz/@esbuild__linux-ia32--linux-ia32-0.28.0.tar.xz,21.61,2.59,0.337977335
run_74_repetition_7,DONE,zstd,zstd/@esbuild__darwin-x64--darwin-x64-0.28.0.tar.zst,3.3,0.39,0.049746741
run_96_repetition_4,DONE,brotli,brotli/@next__swc-win32-arm64-msvc--swc-win32-arm64-msvc-16.2.6.tar.br,35.84,4.29,0.556352482
run_77_repetition_29,DONE,zstd,zstd/@esbuild__linux-s390x--linux-s390x-0.28.0.tar.zst,3.21,0.37,0.048374799
run_79_repetition_16,DONE,zstd,zstd/@next__swc-linux-x64-gnu--swc-linux-x64-gnu-16.2.6.tar.zst,31.14,3.71,0.465890785
run_70_repetition_23,DONE,zstd,zstd/@esbuild__win32-x64--win32-x64-0.28.0.tar.zst,3.3,0.39,0.049352165
run_93_repetition_18,DONE,brotli,brotli/@esbuild__linux-x64--linux-x64-0.28.0.tar.br,6.0,0.72,0.093592616
run_38_repetition_14,DONE,xz,xz/@esbuild__linux-ia32--linux-ia32-0.28.0.tar.xz,21.63,2.6,0.338193722
run_63_repetition_6,DONE,zstd,zstd/next--next-16.2.6.tar.zst,20.51,2.45,0.29961227
run_52_repetition_11,DONE,zopfli,zopfli/@esbuild__netbsd-x64--netbsd-x64-0.28.0.tgz,8.03,0.97,0.125449084
run_53_repetition_13,DONE,zopfli,zopfli/@next__swc-linux-arm64-musl--swc-linux-arm64-musl-16.2.6.tgz,74.51,8.86,1.164547711
run_21_repetition_22,DONE,xz,xz/@esbuild__win32-ia32--win32-ia32-0.28.0.tar.xz,22.8,2.7,0.356975417
run_14_repetition_25,DONE,npm,npm/@esbuild__openbsd-x64--openbsd-x64-0.28.0.tgz,7.7,0.92,0.119647954
run_26_repetition_2,DONE,xz,xz/@esbuild__linux-riscv64--linux-riscv64-0.28.0.tar.xz,21.62,2.58,0.337929994
run_103_repetition_10,DONE,brotli,brotli/@esbuild__sunos-x64--sunos-x64-0.28.0.tar.br,5.97,0.71,0.09296152
run_1_repetition_1,DONE,npm,npm/@next__swc-win32-arm64-msvc--swc-win32-arm64-msvc-16.2.6.tgz,61.52,7.36,0.959277598
run_82_repetition_20,DONE,zstd,zstd/@next__swc-darwin-arm64--swc-darwin-arm64-16.2.6.tar.zst,28.06,3.32,0.420151773
run_84_repetition_6,DONE,brotli,brotli/@esbuild__win32-x64--win32-x64-0.28.0.tar.br,6.14,0.75,0.095897233
run_50_repetition_17,DONE,zopfli,zopfli/@next__swc-linux-x64-musl--swc-linux-x64-musl-16.2.6.tgz,78.69,9.49,1.232527961
run_60_repetition_12,DONE,zopfli,zopfli/@esbuild__linux-s390x--linux-s390x-0.28.0.tgz,7.96,0.96,0.124142765
run_7_repetition_10,DONE,npm,npm/@next__swc-linux-arm64-gnu--swc-linux-arm64-gnu-16.2.6.tgz,70.47,8.52,1.101696899
run_27_repetition_15,DONE,xz,xz/@next__swc-win32-x64-msvc--swc-win32-x64-msvc-16.2.6.tar.xz,174.48,20.78,2.733701197
run_68_repetition_14,DONE,zstd,zstd/@next__swc-win32-ia32-msvc--swc-win32-ia32-msvc-14.2.16.tar.zst,21.49,2.57,0.323035073
run_103_repetition_28,DONE,brotli,brotli/@esbuild__sunos-x64--sunos-x64-0.28.0.tar.br,5.99,0.73,0.093434593
run_30_repetition_0,DONE,xz,xz/next--next-16.2.6.tar.xz,73.12,8.79,1.143615799
run_71_repetition_0,DONE,zstd,zstd/aws-sdk--aws-sdk-2.1693.0.tar.zst,14.8,1.78,0.216417245
run_34_repetition_5,DONE,xz,xz/@esbuild__freebsd-x64--freebsd-x64-0.28.0.tar.xz,23.15,2.75,0.361583865
run_22_repetition_4,DONE,xz,xz/@next__swc-linux-arm64-musl--swc-linux-arm64-musl-16.2.6.tar.xz,154.37,18.57,2.419815138
run_47_repetition_8,DONE,zopfli,zopfli/next--next-16.2.6.tgz,81.28,9.84,1.280390317
run_6_repetition_1,DONE,npm,npm/next--next-16.2.6.tgz,80.06,9.74,1.239905066
run_39_repetition_8,DONE,xz,xz/@esbuild__sunos-x64--sunos-x64-0.28.0.tar.xz,23.03,2.75,0.360615725
run_3_repetition_18,DONE,npm,npm/@next__swc-win32-ia32-msvc--swc-win32-ia32-msvc-14.2.16.tgz,52.14,6.37,0.814826189
run_88_repetition_24,DONE,brotli,brotli/@next__swc-linux-x64-gnu--swc-linux-x64-gnu-16.2.6.tar.br,43.76,5.34,0.682568732
run_13_repetition_20,DONE,npm,npm/@esbuild__win32-x64--win32-x64-0.28.0.tgz,7.88,0.95,0.123004429
run_17_repetition_0,DONE,npm,npm/@esbuild__darwin-x64--darwin-x64-0.28.0.tgz,7.89,0.94,0.122840248
run_65_repetition_23,DONE,zstd,zstd/@next__swc-linux-arm64-musl--swc-linux-arm64-musl-16.2.6.tar.zst,29.46,3.5,0.443129319
run_51_repetition_5,DONE,zopfli,zopfli/@next__swc-linux-x64-gnu--swc-linux-x64-gnu-16.2.6.tgz,78.08,9.48,1.230378133
run_23_repetition_22,DONE,xz,xz/@next__swc-darwin-x64--swc-darwin-x64-16.2.6.tar.xz,165.27,19.82,2.592980813
run_9_repetition_2,DONE,npm,npm/@next__swc-linux-x64-musl--swc-linux-x64-musl-16.2.6.tgz,74.72,8.95,1.169378043
run_15_repetition_18,DONE,npm,npm/@next__swc-win32-x64-msvc--swc-win32-x64-msvc-16.2.6.tgz,75.79,9.17,1.181840538
run_71_repetition_26,DONE,zstd,zstd/aws-sdk--aws-sdk-2.1693.0.tar.zst,14.97,1.79,0.221282441
run_92_repetition_5,DONE,brotli,brotli/@next__swc-darwin-arm64--swc-darwin-arm64-16.2.6.tar.br,38.65,4.74,0.604119866
run_98_repetition_22,DONE,brotli,brotli/@next__swc-linux-x64-musl--swc-linux-x64-musl-16.2.6.tar.br,43.7,5.29,0.682672428
run_10_repetition_0,DONE,npm,npm/@next__swc-linux-x64-gnu--swc-linux-x64-gnu-16.2.6.tgz,74.73,9.04,1.17007658
run_73_repetition_19,DONE,zstd,zstd/@next__swc-linux-arm64-gnu--swc-linux-arm64-gnu-16.2.6.tar.zst,29.44,3.49,0.444747625
run_45_repetition_2,DONE,zopfli,zopfli/@next__swc-win32-ia32-msvc--swc-win32-ia32-msvc-14.2.16.tgz,54.65,6.57,0.859253375
run_69_repetition_13,DONE,zstd,zstd/@next__swc-linux-x64-musl--swc-linux-x64-musl-16.2.6.tar.zst,31.0,3.69,0.464873459
run_36_repetition_23,DONE,xz,xz/@esbuild__win32-x64--win32-x64-0.28.0.tar.xz,23.19,2.78,0.363477573
run_100_repetition_15,DONE,brotli,brotli/@esbuild__openbsd-x64--openbsd-x64-0.28.0.tar.br,5.94,0.71,0.092604563
run_21_repetition_12,DONE,xz,xz/@esbuild__win32-ia32--win32-ia32-0.28.0.tar.xz,22.81,2.69,0.357203919
run_4_repetition_6,DONE,npm,npm/@next__swc-darwin-x64--swc-darwin-x64-16.2.6.tgz,70.45,8.41,1.100491901
run_88_repetition_25,DONE,brotli,brotli/@next__swc-linux-x64-gnu--swc-linux-x64-gnu-16.2.6.tar.br,43.94,5.25,0.684379509
run_2_repetition_13,DONE,npm,npm/@esbuild__win32-ia32--win32-ia32-0.28.0.tgz,7.57,0.89,0.117667838
run_101_repetition_4,DONE,brotli,brotli/@next__swc-linux-arm64-musl--swc-linux-arm64-musl-16.2.6.tar.br,40.5,4.85,0.630685352
run_47_repetition_24,DONE,zopfli,zopfli/next--next-16.2.6.tgz,82.07,9.73,1.281745776
run_3_repetition_10,DONE,npm,npm/@next__swc-win32-ia32-msvc--swc-win32-ia32-msvc-14.2.16.tgz,52.31,6.17,0.815529322
run_68_repetition_3,DONE,zstd,zstd/@next__swc-win32-ia32-msvc--swc-win32-ia32-msvc-14.2.16.tar.zst,21.7,2.56,0.324701771
run_19_repetition_16,DONE,npm,npm/@esbuild__freebsd-x64--freebsd-x64-0.28.0.tgz,7.72,0.91,0.11972288
run_98_repetition_27,DONE,brotli,brotli/@next__swc-linux-x64-musl--swc-linux-x64-musl-16.2.6.tar.br,44.01,5.25,0.683473535
run_5_repetition_5,DONE,npm,npm/@esbuild__aix-ppc64--aix-ppc64-0.28.0.tgz,7.97,0.95,0.123767776
run_29_repetition_8,DONE,xz,xz/@esbuild__netbsd-x64--netbsd-x64-0.28.0.tar.xz,23.15,2.77,0.360105246
run_48_repetition_9,DONE,zopfli,zopfli/@next__swc-linux-arm64-gnu--swc-linux-arm64-gnu-16.2.6.tgz,74.34,8.95,1.169072245
run_37_repetition_22,DONE,xz,xz/@next__swc-linux-x64-musl--swc-linux-x64-musl-16.2.6.tar.xz,178.28,21.36,2.795426695
run_72_repetition_11,DONE,zstd,zstd/@esbuild__win32-ia32--win32-ia32-0.28.0.tar.zst,3.24,0.38,0.048323449
run_104_repetition_23,DONE,brotli,brotli/@esbuild__linux-ia32--linux-ia32-0.28.0.tar.br,5.67,0.69,0.088088742
run_57_repetition_26,DONE,zopfli,zopfli/@esbuild__linux-x64--linux-x64-0.28.0.tgz,8.04,0.97,0.125976104
run_78_repetition_18,DONE,zstd,zstd/@esbuild__netbsd-x64--netbsd-x64-0.28.0.tar.zst,3.24,0.38,0.048542589
run_51_repetition_19,DONE,zopfli,zopfli/@next__swc-linux-x64-gnu--swc-linux-x64-gnu-16.2.6.tgz,78.16,9.34,1.230063771
run_13_repetition_23,DONE,npm,npm/@esbuild__win32-x64--win32-x64-0.28.0.tgz,7.95,0.95,0.123612252
run_49_repetition_14,DONE,zopfli,zopfli/@esbuild__sunos-x64--sunos-x64-0.28.0.tgz,7.97,0.96,0.125270751
run_30_repetition_21,DONE,xz,xz/next--next-16.2.6.tar.xz,73.02,8.76,1.14361834
run_50_repetition_21,DONE,zopfli,zopfli/@next__swc-linux-x64-musl--swc-linux-x64-musl-16.2.6.tgz,78.49,9.47,1.231359481
run_93_repetition_13,DONE,brotli,brotli/@esbuild__linux-x64--linux-x64-0.28.0.tar.br,6.06,0.73,0.094237821
run_38_repetition_23,DONE,xz,xz/@esbuild__linux-ia32--linux-ia32-0.28.0.tar.xz,21.54,2.56,0.33711312
run_13_repetition_1,DONE,npm,npm/@esbuild__win32-x64--win32-x64-0.28.0.tgz,7.89,0.95,0.122984957
run_64_repetition_13,DONE,zstd,zstd/@esbuild__linux-x64--linux-x64-0.28.0.tar.zst,3.26,0.38,0.048456009
run_53_repetition_1,DONE,zopfli,zopfli/@next__swc-linux-arm64-musl--swc-linux-arm64-musl-16.2.6.tgz,73.99,9.02,1.163208417
run_71_repetition_16,DONE,zstd,zstd/aws-sdk--aws-sdk-2.1693.0.tar.zst,14.6,1.72,0.214885511
run_63_repetition_7,DONE,zstd,zstd/next--next-16.2.6.tar.zst,20.6,2.49,0.302351294
run_59_repetition_26,DONE,zopfli,zopfli/typescript--typescript-6.0.3.tgz,11.32,1.35,0.177726097
run_37_repetition_18,DONE,xz,xz/@next__swc-linux-x64-musl--swc-linux-x64-musl-16.2.6.tar.xz,178.35,21.08,2.796815117
run_89_repetition_14,DONE,brotli,brotli/@esbuild__darwin-x64--darwin-x64-0.28.0.tar.br,6.09,0.74,0.095135313
run_18_repetition_28,DONE,npm,npm/@esbuild__linux-s390x--linux-s390x-0.28.0.tgz,7.77,0.94,0.121006553
run_70_repetition_7,DONE,zstd,zstd/@esbuild__win32-x64--win32-x64-0.28.0.tar.zst,3.26,0.38,0.049317079
run_61_repetition_5,DONE,zopfli,zopfli/@esbuild__freebsd-x64--freebsd-x64-0.28.0.tgz,7.97,0.95,0.125516664
run_84_repetition_20,DONE,brotli,brotli/@esbuild__win32-x64--win32-x64-0.28.0.tar.br,6.13,0.73,0.095148678
run_55_repetition_10,DONE,zopfli,zopfli/@esbuild__openbsd-x64--openbsd-x64-0.28.0.tgz,7.97,0.95,0.12537879
run_15_repetition_20,DONE,npm,npm/@next__swc-win32-x64-msvc--swc-win32-x64-msvc-16.2.6.tgz,75.79,9.04,1.183397368
run_10_repetition_11,DONE,npm,npm/@next__swc-linux-x64-gnu--swc-linux-x64-gnu-16.2.6.tgz,74.81,8.84,1.166773627
run_2_repetition_2,DONE,npm,npm/@esbuild__win32-ia32--win32-ia32-0.28.0.tgz,7.55,0.89,0.117492994
run_48_repetition_17,DONE,zopfli,zopfli/@next__swc-linux-arm64-gnu--swc-linux-arm64-gnu-16.2.6.tgz,74.79,8.96,1.175178163
run_91_repetition_22,DONE,brotli,brotli/aws-sdk--aws-sdk-2.1693.0.tar.br,13.28,1.63,0.202794384
run_79_repetition_25,DONE,zstd,zstd/@next__swc-linux-x64-gnu--swc-linux-x64-gnu-16.2.6.tar.zst,31.06,3.69,0.466077806
run_81_repetition_12,DONE,zstd,zstd/@next__swc-win32-x64-msvc--swc-win32-x64-msvc-16.2.6.tar.zst,33.01,3.91,0.495260926
run_100_repetition_17,DONE,brotli,brotli/@esbuild__openbsd-x64--openbsd-x64-0.28.0.tar.br,5.96,0.71,0.092914748
run_73_repetition_29,DONE,zstd,zstd/@next__swc-linux-arm64-gnu--swc-linux-arm64-gnu-16.2.6.tar.zst,29.78,3.55,0.447519387
run_93_repetition_24,DONE,brotli,brotli/@esbuild__linux-x64--linux-x64-0.28.0.tar.br,5.93,0.71,0.092929886
run_0_repetition_5,DONE,npm,npm/@next__swc-darwin-arm64--swc-darwin-arm64-16.2.6.tgz,67.36,8.09,1.053135715
run_84_repetition_18,DONE,brotli,brotli/@esbuild__win32-x64--win32-x64-0.28.0.tar.br,6.08,0.74,0.094791291
run_16_repetition_17,DONE,npm,npm/@esbuild__linux-x64--linux-x64-0.28.0.tgz,7.76,0.93,0.120641991
run_96_repetition_26,DONE,brotli,brotli/@next__swc-win32-arm64-msvc--swc-win32-arm64-msvc-16.2.6.tar.br,35.58,4.24,0.5543985
run_76_repetition_17,DONE,zstd,zstd/@esbuild__linux-riscv64--linux-riscv64-0.28.0.tar.zst,2.9,0.35,0.044020508
run_24_repetition_7,DONE,xz,xz/aws-sdk--aws-sdk-2.1693.0.tar.xz,45.87,5.52,0.719544403
run_80_repetition_29,DONE,zstd,zstd/@next__swc-win32-arm64-msvc--swc-win32-arm64-msvc-16.2.6.tar.zst,26.37,3.13,0.397745548
run_84_repetition_17,DONE,brotli,brotli/@esbuild__win32-x64--win32-x64-0.28.0.tar.br,6.09,0.73,0.09513862
run_53_repetition_21,DONE,zopfli,zopfli/@next__swc-linux-arm64-musl--swc-linux-arm64-musl-16.2.6.tgz,74.1,8.88,1.164817719
run_37_repetition_8,DONE,xz,xz/@next__swc-linux-x64-musl--swc-linux-x64-musl-16.2.6.tar.xz,178.54,21.35,2.79527164
run_18_repetition_3,DONE,npm,npm/@esbuild__linux-s390x--linux-s390x-0.28.0.tgz,7.75,0.93,0.120663127
run_103_repetition_19,DONE,brotli,brotli/@esbuild__sunos-x64--sunos-x64-0.28.0.tar.br,6.02,0.72,0.093445233
run_77_repetition_19,DONE,zstd,zstd/@esbuild__linux-s390x--linux-s390x-0.28.0.tar.zst,3.23,0.37,0.048403763
run_92_repetition_28,DONE,brotli,brotli/@next__swc-darwin-arm64--swc-darwin-arm64-16.2.6.tar.br,39.08,4.68,0.604399574
run_14_repetition_6,DONE,npm,npm/@esbuild__openbsd-x64--openbsd-x64-0.28.0.tgz,7.62,0.91,0.119156771
run_70_repetition_4,DONE,zstd,zstd/@esbuild__win32-x64--win32-x64-0.28.0.tar.zst,3.28,0.39,0.04976271
run_4_repetition_27,DONE,npm,npm/@next__swc-darwin-x64--swc-darwin-x64-16.2.6.tgz,70.27,8.6,1.099706095
run_69_repetition_23,DONE,zstd,zstd/@next__swc-linux-x64-musl--swc-linux-x64-musl-16.2.6.tar.zst,30.89,3.74,0.46565221
run_79_repetition_12,DONE,zstd,zstd/@next__swc-linux-x64-gnu--swc-linux-x64-gnu-16.2.6.tar.zst,30.94,3.76,0.464929919
run_90_repetition_25,DONE,brotli,brotli/@esbuild__netbsd-x64--netbsd-x64-0.28.0.tar.br,5.96,0.71,0.092844743
run_31_repetition_4,DONE,xz,xz/@esbuild__openbsd-x64--openbsd-x64-0.28.0.tar.xz,22.95,2.73,0.360333587
run_60_repetition_29,DONE,zopfli,zopfli/@esbuild__linux-s390x--linux-s390x-0.28.0.tgz,7.92,0.97,0.124067326
run_14_repetition_18,DONE,npm,npm/@esbuild__openbsd-x64--openbsd-x64-0.28.0.tgz,7.75,0.92,0.120548309
run_100_repetition_3,DONE,brotli,brotli/@esbuild__openbsd-x64--openbsd-x64-0.28.0.tar.br,5.95,0.71,0.092894998
run_98_repetition_14,DONE,brotli,brotli/@next__swc-linux-x64-musl--swc-linux-x64-musl-16.2.6.tar.br,43.65,5.31,0.682376335
run_1_repetition_27,DONE,npm,npm/@next__swc-win32-arm64-msvc--swc-win32-arm64-msvc-16.2.6.tgz,61.38,7.42,0.960534052
run_18_repetition_12,DONE,npm,npm/@esbuild__linux-s390x--linux-s390x-0.28.0.tgz,7.74,0.93,0.121047055
run_34_repetition_4,DONE,xz,xz/@esbuild__freebsd-x64--freebsd-x64-0.28.0.tar.xz,22.92,2.76,0.36086918
run_93_repetition_12,DONE,brotli,brotli/@esbuild__linux-x64--linux-x64-0.28.0.tar.br,5.95,0.72,0.093244386
run_86_repetition_26,DONE,brotli,brotli/@next__swc-darwin-x64--swc-darwin-x64-16.2.6.tar.br,41.07,4.97,0.641746194
run_73_repetition_1,DONE,zstd,zstd/@next__swc-linux-arm64-gnu--swc-linux-arm64-gnu-16.2.6.tar.zst,29.68,3.55,0.446824438
run_60_repetition_7,DONE,zopfli,zopfli/@esbuild__linux-s390x--linux-s390x-0.28.0.tgz,7.92,0.95,0.123418131
run_28_repetition_22,DONE,xz,xz/@next__swc-linux-arm64-gnu--swc-linux-arm64-gnu-16.2.6.tar.xz,156.17,18.79,2.448521534
run_17_repetition_23,DONE,npm,npm/@esbuild__darwin-x64--darwin-x64-0.28.0.tgz,7.88,0.94,0.12292983
run_36_repetition_2,DONE,xz,xz/@esbuild__win32-x64--win32-x64-0.28.0.tar.xz,23.19,2.79,0.363970915
run_0_repetition_14,DONE,npm,npm/@next__swc-darwin-arm64--swc-darwin-arm64-16.2.6.tgz,67.46,8.27,1.054389907
run_1_repetition_12,DONE,npm,npm/@next__swc-win32-arm64-msvc--swc-win32-arm64-msvc-16.2.6.tgz,61.38,7.42,0.959774828
run_42_repetition_14,DONE,zopfli,zopfli/@next__swc-darwin-arm64--swc-darwin-arm64-16.2.6.tgz,71.07,8.56,1.118561913
run_48_repetition_25,DONE,zopfli,zopfli/@next__swc-linux-arm64-gnu--swc-linux-arm64-gnu-16.2.6.tgz,74.35,9.01,1.170545004
run_29_repetition_4,DONE,xz,xz/@esbuild__netbsd-x64--netbsd-x64-0.28.0.tar.xz,22.89,2.74,0.3593928
run_60_repetition_11,DONE,zopfli,zopfli/@esbuild__linux-s390x--linux-s390x-0.28.0.tgz,7.88,0.95,0.123283618
run_57_repetition_23,DONE,zopfli,zopfli/@esbuild__linux-x64--linux-x64-0.28.0.tgz,8.04,0.96,0.125939121
run_12_repetition_14,DONE,npm,npm/@next__swc-linux-arm64-musl--swc-linux-arm64-musl-16.2.6.tgz,69.97,8.48,1.096360061
run_60_repetition_5,DONE,zopfli,zopfli/@esbuild__linux-s390x--linux-s390x-0.28.0.tgz,7.86,0.96,0.123667953
run_77_repetition_13,DONE,zstd,zstd/@esbuild__linux-s390x--linux-s390x-0.28.0.tar.zst,3.19,0.37,0.047632037
run_37_repetition_29,DONE,xz,xz/@next__swc-linux-x64-musl--swc-linux-x64-musl-16.2.6.tar.xz,178.27,21.33,2.796653706
run_54_repetition_13,DONE,zopfli,zopfli/@esbuild__win32-x64--win32-x64-0.28.0.tgz,8.14,0.97,0.127986351
run_14_repetition_12,DONE,npm,npm/@esbuild__openbsd-x64--openbsd-x64-0.28.0.tgz,7.68,0.92,0.119971838
run_102_repetition_1,DONE,brotli,brotli/@esbuild__linux-riscv64--linux-riscv64-0.28.0.tar.br,5.63,0.66,0.088670948
run_45_repetition_7,DONE,zopfli,zopfli/@next__swc-win32-ia32-msvc--swc-win32-ia32-msvc-14.2.16.tgz,54.6,6.56,0.859568881
run_91_repetition_28,DONE,brotli,brotli/aws-sdk--aws-sdk-2.1693.0.tar.br,12.94,1.59,0.199849475
run_71_repetition_21,DONE,zstd,zstd/aws-sdk--aws-sdk-2.1693.0.tar.zst,15.09,1.82,0.222392253
run_9_repetition_11,DONE,npm,npm/@next__swc-linux-x64-musl--swc-linux-x64-musl-16.2.6.tgz,74.81,9.07,1.16993078
run_7_repetition_16,DONE,npm,npm/@next__swc-linux-arm64-gnu--swc-linux-arm64-gnu-16.2.6.tgz,70.23,8.48,1.100078834
run_5_repetition_23,DONE,npm,npm/@esbuild__aix-ppc64--aix-ppc64-0.28.0.tgz,7.91,0.95,0.123794077
run_85_repetition_18,DONE,brotli,brotli/@next__swc-linux-arm64-gnu--swc-linux-arm64-gnu-16.2.6.tar.br,40.34,4.94,0.631592595
run_32_repetition_5,DONE,xz,xz/@next__swc-linux-x64-gnu--swc-linux-x64-gnu-16.2.6.tar.xz,177.88,21.42,2.793049504
run_39_repetition_6,DONE,xz,xz/@esbuild__sunos-x64--sunos-x64-0.28.0.tar.xz,22.99,2.76,0.360585699
run_13_repetition_0,DONE,npm,npm/@esbuild__win32-x64--win32-x64-0.28.0.tgz,7.89,0.95,0.123184095
run_77_repetition_5,DONE,zstd,zstd/@esbuild__linux-s390x--linux-s390x-0.28.0.tar.zst,3.25,0.39,0.04897175
run_38_repetition_28,DONE,xz,xz/@esbuild__linux-ia32--linux-ia32-0.28.0.tar.xz,21.51,2.56,0.337284416
run_34_repetition_19,DONE,xz,xz/@esbuild__freebsd-x64--freebsd-x64-0.28.0.tar.xz,23.02,2.74,0.360890042
run_29_repetition_28,DONE,xz,xz/@esbuild__netbsd-x64--netbsd-x64-0.28.0.tar.xz,22.96,2.75,0.359902582
run_25_repetition_18,DONE,xz,xz/@next__swc-win32-ia32-msvc--swc-win32-ia32-msvc-14.2.16.tar.xz,116.07,13.73,1.821803487
run_68_repetition_2,DONE,zstd,zstd/@next__swc-win32-ia32-msvc--swc-win32-ia32-msvc-14.2.16.tar.zst,21.48,2.56,0.324156393
run_77_repetition_16,DONE,zstd,zstd/@esbuild__linux-s390x--linux-s390x-0.28.0.tar.zst,3.2,0.37,0.04825237
run_55_repetition_0,DONE,zopfli,zopfli/@esbuild__openbsd-x64--openbsd-x64-0.28.0.tgz,7.97,0.97,0.125352268
run_17_repetition_13,DONE,npm,npm/@esbuild__darwin-x64--darwin-x64-0.28.0.tgz,7.86,0.94,0.123130998
run_63_repetition_19,DONE,zstd,zstd/next--next-16.2.6.tar.zst,20.93,2.56,0.308234039
run_92_repetition_12,DONE,brotli,brotli/@next__swc-darwin-arm64--swc-darwin-arm64-16.2.6.tar.br,38.72,4.73,0.603232066
run_14_repetition_7,DONE,npm,npm/@esbuild__openbsd-x64--openbsd-x64-0.28.0.tgz,7.72,0.93,0.119616614
run_63_repetition_18,DONE,zstd,zstd/next--next-16.2.6.tar.zst,20.68,2.51,0.30394744
run_18_repetition_21,DONE,npm,npm/@esbuild__linux-s390x--linux-s390x-0.28.0.tgz,7.75,0.94,0.121073987
run_48_repetition_7,DONE,zopfli,zopfli/@next__swc-linux-arm64-gnu--swc-linux-arm64-gnu-16.2.6.tgz,74.32,8.99,1.1701413
run_16_repetition_28,DONE,npm,npm/@esbuild__linux-x64--linux-x64-0.28.0.tgz,7.72,0.92,0.12084253
run_104_repetition_26,DONE,brotli,brotli/@esbuild__linux-ia32--linux-ia32-0.28.0.tar.br,5.65,0.67,0.087853694
run_87_repetition_17,DONE,brotli,brotli/@esbuild__freebsd-x64--freebsd-x64-0.28.0.tar.br,5.98,0.71,0.092804003
run_75_repetition_22,DONE,zstd,zstd/@esbuild__freebsd-x64--freebsd-x64-0.28.0.tar.zst,3.19,0.37,0.048190167
run_90_repetition_22,DONE,brotli,brotli/@esbuild__netbsd-x64--netbsd-x64-0.28.0.tar.br,5.96,0.71,0.092794384
run_47_repetition_10,DONE,zopfli,zopfli/next--next-16.2.6.tgz,81.21,9.79,1.280890983
run_78_repetition_28,DONE,zstd,zstd/@esbuild__netbsd-x64--netbsd-x64-0.28.0.tar.zst,3.17,0.38,0.047990761
run_1_repetition_15,DONE,npm,npm/@next__swc-win32-arm64-msvc--swc-win32-arm64-msvc-16.2.6.tgz,61.41,7.44,0.960563259
run_42_repetition_26,DONE,zopfli,zopfli/@next__swc-darwin-arm64--swc-darwin-arm64-16.2.6.tgz,71.06,8.6,1.118615112
run_97_repetition_23,DONE,brotli,brotli/next--next-16.2.6.tar.br,22.59,2.83,0.349384698
run_43_repetition_12,DONE,zopfli,zopfli/@next__swc-win32-arm64-msvc--swc-win32-arm64-msvc-16.2.6.tgz,65.02,7.99,1.023390836
run_2_repetition_28,DONE,npm,npm/@esbuild__win32-ia32--win32-ia32-0.28.0.tgz,7.56,0.92,0.117805738
run_15_repetition_14,DONE,npm,npm/@next__swc-win32-x64-msvc--swc-win32-x64-msvc-16.2.6.tgz,75.61,9.18,1.183841521
run_26_repetition_29,DONE,xz,xz/@esbuild__linux-riscv64--linux-riscv64-0.28.0.tar.xz,21.55,2.63,0.338311435
run_35_repetition_23,DONE,xz,xz/@next__swc-darwin-arm64--swc-darwin-arm64-16.2.6.tar.xz,146.73,17.73,2.301820614
run_71_repetition_14,DONE,zstd,zstd/aws-sdk--aws-sdk-2.1693.0.tar.zst,14.69,1.77,0.216846044
run_58_repetition_16,DONE,zopfli,zopfli/@esbuild__darwin-x64--darwin-x64-0.28.0.tgz,8.16,0.98,0.128232282
run_10_repetition_7,DONE,npm,npm/@next__swc-linux-x64-gnu--swc-linux-x64-gnu-16.2.6.tgz,74.69,9.02,1.169243723
run_4_repetition_0,DONE,npm,npm/@next__swc-darwin-x64--swc-darwin-x64-16.2.6.tgz,70.16,8.43,1.098332511
run_57_repetition_25,DONE,zopfli,zopfli/@esbuild__linux-x64--linux-x64-0.28.0.tgz,8.03,0.97,0.125692942
run_46_repetition_20,DONE,zopfli,zopfli/@next__swc-darwin-x64--swc-darwin-x64-16.2.6.tgz,73.45,8.86,1.158114818
run_3_repetition_2,DONE,npm,npm/@next__swc-win32-ia32-msvc--swc-win32-ia32-msvc-14.2.16.tgz,52.19,6.29,0.816511634
run_76_repetition_24,DONE,zstd,zstd/@esbuild__linux-riscv64--linux-riscv64-0.28.0.tar.zst,2.88,0.35,0.043481139
run_33_repetition_25,DONE,xz,xz/@esbuild__linux-x64--linux-x64-0.28.0.tar.xz,22.8,2.72,0.357246626
run_83_repetition_16,DONE,zstd,zstd/@esbuild__sunos-x64--sunos-x64-0.28.0.tar.zst,3.25,0.38,0.048374264
run_44_repetition_26,DONE,zopfli,zopfli/@esbuild__win32-ia32--win32-ia32-0.28.0.tgz,7.77,0.93,0.122230304
run_103_repetition_0,DONE,brotli,brotli/@esbuild__sunos-x64--sunos-x64-0.28.0.tar.br,5.9,0.7,0.092685856
run_88_repetition_6,DONE,brotli,brotli/@next__swc-linux-x64-gnu--swc-linux-x64-gnu-16.2.6.tar.br,43.98,5.26,0.686432472
run_17_repetition_16,DONE,npm,npm/@esbuild__darwin-x64--darwin-x64-0.28.0.tgz,7.92,0.95,0.122987699
run_86_repetition_18,DONE,brotli,brotli/@next__swc-darwin-x64--swc-darwin-x64-16.2.6.tar.br,40.79,4.89,0.638155875
run_41_repetition_12,DONE,xz,xz/@esbuild__darwin-x64--darwin-x64-0.28.0.tar.xz,23.48,2.79,0.368554443
run_70_repetition_3,DONE,zstd,zstd/@esbuild__win32-x64--win32-x64-0.28.0.tar.zst,3.31,0.39,0.049900243
run_25_repetition_1,DONE,xz,xz/@next__swc-win32-ia32-msvc--swc-win32-ia32-msvc-14.2.16.tar.xz,116.18,13.93,1.82639071
run_93_repetition_0,DONE,brotli,brotli/@esbuild__linux-x64--linux-x64-0.28.0.tar.br,5.97,0.72,0.093723038
run_7_repetition_12,DONE,npm,npm/@next__swc-linux-arm64-gnu--swc-linux-arm64-gnu-16.2.6.tgz,70.21,8.44,1.100953338
run_18_repetition_8,DONE,npm,npm/@esbuild__linux-s390x--linux-s390x-0.28.0.tgz,7.74,0.93,0.121038023
run_67_repetition_24,DONE,zstd,zstd/@next__swc-darwin-x64--swc-darwin-x64-16.2.6.tar.zst,28.64,3.42,0.431687369
run_90_repetition_18,DONE,brotli,brotli/@esbuild__netbsd-x64--netbsd-x64-0.28.0.tar.br,5.91,0.72,0.09259966
run_52_repetition_18,DONE,zopfli,zopfli/@esbuild__netbsd-x64--netbsd-x64-0.28.0.tgz,7.95,0.95,0.124966472
run_23_repetition_25,DONE,xz,xz/@next__swc-darwin-x64--swc-darwin-x64-16.2.6.tar.xz,165.16,19.77,2.592270347
run_24_repetition_21,DONE,xz,xz/aws-sdk--aws-sdk-2.1693.0.tar.xz,45.95,5.55,0.721346889
run_68_repetition_15,DONE,zstd,zstd/@next__swc-win32-ia32-msvc--swc-win32-ia32-msvc-14.2.16.tar.zst,21.47,2.55,0.32412838
run_51_repetition_25,DONE,zopfli,zopfli/@next__swc-linux-x64-gnu--swc-linux-x64-gnu-16.2.6.tgz,78.2,9.51,1.229110577
run_15_repetition_11,DONE,npm,npm/@next__swc-win32-x64-msvc--swc-win32-x64-msvc-16.2.6.tgz,75.79,9.06,1.184486967
run_23_repetition_19,DONE,xz,xz/@next__swc-darwin-x64--swc-darwin-x64-16.2.6.tar.xz,165.3,19.76,2.589943285
run_14_repetition_27,DONE,npm,npm/@esbuild__openbsd-x64--openbsd-x64-0.28.0.tgz,7.69,0.92,0.119598493
run_29_repetition_25,DONE,xz,xz/@esbuild__netbsd-x64--netbsd-x64-0.28.0.tar.xz,22.86,2.75,0.359651711
run_48_repetition_4,DONE,zopfli,zopfli/@next__swc-linux-arm64-gnu--swc-linux-arm64-gnu-16.2.6.tgz,74.51,9.0,1.170828034
run_73_repetition_5,DONE,zstd,zstd/@next__swc-linux-arm64-gnu--swc-linux-arm64-gnu-16.2.6.tar.zst,29.69,3.55,0.448350884
run_5_repetition_3,DONE,npm,npm/@esbuild__aix-ppc64--aix-ppc64-0.28.0.tgz,7.94,0.96,0.124291648
run_82_repetition_28,DONE,zstd,zstd/@next__swc-darwin-arm64--swc-darwin-arm64-16.2.6.tar.zst,28.61,3.42,0.429992736
run_95_repetition_0,DONE,brotli,brotli/@esbuild__win32-ia32--win32-ia32-0.28.0.tar.br,5.82,0.7,0.090786191
run_15_repetition_24,DONE,npm,npm/@next__swc-win32-x64-msvc--swc-win32-x64-msvc-16.2.6.tgz,75.41,9.05,1.183498868
run_66_repetition_29,DONE,zstd,zstd/@esbuild__openbsd-x64--openbsd-x64-0.28.0.tar.zst,3.24,0.38,0.04879193
run_43_repetition_21,DONE,zopfli,zopfli/@next__swc-win32-arm64-msvc--swc-win32-arm64-msvc-16.2.6.tgz,64.8,7.76,1.023772493
run_54_repetition_21,DONE,zopfli,zopfli/@esbuild__win32-x64--win32-x64-0.28.0.tgz,8.16,0.98,0.128013008
run_65_repetition_14,DONE,zstd,zstd/@next__swc-linux-arm64-musl--swc-linux-arm64-musl-16.2.6.tar.zst,29.27,3.49,0.443346167
run_58_repetition_19,DONE,zopfli,zopfli/@esbuild__darwin-x64--darwin-x64-0.28.0.tgz,8.15,0.97,0.128342024
run_71_repetition_2,DONE,zstd,zstd/aws-sdk--aws-sdk-2.1693.0.tar.zst,15.09,1.81,0.221942534
run_19_repetition_12,DONE,npm,npm/@esbuild__freebsd-x64--freebsd-x64-0.28.0.tgz,7.7,0.91,0.119512489
run_29_repetition_0,DONE,xz,xz/@esbuild__netbsd-x64--netbsd-x64-0.28.0.tar.xz,22.89,2.75,0.359440112
run_92_repetition_22,DONE,brotli,brotli/@next__swc-darwin-arm64--swc-darwin-arm64-16.2.6.tar.br,38.58,4.71,0.603997146
run_16_repetition_15,DONE,npm,npm/@esbuild__linux-x64--linux-x64-0.28.0.tgz,7.73,0.93,0.120834496
run_63_repetition_27,DONE,zstd,zstd/next--next-16.2.6.tar.zst,20.75,2.52,0.305436557
run_60_repetition_17,DONE,zopfli,zopfli/@esbuild__linux-s390x--linux-s390x-0.28.0.tgz,7.89,0.94,0.123573699
run_97_repetition_19,DONE,brotli,brotli/next--next-16.2.6.tar.br,22.64,2.78,0.350591194
run_87_repetition_5,DONE,brotli,brotli/@esbuild__freebsd-x64--freebsd-x64-0.28.0.tar.br,5.92,0.7,0.092697211
run_22_repetition_25,DONE,xz,xz/@next__swc-linux-arm64-musl--swc-linux-arm64-musl-16.2.6.tar.xz,154.75,18.3,2.424509264
run_68_repetition_18,DONE,zstd,zstd/@next__swc-win32-ia32-msvc--swc-win32-ia32-msvc-14.2.16.tar.zst,21.58,2.55,0.325462429
run_52_repetition_8,DONE,zopfli,zopfli/@esbuild__netbsd-x64--netbsd-x64-0.28.0.tgz,7.95,0.95,0.124979816
run_16_repetition_20,DONE,npm,npm/@esbuild__linux-x64--linux-x64-0.28.0.tgz,7.74,0.92,0.120787933
run_84_repetition_5,DONE,brotli,brotli/@esbuild__win32-x64--win32-x64-0.28.0.tar.br,6.08,0.73,0.095110595
run_76_repetition_28,DONE,zstd,zstd/@esbuild__linux-riscv64--linux-riscv64-0.28.0.tar.zst,2.96,0.35,0.044063756
run_8_repetition_15,DONE,npm,npm/@esbuild__sunos-x64--sunos-x64-0.28.0.tgz,7.68,0.92,0.119870937
run_72_repetition_2,DONE,zstd,zstd/@esbuild__win32-ia32--win32-ia32-0.28.0.tar.zst,3.25,0.39,0.048754997
run_71_repetition_28,DONE,zstd,zstd/aws-sdk--aws-sdk-2.1693.0.tar.zst,14.7,1.75,0.216571311
run_47_repetition_25,DONE,zopfli,zopfli/next--next-16.2.6.tgz,81.12,9.72,1.280246444
run_81_repetition_7,DONE,zstd,zstd/@next__swc-win32-x64-msvc--swc-win32-x64-msvc-16.2.6.tar.zst,32.41,3.84,0.487434692
run_3_repetition_28,DONE,npm,npm/@next__swc-win32-ia32-msvc--swc-win32-ia32-msvc-14.2.16.tgz,52.02,6.24,0.815987687
run_77_repetition_1,DONE,zstd,zstd/@esbuild__linux-s390x--linux-s390x-0.28.0.tar.zst,3.17,0.37,0.048017785
run_28_repetition_21,DONE,xz,xz/@next__swc-linux-arm64-gnu--swc-linux-arm64-gnu-16.2.6.tar.xz,156.04,18.45,2.44886943
run_97_repetition_18,DONE,brotli,brotli/next--next-16.2.6.tar.br,22.6,2.77,0.349486492
run_102_repetition_25,DONE,brotli,brotli/@esbuild__linux-riscv64--linux-riscv64-0.28.0.tar.br,5.65,0.68,0.088328516
run_66_repetition_13,DONE,zstd,zstd/@esbuild__openbsd-x64--openbsd-x64-0.28.0.tar.zst,3.24,0.38,0.048302011
run_38_repetition_9,DONE,xz,xz/@esbuild__linux-ia32--linux-ia32-0.28.0.tar.xz,21.51,2.62,0.337397622
run_37_repetition_6,DONE,xz,xz/@next__swc-linux-x64-musl--swc-linux-x64-musl-16.2.6.tar.xz,177.93,21.37,2.794304782
run_33_repetition_13,DONE,xz,xz/@esbuild__linux-x64--linux-x64-0.28.0.tar.xz,22.8,2.74,0.357782853
run_18_repetition_2,DONE,npm,npm/@esbuild__linux-s390x--linux-s390x-0.28.0.tgz,7.76,0.93,0.121057798
run_48_repetition_27,DONE,zopfli,zopfli/@next__swc-linux-arm64-gnu--swc-linux-arm64-gnu-16.2.6.tgz,74.2,8.89,1.170377781
run_5_repetition_6,DONE,npm,npm/@esbuild__aix-ppc64--aix-ppc64-0.28.0.tgz,7.97,0.95,0.124369819
run_90_repetition_26,DONE,brotli,brotli/@esbuild__netbsd-x64--netbsd-x64-0.28.0.tar.br,5.98,0.71,0.092481513
run_8_repetition_18,DONE,npm,npm/@esbuild__sunos-x64--sunos-x64-0.28.0.tgz,7.67,0.92,0.120049881
run_93_repetition_10,DONE,brotli,brotli/@esbuild__linux-x64--linux-x64-0.28.0.tar.br,5.97,0.71,0.093548895
run_67_repetition_29,DONE,zstd,zstd/@next__swc-darwin-x64--swc-darwin-x64-16.2.6.tar.zst,28.72,3.43,0.432364381
run_85_repetition_8,DONE,brotli,brotli/@next__swc-linux-arm64-gnu--swc-linux-arm64-gnu-16.2.6.tar.br,40.34,4.9,0.630701507
run_49_repetition_17,DONE,zopfli,zopfli/@esbuild__sunos-x64--sunos-x64-0.28.0.tgz,7.98,0.95,0.125644321
run_21_repetition_15,DONE,xz,xz/@esbuild__win32-ia32--win32-ia32-0.28.0.tar.xz,22.71,2.74,0.356407867
run_16_repetition_18,DONE,npm,npm/@esbuild__linux-x64--linux-x64-0.28.0.tgz,7.73,0.93,0.120548592
run_28_repetition_4,DONE,xz,xz/@next__swc-linux-arm64-gnu--swc-linux-arm64-gnu-16.2.6.tar.xz,155.96,18.73,2.448340049
run_8_repetition_19,DONE,npm,npm/@esbuild__sunos-x64--sunos-x64-0.28.0.tgz,7.67,0.93,0.119857847
run_46_repetition_12,DONE,zopfli,zopfli/@next__swc-darwin-x64--swc-darwin-x64-16.2.6.tgz,73.43,8.95,1.158531439
run_2_repetition_10,DONE,npm,npm/@esbuild__win32-ia32--win32-ia32-0.28.0.tgz,7.54,0.9,0.117945443
run_91_repetition_29,DONE,brotli,brotli/aws-sdk--aws-sdk-2.1693.0.tar.br,12.96,1.61,0.200655152
run_55_repetition_29,DONE,zopfli,zopfli/@esbuild__openbsd-x64--openbsd-x64-0.28.0.tgz,7.99,0.95,0.125206917
run_79_repetition_9,DONE,zstd,zstd/@next__swc-linux-x64-gnu--swc-linux-x64-gnu-16.2.6.tar.zst,31.07,3.67,0.468166286
run_53_repetition_11,DONE,zopfli,zopfli/@next__swc-linux-arm64-musl--swc-linux-arm64-musl-16.2.6.tgz,73.98,8.81,1.163731168
run_81_repetition_15,DONE,zstd,zstd/@next__swc-win32-x64-msvc--swc-win32-x64-msvc-16.2.6.tar.zst,32.33,3.84,0.488164521
run_69_repetition_21,DONE,zstd,zstd/@next__swc-linux-x64-musl--swc-linux-x64-musl-16.2.6.tar.zst,30.78,3.67,0.465865104
run_62_repetition_8,DONE,zopfli,zopfli/aws-sdk--aws-sdk-2.1693.0.tgz,38.33,4.61,0.604682569
run_19_repetition_10,DONE,npm,npm/@esbuild__freebsd-x64--freebsd-x64-0.28.0.tgz,7.71,0.92,0.120097753
run_61_repetition_16,DONE,zopfli,zopfli/@esbuild__freebsd-x64--freebsd-x64-0.28.0.tgz,8.0,0.95,0.125167097
run_52_repetition_16,DONE,zopfli,zopfli/@esbuild__netbsd-x64--netbsd-x64-0.28.0.tgz,7.97,0.95,0.125148084
run_50_repetition_8,DONE,zopfli,zopfli/@next__swc-linux-x64-musl--swc-linux-x64-musl-16.2.6.tgz,78.28,9.38,1.231104531
run_57_repetition_5,DONE,zopfli,zopfli/@esbuild__linux-x64--linux-x64-0.28.0.tgz,8.03,0.95,0.126248884
run_39_repetition_7,DONE,xz,xz/@esbuild__sunos-x64--sunos-x64-0.28.0.tar.xz,23.04,2.75,0.361279627
run_30_repetition_8,DONE,xz,xz/next--next-16.2.6.tar.xz,73.09,8.79,1.143804384
run_57_repetition_3,DONE,zopfli,zopfli/@esbuild__linux-x64--linux-x64-0.28.0.tgz,8.08,0.96,0.12644522
run_62_repetition_9,DONE,zopfli,zopfli/aws-sdk--aws-sdk-2.1693.0.tgz,38.45,4.61,0.605241078
run_81_repetition_10,DONE,zstd,zstd/@next__swc-win32-x64-msvc--swc-win32-x64-msvc-16.2.6.tar.zst,32.6,3.87,0.49025781
run_23_repetition_18,DONE,xz,xz/@next__swc-darwin-x64--swc-darwin-x64-16.2.6.tar.xz,165.08,19.59,2.587343515
run_30_repetition_6,DONE,xz,xz/next--next-16.2.6.tar.xz,73.1,8.87,1.142844481
run_102_repetition_22,DONE,brotli,brotli/@esbuild__linux-riscv64--linux-riscv64-0.28.0.tar.br,5.71,0.68,0.089152341
run_91_repetition_20,DONE,brotli,brotli/aws-sdk--aws-sdk-2.1693.0.tar.br,12.92,1.6,0.200509628
run_95_repetition_21,DONE,brotli,brotli/@esbuild__win32-ia32--win32-ia32-0.28.0.tar.br,5.88,0.71,0.091084637
run_39_repetition_0,DONE,xz,xz/@esbuild__sunos-x64--sunos-x64-0.28.0.tar.xz,23.02,2.76,0.360875751
run_76_repetition_22,DONE,zstd,zstd/@esbuild__linux-riscv64--linux-riscv64-0.28.0.tar.zst,2.92,0.35,0.043697222
run_62_repetition_14,DONE,zopfli,zopfli/aws-sdk--aws-sdk-2.1693.0.tgz,38.4,4.66,0.604944613
run_99_repetition_18,DONE,brotli,brotli/@next__swc-win32-ia32-msvc--swc-win32-ia32-msvc-14.2.16.tar.br,30.33,3.68,0.471533964
run_90_repetition_28,DONE,brotli,brotli/@esbuild__netbsd-x64--netbsd-x64-0.28.0.tar.br,5.93,0.7,0.092544506
run_83_repetition_18,DONE,zstd,zstd/@esbuild__sunos-x64--sunos-x64-0.28.0.tar.zst,3.2,0.38,0.048495435
run_95_repetition_7,DONE,brotli,brotli/@esbuild__win32-ia32--win32-ia32-0.28.0.tar.br,6.16,0.72,0.091809901
run_46_repetition_3,DONE,zopfli,zopfli/@next__swc-darwin-x64--swc-darwin-x64-16.2.6.tgz,73.59,8.88,1.158388107
run_92_repetition_24,DONE,brotli,brotli/@next__swc-darwin-arm64--swc-darwin-arm64-16.2.6.tar.br,38.76,4.66,0.604367549
run_53_repetition_5,DONE,zopfli,zopfli/@next__swc-linux-arm64-musl--swc-linux-arm64-musl-16.2.6.tgz,74.0,8.91,1.163689934
run_38_repetition_26,DONE,xz,xz/@esbuild__linux-ia32--linux-ia32-0.28.0.tar.xz,21.65,2.61,0.339694072
run_88_repetition_3,DONE,brotli,brotli/@next__swc-linux-x64-gnu--swc-linux-x64-gnu-16.2.6.tar.br,43.93,5.35,0.685329552
run_48_repetition_24,DONE,zopfli,zopfli/@next__swc-linux-arm64-gnu--swc-linux-arm64-gnu-16.2.6.tgz,74.32,8.98,1.169115034
run_23_repetition_21,DONE,xz,xz/@next__swc-darwin-x64--swc-darwin-x64-16.2.6.tar.xz,165.26,19.66,2.592289274
run_41_repetition_26,DONE,xz,xz/@esbuild__darwin-x64--darwin-x64-0.28.0.tar.xz,23.59,2.83,0.369295736
run_13_repetition_25,DONE,npm,npm/@esbuild__win32-x64--win32-x64-0.28.0.tgz,7.85,0.94,0.122937861
run_77_repetition_20,DONE,zstd,zstd/@esbuild__linux-s390x--linux-s390x-0.28.0.tar.zst,3.25,0.38,0.048664732
run_65_repetition_18,DONE,zstd,zstd/@next__swc-linux-arm64-musl--swc-linux-arm64-musl-16.2.6.tar.zst,29.51,3.5,0.442963448
run_103_repetition_16,DONE,brotli,brotli/@esbuild__sunos-x64--sunos-x64-0.28.0.tar.br,5.94,0.72,0.092976451
run_40_repetition_29,DONE,xz,xz/@next__swc-win32-arm64-msvc--swc-win32-arm64-msvc-16.2.6.tar.xz,133.89,16.05,2.100205042
run_5_repetition_10,DONE,npm,npm/@esbuild__aix-ppc64--aix-ppc64-0.28.0.tgz,7.9,0.95,0.123786108
run_61_repetition_1,DONE,zopfli,zopfli/@esbuild__freebsd-x64--freebsd-x64-0.28.0.tgz,7.95,0.96,0.125093368
run_24_repetition_18,DONE,xz,xz/aws-sdk--aws-sdk-2.1693.0.tar.xz,46.31,5.55,0.721705458
run_39_repetition_25,DONE,xz,xz/@esbuild__sunos-x64--sunos-x64-0.28.0.tar.xz,22.99,2.75,0.361006015
run_19_repetition_3,DONE,npm,npm/@esbuild__freebsd-x64--freebsd-x64-0.28.0.tgz,7.69,0.92,0.120103795
run_4_repetition_29,DONE,npm,npm/@next__swc-darwin-x64--swc-darwin-x64-16.2.6.tgz,70.33,8.41,1.100873526
run_38_repetition_11,DONE,xz,xz/@esbuild__linux-ia32--linux-ia32-0.28.0.tar.xz,21.56,2.57,0.337501967
run_27_repetition_23,DONE,xz,xz/@next__swc-win32-x64-msvc--swc-win32-x64-msvc-16.2.6.tar.xz,174.06,20.73,2.730104853
run_82_repetition_27,DONE,zstd,zstd/@next__swc-darwin-arm64--swc-darwin-arm64-16.2.6.tar.zst,28.3,3.36,0.424220421
run_72_repetition_17,DONE,zstd,zstd/@esbuild__win32-ia32--win32-ia32-0.28.0.tar.zst,3.23,0.38,0.048023865
run_77_repetition_2,DONE,zstd,zstd/@esbuild__linux-s390x--linux-s390x-0.28.0.tar.zst,3.25,0.39,0.048885936
run_51_repetition_10,DONE,zopfli,zopfli/@next__swc-linux-x64-gnu--swc-linux-x64-gnu-16.2.6.tgz,78.27,9.42,1.230784832
run_58_repetition_7,DONE,zopfli,zopfli/@esbuild__darwin-x64--darwin-x64-0.28.0.tgz,8.18,0.98,0.128246792
run_75_repetition_17,DONE,zstd,zstd/@esbuild__freebsd-x64--freebsd-x64-0.28.0.tar.zst,3.24,0.38,0.048117934
run_99_repetition_7,DONE,brotli,brotli/@next__swc-win32-ia32-msvc--swc-win32-ia32-msvc-14.2.16.tar.br,30.24,3.64,0.470370198
run_95_repetition_27,DONE,brotli,brotli/@esbuild__win32-ia32--win32-ia32-0.28.0.tar.br,5.86,0.7,0.091138496
run_59_repetition_18,DONE,zopfli,zopfli/typescript--typescript-6.0.3.tgz,11.34,1.38,0.17743866
run_25_repetition_15,DONE,xz,xz/@next__swc-win32-ia32-msvc--swc-win32-ia32-msvc-14.2.16.tar.xz,116.09,13.98,1.819048993
run_33_repetition_12,DONE,xz,xz/@esbuild__linux-x64--linux-x64-0.28.0.tar.xz,24.63,2.97,0.385921578
run_20_repetition_7,DONE,npm,npm/aws-sdk--aws-sdk-2.1693.0.tgz,37.57,4.55,0.584327501
run_16_repetition_2,DONE,npm,npm/@esbuild__linux-x64--linux-x64-0.28.0.tgz,7.72,0.92,0.120630932
run_25_repetition_21,DONE,xz,xz/@next__swc-win32-ia32-msvc--swc-win32-ia32-msvc-14.2.16.tar.xz,116.47,14.0,1.820857183
run_21_repetition_6,DONE,xz,xz/@esbuild__win32-ia32--win32-ia32-0.28.0.tar.xz,22.77,2.74,0.356473972
run_17_repetition_8,DONE,npm,npm/@esbuild__darwin-x64--darwin-x64-0.28.0.tgz,7.89,0.95,0.122900334
run_96_repetition_15,DONE,brotli,brotli/@next__swc-win32-arm64-msvc--swc-win32-arm64-msvc-16.2.6.tar.br,35.79,4.36,0.554273148
run_87_repetition_1,DONE,brotli,brotli/@esbuild__freebsd-x64--freebsd-x64-0.28.0.tar.br,6.02,0.73,0.093232252
run_88_repetition_27,DONE,brotli,brotli/@next__swc-linux-x64-gnu--swc-linux-x64-gnu-16.2.6.tar.br,43.83,5.34,0.6835271
run_30_repetition_18,DONE,xz,xz/next--next-16.2.6.tar.xz,73.16,8.77,1.144142373
run_61_repetition_24,DONE,zopfli,zopfli/@esbuild__freebsd-x64--freebsd-x64-0.28.0.tgz,7.98,0.96,0.125436215
run_45_repetition_20,DONE,zopfli,zopfli/@next__swc-win32-ia32-msvc--swc-win32-ia32-msvc-14.2.16.tgz,54.62,6.58,0.859103917
run_34_repetition_17,DONE,xz,xz/@esbuild__freebsd-x64--freebsd-x64-0.28.0.tar.xz,23.07,2.75,0.360747189
run_50_repetition_9,DONE,zopfli,zopfli/@next__swc-linux-x64-musl--swc-linux-x64-musl-16.2.6.tgz,78.29,9.39,1.231468065
run_70_repetition_18,DONE,zstd,zstd/@esbuild__win32-x64--win32-x64-0.28.0.tar.zst,3.32,0.4,0.050124281
run_43_repetition_6,DONE,zopfli,zopfli/@next__swc-win32-arm64-msvc--swc-win32-arm64-msvc-16.2.6.tgz,64.93,7.87,1.023334819
run_59_repetition_17,DONE,zopfli,zopfli/typescript--typescript-6.0.3.tgz,11.33,1.37,0.177960244
run_46_repetition_11,DONE,zopfli,zopfli/@next__swc-darwin-x64--swc-darwin-x64-16.2.6.tgz,73.49,8.9,1.157591381
run_60_repetition_15,DONE,zopfli,zopfli/@esbuild__linux-s390x--linux-s390x-0.28.0.tgz,7.88,0.94,0.123705443
run_89_repetition_15,DONE,brotli,brotli/@esbuild__darwin-x64--darwin-x64-0.28.0.tar.br,6.11,0.73,0.095493103
run_78_repetition_5,DONE,zstd,zstd/@esbuild__netbsd-x64--netbsd-x64-0.28.0.tar.zst,3.18,0.38,0.048360309
run_24_repetition_28,DONE,xz,xz/aws-sdk--aws-sdk-2.1693.0.tar.xz,46.23,5.57,0.720450109
run_40_repetition_3,DONE,xz,xz/@next__swc-win32-arm64-msvc--swc-win32-arm64-msvc-16.2.6.tar.xz,134.27,16.09,2.102320939
run_19_repetition_23,DONE,npm,npm/@esbuild__freebsd-x64--freebsd-x64-0.28.0.tgz,7.68,0.91,0.120122216
run_1_repetition_21,DONE,npm,npm/@next__swc-win32-arm64-msvc--swc-win32-arm64-msvc-16.2.6.tgz,61.54,7.44,0.961768382
run_36_repetition_0,DONE,xz,xz/@esbuild__win32-x64--win32-x64-0.28.0.tar.xz,23.22,2.79,0.363681349
run_99_repetition_15,DONE,brotli,brotli/@next__swc-win32-ia32-msvc--swc-win32-ia32-msvc-14.2.16.tar.br,30.26,3.63,0.471215056
run_30_repetition_11,DONE,xz,xz/next--next-16.2.6.tar.xz,73.1,8.77,1.143697323
run_69_repetition_28,DONE,zstd,zstd/@next__swc-linux-x64-musl--swc-linux-x64-musl-16.2.6.tar.zst,31.06,3.69,0.467164241
run_34_repetition_26,DONE,xz,xz/@esbuild__freebsd-x64--freebsd-x64-0.28.0.tar.xz,23.03,2.75,0.36082946
run_75_repetition_16,DONE,zstd,zstd/@esbuild__freebsd-x64--freebsd-x64-0.28.0.tar.zst,3.22,0.37,0.048565806
run_22_repetition_15,DONE,xz,xz/@next__swc-linux-arm64-musl--swc-linux-arm64-musl-16.2.6.tar.xz,154.75,18.57,2.424156011
run_51_repetition_17,DONE,zopfli,zopfli/@next__swc-linux-x64-gnu--swc-linux-x64-gnu-16.2.6.tgz,78.44,9.43,1.228560338
run_74_repetition_24,DONE,zstd,zstd/@esbuild__darwin-x64--darwin-x64-0.28.0.tar.zst,3.33,0.39,0.050440605
run_99_repetition_23,DONE,brotli,brotli/@next__swc-win32-ia32-msvc--swc-win32-ia32-msvc-14.2.16.tar.br,30.52,3.73,0.473140049
run_15_repetition_26,DONE,npm,npm/@next__swc-win32-x64-msvc--swc-win32-x64-msvc-16.2.6.tgz,76.12,9.11,1.184621529
run_63_repetition_0,DONE,zstd,zstd/next--next-16.2.6.tar.zst,20.89,2.54,0.305979933
run_47_repetition_28,DONE,zopfli,zopfli/next--next-16.2.6.tgz,81.49,9.81,1.280493974
run_64_repetition_14,DONE,zstd,zstd/@esbuild__linux-x64--linux-x64-0.28.0.tar.zst,3.1,0.37,0.047416207
run_71_repetition_24,DONE,zstd,zstd/aws-sdk--aws-sdk-2.1693.0.tar.zst,14.72,1.75,0.217710603
run_10_repetition_5,DONE,npm,npm/@next__swc-linux-x64-gnu--swc-linux-x64-gnu-16.2.6.tgz,75.07,8.93,1.169688635
run_29_repetition_29,DONE,xz,xz/@esbuild__netbsd-x64--netbsd-x64-0.28.0.tar.xz,22.99,2.73,0.359752767
run_51_repetition_0,DONE,zopfli,zopfli/@next__swc-linux-x64-gnu--swc-linux-x64-gnu-16.2.6.tgz,79.17,9.48,1.24118387
run_12_repetition_17,DONE,npm,npm/@next__swc-linux-arm64-musl--swc-linux-arm64-musl-16.2.6.tgz,70.25,8.42,1.095082909
run_70_repetition_6,DONE,zstd,zstd/@esbuild__win32-x64--win32-x64-0.28.0.tar.zst,3.29,0.39,0.049356135
run_89_repetition_10,DONE,brotli,brotli/@esbuild__darwin-x64--darwin-x64-0.28.0.tar.br,6.16,0.73,0.095560157
run_80_repetition_24,DONE,zstd,zstd/@next__swc-win32-arm64-msvc--swc-win32-arm64-msvc-16.2.6.tar.zst,26.54,3.13,0.398706979
run_52_repetition_17,DONE,zopfli,zopfli/@esbuild__netbsd-x64--netbsd-x64-0.28.0.tgz,8.0,0.95,0.125230083
run_27_repetition_18,DONE,xz,xz/@next__swc-win32-x64-msvc--swc-win32-x64-msvc-16.2.6.tar.xz,174.58,20.64,2.730990464
run_46_repetition_24,DONE,zopfli,zopfli/@next__swc-darwin-x64--swc-darwin-x64-16.2.6.tgz,73.87,8.88,1.158743294
run_22_repetition_23,DONE,xz,xz/@next__swc-linux-arm64-musl--swc-linux-arm64-musl-16.2.6.tar.xz,155.04,18.51,2.425258628
run_100_repetition_29,DONE,brotli,brotli/@esbuild__openbsd-x64--openbsd-x64-0.28.0.tar.br,5.96,0.7,0.093079352
run_49_repetition_20,DONE,zopfli,zopfli/@esbuild__sunos-x64--sunos-x64-0.28.0.tgz,8.02,0.95,0.125287549
run_40_repetition_7,DONE,xz,xz/@next__swc-win32-arm64-msvc--swc-win32-arm64-msvc-16.2.6.tar.xz,134.19,15.93,2.10152467
run_11_repetition_8,DONE,npm,npm/@esbuild__netbsd-x64--netbsd-x64-0.28.0.tgz,7.67,0.91,0.119859617
run_23_repetition_1,DONE,xz,xz/@next__swc-darwin-x64--swc-darwin-x64-16.2.6.tar.xz,165.32,19.77,2.590039376
run_103_repetition_6,DONE,brotli,brotli/@esbuild__sunos-x64--sunos-x64-0.28.0.tar.br,6.08,0.73,0.094482941
run_12_repetition_8,DONE,npm,npm/@next__swc-linux-arm64-musl--swc-linux-arm64-musl-16.2.6.tgz,70.38,8.41,1.094604826
run_50_repetition_4,DONE,zopfli,zopfli/@next__swc-linux-x64-musl--swc-linux-x64-musl-16.2.6.tgz,78.18,9.48,1.231530617
run_63_repetition_14,DONE,zstd,zstd/next--next-16.2.6.tar.zst,20.75,2.52,0.304905156
run_62_repetition_10,DONE,zopfli,zopfli/aws-sdk--aws-sdk-2.1693.0.tgz,38.35,4.65,0.605136753
run_41_repetition_0,DONE,xz,xz/@esbuild__darwin-x64--darwin-x64-0.28.0.tar.xz,23.5,2.79,0.36875162
run_19_repetition_19,DONE,npm,npm/@esbuild__freebsd-x64--freebsd-x64-0.28.0.tgz,7.68,0.93,0.120336833
run_25_repetition_12,DONE,xz,xz/@next__swc-win32-ia32-msvc--swc-win32-ia32-msvc-14.2.16.tar.xz,116.11,13.85,1.820445546
run_75_repetition_10,DONE,zstd,zstd/@esbuild__freebsd-x64--freebsd-x64-0.28.0.tar.zst,3.27,0.38,0.048894089
run_77_repetition_0,DONE,zstd,zstd/@esbuild__linux-s390x--linux-s390x-0.28.0.tar.zst,3.22,0.37,0.048291038
run_75_repetition_8,DONE,zstd,zstd/@esbuild__freebsd-x64--freebsd-x64-0.28.0.tar.zst,3.22,0.37,0.048271586
run_77_repetition_11,DONE,zstd,zstd/@esbuild__linux-s390x--linux-s390x-0.28.0.tar.zst,3.23,0.37,0.048139962
run_44_repetition_7,DONE,zopfli,zopfli/@esbuild__win32-ia32--win32-ia32-0.28.0.tgz,7.81,0.93,0.122336264
run_93_repetition_22,DONE,brotli,brotli/@esbuild__linux-x64--linux-x64-0.28.0.tar.br,6.1,0.73,0.094527505
run_38_repetition_16,DONE,xz,xz/@esbuild__linux-ia32--linux-ia32-0.28.0.tar.xz,21.56,2.52,0.33770788
run_76_repetition_19,DONE,zstd,zstd/@esbuild__linux-riscv64--linux-riscv64-0.28.0.tar.zst,2.88,0.34,0.043610127
run_80_repetition_21,DONE,zstd,zstd/@next__swc-win32-arm64-msvc--swc-win32-arm64-msvc-16.2.6.tar.zst,26.44,3.15,0.398842672
run_92_repetition_11,DONE,brotli,brotli/@next__swc-darwin-arm64--swc-darwin-arm64-16.2.6.tar.br,38.76,4.66,0.604159287
run_82_repetition_4,DONE,zstd,zstd/@next__swc-darwin-arm64--swc-darwin-arm64-16.2.6.tar.zst,28.52,3.4,0.430178985
run_85_repetition_23,DONE,brotli,brotli/@next__swc-linux-arm64-gnu--swc-linux-arm64-gnu-16.2.6.tar.br,40.61,4.89,0.633125758
run_41_repetition_24,DONE,xz,xz/@esbuild__darwin-x64--darwin-x64-0.28.0.tar.xz,23.54,2.76,0.368385489
run_22_repetition_29,DONE,xz,xz/@next__swc-linux-arm64-musl--swc-linux-arm64-musl-16.2.6.tar.xz,154.65,18.35,2.422400326
run_90_repetition_12,DONE,brotli,brotli/@esbuild__netbsd-x64--netbsd-x64-0.28.0.tar.br,6.05,0.73,0.093890404
run_45_repetition_9,DONE,zopfli,zopfli/@next__swc-win32-ia32-msvc--swc-win32-ia32-msvc-14.2.16.tgz,54.54,6.59,0.859440878
run_101_repetition_23,DONE,brotli,brotli/@next__swc-linux-arm64-musl--swc-linux-arm64-musl-16.2.6.tar.br,40.35,4.85,0.629396456
run_58_repetition_0,DONE,zopfli,zopfli/@esbuild__darwin-x64--darwin-x64-0.28.0.tgz,8.21,0.99,0.128526748
run_19_repetition_20,DONE,npm,npm/@esbuild__freebsd-x64--freebsd-x64-0.28.0.tgz,7.66,0.92,0.120003177
run_60_repetition_24,DONE,zopfli,zopfli/@esbuild__linux-s390x--linux-s390x-0.28.0.tgz,7.89,0.94,0.12398782
run_8_repetition_12,DONE,npm,npm/@esbuild__sunos-x64--sunos-x64-0.28.0.tgz,7.69,0.91,0.120088029
run_57_repetition_15,DONE,zopfli,zopfli/@esbuild__linux-x64--linux-x64-0.28.0.tgz,8.08,0.97,0.125900358
run_43_repetition_16,DONE,zopfli,zopfli/@next__swc-win32-arm64-msvc--swc-win32-arm64-msvc-16.2.6.tgz,65.12,7.79,1.023307728
run_81_repetition_13,DONE,zstd,zstd/@next__swc-win32-x64-msvc--swc-win32-x64-msvc-16.2.6.tar.zst,32.36,3.86,0.488666609
run_48_repetition_12,DONE,zopfli,zopfli/@next__swc-linux-arm64-gnu--swc-linux-arm64-gnu-16.2.6.tgz,74.46,8.97,1.170408454
run_6_repetition_4,DONE,npm,npm/next--next-16.2.6.tgz,79.73,9.53,1.237896186
run_100_repetition_20,DONE,brotli,brotli/@esbuild__openbsd-x64--openbsd-x64-0.28.0.tar.br,5.92,0.71,0.092852957
run_32_repetition_11,DONE,xz,xz/@next__swc-linux-x64-gnu--swc-linux-x64-gnu-16.2.6.tar.xz,178.34,21.31,2.79383031
run_80_repetition_6,DONE,zstd,zstd/@next__swc-win32-arm64-msvc--swc-win32-arm64-msvc-16.2.6.tar.zst,26.4,3.14,0.398197634
run_81_repetition_9,DONE,zstd,zstd/@next__swc-win32-x64-msvc--swc-win32-x64-msvc-16.2.6.tar.zst,32.12,3.84,0.485819726
run_42_repetition_2,DONE,zopfli,zopfli/@next__swc-darwin-arm64--swc-darwin-arm64-16.2.6.tgz,71.22,8.57,1.11925403
run_47_repetition_12,DONE,zopfli,zopfli/next--next-16.2.6.tgz,81.32,9.8,1.280758811
run_97_repetition_29,DONE,brotli,brotli/next--next-16.2.6.tar.br,22.55,2.79,0.348946378
run_21_repetition_23,DONE,xz,xz/@esbuild__win32-ia32--win32-ia32-0.28.0.tar.xz,22.8,2.74,0.356586104
run_28_repetition_19,DONE,xz,xz/@next__swc-linux-arm64-gnu--swc-linux-arm64-gnu-16.2.6.tar.xz,156.29,18.63,2.448664894
run_68_repetition_16,DONE,zstd,zstd/@next__swc-win32-ia32-msvc--swc-win32-ia32-msvc-14.2.16.tar.zst,21.51,2.56,0.324397963
run_31_repetition_24,DONE,xz,xz/@esbuild__openbsd-x64--openbsd-x64-0.28.0.tar.xz,23.04,2.75,0.360800607
run_102_repetition_4,DONE,brotli,brotli/@esbuild__linux-riscv64--linux-riscv64-0.28.0.tar.br,5.69,0.69,0.089073249
run_86_repetition_24,DONE,brotli,brotli/@next__swc-darwin-x64--swc-darwin-x64-16.2.6.tar.br,41.21,5.01,0.643746097
run_102_repetition_19,DONE,brotli,brotli/@esbuild__linux-riscv64--linux-riscv64-0.28.0.tar.br,5.88,0.69,0.088674624
run_62_repetition_6,DONE,zopfli,zopfli/aws-sdk--aws-sdk-2.1693.0.tgz,38.33,4.63,0.605447646
run_54_repetition_27,DONE,zopfli,zopfli/@esbuild__win32-x64--win32-x64-0.28.0.tgz,8.16,0.98,0.128119142
run_47_repetition_7,DONE,zopfli,zopfli/next--next-16.2.6.tgz,81.3,9.71,1.280487461
run_49_repetition_15,DONE,zopfli,zopfli/@esbuild__sunos-x64--sunos-x64-0.28.0.tgz,7.97,0.96,0.125060859
run_49_repetition_22,DONE,zopfli,zopfli/@esbuild__sunos-x64--sunos-x64-0.28.0.tgz,8.05,0.97,0.125647432
run_6_repetition_20,DONE,npm,npm/next--next-16.2.6.tgz,78.87,9.49,1.23834307
run_32_repetition_16,DONE,xz,xz/@next__swc-linux-x64-gnu--swc-linux-x64-gnu-16.2.6.tar.xz,178.19,21.06,2.790986786
run_83_repetition_21,DONE,zstd,zstd/@esbuild__sunos-x64--sunos-x64-0.28.0.tar.zst,3.14,0.38,0.048067187
run_68_repetition_24,DONE,zstd,zstd/@next__swc-win32-ia32-msvc--swc-win32-ia32-msvc-14.2.16.tar.zst,21.25,2.52,0.3206389
run_26_repetition_4,DONE,xz,xz/@esbuild__linux-riscv64--linux-riscv64-0.28.0.tar.xz,21.66,2.57,0.338866624
run_37_repetition_16,DONE,xz,xz/@next__swc-linux-x64-musl--swc-linux-x64-musl-16.2.6.tar.xz,178.97,21.35,2.795777885
run_65_repetition_7,DONE,zstd,zstd/@next__swc-linux-arm64-musl--swc-linux-arm64-musl-16.2.6.tar.zst,29.39,3.52,0.441309324
run_18_repetition_4,DONE,npm,npm/@esbuild__linux-s390x--linux-s390x-0.28.0.tgz,7.79,0.94,0.121537743
run_86_repetition_20,DONE,brotli,brotli/@next__swc-darwin-x64--swc-darwin-x64-16.2.6.tar.br,41.0,4.98,0.639381474
run_55_repetition_8,DONE,zopfli,zopfli/@esbuild__openbsd-x64--openbsd-x64-0.28.0.tgz,7.99,0.95,0.125119645
run_91_repetition_24,DONE,brotli,brotli/aws-sdk--aws-sdk-2.1693.0.tar.br,13.19,1.61,0.20080193
run_35_repetition_19,DONE,xz,xz/@next__swc-darwin-arm64--swc-darwin-arm64-16.2.6.tar.xz,147.43,17.44,2.303938918
run_65_repetition_19,DONE,zstd,zstd/@next__swc-linux-arm64-musl--swc-linux-arm64-musl-16.2.6.tar.zst,29.32,3.51,0.441964944
run_69_repetition_14,DONE,zstd,zstd/@next__swc-linux-x64-musl--swc-linux-x64-musl-16.2.6.tar.zst,30.81,3.66,0.46424953
run_67_repetition_5,DONE,zstd,zstd/@next__swc-darwin-x64--swc-darwin-x64-16.2.6.tar.zst,28.62,3.41,0.428985194
run_74_repetition_5,DONE,zstd,zstd/@esbuild__darwin-x64--darwin-x64-0.28.0.tar.zst,3.33,0.39,0.049612674
run_50_repetition_19,DONE,zopfli,zopfli/@next__swc-linux-x64-musl--swc-linux-x64-musl-16.2.6.tgz,78.31,9.33,1.233028226
run_56_repetition_0,DONE,zopfli,zopfli/@next__swc-win32-x64-msvc--swc-win32-x64-msvc-16.2.6.tgz,80.02,9.61,1.257171264
run_8_repetition_8,DONE,npm,npm/@esbuild__sunos-x64--sunos-x64-0.28.0.tgz,7.67,0.92,0.119946937
run_34_repetition_10,DONE,xz,xz/@esbuild__freebsd-x64--freebsd-x64-0.28.0.tar.xz,22.93,2.74,0.360880236
run_3_repetition_9,DONE,npm,npm/@next__swc-win32-ia32-msvc--swc-win32-ia32-msvc-14.2.16.tgz,52.02,6.19,0.815045417
run_60_repetition_3,DONE,zopfli,zopfli/@esbuild__linux-s390x--linux-s390x-0.28.0.tgz,7.87,0.94,0.12335001
run_19_repetition_8,DONE,npm,npm/@esbuild__freebsd-x64--freebsd-x64-0.28.0.tgz,7.63,0.91,0.119644544
run_56_repetition_13,DONE,zopfli,zopfli/@next__swc-win32-x64-msvc--swc-win32-x64-msvc-16.2.6.tgz,79.62,9.56,1.255936868
run_9_repetition_25,DONE,npm,npm/@next__swc-linux-x64-musl--swc-linux-x64-musl-16.2.6.tgz,74.5,8.89,1.169206716
run_70_repetition_2,DONE,zstd,zstd/@esbuild__win32-x64--win32-x64-0.28.0.tar.zst,3.29,0.39,0.049479172
run_28_repetition_24,DONE,xz,xz/@next__swc-linux-arm64-gnu--swc-linux-arm64-gnu-16.2.6.tar.xz,156.35,18.59,2.448438266
run_101_repetition_16,DONE,brotli,brotli/@next__swc-linux-arm64-musl--swc-linux-arm64-musl-16.2.6.tar.br,40.3,4.83,0.628539329
run_18_repetition_25,DONE,npm,npm/@esbuild__linux-s390x--linux-s390x-0.28.0.tgz,7.78,0.92,0.121044475
run_10_repetition_25,DONE,npm,npm/@next__swc-linux-x64-gnu--swc-linux-x64-gnu-16.2.6.tgz,74.92,8.95,1.170295232
run_40_repetition_10,DONE,xz,xz/@next__swc-win32-arm64-msvc--swc-win32-arm64-msvc-16.2.6.tar.xz,134.3,16.02,2.102378755
run_44_repetition_12,DONE,zopfli,zopfli/@esbuild__win32-ia32--win32-ia32-0.28.0.tgz,7.72,0.92,0.121838253
run_87_repetition_9,DONE,brotli,brotli/@esbuild__freebsd-x64--freebsd-x64-0.28.0.tar.br,5.97,0.72,0.092766681
run_10_repetition_13,DONE,npm,npm/@next__swc-linux-x64-gnu--swc-linux-x64-gnu-16.2.6.tgz,75.19,8.92,1.169626767
run_102_repetition_26,DONE,brotli,brotli/@esbuild__linux-riscv64--linux-riscv64-0.28.0.tar.br,5.67,0.68,0.088549354
run_68_repetition_11,DONE,zstd,zstd/@next__swc-win32-ia32-msvc--swc-win32-ia32-msvc-14.2.16.tar.zst,21.94,2.6,0.328557671
run_102_repetition_24,DONE,brotli,brotli/@esbuild__linux-riscv64--linux-riscv64-0.28.0.tar.br,5.7,0.68,0.088748552
run_50_repetition_23,DONE,zopfli,zopfli/@next__swc-linux-x64-musl--swc-linux-x64-musl-16.2.6.tgz,78.38,9.42,1.23027568
run_78_repetition_20,DONE,zstd,zstd/@esbuild__netbsd-x64--netbsd-x64-0.28.0.tar.zst,3.22,0.38,0.048231392
run_86_repetition_22,DONE,brotli,brotli/@next__swc-darwin-x64--swc-darwin-x64-16.2.6.tar.br,41.05,4.94,0.639192336
run_19_repetition_2,DONE,npm,npm/@esbuild__freebsd-x64--freebsd-x64-0.28.0.tgz,7.66,0.93,0.119606463
run_83_repetition_23,DONE,zstd,zstd/@esbuild__sunos-x64--sunos-x64-0.28.0.tar.zst,3.2,0.38,0.048414217
run_87_repetition_20,DONE,brotli,brotli/@esbuild__freebsd-x64--freebsd-x64-0.28.0.tar.br,5.95,0.72,0.092710004
run_83_repetition_3,DONE,zstd,zstd/@esbuild__sunos-x64--sunos-x64-0.28.0.tar.zst,3.21,0.38,0.048067699
run_62_repetition_4,DONE,zopfli,zopfli/aws-sdk--aws-sdk-2.1693.0.tgz,38.4,4.66,0.604798293
run_25_repetition_9,DONE,xz,xz/@next__swc-win32-ia32-msvc--swc-win32-ia32-msvc-14.2.16.tar.xz,116.26,13.88,1.821037935
run_71_repetition_20,DONE,zstd,zstd/aws-sdk--aws-sdk-2.1693.0.tar.zst,14.82,1.8,0.218861616
run_55_repetition_15,DONE,zopfli,zopfli/@esbuild__openbsd-x64--openbsd-x64-0.28.0.tgz,8.0,0.95,0.125598499
run_4_repetition_21,DONE,npm,npm/@next__swc-darwin-x64--swc-darwin-x64-16.2.6.tgz,70.65,8.54,1.101209559
run_60_repetition_4,DONE,zopfli,zopfli/@esbuild__linux-s390x--linux-s390x-0.28.0.tgz,7.91,0.94,0.123904758
run_90_repetition_11,DONE,brotli,brotli/@esbuild__netbsd-x64--netbsd-x64-0.28.0.tar.br,5.95,0.71,0.092867885
run_63_repetition_12,DONE,zstd,zstd/next--next-16.2.6.tar.zst,20.61,2.49,0.30361051
run_20_repetition_29,DONE,npm,npm/aws-sdk--aws-sdk-2.1693.0.tgz,37.53,4.52,0.584124949
run_31_repetition_0,DONE,xz,xz/@esbuild__openbsd-x64--openbsd-x64-0.28.0.tar.xz,22.98,2.74,0.360196527
run_52_repetition_5,DONE,zopfli,zopfli/@esbuild__netbsd-x64--netbsd-x64-0.28.0.tgz,7.96,0.95,0.125161488
run_74_repetition_23,DONE,zstd,zstd/@esbuild__darwin-x64--darwin-x64-0.28.0.tar.zst,3.31,0.4,0.049469795
run_29_repetition_5,DONE,xz,xz/@esbuild__netbsd-x64--netbsd-x64-0.28.0.tar.xz,23.02,2.75,0.360721987
run_34_repetition_11,DONE,xz,xz/@esbuild__freebsd-x64--freebsd-x64-0.28.0.tar.xz,22.96,2.76,0.360762674
run_47_repetition_13,DONE,zopfli,zopfli/next--next-16.2.6.tgz,81.58,9.74,1.281129072
run_89_repetition_2,DONE,brotli,brotli/@esbuild__darwin-x64--darwin-x64-0.28.0.tar.br,6.13,0.73,0.095529554
run_33_repetition_1,DONE,xz,xz/@esbuild__linux-x64--linux-x64-0.28.0.tar.xz,22.8,2.7,0.357581934
run_63_repetition_11,DONE,zstd,zstd/next--next-16.2.6.tar.zst,20.65,2.51,0.304377675
run_88_repetition_17,DONE,brotli,brotli/@next__swc-linux-x64-gnu--swc-linux-x64-gnu-16.2.6.tar.br,43.85,5.28,0.683947448
run_84_repetition_19,DONE,brotli,brotli/@esbuild__win32-x64--win32-x64-0.28.0.tar.br,6.1,0.73,0.095165547
run_42_repetition_18,DONE,zopfli,zopfli/@next__swc-darwin-arm64--swc-darwin-arm64-16.2.6.tgz,71.11,8.62,1.118914432
run_80_repetition_23,DONE,zstd,zstd/@next__swc-win32-arm64-msvc--swc-win32-arm64-msvc-16.2.6.tar.zst,26.47,3.17,0.397792853
run_70_repetition_15,DONE,zstd,zstd/@esbuild__win32-x64--win32-x64-0.28.0.tar.zst,3.24,0.38,0.049041799
run_86_repetition_13,DONE,brotli,brotli/@next__swc-darwin-x64--swc-darwin-x64-16.2.6.tar.br,41.11,4.99,0.642249179
run_101_repetition_13,DONE,brotli,brotli/@next__swc-linux-arm64-musl--swc-linux-arm64-musl-16.2.6.tar.br,40.45,4.91,0.630515494
run_91_repetition_15,DONE,brotli,brotli/aws-sdk--aws-sdk-2.1693.0.tar.br,13.07,1.62,0.201315749
run_72_repetition_5,DONE,zstd,zstd/@esbuild__win32-ia32--win32-ia32-0.28.0.tar.zst,3.03,0.36,0.046246577
run_52_repetition_24,DONE,zopfli,zopfli/@esbuild__netbsd-x64--netbsd-x64-0.28.0.tgz,7.95,0.95,0.124983765
run_46_repetition_13,DONE,zopfli,zopfli/@next__swc-darwin-x64--swc-darwin-x64-16.2.6.tgz,73.6,8.89,1.156848862
run_65_repetition_5,DONE,zstd,zstd/@next__swc-linux-arm64-musl--swc-linux-arm64-musl-16.2.6.tar.zst,29.33,3.55,0.443821786
run_52_repetition_25,DONE,zopfli,zopfli/@esbuild__netbsd-x64--netbsd-x64-0.28.0.tgz,8.05,0.96,0.124984963
run_50_repetition_20,DONE,zopfli,zopfli/@next__swc-linux-x64-musl--swc-linux-x64-musl-16.2.6.tgz,78.32,9.43,1.229889405
run_59_repetition_14,DONE,zopfli,zopfli/typescript--typescript-6.0.3.tgz,11.32,1.38,0.177543675
run_18_repetition_23,DONE,npm,npm/@esbuild__linux-s390x--linux-s390x-0.28.0.tgz,7.76,0.93,0.120624375
run_103_repetition_24,DONE,brotli,brotli/@esbuild__sunos-x64--sunos-x64-0.28.0.tar.br,5.93,0.71,0.092576683
run_48_repetition_8,DONE,zopfli,zopfli/@next__swc-linux-arm64-gnu--swc-linux-arm64-gnu-16.2.6.tgz,74.47,8.98,1.170482874
run_20_repetition_17,DONE,npm,npm/aws-sdk--aws-sdk-2.1693.0.tgz,37.65,4.54,0.584571812
run_63_repetition_5,DONE,zstd,zstd/next--next-16.2.6.tar.zst,20.47,2.48,0.301409392
run_58_repetition_1,DONE,zopfli,zopfli/@esbuild__darwin-x64--darwin-x64-0.28.0.tgz,8.14,0.97,0.128367969
run_11_repetition_24,DONE,npm,npm/@esbuild__netbsd-x64--netbsd-x64-0.28.0.tgz,7.66,0.91,0.119869057
run_15_repetition_15,DONE,npm,npm/@next__swc-win32-x64-msvc--swc-win32-x64-msvc-16.2.6.tgz,75.56,9.11,1.182205865
run_7_repetition_28,DONE,npm,npm/@next__swc-linux-arm64-gnu--swc-linux-arm64-gnu-16.2.6.tgz,70.2,8.48,1.099343854
run_45_repetition_12,DONE,zopfli,zopfli/@next__swc-win32-ia32-msvc--swc-win32-ia32-msvc-14.2.16.tgz,54.64,6.59,0.858743014
run_1_repetition_24,DONE,npm,npm/@next__swc-win32-arm64-msvc--swc-win32-arm64-msvc-16.2.6.tgz,61.41,7.45,0.961062985
run_37_repetition_11,DONE,xz,xz/@next__swc-linux-x64-musl--swc-linux-x64-musl-16.2.6.tar.xz,178.2,21.39,2.801718058
run_0_repetition_21,DONE,npm,npm/@next__swc-darwin-arm64--swc-darwin-arm64-16.2.6.tgz,67.08,8.08,1.053324883
run_23_repetition_2,DONE,xz,xz/@next__swc-darwin-x64--swc-darwin-x64-16.2.6.tar.xz,164.43,19.65,2.588756702
run_79_repetition_21,DONE,zstd,zstd/@next__swc-linux-x64-gnu--swc-linux-x64-gnu-16.2.6.tar.zst,31.57,3.78,0.475353479
run_96_repetition_11,DONE,brotli,brotli/@next__swc-win32-arm64-msvc--swc-win32-arm64-msvc-16.2.6.tar.br,35.46,4.31,0.554807319
run_74_repetition_25,DONE,zstd,zstd/@esbuild__darwin-x64--darwin-x64-0.28.0.tar.zst,3.38,0.4,0.050904837
run_37_repetition_20,DONE,xz,xz/@next__swc-linux-x64-musl--swc-linux-x64-musl-16.2.6.tar.xz,177.88,21.36,2.798080894
run_19_repetition_21,DONE,npm,npm/@esbuild__freebsd-x64--freebsd-x64-0.28.0.tgz,7.65,0.92,0.11976269
run_20_repetition_0,DONE,npm,npm/aws-sdk--aws-sdk-2.1693.0.tgz,37.57,4.52,0.58737647
run_96_repetition_21,DONE,brotli,brotli/@next__swc-win32-arm64-msvc--swc-win32-arm64-msvc-16.2.6.tar.br,35.4,4.28,0.553129783
run_6_repetition_12,DONE,npm,npm/next--next-16.2.6.tgz,79.92,9.49,1.237636683
run_94_repetition_24,DONE,brotli,brotli/@next__swc-win32-x64-msvc--swc-win32-x64-msvc-16.2.6.tar.br,44.83,5.41,0.699046043
run_103_repetition_13,DONE,brotli,brotli/@esbuild__sunos-x64--sunos-x64-0.28.0.tar.br,5.95,0.71,0.093057963
run_11_repetition_6,DONE,npm,npm/@esbuild__netbsd-x64--netbsd-x64-0.28.0.tgz,7.64,0.91,0.119862437
run_33_repetition_16,DONE,xz,xz/@esbuild__linux-x64--linux-x64-0.28.0.tar.xz,22.84,2.76,0.357501497
run_91_repetition_6,DONE,brotli,brotli/aws-sdk--aws-sdk-2.1693.0.tar.br,12.91,1.61,0.199846437
run_18_repetition_1,DONE,npm,npm/@esbuild__linux-s390x--linux-s390x-0.28.0.tgz,7.77,0.94,0.121126119
run_15_repetition_25,DONE,npm,npm/@next__swc-win32-x64-msvc--swc-win32-x64-msvc-16.2.6.tgz,75.6,9.14,1.183391826
run_10_repetition_20,DONE,npm,npm/@next__swc-linux-x64-gnu--swc-linux-x64-gnu-16.2.6.tgz,74.48,8.97,1.167203551
run_91_repetition_13,DONE,brotli,brotli/aws-sdk--aws-sdk-2.1693.0.tar.br,12.95,1.58,0.200090473
run_61_repetition_18,DONE,zopfli,zopfli/@esbuild__freebsd-x64--freebsd-x64-0.28.0.tgz,7.98,0.95,0.125470608
run_96_repetition_28,DONE,brotli,brotli/@next__swc-win32-arm64-msvc--swc-win32-arm64-msvc-16.2.6.tar.br,35.61,4.28,0.556012075
run_49_repetition_24,DONE,zopfli,zopfli/@esbuild__sunos-x64--sunos-x64-0.28.0.tgz,7.95,0.94,0.125076372
run_43_repetition_27,DONE,zopfli,zopfli/@next__swc-win32-arm64-msvc--swc-win32-arm64-msvc-16.2.6.tgz,64.88,7.73,1.022237319
run_94_repetition_0,DONE,brotli,brotli/@next__swc-win32-x64-msvc--swc-win32-x64-msvc-16.2.6.tar.br,45.14,5.39,0.70198661
run_71_repetition_8,DONE,zstd,zstd/aws-sdk--aws-sdk-2.1693.0.tar.zst,14.89,1.75,0.219907823
run_86_repetition_16,DONE,brotli,brotli/@next__swc-darwin-x64--swc-darwin-x64-16.2.6.tar.br,41.07,4.94,0.641672089
run_30_repetition_4,DONE,xz,xz/next--next-16.2.6.tar.xz,73.78,8.79,1.143626914
run_21_repetition_2,DONE,xz,xz/@esbuild__win32-ia32--win32-ia32-0.28.0.tar.xz,22.74,2.66,0.356138653
run_79_repetition_22,DONE,zstd,zstd/@next__swc-linux-x64-gnu--swc-linux-x64-gnu-16.2.6.tar.zst,30.87,3.65,0.466050899
run_34_repetition_21,DONE,xz,xz/@esbuild__freebsd-x64--freebsd-x64-0.28.0.tar.xz,23.28,2.73,0.362044856
run_97_repetition_0,DONE,brotli,brotli/next--next-16.2.6.tar.br,22.58,2.77,0.349128881
run_93_repetition_19,DONE,brotli,brotli/@esbuild__linux-x64--linux-x64-0.28.0.tar.br,5.99,0.71,0.093241803
run_46_repetition_21,DONE,zopfli,zopfli/@next__swc-darwin-x64--swc-darwin-x64-16.2.6.tgz,74.02,8.8,1.158208666
run_45_repetition_5,DONE,zopfli,zopfli/@next__swc-win32-ia32-msvc--swc-win32-ia32-msvc-14.2.16.tgz,54.51,6.5,0.859255064
run_59_repetition_12,DONE,zopfli,zopfli/typescript--typescript-6.0.3.tgz,11.27,1.34,0.17751405
run_57_repetition_4,DONE,zopfli,zopfli/@esbuild__linux-x64--linux-x64-0.28.0.tgz,8.02,0.97,0.126430511
run_89_repetition_5,DONE,brotli,brotli/@esbuild__darwin-x64--darwin-x64-0.28.0.tar.br,6.14,0.74,0.095726468
run_44_repetition_4,DONE,zopfli,zopfli/@esbuild__win32-ia32--win32-ia32-0.28.0.tgz,7.75,0.93,0.12249476
run_62_repetition_20,DONE,zopfli,zopfli/aws-sdk--aws-sdk-2.1693.0.tgz,38.44,4.65,0.607054648
run_104_repetition_20,DONE,brotli,brotli/@esbuild__linux-ia32--linux-ia32-0.28.0.tar.br,5.63,0.67,0.088042806
run_62_repetition_27,DONE,zopfli,zopfli/aws-sdk--aws-sdk-2.1693.0.tgz,38.37,4.59,0.605465498
run_16_repetition_6,DONE,npm,npm/@esbuild__linux-x64--linux-x64-0.28.0.tgz,7.71,0.91,0.120515349
run_32_repetition_14,DONE,xz,xz/@next__swc-linux-x64-gnu--swc-linux-x64-gnu-16.2.6.tar.xz,178.99,21.11,2.792050423
run_31_repetition_16,DONE,xz,xz/@esbuild__openbsd-x64--openbsd-x64-0.28.0.tar.xz,23.08,2.72,0.360671386
run_57_repetition_9,DONE,zopfli,zopfli/@esbuild__linux-x64--linux-x64-0.28.0.tgz,8.0,0.95,0.1260009
run_8_repetition_22,DONE,npm,npm/@esbuild__sunos-x64--sunos-x64-0.28.0.tgz,7.65,0.91,0.119657666
run_85_repetition_12,DONE,brotli,brotli/@next__swc-linux-arm64-gnu--swc-linux-arm64-gnu-16.2.6.tar.br,40.7,4.88,0.634105102
run_29_repetition_2,DONE,xz,xz/@esbuild__netbsd-x64--netbsd-x64-0.28.0.tar.xz,22.94,2.73,0.359832012
run_80_repetition_17,DONE,zstd,zstd/@next__swc-win32-arm64-msvc--swc-win32-arm64-msvc-16.2.6.tar.zst,26.27,3.11,0.397925135
run_56_repetition_17,DONE,zopfli,zopfli/@next__swc-win32-x64-msvc--swc-win32-x64-msvc-16.2.6.tgz,80.01,9.38,1.256558616
run_5_repetition_26,DONE,npm,npm/@esbuild__aix-ppc64--aix-ppc64-0.28.0.tgz,7.92,0.94,0.124133797
run_86_repetition_17,DONE,brotli,brotli/@next__swc-darwin-x64--swc-darwin-x64-16.2.6.tar.br,40.87,4.88,0.63844353
run_92_repetition_13,DONE,brotli,brotli/@next__swc-darwin-arm64--swc-darwin-arm64-16.2.6.tar.br,38.58,4.61,0.601302545
run_27_repetition_11,DONE,xz,xz/@next__swc-win32-x64-msvc--swc-win32-x64-msvc-16.2.6.tar.xz,174.09,20.58,2.728856786
run_13_repetition_7,DONE,npm,npm/@esbuild__win32-x64--win32-x64-0.28.0.tgz,7.85,0.94,0.123572136
run_81_repetition_20,DONE,zstd,zstd/@next__swc-win32-x64-msvc--swc-win32-x64-msvc-16.2.6.tar.zst,32.19,3.81,0.486080135
run_9_repetition_24,DONE,npm,npm/@next__swc-linux-x64-musl--swc-linux-x64-musl-16.2.6.tgz,75.16,8.94,1.169995747
run_1_repetition_2,DONE,npm,npm/@next__swc-win32-arm64-msvc--swc-win32-arm64-msvc-16.2.6.tgz,61.31,7.28,0.958918748
run_51_repetition_11,DONE,zopfli,zopfli/@next__swc-linux-x64-gnu--swc-linux-x64-gnu-16.2.6.tgz,77.99,9.32,1.231182575
run_35_repetition_15,DONE,xz,xz/@next__swc-darwin-arm64--swc-darwin-arm64-16.2.6.tar.xz,146.83,17.49,2.302931742
run_51_repetition_27,DONE,zopfli,zopfli/@next__swc-linux-x64-gnu--swc-linux-x64-gnu-16.2.6.tgz,78.17,9.33,1.231958308
run_3_repetition_0,DONE,npm,npm/@next__swc-win32-ia32-msvc--swc-win32-ia32-msvc-14.2.16.tgz,51.98,6.15,0.815280014
run_47_repetition_18,DONE,zopfli,zopfli/next--next-16.2.6.tgz,81.25,9.72,1.279868587
run_53_repetition_27,DONE,zopfli,zopfli/@next__swc-linux-arm64-musl--swc-linux-arm64-musl-16.2.6.tgz,73.71,8.87,1.162969977
run_12_repetition_27,DONE,npm,npm/@next__swc-linux-arm64-musl--swc-linux-arm64-musl-16.2.6.tgz,69.93,8.36,1.098251803
run_25_repetition_8,DONE,xz,xz/@next__swc-win32-ia32-msvc--swc-win32-ia32-msvc-14.2.16.tar.xz,115.86,13.72,1.822164635
run_20_repetition_12,DONE,npm,npm/aws-sdk--aws-sdk-2.1693.0.tgz,38.05,4.49,0.585165163
run_31_repetition_13,DONE,xz,xz/@esbuild__openbsd-x64--openbsd-x64-0.28.0.tar.xz,22.9,2.7,0.360041805
run_104_repetition_5,DONE,brotli,brotli/@esbuild__linux-ia32--linux-ia32-0.28.0.tar.br,5.62,0.67,0.087849398
run_43_repetition_23,DONE,zopfli,zopfli/@next__swc-win32-arm64-msvc--swc-win32-arm64-msvc-16.2.6.tgz,64.84,7.74,1.023697466
run_62_repetition_23,DONE,zopfli,zopfli/aws-sdk--aws-sdk-2.1693.0.tgz,38.14,4.56,0.603555875
run_55_repetition_24,DONE,zopfli,zopfli/@esbuild__openbsd-x64--openbsd-x64-0.28.0.tgz,7.93,0.95,0.125059684
run_58_repetition_29,DONE,zopfli,zopfli/@esbuild__darwin-x64--darwin-x64-0.28.0.tgz,8.16,0.97,0.128147679
run_76_repetition_1,DONE,zstd,zstd/@esbuild__linux-riscv64--linux-riscv64-0.28.0.tar.zst,2.85,0.33,0.043475059
run_22_repetition_1,DONE,xz,xz/@next__swc-linux-arm64-musl--swc-linux-arm64-musl-16.2.6.tar.xz,154.77,18.36,2.422256114
run_85_repetition_29,DONE,brotli,brotli/@next__swc-linux-arm64-gnu--swc-linux-arm64-gnu-16.2.6.tar.br,41.02,4.87,0.632266694
run_54_repetition_26,DONE,zopfli,zopfli/@esbuild__win32-x64--win32-x64-0.28.0.tgz,8.19,0.98,0.128699848
run_8_repetition_16,DONE,npm,npm/@esbuild__sunos-x64--sunos-x64-0.28.0.tgz,7.67,0.91,0.120169293
run_89_repetition_22,DONE,brotli,brotli/@esbuild__darwin-x64--darwin-x64-0.28.0.tar.br,6.15,0.72,0.095351052
run_32_repetition_25,DONE,xz,xz/@next__swc-linux-x64-gnu--swc-linux-x64-gnu-16.2.6.tar.xz,178.5,21.18,2.795431784
run_7_repetition_24,DONE,npm,npm/@next__swc-linux-arm64-gnu--swc-linux-arm64-gnu-16.2.6.tgz,70.31,8.33,1.101195654
run_24_repetition_10,DONE,xz,xz/aws-sdk--aws-sdk-2.1693.0.tar.xz,46.03,5.5,0.718963875
run_23_repetition_29,DONE,xz,xz/@next__swc-darwin-x64--swc-darwin-x64-16.2.6.tar.xz,165.6,19.67,2.587581375
run_22_repetition_9,DONE,xz,xz/@next__swc-linux-arm64-musl--swc-linux-arm64-musl-16.2.6.tar.xz,155.0,18.37,2.423627666
run_45_repetition_14,DONE,zopfli,zopfli/@next__swc-win32-ia32-msvc--swc-win32-ia32-msvc-14.2.16.tgz,54.73,6.52,0.859114494
run_35_repetition_9,DONE,xz,xz/@next__swc-darwin-arm64--swc-darwin-arm64-16.2.6.tar.xz,147.14,17.49,2.302520285
run_81_repetition_11,DONE,zstd,zstd/@next__swc-win32-x64-msvc--swc-win32-x64-msvc-16.2.6.tar.zst,32.34,3.82,0.486887835
run_62_repetition_17,DONE,zopfli,zopfli/aws-sdk--aws-sdk-2.1693.0.tgz,38.46,4.6,0.604490569
run_6_repetition_8,DONE,npm,npm/next--next-16.2.6.tgz,80.39,9.43,1.236969632
run_51_repetition_24,DONE,zopfli,zopfli/@next__swc-linux-x64-gnu--swc-linux-x64-gnu-16.2.6.tgz,78.27,9.33,1.229203928
run_15_repetition_6,DONE,npm,npm/@next__swc-win32-x64-msvc--swc-win32-x64-msvc-16.2.6.tgz,75.82,9.03,1.182278087
run_38_repetition_5,DONE,xz,xz/@esbuild__linux-ia32--linux-ia32-0.28.0.tar.xz,21.62,2.56,0.337687985
run_103_repetition_29,DONE,brotli,brotli/@esbuild__sunos-x64--sunos-x64-0.28.0.tar.br,5.96,0.7,0.092664869
run_28_repetition_26,DONE,xz,xz/@next__swc-linux-arm64-gnu--swc-linux-arm64-gnu-16.2.6.tar.xz,156.63,18.54,2.452567062
run_36_repetition_19,DONE,xz,xz/@esbuild__win32-x64--win32-x64-0.28.0.tar.xz,23.22,2.76,0.36348135
run_95_repetition_4,DONE,brotli,brotli/@esbuild__win32-ia32--win32-ia32-0.28.0.tar.br,5.77,0.7,0.090435661
run_77_repetition_28,DONE,zstd,zstd/@esbuild__linux-s390x--linux-s390x-0.28.0.tar.zst,3.2,0.37,0.048128496
run_74_repetition_11,DONE,zstd,zstd/@esbuild__darwin-x64--darwin-x64-0.28.0.tar.zst,3.31,0.39,0.05017047
run_2_repetition_4,DONE,npm,npm/@esbuild__win32-ia32--win32-ia32-0.28.0.tgz,7.54,0.9,0.117605763
run_64_repetition_0,DONE,zstd,zstd/@esbuild__linux-x64--linux-x64-0.28.0.tar.zst,3.21,0.37,0.048420929
run_76_repetition_12,DONE,zstd,zstd/@esbuild__linux-riscv64--linux-riscv64-0.28.0.tar.zst,2.9,0.34,0.04375872
run_87_repetition_23,DONE,brotli,brotli/@esbuild__freebsd-x64--freebsd-x64-0.28.0.tar.br,5.98,0.71,0.093285719
run_20_repetition_24,DONE,npm,npm/aws-sdk--aws-sdk-2.1693.0.tgz,37.48,4.46,0.584061191
run_8_repetition_13,DONE,npm,npm/@esbuild__sunos-x64--sunos-x64-0.28.0.tgz,7.7,0.9,0.120010397
run_55_repetition_7,DONE,zopfli,zopfli/@esbuild__openbsd-x64--openbsd-x64-0.28.0.tgz,8.0,0.95,0.125298134
run_17_repetition_7,DONE,npm,npm/@esbuild__darwin-x64--darwin-x64-0.28.0.tgz,7.87,0.93,0.122744696
run_56_repetition_10,DONE,zopfli,zopfli/@next__swc-win32-x64-msvc--swc-win32-x64-msvc-16.2.6.tgz,79.72,9.48,1.255620109
run_16_repetition_29,DONE,npm,npm/@esbuild__linux-x64--linux-x64-0.28.0.tgz,7.74,0.92,0.12074513
run_25_repetition_10,DONE,xz,xz/@next__swc-win32-ia32-msvc--swc-win32-ia32-msvc-14.2.16.tar.xz,116.39,13.88,1.82259527
run_66_repetition_18,DONE,zstd,zstd/@esbuild__openbsd-x64--openbsd-x64-0.28.0.tar.zst,3.13,0.37,0.047672406
run_11_repetition_3,DONE,npm,npm/@esbuild__netbsd-x64--netbsd-x64-0.28.0.tgz,7.7,0.92,0.119714203
run_10_repetition_29,DONE,npm,npm/@next__swc-linux-x64-gnu--swc-linux-x64-gnu-16.2.6.tgz,75.33,8.88,1.168826375
run_66_repetition_21,DONE,zstd,zstd/@esbuild__openbsd-x64--openbsd-x64-0.28.0.tar.zst,3.19,0.37,0.047650494
run_57_repetition_19,DONE,zopfli,zopfli/@esbuild__linux-x64--linux-x64-0.28.0.tgz,7.99,0.95,0.125694423
run_18_repetition_17,DONE,npm,npm/@esbuild__linux-s390x--linux-s390x-0.28.0.tgz,7.78,0.91,0.121033584
run_67_repetition_14,DONE,zstd,zstd/@next__swc-darwin-x64--swc-darwin-x64-16.2.6.tar.zst,28.5,3.35,0.430570106
run_12_repetition_3,DONE,npm,npm/@next__swc-linux-arm64-musl--swc-linux-arm64-musl-16.2.6.tgz,70.33,8.31,1.096505414
run_4_repetition_22,DONE,npm,npm/@next__swc-darwin-x64--swc-darwin-x64-16.2.6.tgz,70.72,8.44,1.101890195
run_47_repetition_19,DONE,zopfli,zopfli/next--next-16.2.6.tgz,81.6,9.7,1.281345127
run_103_repetition_22,DONE,brotli,brotli/@esbuild__sunos-x64--sunos-x64-0.28.0.tar.br,5.97,0.7,0.093150786
run_27_repetition_24,DONE,xz,xz/@next__swc-win32-x64-msvc--swc-win32-x64-msvc-16.2.6.tar.xz,174.51,20.73,2.735801064
run_42_repetition_28,DONE,zopfli,zopfli/@next__swc-darwin-arm64--swc-darwin-arm64-16.2.6.tgz,71.01,8.56,1.118580712
run_65_repetition_16,DONE,zstd,zstd/@next__swc-linux-arm64-musl--swc-linux-arm64-musl-16.2.6.tar.zst,29.91,3.54,0.448682265
run_53_repetition_26,DONE,zopfli,zopfli/@next__swc-linux-arm64-musl--swc-linux-arm64-musl-16.2.6.tgz,73.91,8.96,1.164940749
run_10_repetition_15,DONE,npm,npm/@next__swc-linux-x64-gnu--swc-linux-x64-gnu-16.2.6.tgz,74.55,8.97,1.169048183
run_23_repetition_11,DONE,xz,xz/@next__swc-darwin-x64--swc-darwin-x64-16.2.6.tar.xz,164.62,19.86,2.588883383
run_38_repetition_3,DONE,xz,xz/@esbuild__linux-ia32--linux-ia32-0.28.0.tar.xz,21.38,2.57,0.336906945
run_69_repetition_15,DONE,zstd,zstd/@next__swc-linux-x64-musl--swc-linux-x64-musl-16.2.6.tar.zst,30.87,3.69,0.465032743
run_18_repetition_20,DONE,npm,npm/@esbuild__linux-s390x--linux-s390x-0.28.0.tgz,7.72,0.93,0.121349314
run_60_repetition_10,DONE,zopfli,zopfli/@esbuild__linux-s390x--linux-s390x-0.28.0.tgz,7.87,0.95,0.123989008
run_65_repetition_25,DONE,zstd,zstd/@next__swc-linux-arm64-musl--swc-linux-arm64-musl-16.2.6.tar.zst,29.46,3.54,0.442556293
run_0_repetition_27,DONE,npm,npm/@next__swc-darwin-arm64--swc-darwin-arm64-16.2.6.tgz,67.5,8.13,1.055552052
run_83_repetition_20,DONE,zstd,zstd/@esbuild__sunos-x64--sunos-x64-0.28.0.tar.zst,3.22,0.38,0.048153502
run_11_repetition_19,DONE,npm,npm/@esbuild__netbsd-x64--netbsd-x64-0.28.0.tgz,7.66,0.92,0.119634748
run_13_repetition_11,DONE,npm,npm/@esbuild__win32-x64--win32-x64-0.28.0.tgz,7.84,0.94,0.122670351
run_44_repetition_10,DONE,zopfli,zopfli/@esbuild__win32-ia32--win32-ia32-0.28.0.tgz,7.8,0.93,0.122413882
run_64_repetition_3,DONE,zstd,zstd/@esbuild__linux-x64--linux-x64-0.28.0.tar.zst,3.15,0.38,0.047776058
run_41_repetition_28,DONE,xz,xz/@esbuild__darwin-x64--darwin-x64-0.28.0.tar.xz,23.48,2.79,0.368456605
run_9_repetition_0,DONE,npm,npm/@next__swc-linux-x64-musl--swc-linux-x64-musl-16.2.6.tgz,74.74,8.99,1.168955716
run_19_repetition_15,DONE,npm,npm/@esbuild__freebsd-x64--freebsd-x64-0.28.0.tgz,7.67,0.93,0.119952461
run_91_repetition_25,DONE,brotli,brotli/aws-sdk--aws-sdk-2.1693.0.tar.br,12.93,1.6,0.20036131
run_91_repetition_5,DONE,brotli,brotli/aws-sdk--aws-sdk-2.1693.0.tar.br,12.97,1.61,0.200834243
run_3_repetition_13,DONE,npm,npm/@next__swc-win32-ia32-msvc--swc-win32-ia32-msvc-14.2.16.tgz,52.21,6.28,0.816159341
run_49_repetition_4,DONE,zopfli,zopfli/@esbuild__sunos-x64--sunos-x64-0.28.0.tgz,7.99,0.97,0.125180969
run_101_repetition_2,DONE,brotli,brotli/@next__swc-linux-arm64-musl--swc-linux-arm64-musl-16.2.6.tar.br,40.27,4.87,0.629528754
run_61_repetition_2,DONE,zopfli,zopfli/@esbuild__freebsd-x64--freebsd-x64-0.28.0.tgz,7.98,0.96,0.126202803
run_61_repetition_0,DONE,zopfli,zopfli/@esbuild__freebsd-x64--freebsd-x64-0.28.0.tgz,7.98,0.96,0.125361868
run_81_repetition_29,DONE,zstd,zstd/@next__swc-win32-x64-msvc--swc-win32-x64-msvc-16.2.6.tar.zst,32.72,3.89,0.494316119
run_24_repetition_17,DONE,xz,xz/aws-sdk--aws-sdk-2.1693.0.tar.xz,46.36,5.53,0.720260126
run_12_repetition_11,DONE,npm,npm/@next__swc-linux-arm64-musl--swc-linux-arm64-musl-16.2.6.tgz,70.01,8.36,1.096484216
run_0_repetition_13,DONE,npm,npm/@next__swc-darwin-arm64--swc-darwin-arm64-16.2.6.tgz,67.46,8.02,1.05371344
run_94_repetition_27,DONE,brotli,brotli/@next__swc-win32-x64-msvc--swc-win32-x64-msvc-16.2.6.tar.br,44.83,5.37,0.697570387
run_21_repetition_3,DONE,xz,xz/@esbuild__win32-ia32--win32-ia32-0.28.0.tar.xz,22.78,2.69,0.356417022
run_102_repetition_3,DONE,brotli,brotli/@esbuild__linux-riscv64--linux-riscv64-0.28.0.tar.br,5.67,0.67,0.088913212
run_61_repetition_23,DONE,zopfli,zopfli/@esbuild__freebsd-x64--freebsd-x64-0.28.0.tgz,8.05,0.96,0.125812164
run_77_repetition_14,DONE,zstd,zstd/@esbuild__linux-s390x--linux-s390x-0.28.0.tar.zst,3.2,0.38,0.048078369
run_76_repetition_21,DONE,zstd,zstd/@esbuild__linux-riscv64--linux-riscv64-0.28.0.tar.zst,2.9,0.34,0.043628113
run_60_repetition_6,DONE,zopfli,zopfli/@esbuild__linux-s390x--linux-s390x-0.28.0.tgz,7.83,0.95,0.12349202
run_27_repetition_8,DONE,xz,xz/@next__swc-win32-x64-msvc--swc-win32-x64-msvc-16.2.6.tar.xz,174.72,20.78,2.736808233
run_52_repetition_2,DONE,zopfli,zopfli/@esbuild__netbsd-x64--netbsd-x64-0.28.0.tgz,7.99,0.95,0.125456745
run_95_repetition_1,DONE,brotli,brotli/@esbuild__win32-ia32--win32-ia32-0.28.0.tar.br,5.79,0.69,0.09081243
run_67_repetition_27,DONE,zstd,zstd/@next__swc-darwin-x64--swc-darwin-x64-16.2.6.tar.zst,28.4,3.37,0.429212771
run_102_repetition_27,DONE,brotli,brotli/@esbuild__linux-riscv64--linux-riscv64-0.28.0.tar.br,5.63,0.67,0.088656475
run_61_repetition_28,DONE,zopfli,zopfli/@esbuild__freebsd-x64--freebsd-x64-0.28.0.tgz,7.95,0.93,0.125286656
run_7_repetition_22,DONE,npm,npm/@next__swc-linux-arm64-gnu--swc-linux-arm64-gnu-16.2.6.tgz,70.29,8.43,1.10238562
run_90_repetition_7,DONE,brotli,brotli/@esbuild__netbsd-x64--netbsd-x64-0.28.0.tar.br,5.95,0.72,0.092929162
run_59_repetition_10,DONE,zopfli,zopfli/typescript--typescript-6.0.3.tgz,11.32,1.34,0.177989706
run_55_repetition_13,DONE,zopfli,zopfli/@esbuild__openbsd-x64--openbsd-x64-0.28.0.tgz,7.96,0.97,0.125563915
run_71_repetition_18,DONE,zstd,zstd/aws-sdk--aws-sdk-2.1693.0.tar.zst,14.63,1.75,0.215646855
run_38_repetition_8,DONE,xz,xz/@esbuild__linux-ia32--linux-ia32-0.28.0.tar.xz,21.49,2.55,0.338119505
run_40_repetition_1,DONE,xz,xz/@next__swc-win32-arm64-msvc--swc-win32-arm64-msvc-16.2.6.tar.xz,134.4,15.97,2.10671367
run_30_repetition_17,DONE,xz,xz/next--next-16.2.6.tar.xz,73.04,8.76,1.143539054
run_65_repetition_12,DONE,zstd,zstd/@next__swc-linux-arm64-musl--swc-linux-arm64-musl-16.2.6.tar.zst,29.11,3.48,0.441625773
run_103_repetition_23,DONE,brotli,brotli/@esbuild__sunos-x64--sunos-x64-0.28.0.tar.br,5.99,0.71,0.092753105
run_71_repetition_22,DONE,zstd,zstd/aws-sdk--aws-sdk-2.1693.0.tar.zst,14.59,1.74,0.215616808
run_84_repetition_15,DONE,brotli,brotli/@esbuild__win32-x64--win32-x64-0.28.0.tar.br,6.12,0.73,0.095695922
run_103_repetition_2,DONE,brotli,brotli/@esbuild__sunos-x64--sunos-x64-0.28.0.tar.br,6.0,0.72,0.093736322
run_25_repetition_2,DONE,xz,xz/@next__swc-win32-ia32-msvc--swc-win32-ia32-msvc-14.2.16.tar.xz,116.55,13.96,1.822325741
run_5_repetition_15,DONE,npm,npm/@esbuild__aix-ppc64--aix-ppc64-0.28.0.tgz,7.93,0.94,0.124131256
run_72_repetition_27,DONE,zstd,zstd/@esbuild__win32-ia32--win32-ia32-0.28.0.tar.zst,3.24,0.38,0.048174007
run_79_repetition_18,DONE,zstd,zstd/@next__swc-linux-x64-gnu--swc-linux-x64-gnu-16.2.6.tar.zst,30.7,3.68,0.46479484
run_90_repetition_15,DONE,brotli,brotli/@esbuild__netbsd-x64--netbsd-x64-0.28.0.tar.br,6.01,0.72,0.093184172
run_62_repetition_16,DONE,zopfli,zopfli/aws-sdk--aws-sdk-2.1693.0.tgz,38.36,4.62,0.604683844
run_6_repetition_24,DONE,npm,npm/next--next-16.2.6.tgz,79.92,9.6,1.237557483
run_0_repetition_0,DONE,npm,npm/@next__swc-darwin-arm64--swc-darwin-arm64-16.2.6.tgz,67.29,8.08,1.05299209
run_83_repetition_8,DONE,zstd,zstd/@esbuild__sunos-x64--sunos-x64-0.28.0.tar.zst,3.22,0.38,0.048688478
run_19_repetition_0,DONE,npm,npm/@esbuild__freebsd-x64--freebsd-x64-0.28.0.tgz,7.69,0.92,0.120133195
run_90_repetition_13,DONE,brotli,brotli/@esbuild__netbsd-x64--netbsd-x64-0.28.0.tar.br,5.9,0.71,0.092561765
run_70_repetition_26,DONE,zstd,zstd/@esbuild__win32-x64--win32-x64-0.28.0.tar.zst,3.31,0.39,0.050162969
run_22_repetition_6,DONE,xz,xz/@next__swc-linux-arm64-musl--swc-linux-arm64-musl-16.2.6.tar.xz,154.07,18.43,2.421579194
run_101_repetition_5,DONE,brotli,brotli/@next__swc-linux-arm64-musl--swc-linux-arm64-musl-16.2.6.tar.br,40.26,4.93,0.630830701
run_104_repetition_2,DONE,brotli,brotli/@esbuild__linux-ia32--linux-ia32-0.28.0.tar.br,5.6,0.68,0.08788234
run_43_repetition_17,DONE,zopfli,zopfli/@next__swc-win32-arm64-msvc--swc-win32-arm64-msvc-16.2.6.tgz,65.78,7.89,1.023836879
run_16_repetition_14,DONE,npm,npm/@esbuild__linux-x64--linux-x64-0.28.0.tgz,7.78,0.93,0.121034043
run_16_repetition_11,DONE,npm,npm/@esbuild__linux-x64--linux-x64-0.28.0.tgz,7.79,0.94,0.121358223
run_7_repetition_6,DONE,npm,npm/@next__swc-linux-arm64-gnu--swc-linux-arm64-gnu-16.2.6.tgz,70.23,8.5,1.100735014
run_34_repetition_1,DONE,xz,xz/@esbuild__freebsd-x64--freebsd-x64-0.28.0.tar.xz,22.95,2.75,0.360922432
run_36_repetition_26,DONE,xz,xz/@esbuild__win32-x64--win32-x64-0.28.0.tar.xz,23.16,2.8,0.364064311
run_26_repetition_23,DONE,xz,xz/@esbuild__linux-riscv64--linux-riscv64-0.28.0.tar.xz,21.58,2.55,0.33852215
run_86_repetition_6,DONE,brotli,brotli/@next__swc-darwin-x64--swc-darwin-x64-16.2.6.tar.br,40.8,4.99,0.637987827
run_73_repetition_8,DONE,zstd,zstd/@next__swc-linux-arm64-gnu--swc-linux-arm64-gnu-16.2.6.tar.zst,29.59,3.53,0.447187997
run_16_repetition_19,DONE,npm,npm/@esbuild__linux-x64--linux-x64-0.28.0.tgz,7.73,0.92,0.120598052
run_52_repetition_20,DONE,zopfli,zopfli/@esbuild__netbsd-x64--netbsd-x64-0.28.0.tgz,7.99,0.95,0.124989277
run_2_repetition_19,DONE,npm,npm/@esbuild__win32-ia32--win32-ia32-0.28.0.tgz,7.56,0.91,0.117908021
run_6_repetition_2,DONE,npm,npm/next--next-16.2.6.tgz,79.75,9.55,1.236543725
run_32_repetition_0,DONE,xz,xz/@next__swc-linux-x64-gnu--swc-linux-x64-gnu-16.2.6.tar.xz,178.25,21.33,2.791078114
run_25_repetition_25,DONE,xz,xz/@next__swc-win32-ia32-msvc--swc-win32-ia32-msvc-14.2.16.tar.xz,116.37,13.89,1.8217792
run_102_repetition_9,DONE,brotli,brotli/@esbuild__linux-riscv64--linux-riscv64-0.28.0.tar.br,5.67,0.67,0.088292065
run_38_repetition_6,DONE,xz,xz/@esbuild__linux-ia32--linux-ia32-0.28.0.tar.xz,21.76,2.61,0.339240396
run_41_repetition_9,DONE,xz,xz/@esbuild__darwin-x64--darwin-x64-0.28.0.tar.xz,23.51,2.83,0.36833092
run_78_repetition_27,DONE,zstd,zstd/@esbuild__netbsd-x64--netbsd-x64-0.28.0.tar.zst,3.19,0.37,0.047416509
run_12_repetition_10,DONE,npm,npm/@next__swc-linux-arm64-musl--swc-linux-arm64-musl-16.2.6.tgz,70.23,8.37,1.096337153
run_82_repetition_14,DONE,zstd,zstd/@next__swc-darwin-arm64--swc-darwin-arm64-16.2.6.tar.zst,28.11,3.36,0.422479198
run_12_repetition_7,DONE,npm,npm/@next__swc-linux-arm64-musl--swc-linux-arm64-musl-16.2.6.tgz,70.19,8.38,1.095377539
run_32_repetition_28,DONE,xz,xz/@next__swc-linux-x64-gnu--swc-linux-x64-gnu-16.2.6.tar.xz,178.5,21.16,2.790310449
run_94_repetition_20,DONE,brotli,brotli/@next__swc-win32-x64-msvc--swc-win32-x64-msvc-16.2.6.tar.br,44.44,5.39,0.69360312
run_66_repetition_6,DONE,zstd,zstd/@esbuild__openbsd-x64--openbsd-x64-0.28.0.tar.zst,3.24,0.38,0.048673151
run_68_repetition_1,DONE,zstd,zstd/@next__swc-win32-ia32-msvc--swc-win32-ia32-msvc-14.2.16.tar.zst,21.99,2.58,0.33039783
run_50_repetition_14,DONE,zopfli,zopfli/@next__swc-linux-x64-musl--swc-linux-x64-musl-16.2.6.tgz,78.21,9.36,1.22967484
run_91_repetition_1,DONE,brotli,brotli/aws-sdk--aws-sdk-2.1693.0.tar.br,12.9,1.61,0.200033433
run_63_repetition_3,DONE,zstd,zstd/next--next-16.2.6.tar.zst,20.87,2.5,0.30601384
run_68_repetition_8,DONE,zstd,zstd/@next__swc-win32-ia32-msvc--swc-win32-ia32-msvc-14.2.16.tar.zst,21.37,2.56,0.321196459
run_28_repetition_29,DONE,xz,xz/@next__swc-linux-arm64-gnu--swc-linux-arm64-gnu-16.2.6.tar.xz,156.34,18.57,2.447418036
run_57_repetition_21,DONE,zopfli,zopfli/@esbuild__linux-x64--linux-x64-0.28.0.tgz,8.07,0.96,0.126133285
run_1_repetition_6,DONE,npm,npm/@next__swc-win32-arm64-msvc--swc-win32-arm64-msvc-16.2.6.tgz,61.49,7.33,0.960634912
run_11_repetition_20,DONE,npm,npm/@esbuild__netbsd-x64--netbsd-x64-0.28.0.tgz,7.67,0.92,0.119808292
run_90_repetition_8,DONE,brotli,brotli/@esbuild__netbsd-x64--netbsd-x64-0.28.0.tar.br,5.93,0.72,0.092457419
run_78_repetition_21,DONE,zstd,zstd/@esbuild__netbsd-x64--netbsd-x64-0.28.0.tar.zst,3.18,0.37,0.047986717
run_62_repetition_2,DONE,zopfli,zopfli/aws-sdk--aws-sdk-2.1693.0.tgz,38.58,4.64,0.60518598
run_42_repetition_11,DONE,zopfli,zopfli/@next__swc-darwin-arm64--swc-darwin-arm64-16.2.6.tgz,71.17,8.52,1.118919064
run_57_repetition_13,DONE,zopfli,zopfli/@esbuild__linux-x64--linux-x64-0.28.0.tgz,8.03,0.96,0.126100569
run_92_repetition_2,DONE,brotli,brotli/@next__swc-darwin-arm64--swc-darwin-arm64-16.2.6.tar.br,38.77,4.65,0.604826351
run_96_repetition_1,DONE,brotli,brotli/@next__swc-win32-arm64-msvc--swc-win32-arm64-msvc-16.2.6.tar.br,35.51,4.33,0.554433867
run_39_repetition_13,DONE,xz,xz/@esbuild__sunos-x64--sunos-x64-0.28.0.tar.xz,23.37,2.79,0.360654714
run_94_repetition_10,DONE,brotli,brotli/@next__swc-win32-x64-msvc--swc-win32-x64-msvc-16.2.6.tar.br,44.42,5.37,0.695030027
run_35_repetition_11,DONE,xz,xz/@next__swc-darwin-arm64--swc-darwin-arm64-16.2.6.tar.xz,147.05,17.63,2.305311322
run_48_repetition_18,DONE,zopfli,zopfli/@next__swc-linux-arm64-gnu--swc-linux-arm64-gnu-16.2.6.tgz,74.43,8.99,1.169833296
run_86_repetition_28,DONE,brotli,brotli/@next__swc-darwin-x64--swc-darwin-x64-16.2.6.tar.br,41.0,4.96,0.640458575
run_6_repetition_22,DONE,npm,npm/next--next-16.2.6.tgz,79.72,9.52,1.237990202
run_88_repetition_16,DONE,brotli,brotli/@next__swc-linux-x64-gnu--swc-linux-x64-gnu-16.2.6.tar.br,43.69,5.28,0.68221805
run_65_repetition_0,DONE,zstd,zstd/@next__swc-linux-arm64-musl--swc-linux-arm64-musl-16.2.6.tar.zst,29.38,3.5,0.443027526
run_6_repetition_17,DONE,npm,npm/next--next-16.2.6.tgz,79.92,9.51,1.237814557
run_2_repetition_12,DONE,npm,npm/@esbuild__win32-ia32--win32-ia32-0.28.0.tgz,7.58,0.91,0.117629511
run_45_repetition_21,DONE,zopfli,zopfli/@next__swc-win32-ia32-msvc--swc-win32-ia32-msvc-14.2.16.tgz,54.74,6.62,0.859398479
run_22_repetition_27,DONE,xz,xz/@next__swc-linux-arm64-musl--swc-linux-arm64-musl-16.2.6.tar.xz,154.79,18.6,2.420640607
run_96_repetition_3,DONE,brotli,brotli/@next__swc-win32-arm64-msvc--swc-win32-arm64-msvc-16.2.6.tar.br,35.47,4.33,0.552907122
run_46_repetition_9,DONE,zopfli,zopfli/@next__swc-darwin-x64--swc-darwin-x64-16.2.6.tgz,73.43,8.83,1.158171267
run_2_repetition_15,DONE,npm,npm/@esbuild__win32-ia32--win32-ia32-0.28.0.tgz,7.52,0.89,0.117446545
run_94_repetition_22,DONE,brotli,brotli/@next__swc-win32-x64-msvc--swc-win32-x64-msvc-16.2.6.tar.br,44.56,5.34,0.69585423
run_60_repetition_20,DONE,zopfli,zopfli/@esbuild__linux-s390x--linux-s390x-0.28.0.tgz,7.88,0.95,0.123676952
run_2_repetition_27,DONE,npm,npm/@esbuild__win32-ia32--win32-ia32-0.28.0.tgz,7.57,0.9,0.117891309
run_70_repetition_19,DONE,zstd,zstd/@esbuild__win32-x64--win32-x64-0.28.0.tar.zst,3.31,0.39,0.049542743
run_49_repetition_7,DONE,zopfli,zopfli/@esbuild__sunos-x64--sunos-x64-0.28.0.tgz,8.0,0.97,0.125234497
run_85_repetition_13,DONE,brotli,brotli/@next__swc-linux-arm64-gnu--swc-linux-arm64-gnu-16.2.6.tar.br,40.87,4.89,0.631883963
run_6_repetition_27,DONE,npm,npm/next--next-16.2.6.tgz,79.69,9.44,1.23812651
run_58_repetition_13,DONE,zopfli,zopfli/@esbuild__darwin-x64--darwin-x64-0.28.0.tgz,8.2,0.99,0.128407803
run_83_repetition_17,DONE,zstd,zstd/@esbuild__sunos-x64--sunos-x64-0.28.0.tar.zst,3.2,0.38,0.04878288
run_40_repetition_25,DONE,xz,xz/@next__swc-win32-arm64-msvc--swc-win32-arm64-msvc-16.2.6.tar.xz,134.33,15.97,2.103500951
run_102_repetition_20,DONE,brotli,brotli/@esbuild__linux-riscv64--linux-riscv64-0.28.0.tar.br,5.65,0.68,0.088593246
run_40_repetition_14,DONE,xz,xz/@next__swc-win32-arm64-msvc--swc-win32-arm64-msvc-16.2.6.tar.xz,134.01,16.0,2.103320388
run_37_repetition_1,DONE,xz,xz/@next__swc-linux-x64-musl--swc-linux-x64-musl-16.2.6.tar.xz,177.98,21.27,2.798067334
run_93_repetition_26,DONE,brotli,brotli/@esbuild__linux-x64--linux-x64-0.28.0.tar.br,6.19,0.73,0.093528924
run_20_repetition_23,DONE,npm,npm/aws-sdk--aws-sdk-2.1693.0.tgz,37.46,4.5,0.585229278
run_21_repetition_24,DONE,xz,xz/@esbuild__win32-ia32--win32-ia32-0.28.0.tar.xz,22.76,2.73,0.356643592
run_82_repetition_13,DONE,zstd,zstd/@next__swc-darwin-arm64--swc-darwin-arm64-16.2.6.tar.zst,27.91,3.34,0.421296996
run_69_repetition_12,DONE,zstd,zstd/@next__swc-linux-x64-musl--swc-linux-x64-musl-16.2.6.tar.zst,30.62,3.68,0.463286377
run_35_repetition_3,DONE,xz,xz/@next__swc-darwin-arm64--swc-darwin-arm64-16.2.6.tar.xz,147.46,17.7,2.312407861
run_31_repetition_10,DONE,xz,xz/@esbuild__openbsd-x64--openbsd-x64-0.28.0.tar.xz,22.98,2.73,0.360248308
run_38_repetition_13,DONE,xz,xz/@esbuild__linux-ia32--linux-ia32-0.28.0.tar.xz,21.6,2.6,0.338372394
run_24_repetition_14,DONE,xz,xz/aws-sdk--aws-sdk-2.1693.0.tar.xz,45.93,5.51,0.719659571
run_74_repetition_9,DONE,zstd,zstd/@esbuild__darwin-x64--darwin-x64-0.28.0.tar.zst,3.33,0.39,0.050360565
run_82_repetition_3,DONE,zstd,zstd/@next__swc-darwin-arm64--swc-darwin-arm64-16.2.6.tar.zst,28.64,3.41,0.43024302
run_50_repetition_18,DONE,zopfli,zopfli/@next__swc-linux-x64-musl--swc-linux-x64-musl-16.2.6.tgz,78.54,9.45,1.231749045
run_60_repetition_2,DONE,zopfli,zopfli/@esbuild__linux-s390x--linux-s390x-0.28.0.tgz,7.86,0.96,0.123465942
run_48_repetition_1,DONE,zopfli,zopfli/@next__swc-linux-arm64-gnu--swc-linux-arm64-gnu-16.2.6.tgz,74.38,8.97,1.169769943
run_78_repetition_26,DONE,zstd,zstd/@esbuild__netbsd-x64--netbsd-x64-0.28.0.tar.zst,3.19,0.37,0.04777
run_11_repetition_21,DONE,npm,npm/@esbuild__netbsd-x64--netbsd-x64-0.28.0.tgz,7.73,0.91,0.119528859
run_49_repetition_8,DONE,zopfli,zopfli/@esbuild__sunos-x64--sunos-x64-0.28.0.tgz,7.95,0.95,0.124840471
run_14_repetition_3,DONE,npm,npm/@esbuild__openbsd-x64--openbsd-x64-0.28.0.tgz,7.67,0.92,0.119596009
run_12_repetition_2,DONE,npm,npm/@next__swc-linux-arm64-musl--swc-linux-arm64-musl-16.2.6.tgz,69.96,8.39,1.094971142
run_57_repetition_0,DONE,zopfli,zopfli/@esbuild__linux-x64--linux-x64-0.28.0.tgz,8.03,0.96,0.126268927
run_102_repetition_10,DONE,brotli,brotli/@esbuild__linux-riscv64--linux-riscv64-0.28.0.tar.br,5.68,0.68,0.089293086
run_10_repetition_8,DONE,npm,npm/@next__swc-linux-x64-gnu--swc-linux-x64-gnu-16.2.6.tgz,74.9,8.91,1.170065441
run_32_repetition_8,DONE,xz,xz/@next__swc-linux-x64-gnu--swc-linux-x64-gnu-16.2.6.tar.xz,178.38,21.12,2.792691736
run_92_repetition_20,DONE,brotli,brotli/@next__swc-darwin-arm64--swc-darwin-arm64-16.2.6.tar.br,38.74,4.68,0.602953629
run_30_repetition_20,DONE,xz,xz/next--next-16.2.6.tar.xz,73.2,8.71,1.142795801
run_52_repetition_13,DONE,zopfli,zopfli/@esbuild__netbsd-x64--netbsd-x64-0.28.0.tgz,7.99,0.96,0.125408493
run_54_repetition_17,DONE,zopfli,zopfli/@esbuild__win32-x64--win32-x64-0.28.0.tgz,8.18,0.98,0.128066228
run_63_repetition_15,DONE,zstd,zstd/next--next-16.2.6.tar.zst,20.84,2.49,0.305555221
run_100_repetition_24,DONE,brotli,brotli/@esbuild__openbsd-x64--openbsd-x64-0.28.0.tar.br,5.94,0.72,0.093034717
run_92_repetition_19,DONE,brotli,brotli/@next__swc-darwin-arm64--swc-darwin-arm64-16.2.6.tar.br,38.59,4.72,0.604621625
run_84_repetition_25,DONE,brotli,brotli/@esbuild__win32-x64--win32-x64-0.28.0.tar.br,6.05,0.72,0.095563237
run_66_repetition_17,DONE,zstd,zstd/@esbuild__openbsd-x64--openbsd-x64-0.28.0.tar.zst,3.23,0.38,0.048221854
run_63_repetition_8,DONE,zstd,zstd/next--next-16.2.6.tar.zst,20.96,2.54,0.307719997
run_42_repetition_29,DONE,zopfli,zopfli/@next__swc-darwin-arm64--swc-darwin-arm64-16.2.6.tgz,71.31,8.53,1.117790018
run_97_repetition_14,DONE,brotli,brotli/next--next-16.2.6.tar.br,22.61,2.77,0.34975804
run_34_repetition_13,DONE,xz,xz/@esbuild__freebsd-x64--freebsd-x64-0.28.0.tar.xz,23.08,2.77,0.361290248
run_31_repetition_11,DONE,xz,xz/@esbuild__openbsd-x64--openbsd-x64-0.28.0.tar.xz,23.02,2.74,0.360353095
run_16_repetition_24,DONE,npm,npm/@esbuild__linux-x64--linux-x64-0.28.0.tgz,7.79,0.92,0.121320235
run_8_repetition_17,DONE,npm,npm/@esbuild__sunos-x64--sunos-x64-0.28.0.tgz,7.72,0.91,0.120339443
run_64_repetition_19,DONE,zstd,zstd/@esbuild__linux-x64--linux-x64-0.28.0.tar.zst,3.18,0.37,0.0479306
run_32_repetition_21,DONE,xz,xz/@next__swc-linux-x64-gnu--swc-linux-x64-gnu-16.2.6.tar.xz,178.08,21.05,2.79116394
run_36_repetition_21,DONE,xz,xz/@esbuild__win32-x64--win32-x64-0.28.0.tar.xz,23.21,2.75,0.363705273
run_97_repetition_15,DONE,brotli,brotli/next--next-16.2.6.tar.br,22.71,2.78,0.350585224
run_62_repetition_25,DONE,zopfli,zopfli/aws-sdk--aws-sdk-2.1693.0.tgz,38.47,4.65,0.60525532
run_1_repetition_3,DONE,npm,npm/@next__swc-win32-arm64-msvc--swc-win32-arm64-msvc-16.2.6.tgz,61.48,7.38,0.96192417
run_29_repetition_1,DONE,xz,xz/@esbuild__netbsd-x64--netbsd-x64-0.28.0.tar.xz,23.08,2.77,0.360801123
run_85_repetition_26,DONE,brotli,brotli/@next__swc-linux-arm64-gnu--swc-linux-arm64-gnu-16.2.6.tar.br,40.52,4.93,0.632113014
run_65_repetition_8,DONE,zstd,zstd/@next__swc-linux-arm64-musl--swc-linux-arm64-musl-16.2.6.tar.zst,29.39,3.5,0.443575637
run_5_repetition_18,DONE,npm,npm/@esbuild__aix-ppc64--aix-ppc64-0.28.0.tgz,7.97,0.96,0.124399576
run_95_repetition_16,DONE,brotli,brotli/@esbuild__win32-ia32--win32-ia32-0.28.0.tar.br,5.78,0.7,0.09086226
run_59_repetition_25,DONE,zopfli,zopfli/typescript--typescript-6.0.3.tgz,11.28,1.36,0.177289633
run_52_repetition_6,DONE,zopfli,zopfli/@esbuild__netbsd-x64--netbsd-x64-0.28.0.tgz,7.95,0.96,0.124790592
run_52_repetition_7,DONE,zopfli,zopfli/@esbuild__netbsd-x64--netbsd-x64-0.28.0.tgz,8.0,0.96,0.124891239
run_42_repetition_10,DONE,zopfli,zopfli/@next__swc-darwin-arm64--swc-darwin-arm64-16.2.6.tgz,71.05,8.65,1.119559048
run_92_repetition_25,DONE,brotli,brotli/@next__swc-darwin-arm64--swc-darwin-arm64-16.2.6.tar.br,38.65,4.71,0.603205434
run_72_repetition_14,DONE,zstd,zstd/@esbuild__win32-ia32--win32-ia32-0.28.0.tar.zst,3.18,0.38,0.047709409
run_37_repetition_12,DONE,xz,xz/@next__swc-linux-x64-musl--swc-linux-x64-musl-16.2.6.tar.xz,178.68,21.24,2.792866456
run_15_repetition_9,DONE,npm,npm/@next__swc-win32-x64-msvc--swc-win32-x64-msvc-16.2.6.tgz,75.67,9.08,1.182519188
run_64_repetition_28,DONE,zstd,zstd/@esbuild__linux-x64--linux-x64-0.28.0.tar.zst,3.13,0.37,0.047747761
run_90_repetition_9,DONE,brotli,brotli/@esbuild__netbsd-x64--netbsd-x64-0.28.0.tar.br,6.0,0.73,0.093327615
run_15_repetition_12,DONE,npm,npm/@next__swc-win32-x64-msvc--swc-win32-x64-msvc-16.2.6.tgz,75.67,9.13,1.184070107
run_46_repetition_29,DONE,zopfli,zopfli/@next__swc-darwin-x64--swc-darwin-x64-16.2.6.tgz,73.61,8.87,1.158364041
run_26_repetition_12,DONE,xz,xz/@esbuild__linux-riscv64--linux-riscv64-0.28.0.tar.xz,21.56,2.56,0.338145707
run_56_repetition_11,DONE,zopfli,zopfli/@next__swc-win32-x64-msvc--swc-win32-x64-msvc-16.2.6.tgz,79.89,9.65,1.256068573
run_57_repetition_18,DONE,zopfli,zopfli/@esbuild__linux-x64--linux-x64-0.28.0.tgz,8.0,0.96,0.125818144
run_27_repetition_0,DONE,xz,xz/@next__swc-win32-x64-msvc--swc-win32-x64-msvc-16.2.6.tar.xz,173.46,20.72,2.728633913
run_77_repetition_18,DONE,zstd,zstd/@esbuild__linux-s390x--linux-s390x-0.28.0.tar.zst,3.2,0.38,0.048329386
run_86_repetition_19,DONE,brotli,brotli/@next__swc-darwin-x64--swc-darwin-x64-16.2.6.tar.br,40.94,4.98,0.638685087
run_90_repetition_5,DONE,brotli,brotli/@esbuild__netbsd-x64--netbsd-x64-0.28.0.tar.br,5.95,0.72,0.093073813
run_51_repetition_2,DONE,zopfli,zopfli/@next__swc-linux-x64-gnu--swc-linux-x64-gnu-16.2.6.tgz,78.16,9.36,1.229486955
run_68_repetition_12,DONE,zstd,zstd/@next__swc-win32-ia32-msvc--swc-win32-ia32-msvc-14.2.16.tar.zst,21.44,2.54,0.321084867
run_74_repetition_15,DONE,zstd,zstd/@esbuild__darwin-x64--darwin-x64-0.28.0.tar.zst,3.34,0.4,0.05017816
run_25_repetition_24,DONE,xz,xz/@next__swc-win32-ia32-msvc--swc-win32-ia32-msvc-14.2.16.tar.xz,116.3,13.97,1.823562303
run_30_repetition_29,DONE,xz,xz/next--next-16.2.6.tar.xz,73.17,8.78,1.143327543
run_89_repetition_25,DONE,brotli,brotli/@esbuild__darwin-x64--darwin-x64-0.28.0.tar.br,6.09,0.73,0.094940508
run_66_repetition_5,DONE,zstd,zstd/@esbuild__openbsd-x64--openbsd-x64-0.28.0.tar.zst,3.27,0.38,0.048795122
run_21_repetition_21,DONE,xz,xz/@esbuild__win32-ia32--win32-ia32-0.28.0.tar.xz,22.93,2.75,0.356026165
run_13_repetition_4,DONE,npm,npm/@esbuild__win32-x64--win32-x64-0.28.0.tgz,7.84,0.95,0.122861453
run_58_repetition_15,DONE,zopfli,zopfli/@esbuild__darwin-x64--darwin-x64-0.28.0.tgz,8.18,0.99,0.127680803
run_98_repetition_21,DONE,brotli,brotli/@next__swc-linux-x64-musl--swc-linux-x64-musl-16.2.6.tar.br,43.96,5.26,0.681802607
run_97_repetition_2,DONE,brotli,brotli/next--next-16.2.6.tar.br,22.61,2.76,0.348753937
run_32_repetition_15,DONE,xz,xz/@next__swc-linux-x64-gnu--swc-linux-x64-gnu-16.2.6.tar.xz,178.2,21.28,2.793117844
run_92_repetition_17,DONE,brotli,brotli/@next__swc-darwin-arm64--swc-darwin-arm64-16.2.6.tar.br,38.61,4.65,0.602735626
run_41_repetition_16,DONE,xz,xz/@esbuild__darwin-x64--darwin-x64-0.28.0.tar.xz,23.52,2.79,0.36898029
run_65_repetition_24,DONE,zstd,zstd/@next__swc-linux-arm64-musl--swc-linux-arm64-musl-16.2.6.tar.zst,29.36,3.47,0.441479093
run_86_repetition_3,DONE,brotli,brotli/@next__swc-darwin-x64--swc-darwin-x64-16.2.6.tar.br,40.94,4.95,0.639891537
run_17_repetition_2,DONE,npm,npm/@esbuild__darwin-x64--darwin-x64-0.28.0.tgz,7.89,0.94,0.123021254
run_50_repetition_3,DONE,zopfli,zopfli/@next__swc-linux-x64-musl--swc-linux-x64-musl-16.2.6.tgz,78.37,9.43,1.232749803
run_4_repetition_14,DONE,npm,npm/@next__swc-darwin-x64--swc-darwin-x64-16.2.6.tgz,70.51,8.51,1.104052507
run_85_repetition_28,DONE,brotli,brotli/@next__swc-linux-arm64-gnu--swc-linux-arm64-gnu-16.2.6.tar.br,40.68,4.87,0.628728172
run_78_repetition_7,DONE,zstd,zstd/@esbuild__netbsd-x64--netbsd-x64-0.28.0.tar.zst,3.17,0.37,0.048201515
run_5_repetition_29,DONE,npm,npm/@esbuild__aix-ppc64--aix-ppc64-0.28.0.tgz,7.96,0.96,0.123824251
run_74_repetition_3,DONE,zstd,zstd/@esbuild__darwin-x64--darwin-x64-0.28.0.tar.zst,3.26,0.39,0.049776262
run_84_repetition_10,DONE,brotli,brotli/@esbuild__win32-x64--win32-x64-0.28.0.tar.br,6.13,0.72,0.095748762
run_75_repetition_2,DONE,zstd,zstd/@esbuild__freebsd-x64--freebsd-x64-0.28.0.tar.zst,3.21,0.38,0.048566836
run_102_repetition_29,DONE,brotli,brotli/@esbuild__linux-riscv64--linux-riscv64-0.28.0.tar.br,5.67,0.69,0.088589961
run_45_repetition_17,DONE,zopfli,zopfli/@next__swc-win32-ia32-msvc--swc-win32-ia32-msvc-14.2.16.tgz,54.67,6.59,0.858655928
run_71_repetition_19,DONE,zstd,zstd/aws-sdk--aws-sdk-2.1693.0.tar.zst,14.54,1.75,0.214786415
run_77_repetition_21,DONE,zstd,zstd/@esbuild__linux-s390x--linux-s390x-0.28.0.tar.zst,3.18,0.38,0.048258009
run_79_repetition_15,DONE,zstd,zstd/@next__swc-linux-x64-gnu--swc-linux-x64-gnu-16.2.6.tar.zst,30.92,3.65,0.465735133
run_104_repetition_19,DONE,brotli,brotli/@esbuild__linux-ia32--linux-ia32-0.28.0.tar.br,5.68,0.68,0.087825156
run_6_repetition_11,DONE,npm,npm/next--next-16.2.6.tgz,79.16,9.49,1.236598616
run_5_repetition_19,DONE,npm,npm/@esbuild__aix-ppc64--aix-ppc64-0.28.0.tgz,7.92,0.95,0.123762096
run_20_repetition_15,DONE,npm,npm/aws-sdk--aws-sdk-2.1693.0.tgz,37.41,4.5,0.583819049
run_67_repetition_18,DONE,zstd,zstd/@next__swc-darwin-x64--swc-darwin-x64-16.2.6.tar.zst,28.51,3.42,0.42926094
run_48_repetition_14,DONE,zopfli,zopfli/@next__swc-linux-arm64-gnu--swc-linux-arm64-gnu-16.2.6.tgz,74.65,9.02,1.170370114
run_102_repetition_5,DONE,brotli,brotli/@esbuild__linux-riscv64--linux-riscv64-0.28.0.tar.br,5.69,0.69,0.088613486
run_26_repetition_14,DONE,xz,xz/@esbuild__linux-riscv64--linux-riscv64-0.28.0.tar.xz,21.58,2.54,0.338048382
run_82_repetition_12,DONE,zstd,zstd/@next__swc-darwin-arm64--swc-darwin-arm64-16.2.6.tar.zst,28.04,3.29,0.420753201
run_13_repetition_28,DONE,npm,npm/@esbuild__win32-x64--win32-x64-0.28.0.tgz,7.93,0.94,0.123113063
run_61_repetition_26,DONE,zopfli,zopfli/@esbuild__freebsd-x64--freebsd-x64-0.28.0.tgz,7.99,0.94,0.124912098
run_92_repetition_8,DONE,brotli,brotli/@next__swc-darwin-arm64--swc-darwin-arm64-16.2.6.tar.br,38.74,4.62,0.604622585
run_72_repetition_26,DONE,zstd,zstd/@esbuild__win32-ia32--win32-ia32-0.28.0.tar.zst,3.21,0.37,0.048129509
run_58_repetition_4,DONE,zopfli,zopfli/@esbuild__darwin-x64--darwin-x64-0.28.0.tgz,8.19,0.98,0.127820435
run_30_repetition_14,DONE,xz,xz/next--next-16.2.6.tar.xz,73.19,8.79,1.141834635
run_59_repetition_20,DONE,zopfli,zopfli/typescript--typescript-6.0.3.tgz,11.32,1.33,0.177358736
run_47_repetition_17,DONE,zopfli,zopfli/next--next-16.2.6.tgz,81.46,9.81,1.280552444
run_96_repetition_10,DONE,brotli,brotli/@next__swc-win32-arm64-msvc--swc-win32-arm64-msvc-16.2.6.tar.br,35.79,4.34,0.556639026
run_40_repetition_27,DONE,xz,xz/@next__swc-win32-arm64-msvc--swc-win32-arm64-msvc-16.2.6.tar.xz,134.36,16.12,2.104933619
run_94_repetition_14,DONE,brotli,brotli/@next__swc-win32-x64-msvc--swc-win32-x64-msvc-16.2.6.tar.br,44.75,5.42,0.695687368
run_50_repetition_26,DONE,zopfli,zopfli/@next__swc-linux-x64-musl--swc-linux-x64-musl-16.2.6.tgz,78.58,9.42,1.231298638
run_2_repetition_26,DONE,npm,npm/@esbuild__win32-ia32--win32-ia32-0.28.0.tgz,7.56,0.91,0.11790739
run_60_repetition_25,DONE,zopfli,zopfli/@esbuild__linux-s390x--linux-s390x-0.28.0.tgz,7.91,0.95,0.123749606
run_90_repetition_20,DONE,brotli,brotli/@esbuild__netbsd-x64--netbsd-x64-0.28.0.tar.br,5.93,0.71,0.09228834
run_51_repetition_3,DONE,zopfli,zopfli/@next__swc-linux-x64-gnu--swc-linux-x64-gnu-16.2.6.tgz,78.25,9.49,1.229534927
run_26_repetition_1,DONE,xz,xz/@esbuild__linux-riscv64--linux-riscv64-0.28.0.tar.xz,21.57,2.6,0.338818481
run_86_repetition_0,DONE,brotli,brotli/@next__swc-darwin-x64--swc-darwin-x64-16.2.6.tar.br,41.19,5.03,0.640723884
run_62_repetition_5,DONE,zopfli,zopfli/aws-sdk--aws-sdk-2.1693.0.tgz,38.53,4.69,0.604840237
run_84_repetition_29,DONE,brotli,brotli/@esbuild__win32-x64--win32-x64-0.28.0.tar.br,6.12,0.74,0.095336721
run_89_repetition_21,DONE,brotli,brotli/@esbuild__darwin-x64--darwin-x64-0.28.0.tar.br,6.13,0.73,0.095206413
run_24_repetition_8,DONE,xz,xz/aws-sdk--aws-sdk-2.1693.0.tar.xz,45.91,5.55,0.719774562
run_25_repetition_5,DONE,xz,xz/@next__swc-win32-ia32-msvc--swc-win32-ia32-msvc-14.2.16.tar.xz,116.35,13.88,1.82287154
run_93_repetition_23,DONE,brotli,brotli/@esbuild__linux-x64--linux-x64-0.28.0.tar.br,5.96,0.72,0.093517736
run_1_repetition_28,DONE,npm,npm/@next__swc-win32-arm64-msvc--swc-win32-arm64-msvc-16.2.6.tgz,61.67,7.37,0.960583151
run_33_repetition_22,DONE,xz,xz/@esbuild__linux-x64--linux-x64-0.28.0.tar.xz,22.81,2.73,0.356803857
run_86_repetition_10,DONE,brotli,brotli/@next__swc-darwin-x64--swc-darwin-x64-16.2.6.tar.br,41.28,5.01,0.641125274
run_98_repetition_18,DONE,brotli,brotli/@next__swc-linux-x64-musl--swc-linux-x64-musl-16.2.6.tar.br,43.95,5.35,0.682070705
run_40_repetition_18,DONE,xz,xz/@next__swc-win32-arm64-msvc--swc-win32-arm64-msvc-16.2.6.tar.xz,134.17,16.12,2.10178874
run_13_repetition_21,DONE,npm,npm/@esbuild__win32-x64--win32-x64-0.28.0.tgz,7.88,0.94,0.123092002
run_46_repetition_0,DONE,zopfli,zopfli/@next__swc-darwin-x64--swc-darwin-x64-16.2.6.tgz,73.56,8.9,1.157084764
run_64_repetition_16,DONE,zstd,zstd/@esbuild__linux-x64--linux-x64-0.28.0.tar.zst,3.29,0.38,0.048867053
run_57_repetition_29,DONE,zopfli,zopfli/@esbuild__linux-x64--linux-x64-0.28.0.tgz,8.02,0.96,0.125967143
run_86_repetition_4,DONE,brotli,brotli/@next__swc-darwin-x64--swc-darwin-x64-16.2.6.tar.br,41.12,4.96,0.642274334
run_82_repetition_18,DONE,zstd,zstd/@next__swc-darwin-arm64--swc-darwin-arm64-16.2.6.tar.zst,28.07,3.36,0.42147746
run_11_repetition_2,DONE,npm,npm/@esbuild__netbsd-x64--netbsd-x64-0.28.0.tgz,7.65,0.92,0.119357132
run_66_repetition_23,DONE,zstd,zstd/@esbuild__openbsd-x64--openbsd-x64-0.28.0.tar.zst,3.26,0.38,0.048395713
run_94_repetition_8,DONE,brotli,brotli/@next__swc-win32-x64-msvc--swc-win32-x64-msvc-16.2.6.tar.br,44.84,5.41,0.69758596
run_25_repetition_4,DONE,xz,xz/@next__swc-win32-ia32-msvc--swc-win32-ia32-msvc-14.2.16.tar.xz,116.09,13.85,1.820548446
run_76_repetition_10,DONE,zstd,zstd/@esbuild__linux-riscv64--linux-riscv64-0.28.0.tar.zst,2.89,0.33,0.043137928
run_7_repetition_27,DONE,npm,npm/@next__swc-linux-arm64-gnu--swc-linux-arm64-gnu-16.2.6.tgz,70.65,8.41,1.100937889
run_22_repetition_14,DONE,xz,xz/@next__swc-linux-arm64-musl--swc-linux-arm64-musl-16.2.6.tar.xz,157.04,18.56,2.424743151
run_71_repetition_12,DONE,zstd,zstd/aws-sdk--aws-sdk-2.1693.0.tar.zst,14.4,1.72,0.212738832
run_36_repetition_10,DONE,xz,xz/@esbuild__win32-x64--win32-x64-0.28.0.tar.xz,23.23,2.76,0.363539361
run_69_repetition_18,DONE,zstd,zstd/@next__swc-linux-x64-musl--swc-linux-x64-musl-16.2.6.tar.zst,30.99,3.67,0.465440539
run_38_repetition_25,DONE,xz,xz/@esbuild__linux-ia32--linux-ia32-0.28.0.tar.xz,21.54,2.59,0.337629662
run_58_repetition_14,DONE,zopfli,zopfli/@esbuild__darwin-x64--darwin-x64-0.28.0.tgz,8.2,0.99,0.128173915
run_11_repetition_28,DONE,npm,npm/@esbuild__netbsd-x64--netbsd-x64-0.28.0.tgz,7.71,0.92,0.119902541
run_52_repetition_4,DONE,zopfli,zopfli/@esbuild__netbsd-x64--netbsd-x64-0.28.0.tgz,7.96,0.96,0.124929547
run_14_repetition_4,DONE,npm,npm/@esbuild__openbsd-x64--openbsd-x64-0.28.0.tgz,7.74,0.93,0.120113801
run_42_repetition_4,DONE,zopfli,zopfli/@next__swc-darwin-arm64--swc-darwin-arm64-16.2.6.tgz,71.31,8.54,1.118938007
run_8_repetition_11,DONE,npm,npm/@esbuild__sunos-x64--sunos-x64-0.28.0.tgz,7.71,0.93,0.119961734
run_101_repetition_19,DONE,brotli,brotli/@next__swc-linux-arm64-musl--swc-linux-arm64-musl-16.2.6.tar.br,40.58,4.93,0.631287681
run_59_repetition_15,DONE,zopfli,zopfli/typescript--typescript-6.0.3.tgz,11.28,1.38,0.177577523
run_64_repetition_11,DONE,zstd,zstd/@esbuild__linux-x64--linux-x64-0.28.0.tar.zst,3.18,0.37,0.047694108
run_18_repetition_0,DONE,npm,npm/@esbuild__linux-s390x--linux-s390x-0.28.0.tgz,7.82,0.95,0.121675342
run_94_repetition_12,DONE,brotli,brotli/@next__swc-win32-x64-msvc--swc-win32-x64-msvc-16.2.6.tar.br,44.95,5.42,0.700665841
run_15_repetition_4,DONE,npm,npm/@next__swc-win32-x64-msvc--swc-win32-x64-msvc-16.2.6.tgz,75.82,9.08,1.183294619
run_93_repetition_6,DONE,brotli,brotli/@esbuild__linux-x64--linux-x64-0.28.0.tar.br,5.99,0.72,0.093629922
run_34_repetition_16,DONE,xz,xz/@esbuild__freebsd-x64--freebsd-x64-0.28.0.tar.xz,23.02,2.76,0.360825362
run_39_repetition_16,DONE,xz,xz/@esbuild__sunos-x64--sunos-x64-0.28.0.tar.xz,23.01,2.73,0.360641036
run_11_repetition_16,DONE,npm,npm/@esbuild__netbsd-x64--netbsd-x64-0.28.0.tgz,7.7,0.93,0.119853094
run_77_repetition_27,DONE,zstd,zstd/@esbuild__linux-s390x--linux-s390x-0.28.0.tar.zst,3.21,0.38,0.047913426
run_65_repetition_20,DONE,zstd,zstd/@next__swc-linux-arm64-musl--swc-linux-arm64-musl-16.2.6.tar.zst,29.37,3.47,0.443877637
run_78_repetition_19,DONE,zstd,zstd/@esbuild__netbsd-x64--netbsd-x64-0.28.0.tar.zst,3.2,0.38,0.048375477
run_30_repetition_28,DONE,xz,xz/next--next-16.2.6.tar.xz,73.04,8.71,1.141999368
run_89_repetition_12,DONE,brotli,brotli/@esbuild__darwin-x64--darwin-x64-0.28.0.tar.br,6.08,0.72,0.094925
run_8_repetition_27,DONE,npm,npm/@esbuild__sunos-x64--sunos-x64-0.28.0.tgz,7.71,0.92,0.119686657
run_88_repetition_28,DONE,brotli,brotli/@next__swc-linux-x64-gnu--swc-linux-x64-gnu-16.2.6.tar.br,43.71,5.21,0.681102802
run_15_repetition_27,DONE,npm,npm/@next__swc-win32-x64-msvc--swc-win32-x64-msvc-16.2.6.tgz,75.86,9.06,1.182980906
run_30_repetition_3,DONE,xz,xz/next--next-16.2.6.tar.xz,73.24,8.84,1.143793692
run_87_repetition_8,DONE,brotli,brotli/@esbuild__freebsd-x64--freebsd-x64-0.28.0.tar.br,5.99,0.72,0.093123999
run_104_repetition_12,DONE,brotli,brotli/@esbuild__linux-ia32--linux-ia32-0.28.0.tar.br,5.61,0.67,0.087543828
run_82_repetition_22,DONE,zstd,zstd/@next__swc-darwin-arm64--swc-darwin-arm64-16.2.6.tar.zst,28.2,3.33,0.422980764
run_68_repetition_13,DONE,zstd,zstd/@next__swc-win32-ia32-msvc--swc-win32-ia32-msvc-14.2.16.tar.zst,21.46,2.56,0.321664654
run_65_repetition_13,DONE,zstd,zstd/@next__swc-linux-arm64-musl--swc-linux-arm64-musl-16.2.6.tar.zst,29.6,3.52,0.442586573
run_36_repetition_24,DONE,xz,xz/@esbuild__win32-x64--win32-x64-0.28.0.tar.xz,23.16,2.78,0.363922722
run_45_repetition_6,DONE,zopfli,zopfli/@next__swc-win32-ia32-msvc--swc-win32-ia32-msvc-14.2.16.tgz,54.53,6.55,0.858600642
run_40_repetition_26,DONE,xz,xz/@next__swc-win32-arm64-msvc--swc-win32-arm64-msvc-16.2.6.tar.xz,134.49,16.08,2.104190727
run_7_repetition_29,DONE,npm,npm/@next__swc-linux-arm64-gnu--swc-linux-arm64-gnu-16.2.6.tgz,70.92,8.45,1.100876151
run_27_repetition_4,DONE,xz,xz/@next__swc-win32-x64-msvc--swc-win32-x64-msvc-16.2.6.tar.xz,174.04,20.72,2.729955515
run_59_repetition_11,DONE,zopfli,zopfli/typescript--typescript-6.0.3.tgz,11.32,1.37,0.177634966
run_81_repetition_17,DONE,zstd,zstd/@next__swc-win32-x64-msvc--swc-win32-x64-msvc-16.2.6.tar.zst,32.58,3.89,0.489597734
run_29_repetition_6,DONE,xz,xz/@esbuild__netbsd-x64--netbsd-x64-0.28.0.tar.xz,22.98,2.73,0.359910277
run_68_repetition_17,DONE,zstd,zstd/@next__swc-win32-ia32-msvc--swc-win32-ia32-msvc-14.2.16.tar.zst,21.39,2.56,0.322517264
run_51_repetition_9,DONE,zopfli,zopfli/@next__swc-linux-x64-gnu--swc-linux-x64-gnu-16.2.6.tgz,78.32,9.41,1.229829156
run_81_repetition_3,DONE,zstd,zstd/@next__swc-win32-x64-msvc--swc-win32-x64-msvc-16.2.6.tar.zst,32.41,3.87,0.487829021
run_87_repetition_22,DONE,brotli,brotli/@esbuild__freebsd-x64--freebsd-x64-0.28.0.tar.br,5.95,0.71,0.093005741
run_72_repetition_18,DONE,zstd,zstd/@esbuild__win32-ia32--win32-ia32-0.28.0.tar.zst,3.22,0.37,0.047989773
run_36_repetition_5,DONE,xz,xz/@esbuild__win32-x64--win32-x64-0.28.0.tar.xz,23.21,2.79,0.363890582
run_56_repetition_2,DONE,zopfli,zopfli/@next__swc-win32-x64-msvc--swc-win32-x64-msvc-16.2.6.tgz,79.85,9.53,1.255788485
run_35_repetition_5,DONE,xz,xz/@next__swc-darwin-arm64--swc-darwin-arm64-16.2.6.tar.xz,146.77,17.54,2.300707945
run_44_repetition_11,DONE,zopfli,zopfli/@esbuild__win32-ia32--win32-ia32-0.28.0.tgz,7.83,0.94,0.122652872
run_53_repetition_6,DONE,zopfli,zopfli/@next__swc-linux-arm64-musl--swc-linux-arm64-musl-16.2.6.tgz,74.24,8.9,1.164750636
run_61_repetition_21,DONE,zopfli,zopfli/@esbuild__freebsd-x64--freebsd-x64-0.28.0.tgz,8.0,0.96,0.125401609
run_53_repetition_8,DONE,zopfli,zopfli/@next__swc-linux-arm64-musl--swc-linux-arm64-musl-16.2.6.tgz,74.07,8.91,1.162671441
run_104_repetition_0,DONE,brotli,brotli/@esbuild__linux-ia32--linux-ia32-0.28.0.tar.br,5.72,0.68,0.088604166
run_73_repetition_6,DONE,zstd,zstd/@next__swc-linux-arm64-gnu--swc-linux-arm64-gnu-16.2.6.tar.zst,29.79,3.57,0.447066015
run_12_repetition_23,DONE,npm,npm/@next__swc-linux-arm64-musl--swc-linux-arm64-musl-16.2.6.tgz,70.25,8.43,1.095773521
run_69_repetition_27,DONE,zstd,zstd/@next__swc-linux-x64-musl--swc-linux-x64-musl-16.2.6.tar.zst,31.08,3.7,0.46633161
run_97_repetition_24,DONE,brotli,brotli/next--next-16.2.6.tar.br,22.64,2.78,0.34956677
run_92_repetition_6,DONE,brotli,brotli/@next__swc-darwin-arm64--swc-darwin-arm64-16.2.6.tar.br,38.75,4.69,0.602591643
run_50_repetition_16,DONE,zopfli,zopfli/@next__swc-linux-x64-musl--swc-linux-x64-musl-16.2.6.tgz,78.44,9.37,1.231928723
run_41_repetition_27,DONE,xz,xz/@esbuild__darwin-x64--darwin-x64-0.28.0.tar.xz,23.54,2.81,0.368164594
run_85_repetition_22,DONE,brotli,brotli/@next__swc-linux-arm64-gnu--swc-linux-arm64-gnu-16.2.6.tar.br,40.49,4.87,0.629303713
run_28_repetition_13,DONE,xz,xz/@next__swc-linux-arm64-gnu--swc-linux-arm64-gnu-16.2.6.tar.xz,156.47,18.81,2.449092683
run_76_repetition_6,DONE,zstd,zstd/@esbuild__linux-riscv64--linux-riscv64-0.28.0.tar.zst,2.91,0.35,0.043880195
run_71_repetition_15,DONE,zstd,zstd/aws-sdk--aws-sdk-2.1693.0.tar.zst,14.71,1.77,0.216995187
run_11_repetition_17,DONE,npm,npm/@esbuild__netbsd-x64--netbsd-x64-0.28.0.tgz,7.71,0.93,0.120020128
run_25_repetition_19,DONE,xz,xz/@next__swc-win32-ia32-msvc--swc-win32-ia32-msvc-14.2.16.tar.xz,116.35,13.92,1.822198556
run_46_repetition_17,DONE,zopfli,zopfli/@next__swc-darwin-x64--swc-darwin-x64-16.2.6.tgz,73.78,8.82,1.158298143
run_49_repetition_6,DONE,zopfli,zopfli/@esbuild__sunos-x64--sunos-x64-0.28.0.tgz,7.99,0.95,0.125672458
run_6_repetition_0,DONE,npm,npm/next--next-16.2.6.tgz,80.45,9.55,1.242361924
run_29_repetition_7,DONE,xz,xz/@esbuild__netbsd-x64--netbsd-x64-0.28.0.tar.xz,23.02,2.76,0.360098276
run_36_repetition_25,DONE,xz,xz/@esbuild__win32-x64--win32-x64-0.28.0.tar.xz,23.28,2.78,0.363542265
run_27_repetition_3,DONE,xz,xz/@next__swc-win32-x64-msvc--swc-win32-x64-msvc-16.2.6.tar.xz,174.41,20.92,2.730262339
run_29_repetition_13,DONE,xz,xz/@esbuild__netbsd-x64--netbsd-x64-0.28.0.tar.xz,23.28,2.78,0.361922667
run_85_repetition_21,DONE,brotli,brotli/@next__swc-linux-arm64-gnu--swc-linux-arm64-gnu-16.2.6.tar.br,40.45,4.89,0.629893545
run_89_repetition_19,DONE,brotli,brotli/@esbuild__darwin-x64--darwin-x64-0.28.0.tar.br,6.08,0.74,0.094580421
run_42_repetition_17,DONE,zopfli,zopfli/@next__swc-darwin-arm64--swc-darwin-arm64-16.2.6.tgz,71.47,8.63,1.119701426
run_4_repetition_23,DONE,npm,npm/@next__swc-darwin-x64--swc-darwin-x64-16.2.6.tgz,70.3,8.41,1.099771773
run_72_repetition_3,DONE,zstd,zstd/@esbuild__win32-ia32--win32-ia32-0.28.0.tar.zst,3.23,0.38,0.047981405
run_22_repetition_20,DONE,xz,xz/@next__swc-linux-arm64-musl--swc-linux-arm64-musl-16.2.6.tar.xz,154.39,18.55,2.422963576
run_3_repetition_12,DONE,npm,npm/@next__swc-win32-ia32-msvc--swc-win32-ia32-msvc-14.2.16.tgz,52.48,6.26,0.815023856
run_47_repetition_22,DONE,zopfli,zopfli/next--next-16.2.6.tgz,81.39,9.76,1.281168321
run_1_repetition_18,DONE,npm,npm/@next__swc-win32-arm64-msvc--swc-win32-arm64-msvc-16.2.6.tgz,61.47,7.35,0.959686002
run_80_repetition_12,DONE,zstd,zstd/@next__swc-win32-arm64-msvc--swc-win32-arm64-msvc-16.2.6.tar.zst,26.94,3.2,0.405578856
run_38_repetition_1,DONE,xz,xz/@esbuild__linux-ia32--linux-ia32-0.28.0.tar.xz,21.57,2.55,0.338315491
run_19_repetition_28,DONE,npm,npm/@esbuild__freebsd-x64--freebsd-x64-0.28.0.tgz,7.7,0.92,0.119738306
run_27_repetition_16,DONE,xz,xz/@next__swc-win32-x64-msvc--swc-win32-x64-msvc-16.2.6.tar.xz,173.88,20.49,2.728125147
run_83_repetition_6,DONE,zstd,zstd/@esbuild__sunos-x64--sunos-x64-0.28.0.tar.zst,3.24,0.38,0.04906721
run_24_repetition_29,DONE,xz,xz/aws-sdk--aws-sdk-2.1693.0.tar.xz,45.99,5.53,0.720326468
run_20_repetition_22,DONE,npm,npm/aws-sdk--aws-sdk-2.1693.0.tgz,37.61,4.49,0.58465301
run_43_repetition_13,DONE,zopfli,zopfli/@next__swc-win32-arm64-msvc--swc-win32-arm64-msvc-16.2.6.tgz,65.1,7.74,1.023628868
run_99_repetition_27,DONE,brotli,brotli/@next__swc-win32-ia32-msvc--swc-win32-ia32-msvc-14.2.16.tar.br,30.29,3.63,0.471702268
run_88_repetition_7,DONE,brotli,brotli/@next__swc-linux-x64-gnu--swc-linux-x64-gnu-16.2.6.tar.br,44.0,5.28,0.686342843
run_16_repetition_8,DONE,npm,npm/@esbuild__linux-x64--linux-x64-0.28.0.tgz,7.78,0.91,0.120834074
run_83_repetition_14,DONE,zstd,zstd/@esbuild__sunos-x64--sunos-x64-0.28.0.tar.zst,3.17,0.37,0.048190037
run_41_repetition_14,DONE,xz,xz/@esbuild__darwin-x64--darwin-x64-0.28.0.tar.xz,23.54,2.8,0.368992612
run_89_repetition_24,DONE,brotli,brotli/@esbuild__darwin-x64--darwin-x64-0.28.0.tar.br,6.11,0.73,0.095176541
run_33_repetition_21,DONE,xz,xz/@esbuild__linux-x64--linux-x64-0.28.0.tar.xz,22.81,2.74,0.357393723
run_24_repetition_27,DONE,xz,xz/aws-sdk--aws-sdk-2.1693.0.tar.xz,45.99,5.53,0.720882574
run_55_repetition_18,DONE,zopfli,zopfli/@esbuild__openbsd-x64--openbsd-x64-0.28.0.tgz,7.99,0.95,0.125035978
run_97_repetition_3,DONE,brotli,brotli/next--next-16.2.6.tar.br,22.56,2.78,0.347735517
run_82_repetition_11,DONE,zstd,zstd/@next__swc-darwin-arm64--swc-darwin-arm64-16.2.6.tar.zst,28.06,3.32,0.422208999
run_78_repetition_3,DONE,zstd,zstd/@esbuild__netbsd-x64--netbsd-x64-0.28.0.tar.zst,3.16,0.38,0.047551957
run_34_repetition_15,DONE,xz,xz/@esbuild__freebsd-x64--freebsd-x64-0.28.0.tar.xz,23.04,2.76,0.361104771
run_59_repetition_7,DONE,zopfli,zopfli/typescript--typescript-6.0.3.tgz,11.31,1.38,0.177987893
run_88_repetition_19,DONE,brotli,brotli/@next__swc-linux-x64-gnu--swc-linux-x64-gnu-16.2.6.tar.br,43.8,5.33,0.683344536
run_64_repetition_6,DONE,zstd,zstd/@esbuild__linux-x64--linux-x64-0.28.0.tar.zst,3.22,0.38,0.048742278
run_73_repetition_14,DONE,zstd,zstd/@next__swc-linux-arm64-gnu--swc-linux-arm64-gnu-16.2.6.tar.zst,29.55,3.57,0.447046679
run_65_repetition_22,DONE,zstd,zstd/@next__swc-linux-arm64-musl--swc-linux-arm64-musl-16.2.6.tar.zst,29.28,3.52,0.442010834
run_100_repetition_1,DONE,brotli,brotli/@esbuild__openbsd-x64--openbsd-x64-0.28.0.tar.br,5.96,0.73,0.092707255
run_18_repetition_6,DONE,npm,npm/@esbuild__linux-s390x--linux-s390x-0.28.0.tgz,7.75,0.93,0.121230001
run_74_repetition_8,DONE,zstd,zstd/@esbuild__darwin-x64--darwin-x64-0.28.0.tar.zst,3.34,0.4,0.050250195
run_103_repetition_5,DONE,brotli,brotli/@esbuild__sunos-x64--sunos-x64-0.28.0.tar.br,6.12,0.74,0.095215646
run_74_repetition_12,DONE,zstd,zstd/@esbuild__darwin-x64--darwin-x64-0.28.0.tar.zst,3.31,0.39,0.050177926
run_48_repetition_11,DONE,zopfli,zopfli/@next__swc-linux-arm64-gnu--swc-linux-arm64-gnu-16.2.6.tgz,74.75,9.02,1.175363016
run_56_repetition_27,DONE,zopfli,zopfli/@next__swc-win32-x64-msvc--swc-win32-x64-msvc-16.2.6.tgz,79.86,9.6,1.254944288
run_100_repetition_2,DONE,brotli,brotli/@esbuild__openbsd-x64--openbsd-x64-0.28.0.tar.br,5.89,0.71,0.092356052
run_48_repetition_2,DONE,zopfli,zopfli/@next__swc-linux-arm64-gnu--swc-linux-arm64-gnu-16.2.6.tgz,74.42,8.96,1.169749523
run_61_repetition_12,DONE,zopfli,zopfli/@esbuild__freebsd-x64--freebsd-x64-0.28.0.tgz,7.98,0.95,0.125344555
run_47_repetition_14,DONE,zopfli,zopfli/next--next-16.2.6.tgz,81.5,9.77,1.280936398
run_45_repetition_19,DONE,zopfli,zopfli/@next__swc-win32-ia32-msvc--swc-win32-ia32-msvc-14.2.16.tgz,54.65,6.55,0.858715713
run_71_repetition_10,DONE,zstd,zstd/aws-sdk--aws-sdk-2.1693.0.tar.zst,14.62,1.76,0.217025723
run_44_repetition_8,DONE,zopfli,zopfli/@esbuild__win32-ia32--win32-ia32-0.28.0.tgz,7.84,0.94,0.122490454
run_99_repetition_6,DONE,brotli,brotli/@next__swc-win32-ia32-msvc--swc-win32-ia32-msvc-14.2.16.tar.br,30.23,3.67,0.47232667
run_91_repetition_12,DONE,brotli,brotli/aws-sdk--aws-sdk-2.1693.0.tar.br,13.05,1.62,0.201431968
run_20_repetition_6,DONE,npm,npm/aws-sdk--aws-sdk-2.1693.0.tgz,37.43,4.56,0.583565599
run_69_repetition_19,DONE,zstd,zstd/@next__swc-linux-x64-musl--swc-linux-x64-musl-16.2.6.tar.zst,30.99,3.74,0.46749941
run_32_repetition_17,DONE,xz,xz/@next__swc-linux-x64-gnu--swc-linux-x64-gnu-16.2.6.tar.xz,177.46,21.39,2.791062056
run_103_repetition_1,DONE,brotli,brotli/@esbuild__sunos-x64--sunos-x64-0.28.0.tar.br,5.94,0.71,0.093076034
run_98_repetition_1,DONE,brotli,brotli/@next__swc-linux-x64-musl--swc-linux-x64-musl-16.2.6.tar.br,43.97,5.3,0.682917633
run_84_repetition_26,DONE,brotli,brotli/@esbuild__win32-x64--win32-x64-0.28.0.tar.br,6.07,0.72,0.095264691
run_70_repetition_29,DONE,zstd,zstd/@esbuild__win32-x64--win32-x64-0.28.0.tar.zst,3.27,0.38,0.049502514
run_16_repetition_0,DONE,npm,npm/@esbuild__linux-x64--linux-x64-0.28.0.tgz,7.77,0.92,0.12072652
run_56_repetition_1,DONE,zopfli,zopfli/@next__swc-win32-x64-msvc--swc-win32-x64-msvc-16.2.6.tgz,79.83,9.61,1.256890876
run_79_repetition_10,DONE,zstd,zstd/@next__swc-linux-x64-gnu--swc-linux-x64-gnu-16.2.6.tar.zst,31.62,3.75,0.477167031
run_2_repetition_22,DONE,npm,npm/@esbuild__win32-ia32--win32-ia32-0.28.0.tgz,7.47,0.9,0.118178165
run_12_repetition_15,DONE,npm,npm/@next__swc-linux-arm64-musl--swc-linux-arm64-musl-16.2.6.tgz,69.88,8.41,1.095085077
run_39_repetition_19,DONE,xz,xz/@esbuild__sunos-x64--sunos-x64-0.28.0.tar.xz,22.96,2.73,0.360765024
run_77_repetition_25,DONE,zstd,zstd/@esbuild__linux-s390x--linux-s390x-0.28.0.tar.zst,3.17,0.37,0.048286137
run_3_repetition_8,DONE,npm,npm/@next__swc-win32-ia32-msvc--swc-win32-ia32-msvc-14.2.16.tgz,52.08,6.24,0.816467921
run_23_repetition_0,DONE,xz,xz/@next__swc-darwin-x64--swc-darwin-x64-16.2.6.tar.xz,166.33,19.62,2.593335279
run_52_repetition_1,DONE,zopfli,zopfli/@esbuild__netbsd-x64--netbsd-x64-0.28.0.tgz,7.94,0.94,0.124568797
run_19_repetition_11,DONE,npm,npm/@esbuild__freebsd-x64--freebsd-x64-0.28.0.tgz,7.72,0.93,0.120213026
run_87_repetition_18,DONE,brotli,brotli/@esbuild__freebsd-x64--freebsd-x64-0.28.0.tar.br,5.94,0.71,0.092958699
run_63_repetition_2,DONE,zstd,zstd/next--next-16.2.6.tar.zst,20.6,2.49,0.303119606
run_17_repetition_22,DONE,npm,npm/@esbuild__darwin-x64--darwin-x64-0.28.0.tgz,7.87,0.93,0.122773903
run_92_repetition_15,DONE,brotli,brotli/@next__swc-darwin-arm64--swc-darwin-arm64-16.2.6.tar.br,38.8,4.7,0.604651563
run_61_repetition_17,DONE,zopfli,zopfli/@esbuild__freebsd-x64--freebsd-x64-0.28.0.tgz,8.01,0.97,0.125906419
run_38_repetition_22,DONE,xz,xz/@esbuild__linux-ia32--linux-ia32-0.28.0.tar.xz,21.51,2.6,0.337480841
run_66_repetition_4,DONE,zstd,zstd/@esbuild__openbsd-x64--openbsd-x64-0.28.0.tar.zst,3.14,0.37,0.04755405
run_68_repetition_0,DONE,zstd,zstd/@next__swc-win32-ia32-msvc--swc-win32-ia32-msvc-14.2.16.tar.zst,21.54,2.58,0.324494844
run_68_repetition_19,DONE,zstd,zstd/@next__swc-win32-ia32-msvc--swc-win32-ia32-msvc-14.2.16.tar.zst,21.41,2.59,0.322602755
run_75_repetition_0,DONE,zstd,zstd/@esbuild__freebsd-x64--freebsd-x64-0.28.0.tar.zst,3.17,0.38,0.048037178
run_102_repetition_15,DONE,brotli,brotli/@esbuild__linux-riscv64--linux-riscv64-0.28.0.tar.br,5.68,0.69,0.088872748
run_83_repetition_2,DONE,zstd,zstd/@esbuild__sunos-x64--sunos-x64-0.28.0.tar.zst,3.18,0.38,0.048164992
run_28_repetition_5,DONE,xz,xz/@next__swc-linux-arm64-gnu--swc-linux-arm64-gnu-16.2.6.tar.xz,156.11,18.68,2.449809398
run_74_repetition_16,DONE,zstd,zstd/@esbuild__darwin-x64--darwin-x64-0.28.0.tar.zst,3.28,0.39,0.049852122
run_80_repetition_25,DONE,zstd,zstd/@next__swc-win32-arm64-msvc--swc-win32-arm64-msvc-16.2.6.tar.zst,26.32,3.14,0.397171626
run_86_repetition_21,DONE,brotli,brotli/@next__swc-darwin-x64--swc-darwin-x64-16.2.6.tar.br,41.13,4.96,0.640986324
run_33_repetition_4,DONE,xz,xz/@esbuild__linux-x64--linux-x64-0.28.0.tar.xz,22.8,2.73,0.357464288
run_15_repetition_0,DONE,npm,npm/@next__swc-win32-x64-msvc--swc-win32-x64-msvc-16.2.6.tgz,76.05,9.05,1.183634019
run_7_repetition_23,DONE,npm,npm/@next__swc-linux-arm64-gnu--swc-linux-arm64-gnu-16.2.6.tgz,70.27,8.39,1.100825627
run_8_repetition_26,DONE,npm,npm/@esbuild__sunos-x64--sunos-x64-0.28.0.tgz,7.64,0.91,0.119906224
run_75_repetition_25,DONE,zstd,zstd/@esbuild__freebsd-x64--freebsd-x64-0.28.0.tar.zst,3.2,0.38,0.0483312
run_56_repetition_19,DONE,zopfli,zopfli/@next__swc-win32-x64-msvc--swc-win32-x64-msvc-16.2.6.tgz,79.78,9.54,1.255956369
run_31_repetition_7,DONE,xz,xz/@esbuild__openbsd-x64--openbsd-x64-0.28.0.tar.xz,22.95,2.75,0.360538453
run_83_repetition_4,DONE,zstd,zstd/@esbuild__sunos-x64--sunos-x64-0.28.0.tar.zst,3.24,0.39,0.048961749
run_35_repetition_29,DONE,xz,xz/@next__swc-darwin-arm64--swc-darwin-arm64-16.2.6.tar.xz,146.79,17.48,2.303004886
run_64_repetition_5,DONE,zstd,zstd/@esbuild__linux-x64--linux-x64-0.28.0.tar.zst,3.28,0.39,0.049073683
run_35_repetition_8,DONE,xz,xz/@next__swc-darwin-arm64--swc-darwin-arm64-16.2.6.tar.xz,147.99,17.65,2.314595098
run_92_repetition_4,DONE,brotli,brotli/@next__swc-darwin-arm64--swc-darwin-arm64-16.2.6.tar.br,39.38,4.76,0.606091894
run_81_repetition_6,DONE,zstd,zstd/@next__swc-win32-x64-msvc--swc-win32-x64-msvc-16.2.6.tar.zst,32.41,3.82,0.487645199
run_8_repetition_6,DONE,npm,npm/@esbuild__sunos-x64--sunos-x64-0.28.0.tgz,7.68,0.93,0.120319302
run_53_repetition_7,DONE,zopfli,zopfli/@next__swc-linux-arm64-musl--swc-linux-arm64-musl-16.2.6.tgz,74.09,9.0,1.164395794
run_49_repetition_13,DONE,zopfli,zopfli/@esbuild__sunos-x64--sunos-x64-0.28.0.tgz,7.95,0.96,0.125252945
run_19_repetition_24,DONE,npm,npm/@esbuild__freebsd-x64--freebsd-x64-0.28.0.tgz,7.67,0.92,0.12006176
run_73_repetition_26,DONE,zstd,zstd/@next__swc-linux-arm64-gnu--swc-linux-arm64-gnu-16.2.6.tar.zst,29.56,3.51,0.444963253
run_56_repetition_16,DONE,zopfli,zopfli/@next__swc-win32-x64-msvc--swc-win32-x64-msvc-16.2.6.tgz,79.86,9.58,1.258134957
run_55_repetition_21,DONE,zopfli,zopfli/@esbuild__openbsd-x64--openbsd-x64-0.28.0.tgz,7.96,0.96,0.125076846
run_71_repetition_13,DONE,zstd,zstd/aws-sdk--aws-sdk-2.1693.0.tar.zst,14.7,1.76,0.216911349
run_78_repetition_29,DONE,zstd,zstd/@esbuild__netbsd-x64--netbsd-x64-0.28.0.tar.zst,3.15,0.37,0.047458566
run_87_repetition_2,DONE,brotli,brotli/@esbuild__freebsd-x64--freebsd-x64-0.28.0.tar.br,5.95,0.7,0.093114566
run_28_repetition_25,DONE,xz,xz/@next__swc-linux-arm64-gnu--swc-linux-arm64-gnu-16.2.6.tar.xz,156.34,18.61,2.449391468
run_72_repetition_16,DONE,zstd,zstd/@esbuild__win32-ia32--win32-ia32-0.28.0.tar.zst,3.19,0.38,0.047887579
run_70_repetition_21,DONE,zstd,zstd/@esbuild__win32-x64--win32-x64-0.28.0.tar.zst,3.31,0.39,0.049571981
run_71_repetition_1,DONE,zstd,zstd/aws-sdk--aws-sdk-2.1693.0.tar.zst,14.6,1.75,0.215831066
run_36_repetition_14,DONE,xz,xz/@esbuild__win32-x64--win32-x64-0.28.0.tar.xz,23.19,2.77,0.363386495
run_18_repetition_26,DONE,npm,npm/@esbuild__linux-s390x--linux-s390x-0.28.0.tgz,7.8,0.93,0.121273241
run_40_repetition_21,DONE,xz,xz/@next__swc-win32-arm64-msvc--swc-win32-arm64-msvc-16.2.6.tar.xz,134.39,16.05,2.104755655
run_54_repetition_3,DONE,zopfli,zopfli/@esbuild__win32-x64--win32-x64-0.28.0.tgz,8.15,0.98,0.127978294
run_77_repetition_24,DONE,zstd,zstd/@esbuild__linux-s390x--linux-s390x-0.28.0.tar.zst,3.25,0.37,0.048410647
run_88_repetition_20,DONE,brotli,brotli/@next__swc-linux-x64-gnu--swc-linux-x64-gnu-16.2.6.tar.br,43.94,5.31,0.685950691
run_94_repetition_15,DONE,brotli,brotli/@next__swc-win32-x64-msvc--swc-win32-x64-msvc-16.2.6.tar.br,44.73,5.36,0.696013241
run_5_repetition_12,DONE,npm,npm/@esbuild__aix-ppc64--aix-ppc64-0.28.0.tgz,7.96,0.94,0.123953995
run_21_repetition_20,DONE,xz,xz/@esbuild__win32-ia32--win32-ia32-0.28.0.tar.xz,22.84,2.72,0.356590918
run_65_repetition_9,DONE,zstd,zstd/@next__swc-linux-arm64-musl--swc-linux-arm64-musl-16.2.6.tar.zst,29.41,3.49,0.441593102
run_4_repetition_24,DONE,npm,npm/@next__swc-darwin-x64--swc-darwin-x64-16.2.6.tgz,70.54,8.39,1.100316697
run_56_repetition_4,DONE,zopfli,zopfli/@next__swc-win32-x64-msvc--swc-win32-x64-msvc-16.2.6.tgz,80.1,9.64,1.25678153
run_70_repetition_24,DONE,zstd,zstd/@esbuild__win32-x64--win32-x64-0.28.0.tar.zst,3.32,0.39,0.049843914
run_96_repetition_5,DONE,brotli,brotli/@next__swc-win32-arm64-msvc--swc-win32-arm64-msvc-16.2.6.tar.br,35.77,4.3,0.557774243
run_1_repetition_19,DONE,npm,npm/@next__swc-win32-arm64-msvc--swc-win32-arm64-msvc-16.2.6.tgz,61.45,7.32,0.960972171
run_79_repetition_13,DONE,zstd,zstd/@next__swc-linux-x64-gnu--swc-linux-x64-gnu-16.2.6.tar.zst,31.0,3.66,0.465295552
run_101_repetition_29,DONE,brotli,brotli/@next__swc-linux-arm64-musl--swc-linux-arm64-musl-16.2.6.tar.br,40.42,4.87,0.630595342
run_0_repetition_10,DONE,npm,npm/@next__swc-darwin-arm64--swc-darwin-arm64-16.2.6.tgz,67.34,8.1,1.052809282
run_94_repetition_6,DONE,brotli,brotli/@next__swc-win32-x64-msvc--swc-win32-x64-msvc-16.2.6.tar.br,44.93,5.46,0.697549841
run_11_repetition_0,DONE,npm,npm/@esbuild__netbsd-x64--netbsd-x64-0.28.0.tgz,7.66,0.91,0.119353561
run_83_repetition_22,DONE,zstd,zstd/@esbuild__sunos-x64--sunos-x64-0.28.0.tar.zst,3.18,0.37,0.048009178
run_65_repetition_4,DONE,zstd,zstd/@next__swc-linux-arm64-musl--swc-linux-arm64-musl-16.2.6.tar.zst,29.58,3.51,0.445093513
run_67_repetition_21,DONE,zstd,zstd/@next__swc-darwin-x64--swc-darwin-x64-16.2.6.tar.zst,28.57,3.43,0.429641822
run_38_repetition_10,DONE,xz,xz/@esbuild__linux-ia32--linux-ia32-0.28.0.tar.xz,21.78,2.6,0.338443691
run_101_repetition_14,DONE,brotli,brotli/@next__swc-linux-arm64-musl--swc-linux-arm64-musl-16.2.6.tar.br,40.39,4.87,0.628271338
run_17_repetition_27,DONE,npm,npm/@esbuild__darwin-x64--darwin-x64-0.28.0.tgz,7.89,0.95,0.122725757
run_86_repetition_2,DONE,brotli,brotli/@next__swc-darwin-x64--swc-darwin-x64-16.2.6.tar.br,41.15,4.94,0.640954209
run_42_repetition_15,DONE,zopfli,zopfli/@next__swc-darwin-arm64--swc-darwin-arm64-16.2.6.tgz,71.24,8.57,1.119123457
run_66_repetition_26,DONE,zstd,zstd/@esbuild__openbsd-x64--openbsd-x64-0.28.0.tar.zst,3.23,0.38,0.048185096
run_79_repetition_2,DONE,zstd,zstd/@next__swc-linux-x64-gnu--swc-linux-x64-gnu-16.2.6.tar.zst,31.65,3.73,0.474838852
run_14_repetition_5,DONE,npm,npm/@esbuild__openbsd-x64--openbsd-x64-0.28.0.tgz,7.65,0.91,0.119448636
run_5_repetition_16,DONE,npm,npm/@esbuild__aix-ppc64--aix-ppc64-0.28.0.tgz,7.91,0.96,0.123448402
run_75_repetition_19,DONE,zstd,zstd/@esbuild__freebsd-x64--freebsd-x64-0.28.0.tar.zst,3.18,0.37,0.047939894
run_41_repetition_29,DONE,xz,xz/@esbuild__darwin-x64--darwin-x64-0.28.0.tar.xz,23.86,2.82,0.368719604
run_46_repetition_8,DONE,zopfli,zopfli/@next__swc-darwin-x64--swc-darwin-x64-16.2.6.tgz,73.63,8.8,1.15733424
run_30_repetition_19,DONE,xz,xz/next--next-16.2.6.tar.xz,73.07,8.82,1.14346561
run_98_repetition_24,DONE,brotli,brotli/@next__swc-linux-x64-musl--swc-linux-x64-musl-16.2.6.tar.br,43.65,5.32,0.682040482
run_101_repetition_10,DONE,brotli,brotli/@next__swc-linux-arm64-musl--swc-linux-arm64-musl-16.2.6.tar.br,40.41,4.91,0.629922329
run_9_repetition_9,DONE,npm,npm/@next__swc-linux-x64-musl--swc-linux-x64-musl-16.2.6.tgz,74.96,9.06,1.170966635
run_41_repetition_21,DONE,xz,xz/@esbuild__darwin-x64--darwin-x64-0.28.0.tar.xz,23.47,2.85,0.369319439
run_55_repetition_26,DONE,zopfli,zopfli/@esbuild__openbsd-x64--openbsd-x64-0.28.0.tgz,7.98,0.97,0.125326051
run_9_repetition_4,DONE,npm,npm/@next__swc-linux-x64-musl--swc-linux-x64-musl-16.2.6.tgz,74.82,8.97,1.171434354
run_39_repetition_4,DONE,xz,xz/@esbuild__sunos-x64--sunos-x64-0.28.0.tar.xz,22.97,2.76,0.360631818
run_88_repetition_18,DONE,brotli,brotli/@next__swc-linux-x64-gnu--swc-linux-x64-gnu-16.2.6.tar.br,43.81,5.32,0.683728297
run_58_repetition_8,DONE,zopfli,zopfli/@esbuild__darwin-x64--darwin-x64-0.28.0.tgz,8.17,0.97,0.128005181
run_64_repetition_29,DONE,zstd,zstd/@esbuild__linux-x64--linux-x64-0.28.0.tar.zst,3.19,0.38,0.048323426
run_93_repetition_9,DONE,brotli,brotli/@esbuild__linux-x64--linux-x64-0.28.0.tar.br,5.97,0.71,0.093499156
run_31_repetition_17,DONE,xz,xz/@esbuild__openbsd-x64--openbsd-x64-0.28.0.tar.xz,22.97,2.73,0.360933015
run_97_repetition_22,DONE,brotli,brotli/next--next-16.2.6.tar.br,22.7,2.79,0.35121552
run_80_repetition_18,DONE,zstd,zstd/@next__swc-win32-arm64-msvc--swc-win32-arm64-msvc-16.2.6.tar.zst,26.3,3.08,0.397072485
run_49_repetition_26,DONE,zopfli,zopfli/@esbuild__sunos-x64--sunos-x64-0.28.0.tgz,8.0,0.95,0.125530081
run_14_repetition_29,DONE,npm,npm/@esbuild__openbsd-x64--openbsd-x64-0.28.0.tgz,7.71,0.93,0.120317824
run_95_repetition_14,DONE,brotli,brotli/@esbuild__win32-ia32--win32-ia32-0.28.0.tar.br,5.86,0.7,0.091602496
run_4_repetition_13,DONE,npm,npm/@next__swc-darwin-x64--swc-darwin-x64-16.2.6.tgz,70.32,8.45,1.100786953
run_89_repetition_3,DONE,brotli,brotli/@esbuild__darwin-x64--darwin-x64-0.28.0.tar.br,6.14,0.73,0.095499746
run_33_repetition_7,DONE,xz,xz/@esbuild__linux-x64--linux-x64-0.28.0.tar.xz,22.75,2.73,0.357776492
run_62_repetition_24,DONE,zopfli,zopfli/aws-sdk--aws-sdk-2.1693.0.tgz,38.39,4.63,0.605093194
run_29_repetition_16,DONE,xz,xz/@esbuild__netbsd-x64--netbsd-x64-0.28.0.tar.xz,22.85,2.7,0.359836147
run_77_repetition_15,DONE,zstd,zstd/@esbuild__linux-s390x--linux-s390x-0.28.0.tar.zst,3.18,0.37,0.048149701
run_13_repetition_19,DONE,npm,npm/@esbuild__win32-x64--win32-x64-0.28.0.tgz,7.97,0.95,0.123671478
run_69_repetition_10,DONE,zstd,zstd/@next__swc-linux-x64-musl--swc-linux-x64-musl-16.2.6.tar.zst,31.62,3.8,0.475004549
run_96_repetition_7,DONE,brotli,brotli/@next__swc-win32-arm64-msvc--swc-win32-arm64-msvc-16.2.6.tar.br,35.7,4.3,0.556171385
run_42_repetition_12,DONE,zopfli,zopfli/@next__swc-darwin-arm64--swc-darwin-arm64-16.2.6.tgz,71.15,8.48,1.119235454
run_1_repetition_5,DONE,npm,npm/@next__swc-win32-arm64-msvc--swc-win32-arm64-msvc-16.2.6.tgz,61.75,7.34,0.960204312
run_10_repetition_18,DONE,npm,npm/@next__swc-linux-x64-gnu--swc-linux-x64-gnu-16.2.6.tgz,74.97,8.94,1.16985943
run_83_repetition_12,DONE,zstd,zstd/@esbuild__sunos-x64--sunos-x64-0.28.0.tar.zst,3.62,0.43,0.055848708
run_85_repetition_20,DONE,brotli,brotli/@next__swc-linux-arm64-gnu--swc-linux-arm64-gnu-16.2.6.tar.br,40.56,4.89,0.632696447
run_45_repetition_1,DONE,zopfli,zopfli/@next__swc-win32-ia32-msvc--swc-win32-ia32-msvc-14.2.16.tgz,55.2,6.57,0.861536872
run_79_repetition_19,DONE,zstd,zstd/@next__swc-linux-x64-gnu--swc-linux-x64-gnu-16.2.6.tar.zst,30.82,3.65,0.464243954
run_13_repetition_18,DONE,npm,npm/@esbuild__win32-x64--win32-x64-0.28.0.tgz,7.93,0.95,0.12343387
run_86_repetition_8,DONE,brotli,brotli/@next__swc-darwin-x64--swc-darwin-x64-16.2.6.tar.br,41.47,4.95,0.642433285
run_16_repetition_21,DONE,npm,npm/@esbuild__linux-x64--linux-x64-0.28.0.tgz,7.77,0.93,0.120849952
run_14_repetition_24,DONE,npm,npm/@esbuild__openbsd-x64--openbsd-x64-0.28.0.tgz,7.7,0.92,0.119977578
run_93_repetition_21,DONE,brotli,brotli/@esbuild__linux-x64--linux-x64-0.28.0.tar.br,6.03,0.73,0.093769277
run_12_repetition_12,DONE,npm,npm/@next__swc-linux-arm64-musl--swc-linux-arm64-musl-16.2.6.tgz,70.29,8.42,1.095864948
run_82_repetition_6,DONE,zstd,zstd/@next__swc-darwin-arm64--swc-darwin-arm64-16.2.6.tar.zst,28.0,3.32,0.420362508
run_58_repetition_18,DONE,zopfli,zopfli/@esbuild__darwin-x64--darwin-x64-0.28.0.tgz,8.13,0.98,0.127949679
run_27_repetition_5,DONE,xz,xz/@next__swc-win32-x64-msvc--swc-win32-x64-msvc-16.2.6.tar.xz,174.28,20.8,2.730533765
run_99_repetition_16,DONE,brotli,brotli/@next__swc-win32-ia32-msvc--swc-win32-ia32-msvc-14.2.16.tar.br,30.08,3.67,0.469090612
run_13_repetition_10,DONE,npm,npm/@esbuild__win32-x64--win32-x64-0.28.0.tgz,7.94,0.94,0.12300817
run_49_repetition_11,DONE,zopfli,zopfli/@esbuild__sunos-x64--sunos-x64-0.28.0.tgz,8.02,0.95,0.125556117
run_3_repetition_7,DONE,npm,npm/@next__swc-win32-ia32-msvc--swc-win32-ia32-msvc-14.2.16.tgz,52.37,6.27,0.816298446
run_18_repetition_16,DONE,npm,npm/@esbuild__linux-s390x--linux-s390x-0.28.0.tgz,7.77,0.92,0.121214002
run_3_repetition_22,DONE,npm,npm/@next__swc-win32-ia32-msvc--swc-win32-ia32-msvc-14.2.16.tgz,52.17,6.25,0.815855855
run_5_repetition_17,DONE,npm,npm/@esbuild__aix-ppc64--aix-ppc64-0.28.0.tgz,7.95,0.96,0.123772011
run_73_repetition_28,DONE,zstd,zstd/@next__swc-linux-arm64-gnu--swc-linux-arm64-gnu-16.2.6.tar.zst,29.55,3.51,0.444927541
run_17_repetition_10,DONE,npm,npm/@esbuild__darwin-x64--darwin-x64-0.28.0.tgz,7.89,0.95,0.122942851
run_45_repetition_29,DONE,zopfli,zopfli/@next__swc-win32-ia32-msvc--swc-win32-ia32-msvc-14.2.16.tgz,54.8,6.58,0.861834183
run_41_repetition_8,DONE,xz,xz/@esbuild__darwin-x64--darwin-x64-0.28.0.tar.xz,23.48,2.81,0.368022176
run_98_repetition_3,DONE,brotli,brotli/@next__swc-linux-x64-musl--swc-linux-x64-musl-16.2.6.tar.br,43.76,5.29,0.681964916
run_100_repetition_23,DONE,brotli,brotli/@esbuild__openbsd-x64--openbsd-x64-0.28.0.tar.br,5.92,0.71,0.092672495
run_62_repetition_0,DONE,zopfli,zopfli/aws-sdk--aws-sdk-2.1693.0.tgz,39.11,4.71,0.616484237
run_100_repetition_0,DONE,brotli,brotli/@esbuild__openbsd-x64--openbsd-x64-0.28.0.tar.br,5.97,0.7,0.093147914
run_0_repetition_23,DONE,npm,npm/@next__swc-darwin-arm64--swc-darwin-arm64-16.2.6.tgz,67.35,8.03,1.054182598
run_90_repetition_4,DONE,brotli,brotli/@esbuild__netbsd-x64--netbsd-x64-0.28.0.tar.br,5.9,0.7,0.09282887
run_38_repetition_20,DONE,xz,xz/@esbuild__linux-ia32--linux-ia32-0.28.0.tar.xz,21.53,2.56,0.338044596
run_10_repetition_12,DONE,npm,npm/@next__swc-linux-x64-gnu--swc-linux-x64-gnu-16.2.6.tgz,74.67,9.0,1.169254146
run_25_repetition_7,DONE,xz,xz/@next__swc-win32-ia32-msvc--swc-win32-ia32-msvc-14.2.16.tar.xz,116.16,13.87,1.820650175
run_35_repetition_12,DONE,xz,xz/@next__swc-darwin-arm64--swc-darwin-arm64-16.2.6.tar.xz,147.35,17.52,2.303432975
run_53_repetition_20,DONE,zopfli,zopfli/@next__swc-linux-arm64-musl--swc-linux-arm64-musl-16.2.6.tgz,74.32,8.78,1.163385943
run_84_repetition_23,DONE,brotli,brotli/@esbuild__win32-x64--win32-x64-0.28.0.tar.br,6.11,0.73,0.095623461
run_41_repetition_17,DONE,xz,xz/@esbuild__darwin-x64--darwin-x64-0.28.0.tar.xz,23.48,2.79,0.368803103
run_55_repetition_2,DONE,zopfli,zopfli/@esbuild__openbsd-x64--openbsd-x64-0.28.0.tgz,7.94,0.94,0.125325515
run_38_repetition_27,DONE,xz,xz/@esbuild__linux-ia32--linux-ia32-0.28.0.tar.xz,21.5,2.58,0.337619211
run_21_repetition_29,DONE,xz,xz/@esbuild__win32-ia32--win32-ia32-0.28.0.tar.xz,22.99,2.71,0.356956391
run_94_repetition_5,DONE,brotli,brotli/@next__swc-win32-x64-msvc--swc-win32-x64-msvc-16.2.6.tar.br,44.61,5.34,0.69623247
run_13_repetition_6,DONE,npm,npm/@esbuild__win32-x64--win32-x64-0.28.0.tgz,7.85,0.93,0.122593434
run_10_repetition_27,DONE,npm,npm/@next__swc-linux-x64-gnu--swc-linux-x64-gnu-16.2.6.tgz,75.18,8.98,1.16990466
run_93_repetition_25,DONE,brotli,brotli/@esbuild__linux-x64--linux-x64-0.28.0.tar.br,6.0,0.71,0.093609748
run_4_repetition_20,DONE,npm,npm/@next__swc-darwin-x64--swc-darwin-x64-16.2.6.tgz,70.42,8.37,1.099637366
run_89_repetition_20,DONE,brotli,brotli/@esbuild__darwin-x64--darwin-x64-0.28.0.tar.br,6.09,0.72,0.095000195
run_84_repetition_27,DONE,brotli,brotli/@esbuild__win32-x64--win32-x64-0.28.0.tar.br,6.08,0.72,0.094927483
run_98_repetition_13,DONE,brotli,brotli/@next__swc-linux-x64-musl--swc-linux-x64-musl-16.2.6.tar.br,43.45,5.23,0.679312853
run_19_repetition_7,DONE,npm,npm/@esbuild__freebsd-x64--freebsd-x64-0.28.0.tgz,7.66,0.91,0.119973151
run_88_repetition_1,DONE,brotli,brotli/@next__swc-linux-x64-gnu--swc-linux-x64-gnu-16.2.6.tar.br,43.94,5.29,0.686222243
run_51_repetition_28,DONE,zopfli,zopfli/@next__swc-linux-x64-gnu--swc-linux-x64-gnu-16.2.6.tgz,78.21,9.36,1.228280451
run_30_repetition_13,DONE,xz,xz/next--next-16.2.6.tar.xz,73.41,8.74,1.144975067
run_51_repetition_18,DONE,zopfli,zopfli/@next__swc-linux-x64-gnu--swc-linux-x64-gnu-16.2.6.tgz,78.17,9.35,1.229431731
run_72_repetition_25,DONE,zstd,zstd/@esbuild__win32-ia32--win32-ia32-0.28.0.tar.zst,3.23,0.38,0.048212686
run_5_repetition_22,DONE,npm,npm/@esbuild__aix-ppc64--aix-ppc64-0.28.0.tgz,8.04,0.96,0.125097453
run_75_repetition_14,DONE,zstd,zstd/@esbuild__freebsd-x64--freebsd-x64-0.28.0.tar.zst,3.18,0.37,0.047981377
run_61_repetition_25,DONE,zopfli,zopfli/@esbuild__freebsd-x64--freebsd-x64-0.28.0.tgz,7.99,0.96,0.1255275
run_39_repetition_26,DONE,xz,xz/@esbuild__sunos-x64--sunos-x64-0.28.0.tar.xz,22.97,2.73,0.36102893
run_31_repetition_3,DONE,xz,xz/@esbuild__openbsd-x64--openbsd-x64-0.28.0.tar.xz,22.99,2.76,0.361032275
run_53_repetition_19,DONE,zopfli,zopfli/@next__swc-linux-arm64-musl--swc-linux-arm64-musl-16.2.6.tgz,74.38,8.86,1.165685378
run_13_repetition_29,DONE,npm,npm/@esbuild__win32-x64--win32-x64-0.28.0.tgz,7.86,0.94,0.12325638
run_80_repetition_7,DONE,zstd,zstd/@next__swc-win32-arm64-msvc--swc-win32-arm64-msvc-16.2.6.tar.zst,26.77,3.17,0.40279506
run_51_repetition_21,DONE,zopfli,zopfli/@next__swc-linux-x64-gnu--swc-linux-x64-gnu-16.2.6.tgz,78.35,9.43,1.228986187
run_12_repetition_24,DONE,npm,npm/@next__swc-linux-arm64-musl--swc-linux-arm64-musl-16.2.6.tgz,69.9,8.35,1.093659343
run_12_repetition_20,DONE,npm,npm/@next__swc-linux-arm64-musl--swc-linux-arm64-musl-16.2.6.tgz,70.13,8.35,1.093540298
run_8_repetition_10,DONE,npm,npm/@esbuild__sunos-x64--sunos-x64-0.28.0.tgz,7.7,0.92,0.119584075
run_16_repetition_1,DONE,npm,npm/@esbuild__linux-x64--linux-x64-0.28.0.tgz,7.72,0.92,0.120560653
run_86_repetition_9,DONE,brotli,brotli/@next__swc-darwin-x64--swc-darwin-x64-16.2.6.tar.br,41.16,4.95,0.641647209
run_69_repetition_17,DONE,zstd,zstd/@next__swc-linux-x64-musl--swc-linux-x64-musl-16.2.6.tar.zst,30.94,3.71,0.465055425
run_90_repetition_14,DONE,brotli,brotli/@esbuild__netbsd-x64--netbsd-x64-0.28.0.tar.br,5.96,0.71,0.092757121
run_0_repetition_29,DONE,npm,npm/@next__swc-darwin-arm64--swc-darwin-arm64-16.2.6.tgz,67.59,8.08,1.052931177
run_46_repetition_25,DONE,zopfli,zopfli/@next__swc-darwin-x64--swc-darwin-x64-16.2.6.tgz,73.76,8.83,1.158130426
run_91_repetition_16,DONE,brotli,brotli/aws-sdk--aws-sdk-2.1693.0.tar.br,13.02,1.6,0.200687086
run_39_repetition_5,DONE,xz,xz/@esbuild__sunos-x64--sunos-x64-0.28.0.tar.xz,23.01,2.74,0.36078652
run_40_repetition_24,DONE,xz,xz/@next__swc-win32-arm64-msvc--swc-win32-arm64-msvc-16.2.6.tar.xz,134.25,15.88,2.106332351
run_82_repetition_7,DONE,zstd,zstd/@next__swc-darwin-arm64--swc-darwin-arm64-16.2.6.tar.zst,28.55,3.41,0.42953211
run_5_repetition_11,DONE,npm,npm/@esbuild__aix-ppc64--aix-ppc64-0.28.0.tgz,7.98,0.95,0.123952316
run_36_repetition_29,DONE,xz,xz/@esbuild__win32-x64--win32-x64-0.28.0.tar.xz,23.26,2.76,0.364523731
run_13_repetition_5,DONE,npm,npm/@esbuild__win32-x64--win32-x64-0.28.0.tgz,7.88,0.94,0.123074961
run_41_repetition_5,DONE,xz,xz/@esbuild__darwin-x64--darwin-x64-0.28.0.tar.xz,23.54,2.81,0.368595429
run_101_repetition_26,DONE,brotli,brotli/@next__swc-linux-arm64-musl--swc-linux-arm64-musl-16.2.6.tar.br,40.31,4.9,0.62775835
run_25_repetition_22,DONE,xz,xz/@next__swc-win32-ia32-msvc--swc-win32-ia32-msvc-14.2.16.tar.xz,116.36,13.97,1.82166377
run_46_repetition_4,DONE,zopfli,zopfli/@next__swc-darwin-x64--swc-darwin-x64-16.2.6.tgz,73.66,8.86,1.158218712
run_88_repetition_9,DONE,brotli,brotli/@next__swc-linux-x64-gnu--swc-linux-x64-gnu-16.2.6.tar.br,43.73,5.31,0.681268408
run_62_repetition_12,DONE,zopfli,zopfli/aws-sdk--aws-sdk-2.1693.0.tgz,38.53,4.63,0.605163328
run_90_repetition_27,DONE,brotli,brotli/@esbuild__netbsd-x64--netbsd-x64-0.28.0.tar.br,5.95,0.7,0.092598047
run_74_repetition_2,DONE,zstd,zstd/@esbuild__darwin-x64--darwin-x64-0.28.0.tar.zst,3.44,0.41,0.050968315
run_53_repetition_22,DONE,zopfli,zopfli/@next__swc-linux-arm64-musl--swc-linux-arm64-musl-16.2.6.tgz,74.03,8.94,1.163562104
run_19_repetition_27,DONE,npm,npm/@esbuild__freebsd-x64--freebsd-x64-0.28.0.tgz,7.68,0.93,0.120308586
run_53_repetition_17,DONE,zopfli,zopfli/@next__swc-linux-arm64-musl--swc-linux-arm64-musl-16.2.6.tgz,74.29,8.91,1.167095806
run_89_repetition_0,DONE,brotli,brotli/@esbuild__darwin-x64--darwin-x64-0.28.0.tar.br,6.07,0.72,0.094793696
run_98_repetition_4,DONE,brotli,brotli/@next__swc-linux-x64-musl--swc-linux-x64-musl-16.2.6.tar.br,43.77,5.26,0.683616632
run_59_repetition_22,DONE,zopfli,zopfli/typescript--typescript-6.0.3.tgz,11.25,1.36,0.177561363
run_54_repetition_9,DONE,zopfli,zopfli/@esbuild__win32-x64--win32-x64-0.28.0.tgz,8.17,0.97,0.127957269
run_57_repetition_14,DONE,zopfli,zopfli/@esbuild__linux-x64--linux-x64-0.28.0.tgz,8.02,0.97,0.125868608
run_26_repetition_18,DONE,xz,xz/@esbuild__linux-riscv64--linux-riscv64-0.28.0.tar.xz,21.54,2.59,0.337850455
run_28_repetition_16,DONE,xz,xz/@next__swc-linux-arm64-gnu--swc-linux-arm64-gnu-16.2.6.tar.xz,157.4,18.81,2.465137829
run_66_repetition_8,DONE,zstd,zstd/@esbuild__openbsd-x64--openbsd-x64-0.28.0.tar.zst,3.17,0.38,0.047861801
run_24_repetition_13,DONE,xz,xz/aws-sdk--aws-sdk-2.1693.0.tar.xz,45.85,5.5,0.71884195
run_60_repetition_14,DONE,zopfli,zopfli/@esbuild__linux-s390x--linux-s390x-0.28.0.tgz,7.86,0.93,0.123258452
run_17_repetition_3,DONE,npm,npm/@esbuild__darwin-x64--darwin-x64-0.28.0.tgz,7.88,0.93,0.122729554
run_39_repetition_23,DONE,xz,xz/@esbuild__sunos-x64--sunos-x64-0.28.0.tar.xz,23.0,2.74,0.360698958
run_75_repetition_6,DONE,zstd,zstd/@esbuild__freebsd-x64--freebsd-x64-0.28.0.tar.zst,3.18,0.38,0.047786728
run_35_repetition_27,DONE,xz,xz/@next__swc-darwin-arm64--swc-darwin-arm64-16.2.6.tar.xz,146.69,17.49,2.302243284
run_98_repetition_9,DONE,brotli,brotli/@next__swc-linux-x64-musl--swc-linux-x64-musl-16.2.6.tar.br,43.61,5.25,0.67963464
run_22_repetition_21,DONE,xz,xz/@next__swc-linux-arm64-musl--swc-linux-arm64-musl-16.2.6.tar.xz,154.42,18.42,2.420135238
run_101_repetition_11,DONE,brotli,brotli/@next__swc-linux-arm64-musl--swc-linux-arm64-musl-16.2.6.tar.br,40.49,4.9,0.628331019
run_104_repetition_29,DONE,brotli,brotli/@esbuild__linux-ia32--linux-ia32-0.28.0.tar.br,5.65,0.68,0.088478211
run_58_repetition_23,DONE,zopfli,zopfli/@esbuild__darwin-x64--darwin-x64-0.28.0.tgz,8.16,0.98,0.128269352
run_59_repetition_29,DONE,zopfli,zopfli/typescript--typescript-6.0.3.tgz,11.27,1.35,0.177528688
run_11_repetition_15,DONE,npm,npm/@esbuild__netbsd-x64--netbsd-x64-0.28.0.tgz,7.66,0.92,0.119829559
run_61_repetition_4,DONE,zopfli,zopfli/@esbuild__freebsd-x64--freebsd-x64-0.28.0.tgz,7.94,0.95,0.125483494
run_38_repetition_2,DONE,xz,xz/@esbuild__linux-ia32--linux-ia32-0.28.0.tar.xz,21.62,2.59,0.337598842
run_19_repetition_1,DONE,npm,npm/@esbuild__freebsd-x64--freebsd-x64-0.28.0.tgz,7.69,0.92,0.12025725
run_44_repetition_3,DONE,zopfli,zopfli/@esbuild__win32-ia32--win32-ia32-0.28.0.tgz,7.79,0.94,0.122397988
run_31_repetition_15,DONE,xz,xz/@esbuild__openbsd-x64--openbsd-x64-0.28.0.tar.xz,23.03,2.78,0.361493787
run_89_repetition_7,DONE,brotli,brotli/@esbuild__darwin-x64--darwin-x64-0.28.0.tar.br,6.07,0.73,0.094935563
run_41_repetition_3,DONE,xz,xz/@esbuild__darwin-x64--darwin-x64-0.28.0.tar.xz,23.54,2.83,0.369084953
run_52_repetition_10,DONE,zopfli,zopfli/@esbuild__netbsd-x64--netbsd-x64-0.28.0.tgz,7.95,0.96,0.125094481
run_71_repetition_17,DONE,zstd,zstd/aws-sdk--aws-sdk-2.1693.0.tar.zst,14.81,1.76,0.218533558
run_40_repetition_8,DONE,xz,xz/@next__swc-win32-arm64-msvc--swc-win32-arm64-msvc-16.2.6.tar.xz,134.14,16.06,2.102123791
run_37_repetition_15,DONE,xz,xz/@next__swc-linux-x64-musl--swc-linux-x64-musl-16.2.6.tar.xz,178.19,21.35,2.792588878
run_9_repetition_16,DONE,npm,npm/@next__swc-linux-x64-musl--swc-linux-x64-musl-16.2.6.tgz,74.91,8.91,1.170068279
run_91_repetition_0,DONE,brotli,brotli/aws-sdk--aws-sdk-2.1693.0.tar.br,12.97,1.58,0.199675216
run_99_repetition_8,DONE,brotli,brotli/@next__swc-win32-ia32-msvc--swc-win32-ia32-msvc-14.2.16.tar.br,30.18,3.65,0.470801606
run_3_repetition_19,DONE,npm,npm/@next__swc-win32-ia32-msvc--swc-win32-ia32-msvc-14.2.16.tgz,52.34,6.3,0.816550462
run_57_repetition_10,DONE,zopfli,zopfli/@esbuild__linux-x64--linux-x64-0.28.0.tgz,8.03,0.96,0.126097442
run_52_repetition_3,DONE,zopfli,zopfli/@esbuild__netbsd-x64--netbsd-x64-0.28.0.tgz,7.95,0.95,0.125024591
run_30_repetition_26,DONE,xz,xz/next--next-16.2.6.tar.xz,73.57,8.8,1.144097526
run_4_repetition_11,DONE,npm,npm/@next__swc-darwin-x64--swc-darwin-x64-16.2.6.tgz,70.36,8.39,1.100458588
run_104_repetition_17,DONE,brotli,brotli/@esbuild__linux-ia32--linux-ia32-0.28.0.tar.br,5.6,0.67,0.087832421
run_97_repetition_26,DONE,brotli,brotli/next--next-16.2.6.tar.br,22.94,2.79,0.349656097
run_75_repetition_24,DONE,zstd,zstd/@esbuild__freebsd-x64--freebsd-x64-0.28.0.tar.zst,3.27,0.38,0.04912541
run_60_repetition_16,DONE,zopfli,zopfli/@esbuild__linux-s390x--linux-s390x-0.28.0.tgz,7.87,0.96,0.123468516
run_81_repetition_26,DONE,zstd,zstd/@next__swc-win32-x64-msvc--swc-win32-x64-msvc-16.2.6.tar.zst,32.99,3.9,0.495952562
run_67_repetition_23,DONE,zstd,zstd/@next__swc-darwin-x64--swc-darwin-x64-16.2.6.tar.zst,29.02,3.45,0.436535186
run_44_repetition_5,DONE,zopfli,zopfli/@esbuild__win32-ia32--win32-ia32-0.28.0.tgz,7.76,0.93,0.122043919
run_67_repetition_1,DONE,zstd,zstd/@next__swc-darwin-x64--swc-darwin-x64-16.2.6.tar.zst,28.6,3.42,0.43108155
run_14_repetition_1,DONE,npm,npm/@esbuild__openbsd-x64--openbsd-x64-0.28.0.tgz,7.68,0.92,0.119892554
run_25_repetition_29,DONE,xz,xz/@next__swc-win32-ia32-msvc--swc-win32-ia32-msvc-14.2.16.tar.xz,116.62,14.05,1.82580392
run_0_repetition_28,DONE,npm,npm/@next__swc-darwin-arm64--swc-darwin-arm64-16.2.6.tgz,67.26,8.06,1.052405159
run_100_repetition_9,DONE,brotli,brotli/@esbuild__openbsd-x64--openbsd-x64-0.28.0.tar.br,5.95,0.72,0.093070159
run_42_repetition_23,DONE,zopfli,zopfli/@next__swc-darwin-arm64--swc-darwin-arm64-16.2.6.tgz,71.18,8.56,1.118865552
run_53_repetition_12,DONE,zopfli,zopfli/@next__swc-linux-arm64-musl--swc-linux-arm64-musl-16.2.6.tgz,73.82,8.94,1.164008535
run_68_repetition_22,DONE,zstd,zstd/@next__swc-win32-ia32-msvc--swc-win32-ia32-msvc-14.2.16.tar.zst,21.37,2.52,0.322887106
run_32_repetition_10,DONE,xz,xz/@next__swc-linux-x64-gnu--swc-linux-x64-gnu-16.2.6.tar.xz,177.68,21.19,2.787582115
run_49_repetition_2,DONE,zopfli,zopfli/@esbuild__sunos-x64--sunos-x64-0.28.0.tgz,7.95,0.97,0.125133428
run_15_repetition_8,DONE,npm,npm/@next__swc-win32-x64-msvc--swc-win32-x64-msvc-16.2.6.tgz,75.79,9.11,1.184217013
run_57_repetition_12,DONE,zopfli,zopfli/@esbuild__linux-x64--linux-x64-0.28.0.tgz,8.02,0.96,0.125989824
run_17_repetition_17,DONE,npm,npm/@esbuild__darwin-x64--darwin-x64-0.28.0.tgz,7.87,0.95,0.123055068
run_59_repetition_16,DONE,zopfli,zopfli/typescript--typescript-6.0.3.tgz,11.31,1.37,0.178159818
run_79_repetition_24,DONE,zstd,zstd/@next__swc-linux-x64-gnu--swc-linux-x64-gnu-16.2.6.tar.zst,30.96,3.7,0.465404657
run_9_repetition_5,DONE,npm,npm/@next__swc-linux-x64-musl--swc-linux-x64-musl-16.2.6.tgz,75.1,9.0,1.170854455
run_34_repetition_2,DONE,xz,xz/@esbuild__freebsd-x64--freebsd-x64-0.28.0.tar.xz,23.06,2.76,0.361195146
run_39_repetition_9,DONE,xz,xz/@esbuild__sunos-x64--sunos-x64-0.28.0.tar.xz,23.05,2.77,0.360818824
run_10_repetition_22,DONE,npm,npm/@next__swc-linux-x64-gnu--swc-linux-x64-gnu-16.2.6.tgz,74.93,9.06,1.17021753
run_62_repetition_18,DONE,zopfli,zopfli/aws-sdk--aws-sdk-2.1693.0.tgz,38.48,4.65,0.605391429
run_91_repetition_21,DONE,brotli,brotli/aws-sdk--aws-sdk-2.1693.0.tar.br,13.03,1.61,0.200038934
run_40_repetition_12,DONE,xz,xz/@next__swc-win32-arm64-msvc--swc-win32-arm64-msvc-16.2.6.tar.xz,134.42,16.09,2.103765246
run_91_repetition_4,DONE,brotli,brotli/aws-sdk--aws-sdk-2.1693.0.tar.br,13.0,1.59,0.20061388
run_83_repetition_5,DONE,zstd,zstd/@esbuild__sunos-x64--sunos-x64-0.28.0.tar.zst,3.2,0.38,0.04815552
run_101_repetition_1,DONE,brotli,brotli/@next__swc-linux-arm64-musl--swc-linux-arm64-musl-16.2.6.tar.br,40.42,4.89,0.630183166
run_91_repetition_9,DONE,brotli,brotli/aws-sdk--aws-sdk-2.1693.0.tar.br,13.06,1.62,0.200895398
run_63_repetition_24,DONE,zstd,zstd/next--next-16.2.6.tar.zst,20.91,2.53,0.307882676
run_32_repetition_12,DONE,xz,xz/@next__swc-linux-x64-gnu--swc-linux-x64-gnu-16.2.6.tar.xz,178.63,21.32,2.797767768
run_38_repetition_7,DONE,xz,xz/@esbuild__linux-ia32--linux-ia32-0.28.0.tar.xz,21.61,2.58,0.338449589
run_22_repetition_11,DONE,xz,xz/@next__swc-linux-arm64-musl--swc-linux-arm64-musl-16.2.6.tar.xz,155.43,18.53,2.427506815
run_24_repetition_25,DONE,xz,xz/aws-sdk--aws-sdk-2.1693.0.tar.xz,46.77,5.58,0.731259145
run_31_repetition_28,DONE,xz,xz/@esbuild__openbsd-x64--openbsd-x64-0.28.0.tar.xz,23.1,2.76,0.361325302
run_28_repetition_18,DONE,xz,xz/@next__swc-linux-arm64-gnu--swc-linux-arm64-gnu-16.2.6.tar.xz,160.18,19.21,2.5091712
run_62_repetition_26,DONE,zopfli,zopfli/aws-sdk--aws-sdk-2.1693.0.tgz,39.35,4.77,0.61843115
run_62_repetition_15,DONE,zopfli,zopfli/aws-sdk--aws-sdk-2.1693.0.tgz,39.74,4.77,0.622917415
run_67_repetition_7,DONE,zstd,zstd/@next__swc-darwin-x64--swc-darwin-x64-16.2.6.tar.zst,28.81,3.44,0.430061232
run_47_repetition_9,DONE,zopfli,zopfli/next--next-16.2.6.tgz,83.56,10.01,1.310517378
run_73_repetition_24,DONE,zstd,zstd/@next__swc-linux-arm64-gnu--swc-linux-arm64-gnu-16.2.6.tar.zst,29.83,3.58,0.445870701
run_26_repetition_21,DONE,xz,xz/@esbuild__linux-riscv64--linux-riscv64-0.28.0.tar.xz,21.91,2.61,0.343231185
run_33_repetition_23,DONE,xz,xz/@esbuild__linux-x64--linux-x64-0.28.0.tar.xz,23.18,2.74,0.362978709
run_12_repetition_29,DONE,npm,npm/@next__swc-linux-arm64-musl--swc-linux-arm64-musl-16.2.6.tgz,71.67,8.61,1.115298335
run_14_repetition_8,DONE,npm,npm/@esbuild__openbsd-x64--openbsd-x64-0.28.0.tgz,7.81,0.92,0.121573588
run_80_repetition_28,DONE,zstd,zstd/@next__swc-win32-arm64-msvc--swc-win32-arm64-msvc-16.2.6.tar.zst,26.58,3.16,0.396652616
run_61_repetition_15,DONE,zopfli,zopfli/@esbuild__freebsd-x64--freebsd-x64-0.28.0.tgz,8.08,0.98,0.127212148
run_94_repetition_9,DONE,brotli,brotli/@next__swc-win32-x64-msvc--swc-win32-x64-msvc-16.2.6.tar.br,45.17,5.43,0.699521506
run_27_repetition_21,DONE,xz,xz/@next__swc-win32-x64-msvc--swc-win32-x64-msvc-16.2.6.tar.xz,181.08,21.72,2.832725698
run_83_repetition_15,DONE,zstd,zstd/@esbuild__sunos-x64--sunos-x64-0.28.0.tar.zst,3.24,0.39,0.048590635
run_98_repetition_12,DONE,brotli,brotli/@next__swc-linux-x64-musl--swc-linux-x64-musl-16.2.6.tar.br,47.61,5.8,0.738832256
run_10_repetition_21,DONE,npm,npm/@next__swc-linux-x64-gnu--swc-linux-x64-gnu-16.2.6.tgz,77.09,9.26,1.194485949
run_56_repetition_5,DONE,zopfli,zopfli/@next__swc-win32-x64-msvc--swc-win32-x64-msvc-16.2.6.tgz,81.62,9.88,1.278798288
run_10_repetition_10,DONE,npm,npm/@next__swc-linux-x64-gnu--swc-linux-x64-gnu-16.2.6.tgz,77.01,9.27,1.190701586
run_21_repetition_8,DONE,xz,xz/@esbuild__win32-ia32--win32-ia32-0.28.0.tar.xz,23.07,2.79,0.361340204
run_31_repetition_1,DONE,xz,xz/@esbuild__openbsd-x64--openbsd-x64-0.28.0.tar.xz,23.44,2.83,0.366878815
run_8_repetition_20,DONE,npm,npm/@esbuild__sunos-x64--sunos-x64-0.28.0.tgz,7.76,0.93,0.121684587
run_30_repetition_7,DONE,xz,xz/next--next-16.2.6.tar.xz,78.0,9.55,1.21484363
run_43_repetition_3,DONE,zopfli,zopfli/@next__swc-win32-arm64-msvc--swc-win32-arm64-msvc-16.2.6.tgz,66.54,8.07,1.041372237
run_39_repetition_22,DONE,xz,xz/@esbuild__sunos-x64--sunos-x64-0.28.0.tar.xz,23.37,2.84,0.365864637
run_46_repetition_22,DONE,zopfli,zopfli/@next__swc-darwin-x64--swc-darwin-x64-16.2.6.tgz,75.46,9.23,1.179799823
run_29_repetition_15,DONE,xz,xz/@esbuild__netbsd-x64--netbsd-x64-0.28.0.tar.xz,23.15,2.79,0.362116223
run_88_repetition_29,DONE,brotli,brotli/@next__swc-linux-x64-gnu--swc-linux-x64-gnu-16.2.6.tar.br,48.25,5.95,0.749890205
run_100_repetition_6,DONE,brotli,brotli/@esbuild__openbsd-x64--openbsd-x64-0.28.0.tar.br,6.29,0.77,0.097654775
run_101_repetition_12,DONE,brotli,brotli/@next__swc-linux-arm64-musl--swc-linux-arm64-musl-16.2.6.tar.br,43.74,5.35,0.680201772
run_44_repetition_9,DONE,zopfli,zopfli/@esbuild__win32-ia32--win32-ia32-0.28.0.tgz,7.93,0.96,0.124138425
run_52_repetition_9,DONE,zopfli,zopfli/@esbuild__netbsd-x64--netbsd-x64-0.28.0.tgz,8.11,0.98,0.12701027
run_58_repetition_22,DONE,zopfli,zopfli/@esbuild__darwin-x64--darwin-x64-0.28.0.tgz,8.3,1.0,0.13011689
run_44_repetition_23,DONE,zopfli,zopfli/@esbuild__win32-ia32--win32-ia32-0.28.0.tgz,7.96,0.97,0.124211446
run_85_repetition_9,DONE,brotli,brotli/@next__swc-linux-arm64-gnu--swc-linux-arm64-gnu-16.2.6.tar.br,43.41,5.37,0.676075624
run_7_repetition_19,DONE,npm,npm/@next__swc-linux-arm64-gnu--swc-linux-arm64-gnu-16.2.6.tgz,72.18,8.75,1.120786215
run_102_repetition_2,DONE,brotli,brotli/@esbuild__linux-riscv64--linux-riscv64-0.28.0.tar.br,5.93,0.72,0.092360365
run_86_repetition_14,DONE,brotli,brotli/@next__swc-darwin-x64--swc-darwin-x64-16.2.6.tar.br,44.25,5.44,0.688180532
run_77_repetition_4,DONE,zstd,zstd/@esbuild__linux-s390x--linux-s390x-0.28.0.tar.zst,3.21,0.38,0.047828405
run_9_repetition_15,DONE,npm,npm/@next__swc-linux-x64-musl--swc-linux-x64-musl-16.2.6.tgz,77.02,9.29,1.192163835
run_96_repetition_25,DONE,brotli,brotli/@next__swc-win32-arm64-msvc--swc-win32-arm64-msvc-16.2.6.tar.br,39.13,4.82,0.607709762
run_99_repetition_13,DONE,brotli,brotli/@next__swc-win32-ia32-msvc--swc-win32-ia32-msvc-14.2.16.tar.br,32.32,3.92,0.501641071
run_66_repetition_27,DONE,zstd,zstd/@esbuild__openbsd-x64--openbsd-x64-0.28.0.tar.zst,3.15,0.37,0.047724031
run_16_repetition_13,DONE,npm,npm/@esbuild__linux-x64--linux-x64-0.28.0.tgz,7.96,0.96,0.123318503
run_103_repetition_20,DONE,brotli,brotli/@esbuild__sunos-x64--sunos-x64-0.28.0.tar.br,6.28,0.76,0.09747234
run_95_repetition_5,DONE,brotli,brotli/@esbuild__win32-ia32--win32-ia32-0.28.0.tar.br,6.07,0.74,0.094385537
run_64_repetition_26,DONE,zstd,zstd/@esbuild__linux-x64--linux-x64-0.28.0.tar.zst,3.28,0.38,0.048991777
run_92_repetition_14,DONE,brotli,brotli/@next__swc-darwin-arm64--swc-darwin-arm64-16.2.6.tar.br,41.38,5.02,0.645062813
run_46_repetition_27,DONE,zopfli,zopfli/@next__swc-darwin-x64--swc-darwin-x64-16.2.6.tgz,75.04,9.05,1.178859845
run_17_repetition_20,DONE,npm,npm/@esbuild__darwin-x64--darwin-x64-0.28.0.tgz,7.96,0.95,0.124883716
run_87_repetition_13,DONE,brotli,brotli/@esbuild__freebsd-x64--freebsd-x64-0.28.0.tar.br,6.19,0.74,0.095967753
run_17_repetition_25,DONE,npm,npm/@esbuild__darwin-x64--darwin-x64-0.28.0.tgz,7.99,0.95,0.124945429
run_23_repetition_23,DONE,xz,xz/@next__swc-darwin-x64--swc-darwin-x64-16.2.6.tar.xz,170.21,20.4,2.670241417
run_40_repetition_0,DONE,xz,xz/@next__swc-win32-arm64-msvc--swc-win32-arm64-msvc-16.2.6.tar.xz,138.4,16.55,2.171281796
run_42_repetition_13,DONE,zopfli,zopfli/@next__swc-darwin-arm64--swc-darwin-arm64-16.2.6.tgz,72.63,8.71,1.139753081
run_47_repetition_2,DONE,zopfli,zopfli/next--next-16.2.6.tgz,83.57,10.05,1.308473939
run_72_repetition_0,DONE,zstd,zstd/@esbuild__win32-ia32--win32-ia32-0.28.0.tar.zst,3.18,0.38,0.048002991
run_30_repetition_27,DONE,xz,xz/next--next-16.2.6.tar.xz,78.18,9.32,1.215600325
run_85_repetition_0,DONE,brotli,brotli/@next__swc-linux-arm64-gnu--swc-linux-arm64-gnu-16.2.6.tar.br,44.12,5.33,0.685751784
run_4_repetition_1,DONE,npm,npm/@next__swc-darwin-x64--swc-darwin-x64-16.2.6.tgz,72.26,8.75,1.120917431
run_20_repetition_2,DONE,npm,npm/aws-sdk--aws-sdk-2.1693.0.tgz,39.07,4.75,0.602838851
run_92_repetition_23,DONE,brotli,brotli/@next__swc-darwin-arm64--swc-darwin-arm64-16.2.6.tar.br,42.54,5.21,0.660688047
run_73_repetition_25,DONE,zstd,zstd/@next__swc-linux-arm64-gnu--swc-linux-arm64-gnu-16.2.6.tar.zst,29.81,3.64,0.445562099
run_65_repetition_11,DONE,zstd,zstd/@next__swc-linux-arm64-musl--swc-linux-arm64-musl-16.2.6.tar.zst,29.46,3.56,0.44090859
run_74_repetition_29,DONE,zstd,zstd/@esbuild__darwin-x64--darwin-x64-0.28.0.tar.zst,3.3,0.4,0.049963494
run_47_repetition_11,DONE,zopfli,zopfli/next--next-16.2.6.tgz,83.36,10.14,1.309469785
run_85_repetition_7,DONE,brotli,brotli/@next__swc-linux-arm64-gnu--swc-linux-arm64-gnu-16.2.6.tar.br,43.07,5.24,0.670764643
run_58_repetition_28,DONE,zopfli,zopfli/@esbuild__darwin-x64--darwin-x64-0.28.0.tgz,8.21,0.99,0.129373427
run_28_repetition_20,DONE,xz,xz/@next__swc-linux-arm64-gnu--swc-linux-arm64-gnu-16.2.6.tar.xz,161.68,19.41,2.525027543
run_59_repetition_23,DONE,zopfli,zopfli/typescript--typescript-6.0.3.tgz,11.51,1.39,0.181501226
run_16_repetition_7,DONE,npm,npm/@esbuild__linux-x64--linux-x64-0.28.0.tgz,7.86,0.95,0.12216361
run_93_repetition_2,DONE,brotli,brotli/@esbuild__linux-x64--linux-x64-0.28.0.tar.br,6.5,0.79,0.100417353
run_43_repetition_19,DONE,zopfli,zopfli/@next__swc-win32-arm64-msvc--swc-win32-arm64-msvc-16.2.6.tgz,66.55,8.02,1.042354074
run_87_repetition_24,DONE,brotli,brotli/@esbuild__freebsd-x64--freebsd-x64-0.28.0.tar.br,6.39,0.77,0.099548077
run_5_repetition_7,DONE,npm,npm/@esbuild__aix-ppc64--aix-ppc64-0.28.0.tgz,8.11,0.98,0.126292063
run_73_repetition_17,DONE,zstd,zstd/@next__swc-linux-arm64-gnu--swc-linux-arm64-gnu-16.2.6.tar.zst,29.69,3.59,0.445344326
run_63_repetition_26,DONE,zstd,zstd/next--next-16.2.6.tar.zst,20.83,2.58,0.302513624
run_3_repetition_14,DONE,npm,npm/@next__swc-win32-ia32-msvc--swc-win32-ia32-msvc-14.2.16.tgz,53.5,6.44,0.830617365
run_36_repetition_17,DONE,xz,xz/@esbuild__win32-x64--win32-x64-0.28.0.tar.xz,23.56,2.83,0.370134418
run_86_repetition_25,DONE,brotli,brotli/@next__swc-darwin-x64--swc-darwin-x64-16.2.6.tar.br,45.13,5.56,0.702569722
run_89_repetition_8,DONE,brotli,brotli/@esbuild__darwin-x64--darwin-x64-0.28.0.tar.br,6.52,0.8,0.10099592
run_94_repetition_1,DONE,brotli,brotli/@next__swc-win32-x64-msvc--swc-win32-x64-msvc-16.2.6.tar.br,49.15,6.05,0.765210609
run_22_repetition_19,DONE,xz,xz/@next__swc-linux-arm64-musl--swc-linux-arm64-musl-16.2.6.tar.xz,161.08,19.45,2.525757772
run_84_repetition_11,DONE,brotli,brotli/@esbuild__win32-x64--win32-x64-0.28.0.tar.br,6.48,0.79,0.101024293
run_77_repetition_6,DONE,zstd,zstd/@esbuild__linux-s390x--linux-s390x-0.28.0.tar.zst,3.19,0.38,0.047813439
run_13_repetition_24,DONE,npm,npm/@esbuild__win32-x64--win32-x64-0.28.0.tgz,8.02,0.96,0.125181558
run_11_repetition_7,DONE,npm,npm/@esbuild__netbsd-x64--netbsd-x64-0.28.0.tgz,7.76,0.93,0.121269279
run_30_repetition_24,DONE,xz,xz/next--next-16.2.6.tar.xz,77.87,9.51,1.212854832
run_39_repetition_21,DONE,xz,xz/@esbuild__sunos-x64--sunos-x64-0.28.0.tar.xz,23.19,2.76,0.361014462
run_20_repetition_28,DONE,npm,npm/aws-sdk--aws-sdk-2.1693.0.tgz,38.96,4.72,0.601375815
run_2_repetition_5,DONE,npm,npm/@esbuild__win32-ia32--win32-ia32-0.28.0.tgz,7.64,0.92,0.119377545
run_63_repetition_25,DONE,zstd,zstd/next--next-16.2.6.tar.zst,21.08,2.57,0.306806498
run_8_repetition_21,DONE,npm,npm/@esbuild__sunos-x64--sunos-x64-0.28.0.tgz,7.81,0.95,0.121944669
run_10_repetition_1,DONE,npm,npm/@next__swc-linux-x64-gnu--swc-linux-x64-gnu-16.2.6.tgz,76.51,9.25,1.191454528
run_100_repetition_10,DONE,brotli,brotli/@esbuild__openbsd-x64--openbsd-x64-0.28.0.tar.br,6.3,0.76,0.098636635
run_12_repetition_21,DONE,npm,npm/@next__swc-linux-arm64-musl--swc-linux-arm64-musl-16.2.6.tgz,71.58,8.68,1.114535749
run_53_repetition_0,DONE,zopfli,zopfli/@next__swc-linux-arm64-musl--swc-linux-arm64-musl-16.2.6.tgz,75.28,9.12,1.184202293
run_85_repetition_1,DONE,brotli,brotli/@next__swc-linux-arm64-gnu--swc-linux-arm64-gnu-16.2.6.tar.br,44.31,5.41,0.687623703
run_34_repetition_23,DONE,xz,xz/@esbuild__freebsd-x64--freebsd-x64-0.28.0.tar.xz,23.36,2.8,0.366012108
run_13_repetition_14,DONE,npm,npm/@esbuild__win32-x64--win32-x64-0.28.0.tgz,8.05,0.97,0.125483818
run_99_repetition_21,DONE,brotli,brotli/@next__swc-win32-ia32-msvc--swc-win32-ia32-msvc-14.2.16.tar.br,33.22,3.97,0.51264822
run_53_repetition_24,DONE,zopfli,zopfli/@next__swc-linux-arm64-musl--swc-linux-arm64-musl-16.2.6.tgz,75.66,9.07,1.185018508
run_86_repetition_1,DONE,brotli,brotli/@next__swc-darwin-x64--swc-darwin-x64-16.2.6.tar.br,44.61,5.36,0.694398646
run_95_repetition_26,DONE,brotli,brotli/@esbuild__win32-ia32--win32-ia32-0.28.0.tar.br,6.24,0.75,0.096856203
run_11_repetition_1,DONE,npm,npm/@esbuild__netbsd-x64--netbsd-x64-0.28.0.tgz,7.84,0.94,0.121888179
run_51_repetition_22,DONE,zopfli,zopfli/@next__swc-linux-x64-gnu--swc-linux-x64-gnu-16.2.6.tgz,79.58,9.44,1.252148609
run_102_repetition_6,DONE,brotli,brotli/@esbuild__linux-riscv64--linux-riscv64-0.28.0.tar.br,6.0,0.72,0.093324203
run_2_repetition_25,DONE,npm,npm/@esbuild__win32-ia32--win32-ia32-0.28.0.tgz,7.73,0.93,0.120398359
run_99_repetition_10,DONE,brotli,brotli/@next__swc-win32-ia32-msvc--swc-win32-ia32-msvc-14.2.16.tar.br,33.28,4.02,0.518416631
run_24_repetition_4,DONE,xz,xz/aws-sdk--aws-sdk-2.1693.0.tar.xz,49.66,5.95,0.774800442
run_70_repetition_13,DONE,zstd,zstd/@esbuild__win32-x64--win32-x64-0.28.0.tar.zst,3.27,0.39,0.049180611
run_30_repetition_16,DONE,xz,xz/next--next-16.2.6.tar.xz,78.13,9.44,1.216088962
run_60_repetition_21,DONE,zopfli,zopfli/@esbuild__linux-s390x--linux-s390x-0.28.0.tgz,8.03,0.96,0.126045754
run_54_repetition_5,DONE,zopfli,zopfli/@esbuild__win32-x64--win32-x64-0.28.0.tgz,8.29,0.99,0.129792886
run_81_repetition_0,DONE,zstd,zstd/@next__swc-win32-x64-msvc--swc-win32-x64-msvc-16.2.6.tar.zst,32.48,3.86,0.486423339
run_24_repetition_22,DONE,xz,xz/aws-sdk--aws-sdk-2.1693.0.tar.xz,49.52,5.95,0.774046823
run_54_repetition_20,DONE,zopfli,zopfli/@esbuild__win32-x64--win32-x64-0.28.0.tgz,8.28,1.0,0.129884409
run_56_repetition_3,DONE,zopfli,zopfli/@next__swc-win32-x64-msvc--swc-win32-x64-msvc-16.2.6.tgz,81.32,9.76,1.280088372
run_78_repetition_25,DONE,zstd,zstd/@esbuild__netbsd-x64--netbsd-x64-0.28.0.tar.zst,3.25,0.38,0.048641372
run_59_repetition_8,DONE,zopfli,zopfli/typescript--typescript-6.0.3.tgz,11.65,1.39,0.182387032
run_94_repetition_13,DONE,brotli,brotli/@next__swc-win32-x64-msvc--swc-win32-x64-msvc-16.2.6.tar.br,48.99,5.99,0.760511882
run_90_repetition_19,DONE,brotli,brotli/@esbuild__netbsd-x64--netbsd-x64-0.28.0.tar.br,6.25,0.74,0.097784765
run_9_repetition_19,DONE,npm,npm/@next__swc-linux-x64-musl--swc-linux-x64-musl-16.2.6.tgz,76.81,9.19,1.192601166
run_50_repetition_6,DONE,zopfli,zopfli/@next__swc-linux-x64-musl--swc-linux-x64-musl-16.2.6.tgz,79.91,9.55,1.253864724
run_73_repetition_22,DONE,zstd,zstd/@next__swc-linux-arm64-gnu--swc-linux-arm64-gnu-16.2.6.tar.zst,32.92,3.97,0.494974863
run_30_repetition_2,DONE,xz,xz/next--next-16.2.6.tar.xz,78.04,9.37,1.217189335
run_82_repetition_21,DONE,zstd,zstd/@next__swc-darwin-arm64--swc-darwin-arm64-16.2.6.tar.zst,28.18,3.35,0.42005013
run_41_repetition_11,DONE,xz,xz/@esbuild__darwin-x64--darwin-x64-0.28.0.tar.xz,23.83,2.84,0.374398761
run_98_repetition_11,DONE,brotli,brotli/@next__swc-linux-x64-musl--swc-linux-x64-musl-16.2.6.tar.br,47.68,5.88,0.74351938
run_76_repetition_20,DONE,zstd,zstd/@esbuild__linux-riscv64--linux-riscv64-0.28.0.tar.zst,2.93,0.34,0.044211929
run_56_repetition_20,DONE,zopfli,zopfli/@next__swc-win32-x64-msvc--swc-win32-x64-msvc-16.2.6.tgz,81.49,9.82,1.280207459
run_100_repetition_19,DONE,brotli,brotli/@esbuild__openbsd-x64--openbsd-x64-0.28.0.tar.br,6.27,0.76,0.097810976
run_20_repetition_25,DONE,npm,npm/aws-sdk--aws-sdk-2.1693.0.tgz,39.15,4.7,0.602607314
run_66_repetition_11,DONE,zstd,zstd/@esbuild__openbsd-x64--openbsd-x64-0.28.0.tar.zst,3.27,0.39,0.048208651
run_79_repetition_27,DONE,zstd,zstd/@next__swc-linux-x64-gnu--swc-linux-x64-gnu-16.2.6.tar.zst,31.06,3.71,0.464576044
run_19_repetition_9,DONE,npm,npm/@esbuild__freebsd-x64--freebsd-x64-0.28.0.tgz,8.12,0.97,0.122096734
run_48_repetition_28,DONE,zopfli,zopfli/@next__swc-linux-arm64-gnu--swc-linux-arm64-gnu-16.2.6.tgz,75.92,9.11,1.192066348
run_88_repetition_26,DONE,brotli,brotli/@next__swc-linux-x64-gnu--swc-linux-x64-gnu-16.2.6.tar.br,48.12,5.82,0.74678204
run_72_repetition_23,DONE,zstd,zstd/@esbuild__win32-ia32--win32-ia32-0.28.0.tar.zst,3.16,0.37,0.047492966
run_35_repetition_14,DONE,xz,xz/@next__swc-darwin-arm64--swc-darwin-arm64-16.2.6.tar.xz,152.03,18.22,2.377318405
run_54_repetition_7,DONE,zopfli,zopfli/@esbuild__win32-x64--win32-x64-0.28.0.tgz,8.22,1.0,0.129613366
run_23_repetition_16,DONE,xz,xz/@next__swc-darwin-x64--swc-darwin-x64-16.2.6.tar.xz,172.28,20.64,2.6977152
run_35_repetition_17,DONE,xz,xz/@next__swc-darwin-arm64--swc-darwin-arm64-16.2.6.tar.xz,152.2,18.25,2.383938641
run_67_repetition_28,DONE,zstd,zstd/@next__swc-darwin-x64--swc-darwin-x64-16.2.6.tar.zst,29.16,3.53,0.437571217
run_17_repetition_29,DONE,npm,npm/@esbuild__darwin-x64--darwin-x64-0.28.0.tgz,7.99,0.96,0.124418557
run_79_repetition_4,DONE,zstd,zstd/@next__swc-linux-x64-gnu--swc-linux-x64-gnu-16.2.6.tar.zst,30.98,3.71,0.463506048
run_21_repetition_18,DONE,xz,xz/@esbuild__win32-ia32--win32-ia32-0.28.0.tar.xz,23.1,2.77,0.361958871
run_48_repetition_15,DONE,zopfli,zopfli/@next__swc-linux-arm64-gnu--swc-linux-arm64-gnu-16.2.6.tgz,76.25,9.11,1.192248086
run_54_repetition_22,DONE,zopfli,zopfli/@esbuild__win32-x64--win32-x64-0.28.0.tgz,8.33,1.0,0.130175944
run_86_repetition_7,DONE,brotli,brotli/@next__swc-darwin-x64--swc-darwin-x64-16.2.6.tar.br,45.17,5.5,0.699906109
run_86_repetition_23,DONE,brotli,brotli/@next__swc-darwin-x64--swc-darwin-x64-16.2.6.tar.br,45.28,5.53,0.698867017
run_10_repetition_26,DONE,npm,npm/@next__swc-linux-x64-gnu--swc-linux-x64-gnu-16.2.6.tgz,76.75,9.27,1.191625771
run_101_repetition_9,DONE,brotli,brotli/@next__swc-linux-arm64-musl--swc-linux-arm64-musl-16.2.6.tar.br,44.11,5.41,0.686788681
run_34_repetition_29,DONE,xz,xz/@esbuild__freebsd-x64--freebsd-x64-0.28.0.tar.xz,23.38,2.82,0.36676834
run_3_repetition_1,DONE,npm,npm/@next__swc-win32-ia32-msvc--swc-win32-ia32-msvc-14.2.16.tgz,53.38,6.39,0.830837844
run_30_repetition_9,DONE,xz,xz/next--next-16.2.6.tar.xz,78.31,9.45,1.215843561
run_84_repetition_12,DONE,brotli,brotli/@esbuild__win32-x64--win32-x64-0.28.0.tar.br,6.44,0.77,0.100178412
run_64_repetition_7,DONE,zstd,zstd/@esbuild__linux-x64--linux-x64-0.28.0.tar.zst,3.53,0.42,0.052761555
run_95_repetition_6,DONE,brotli,brotli/@esbuild__win32-ia32--win32-ia32-0.28.0.tar.br,6.16,0.75,0.096257036
run_35_repetition_10,DONE,xz,xz/@next__swc-darwin-arm64--swc-darwin-arm64-16.2.6.tar.xz,151.56,18.08,2.372100076
run_90_repetition_17,DONE,brotli,brotli/@esbuild__netbsd-x64--netbsd-x64-0.28.0.tar.br,6.65,0.79,0.098293889
run_53_repetition_16,DONE,zopfli,zopfli/@next__swc-linux-arm64-musl--swc-linux-arm64-musl-16.2.6.tgz,75.49,9.06,1.18552659
run_21_repetition_28,DONE,xz,xz/@esbuild__win32-ia32--win32-ia32-0.28.0.tar.xz,23.09,2.75,0.361609225
run_87_repetition_6,DONE,brotli,brotli/@esbuild__freebsd-x64--freebsd-x64-0.28.0.tar.br,6.31,0.76,0.097966386
run_63_repetition_28,DONE,zstd,zstd/next--next-16.2.6.tar.zst,21.15,2.6,0.307575041
run_4_repetition_7,DONE,npm,npm/@next__swc-darwin-x64--swc-darwin-x64-16.2.6.tgz,72.23,8.63,1.122630099
run_44_repetition_24,DONE,zopfli,zopfli/@esbuild__win32-ia32--win32-ia32-0.28.0.tgz,7.91,0.95,0.12424824
run_37_repetition_7,DONE,xz,xz/@next__swc-linux-x64-musl--swc-linux-x64-musl-16.2.6.tar.xz,185.6,22.16,2.905395664
run_85_repetition_25,DONE,brotli,brotli/@next__swc-linux-arm64-gnu--swc-linux-arm64-gnu-16.2.6.tar.br,44.1,5.35,0.684975909
run_22_repetition_24,DONE,xz,xz/@next__swc-linux-arm64-musl--swc-linux-arm64-musl-16.2.6.tar.xz,161.48,19.42,2.52564701
run_101_repetition_15,DONE,brotli,brotli/@next__swc-linux-arm64-musl--swc-linux-arm64-musl-16.2.6.tar.br,43.96,5.34,0.682143923
run_93_repetition_4,DONE,brotli,brotli/@esbuild__linux-x64--linux-x64-0.28.0.tar.br,6.49,0.78,0.1005241
run_50_repetition_0,DONE,zopfli,zopfli/@next__swc-linux-x64-musl--swc-linux-x64-musl-16.2.6.tgz,80.14,9.66,1.253512795
run_62_repetition_1,DONE,zopfli,zopfli/aws-sdk--aws-sdk-2.1693.0.tgz,40.01,4.79,0.623052478
run_100_repetition_13,DONE,brotli,brotli/@esbuild__openbsd-x64--openbsd-x64-0.28.0.tar.br,6.26,0.76,0.097146906
run_17_repetition_11,DONE,npm,npm/@esbuild__darwin-x64--darwin-x64-0.28.0.tgz,8.04,0.96,0.125151721
run_9_repetition_20,DONE,npm,npm/@next__swc-linux-x64-musl--swc-linux-x64-musl-16.2.6.tgz,76.93,9.28,1.191637584
run_80_repetition_10,DONE,zstd,zstd/@next__swc-win32-arm64-msvc--swc-win32-arm64-msvc-16.2.6.tar.zst,27.05,3.24,0.404611271
run_17_repetition_14,DONE,npm,npm/@esbuild__darwin-x64--darwin-x64-0.28.0.tgz,8.04,0.97,0.125108883
run_84_repetition_7,DONE,brotli,brotli/@esbuild__win32-x64--win32-x64-0.28.0.tar.br,6.43,0.78,0.099840305
run_81_repetition_14,DONE,zstd,zstd/@next__swc-win32-x64-msvc--swc-win32-x64-msvc-16.2.6.tar.zst,32.52,3.89,0.485772541
run_35_repetition_20,DONE,xz,xz/@next__swc-darwin-arm64--swc-darwin-arm64-16.2.6.tar.xz,148.0,17.76,2.316732526
run_15_repetition_1,DONE,npm,npm/@next__swc-win32-x64-msvc--swc-win32-x64-msvc-16.2.6.tgz,76.46,9.19,1.193080866
run_42_repetition_8,DONE,zopfli,zopfli/@next__swc-darwin-arm64--swc-darwin-arm64-16.2.6.tgz,71.4,8.51,1.123044847
run_63_repetition_21,DONE,zstd,zstd/next--next-16.2.6.tar.zst,20.63,2.55,0.300338673
run_67_repetition_3,DONE,zstd,zstd/@next__swc-darwin-x64--swc-darwin-x64-16.2.6.tar.zst,28.43,3.38,0.427822409
run_70_repetition_5,DONE,zstd,zstd/@esbuild__win32-x64--win32-x64-0.28.0.tar.zst,3.28,0.39,0.049649231
run_70_repetition_17,DONE,zstd,zstd/@esbuild__win32-x64--win32-x64-0.28.0.tar.zst,3.26,0.39,0.049403671
run_89_repetition_4,DONE,brotli,brotli/@esbuild__darwin-x64--darwin-x64-0.28.0.tar.br,6.11,0.74,0.09548017
run_2_repetition_11,DONE,npm,npm/@esbuild__win32-ia32--win32-ia32-0.28.0.tgz,7.57,0.91,0.117779368
run_11_repetition_11,DONE,npm,npm/@esbuild__netbsd-x64--netbsd-x64-0.28.0.tgz,7.68,0.92,0.120090544
run_60_repetition_0,DONE,zopfli,zopfli/@esbuild__linux-s390x--linux-s390x-0.28.0.tgz,7.93,0.95,0.123681062
run_5_repetition_20,DONE,npm,npm/@esbuild__aix-ppc64--aix-ppc64-0.28.0.tgz,8.11,0.96,0.124154
run_66_repetition_25,DONE,zstd,zstd/@esbuild__openbsd-x64--openbsd-x64-0.28.0.tar.zst,3.28,0.39,0.048346961
run_29_repetition_10,DONE,xz,xz/@esbuild__netbsd-x64--netbsd-x64-0.28.0.tar.xz,23.03,2.79,0.361749877
run_74_repetition_17,DONE,zstd,zstd/@esbuild__darwin-x64--darwin-x64-0.28.0.tar.zst,3.25,0.38,0.049519847
run_49_repetition_0,DONE,zopfli,zopfli/@esbuild__sunos-x64--sunos-x64-0.28.0.tgz,7.96,0.96,0.125329319
run_79_repetition_0,DONE,zstd,zstd/@next__swc-linux-x64-gnu--swc-linux-x64-gnu-16.2.6.tar.zst,30.93,3.65,0.463960604
run_101_repetition_21,DONE,brotli,brotli/@next__swc-linux-arm64-musl--swc-linux-arm64-musl-16.2.6.tar.br,41.57,5.08,0.648301685
run_66_repetition_2,DONE,zstd,zstd/@esbuild__openbsd-x64--openbsd-x64-0.28.0.tar.zst,3.31,0.39,0.049246016
run_52_repetition_28,DONE,zopfli,zopfli/@esbuild__netbsd-x64--netbsd-x64-0.28.0.tgz,8.04,0.97,0.12645948
run_26_repetition_20,DONE,xz,xz/@esbuild__linux-riscv64--linux-riscv64-0.28.0.tar.xz,21.97,2.65,0.344972723
run_4_repetition_17,DONE,npm,npm/@next__swc-darwin-x64--swc-darwin-x64-16.2.6.tgz,72.28,8.67,1.11963998
run_64_repetition_2,DONE,zstd,zstd/@esbuild__linux-x64--linux-x64-0.28.0.tar.zst,3.24,0.38,0.048517834
run_6_repetition_26,DONE,npm,npm/next--next-16.2.6.tgz,82.61,9.95,1.271708394
run_66_repetition_24,DONE,zstd,zstd/@esbuild__openbsd-x64--openbsd-x64-0.28.0.tar.zst,3.21,0.38,0.048112012
run_75_repetition_9,DONE,zstd,zstd/@esbuild__freebsd-x64--freebsd-x64-0.28.0.tar.zst,3.23,0.38,0.048562033
run_97_repetition_25,DONE,brotli,brotli/next--next-16.2.6.tar.br,24.71,3.09,0.380326482
run_55_repetition_6,DONE,zopfli,zopfli/@esbuild__openbsd-x64--openbsd-x64-0.28.0.tgz,8.16,0.98,0.127417204
run_0_repetition_9,DONE,npm,npm/@next__swc-darwin-arm64--swc-darwin-arm64-16.2.6.tgz,70.43,8.47,1.092660879
run_77_repetition_7,DONE,zstd,zstd/@esbuild__linux-s390x--linux-s390x-0.28.0.tar.zst,3.24,0.38,0.048335875
run_0_repetition_25,DONE,npm,npm/@next__swc-darwin-arm64--swc-darwin-arm64-16.2.6.tgz,69.38,8.31,1.075722908
run_73_repetition_10,DONE,zstd,zstd/@next__swc-linux-arm64-gnu--swc-linux-arm64-gnu-16.2.6.tar.zst,29.84,3.58,0.444986186
run_19_repetition_13,DONE,npm,npm/@esbuild__freebsd-x64--freebsd-x64-0.28.0.tgz,7.89,0.94,0.122557414
run_68_repetition_5,DONE,zstd,zstd/@next__swc-win32-ia32-msvc--swc-win32-ia32-msvc-14.2.16.tar.zst,21.48,2.57,0.32053213
run_77_repetition_8,DONE,zstd,zstd/@esbuild__linux-s390x--linux-s390x-0.28.0.tar.zst,3.21,0.37,0.048368862
run_6_repetition_5,DONE,npm,npm/next--next-16.2.6.tgz,82.68,9.9,1.271922271
run_69_repetition_20,DONE,zstd,zstd/@next__swc-linux-x64-musl--swc-linux-x64-musl-16.2.6.tar.zst,31.71,3.81,0.47387091
run_66_repetition_16,DONE,zstd,zstd/@esbuild__openbsd-x64--openbsd-x64-0.28.0.tar.zst,3.22,0.38,0.047608618
run_47_repetition_21,DONE,zopfli,zopfli/next--next-16.2.6.tgz,83.79,10.02,1.309957918
run_97_repetition_7,DONE,brotli,brotli/next--next-16.2.6.tar.br,26.73,3.36,0.409679373
run_27_repetition_6,DONE,xz,xz/@next__swc-win32-x64-msvc--swc-win32-x64-msvc-16.2.6.tar.xz,181.36,21.65,2.831079511
run_3_repetition_21,DONE,npm,npm/@next__swc-win32-ia32-msvc--swc-win32-ia32-msvc-14.2.16.tgz,53.61,6.49,0.8318906
run_17_repetition_26,DONE,npm,npm/@esbuild__darwin-x64--darwin-x64-0.28.0.tgz,8.05,0.97,0.124549223
run_69_repetition_29,DONE,zstd,zstd/@next__swc-linux-x64-musl--swc-linux-x64-musl-16.2.6.tar.zst,31.08,3.75,0.464256899
run_72_repetition_22,DONE,zstd,zstd/@esbuild__win32-ia32--win32-ia32-0.28.0.tar.zst,3.17,0.37,0.047710705
run_61_repetition_6,DONE,zopfli,zopfli/@esbuild__freebsd-x64--freebsd-x64-0.28.0.tgz,8.11,0.97,0.127013095
run_63_repetition_13,DONE,zstd,zstd/next--next-16.2.6.tar.zst,20.7,2.54,0.300167537
run_50_repetition_27,DONE,zopfli,zopfli/@next__swc-linux-x64-musl--swc-linux-x64-musl-16.2.6.tgz,79.94,9.68,1.254278196
run_34_repetition_9,DONE,xz,xz/@esbuild__freebsd-x64--freebsd-x64-0.28.0.tar.xz,23.44,2.83,0.367899797
run_96_repetition_23,DONE,brotli,brotli/@next__swc-win32-arm64-msvc--swc-win32-arm64-msvc-16.2.6.tar.br,39.06,4.74,0.60092716
run_62_repetition_22,DONE,zopfli,zopfli/aws-sdk--aws-sdk-2.1693.0.tgz,39.81,4.77,0.622374233
run_88_repetition_14,DONE,brotli,brotli/@next__swc-linux-x64-gnu--swc-linux-x64-gnu-16.2.6.tar.br,48.17,5.81,0.745726105
run_90_repetition_16,DONE,brotli,brotli/@esbuild__netbsd-x64--netbsd-x64-0.28.0.tar.br,6.19,0.75,0.096461958
run_29_repetition_24,DONE,xz,xz/@esbuild__netbsd-x64--netbsd-x64-0.28.0.tar.xz,23.35,2.79,0.365928907
run_48_repetition_3,DONE,zopfli,zopfli/@next__swc-linux-arm64-gnu--swc-linux-arm64-gnu-16.2.6.tgz,76.07,9.1,1.192062603
run_50_repetition_24,DONE,zopfli,zopfli/@next__swc-linux-x64-musl--swc-linux-x64-musl-16.2.6.tgz,80.29,9.73,1.253361346
run_9_repetition_18,DONE,npm,npm/@next__swc-linux-x64-musl--swc-linux-x64-musl-16.2.6.tgz,76.6,9.2,1.191710185
run_93_repetition_28,DONE,brotli,brotli/@esbuild__linux-x64--linux-x64-0.28.0.tar.br,6.38,0.78,0.099275269
run_76_repetition_13,DONE,zstd,zstd/@esbuild__linux-riscv64--linux-riscv64-0.28.0.tar.zst,2.91,0.35,0.044022799
run_43_repetition_2,DONE,zopfli,zopfli/@next__swc-win32-arm64-msvc--swc-win32-arm64-msvc-16.2.6.tgz,66.51,8.06,1.043182129
run_86_repetition_15,DONE,brotli,brotli/@next__swc-darwin-x64--swc-darwin-x64-16.2.6.tar.br,45.13,5.54,0.702092066
run_34_repetition_3,DONE,xz,xz/@esbuild__freebsd-x64--freebsd-x64-0.28.0.tar.xz,23.44,2.82,0.366825513
run_54_repetition_25,DONE,zopfli,zopfli/@esbuild__win32-x64--win32-x64-0.28.0.tgz,8.26,1.0,0.129813683
run_18_repetition_22,DONE,npm,npm/@esbuild__linux-s390x--linux-s390x-0.28.0.tgz,8.27,1.01,0.129048541
run_96_repetition_9,DONE,brotli,brotli/@next__swc-win32-arm64-msvc--swc-win32-arm64-msvc-16.2.6.tar.br,39.11,4.8,0.606118027
run_44_repetition_22,DONE,zopfli,zopfli/@esbuild__win32-ia32--win32-ia32-0.28.0.tgz,7.9,0.96,0.124155602
run_49_repetition_29,DONE,zopfli,zopfli/@esbuild__sunos-x64--sunos-x64-0.28.0.tgz,8.13,0.98,0.127038716
run_92_repetition_27,DONE,brotli,brotli/@next__swc-darwin-arm64--swc-darwin-arm64-16.2.6.tar.br,41.74,5.12,0.649495886
run_42_repetition_20,DONE,zopfli,zopfli/@next__swc-darwin-arm64--swc-darwin-arm64-16.2.6.tgz,72.79,8.83,1.13965681
run_9_repetition_13,DONE,npm,npm/@next__swc-linux-x64-musl--swc-linux-x64-musl-16.2.6.tgz,77.41,9.34,1.194168334
run_91_repetition_17,DONE,brotli,brotli/aws-sdk--aws-sdk-2.1693.0.tar.br,15.23,1.92,0.23276829
run_5_repetition_1,DONE,npm,npm/@esbuild__aix-ppc64--aix-ppc64-0.28.0.tgz,8.15,0.99,0.126810213
run_89_repetition_26,DONE,brotli,brotli/@esbuild__darwin-x64--darwin-x64-0.28.0.tar.br,6.51,0.79,0.101375717
run_90_repetition_10,DONE,brotli,brotli/@esbuild__netbsd-x64--netbsd-x64-0.28.0.tar.br,6.12,0.75,0.095684073
run_13_repetition_17,DONE,npm,npm/@esbuild__win32-x64--win32-x64-0.28.0.tgz,8.21,1.0,0.125250179
run_11_repetition_9,DONE,npm,npm/@esbuild__netbsd-x64--netbsd-x64-0.28.0.tgz,7.79,0.95,0.121897597
run_32_repetition_1,DONE,xz,xz/@next__swc-linux-x64-gnu--swc-linux-x64-gnu-16.2.6.tar.xz,185.26,22.61,2.908112939
run_3_repetition_17,DONE,npm,npm/@next__swc-win32-ia32-msvc--swc-win32-ia32-msvc-14.2.16.tgz,53.29,6.44,0.830921833
run_18_repetition_13,DONE,npm,npm/@esbuild__linux-s390x--linux-s390x-0.28.0.tgz,7.98,0.97,0.123381717
run_62_repetition_29,DONE,zopfli,zopfli/aws-sdk--aws-sdk-2.1693.0.tgz,39.58,4.89,0.622573654
run_43_repetition_24,DONE,zopfli,zopfli/@next__swc-win32-arm64-msvc--swc-win32-arm64-msvc-16.2.6.tgz,66.31,8.15,1.042778354
run_36_repetition_13,DONE,xz,xz/@esbuild__win32-x64--win32-x64-0.28.0.tar.xz,23.87,2.89,0.374524732
run_50_repetition_15,DONE,zopfli,zopfli/@next__swc-linux-x64-musl--swc-linux-x64-musl-16.2.6.tgz,79.81,9.73,1.253055744
run_75_repetition_21,DONE,zstd,zstd/@esbuild__freebsd-x64--freebsd-x64-0.28.0.tar.zst,3.27,0.4,0.048508926
run_57_repetition_28,DONE,zopfli,zopfli/@esbuild__linux-x64--linux-x64-0.28.0.tgz,8.17,0.99,0.127789524
run_75_repetition_7,DONE,zstd,zstd/@esbuild__freebsd-x64--freebsd-x64-0.28.0.tar.zst,3.2,0.39,0.048526025
run_14_repetition_15,DONE,npm,npm/@esbuild__openbsd-x64--openbsd-x64-0.28.0.tgz,7.85,0.96,0.121901718
run_42_repetition_6,DONE,zopfli,zopfli/@next__swc-darwin-arm64--swc-darwin-arm64-16.2.6.tgz,72.54,8.93,1.140317218
run_60_repetition_9,DONE,zopfli,zopfli/@esbuild__linux-s390x--linux-s390x-0.28.0.tgz,8.01,0.97,0.125720638
run_72_repetition_13,DONE,zstd,zstd/@esbuild__win32-ia32--win32-ia32-0.28.0.tar.zst,3.19,0.38,0.047780211
run_29_repetition_26,DONE,xz,xz/@esbuild__netbsd-x64--netbsd-x64-0.28.0.tar.xz,23.29,2.82,0.365477458
run_34_repetition_22,DONE,xz,xz/@esbuild__freebsd-x64--freebsd-x64-0.28.0.tar.xz,23.48,2.85,0.368027487
run_76_repetition_18,DONE,zstd,zstd/@esbuild__linux-riscv64--linux-riscv64-0.28.0.tar.zst,2.91,0.34,0.043596721
run_66_repetition_22,DONE,zstd,zstd/@esbuild__openbsd-x64--openbsd-x64-0.28.0.tar.zst,3.25,0.39,0.04852284
run_101_repetition_7,DONE,brotli,brotli/@next__swc-linux-arm64-musl--swc-linux-arm64-musl-16.2.6.tar.br,44.31,5.41,0.6886169
run_47_repetition_27,DONE,zopfli,zopfli/next--next-16.2.6.tgz,83.36,10.08,1.310771038
run_65_repetition_21,DONE,zstd,zstd/@next__swc-linux-arm64-musl--swc-linux-arm64-musl-16.2.6.tar.zst,29.53,3.57,0.441469987
run_5_repetition_8,DONE,npm,npm/@esbuild__aix-ppc64--aix-ppc64-0.28.0.tgz,8.07,0.99,0.126036149
run_98_repetition_5,DONE,brotli,brotli/@next__swc-linux-x64-musl--swc-linux-x64-musl-16.2.6.tar.br,48.18,5.95,0.748658003
run_95_repetition_29,DONE,brotli,brotli/@esbuild__win32-ia32--win32-ia32-0.28.0.tar.br,6.24,0.77,0.096327181
run_5_repetition_9,DONE,npm,npm/@esbuild__aix-ppc64--aix-ppc64-0.28.0.tgz,8.09,0.97,0.126017716
run_79_repetition_14,DONE,zstd,zstd/@next__swc-linux-x64-gnu--swc-linux-x64-gnu-16.2.6.tar.zst,31.1,3.75,0.464596277
run_69_repetition_11,DONE,zstd,zstd/@next__swc-linux-x64-musl--swc-linux-x64-musl-16.2.6.tar.zst,31.08,3.74,0.464309767
run_104_repetition_28,DONE,brotli,brotli/@esbuild__linux-ia32--linux-ia32-0.28.0.tar.br,6.03,0.74,0.093651136
run_43_repetition_5,DONE,zopfli,zopfli/@next__swc-win32-arm64-msvc--swc-win32-arm64-msvc-16.2.6.tgz,66.53,7.98,1.04210156
run_49_repetition_10,DONE,zopfli,zopfli/@esbuild__sunos-x64--sunos-x64-0.28.0.tgz,8.12,0.98,0.127272442
run_6_repetition_28,DONE,npm,npm/next--next-16.2.6.tgz,82.6,9.95,1.272172268
run_56_repetition_29,DONE,zopfli,zopfli/@next__swc-win32-x64-msvc--swc-win32-x64-msvc-16.2.6.tgz,81.61,9.8,1.281111842
run_33_repetition_24,DONE,xz,xz/@esbuild__linux-x64--linux-x64-0.28.0.tar.xz,23.1,2.76,0.363289809
run_24_repetition_2,DONE,xz,xz/aws-sdk--aws-sdk-2.1693.0.tar.xz,49.98,6.05,0.779287442
run_100_repetition_4,DONE,brotli,brotli/@esbuild__openbsd-x64--openbsd-x64-0.28.0.tar.br,6.32,0.78,0.098601802
run_76_repetition_4,DONE,zstd,zstd/@esbuild__linux-riscv64--linux-riscv64-0.28.0.tar.zst,2.88,0.34,0.043300001
run_75_repetition_1,DONE,zstd,zstd/@esbuild__freebsd-x64--freebsd-x64-0.28.0.tar.zst,3.19,0.38,0.047738992
run_92_repetition_0,DONE,brotli,brotli/@next__swc-darwin-arm64--swc-darwin-arm64-16.2.6.tar.br,42.11,5.11,0.654304274
run_70_repetition_27,DONE,zstd,zstd/@esbuild__win32-x64--win32-x64-0.28.0.tar.zst,3.39,0.41,0.050619894
run_60_repetition_13,DONE,zopfli,zopfli/@esbuild__linux-s390x--linux-s390x-0.28.0.tgz,8.01,0.97,0.125319685
run_24_repetition_3,DONE,xz,xz/aws-sdk--aws-sdk-2.1693.0.tar.xz,50.03,6.09,0.775014238
run_54_repetition_14,DONE,zopfli,zopfli/@esbuild__win32-x64--win32-x64-0.28.0.tgz,8.29,1.01,0.130242598
run_64_repetition_8,DONE,zstd,zstd/@esbuild__linux-x64--linux-x64-0.28.0.tar.zst,3.18,0.38,0.048010754
run_93_repetition_11,DONE,brotli,brotli/@esbuild__linux-x64--linux-x64-0.28.0.tar.br,6.31,0.78,0.09880603
run_24_repetition_24,DONE,xz,xz/aws-sdk--aws-sdk-2.1693.0.tar.xz,49.7,6.08,0.776244668
run_99_repetition_3,DONE,brotli,brotli/@next__swc-win32-ia32-msvc--swc-win32-ia32-msvc-14.2.16.tar.br,33.22,4.12,0.517228807
run_51_repetition_29,DONE,zopfli,zopfli/@next__swc-linux-x64-gnu--swc-linux-x64-gnu-16.2.6.tgz,79.77,9.67,1.252565924
run_49_repetition_27,DONE,zopfli,zopfli/@esbuild__sunos-x64--sunos-x64-0.28.0.tgz,8.12,0.99,0.127339847
run_98_repetition_28,DONE,brotli,brotli/@next__swc-linux-x64-musl--swc-linux-x64-musl-16.2.6.tar.br,47.98,5.84,0.74610816
run_100_repetition_5,DONE,brotli,brotli/@esbuild__openbsd-x64--openbsd-x64-0.28.0.tar.br,6.2,0.76,0.096874518
run_30_repetition_5,DONE,xz,xz/next--next-16.2.6.tar.xz,78.23,9.5,1.216788255
run_67_repetition_19,DONE,zstd,zstd/@next__swc-darwin-x64--swc-darwin-x64-16.2.6.tar.zst,28.64,3.45,0.428889206
run_86_repetition_12,DONE,brotli,brotli/@next__swc-darwin-x64--swc-darwin-x64-16.2.6.tar.br,45.11,5.49,0.702761877
run_49_repetition_21,DONE,zopfli,zopfli/@esbuild__sunos-x64--sunos-x64-0.28.0.tgz,8.1,0.98,0.127386922
run_52_repetition_29,DONE,zopfli,zopfli/@esbuild__netbsd-x64--netbsd-x64-0.28.0.tgz,8.11,0.98,0.126586703
run_103_repetition_26,DONE,brotli,brotli/@esbuild__sunos-x64--sunos-x64-0.28.0.tar.br,6.37,0.78,0.099105054
run_6_repetition_7,DONE,npm,npm/next--next-16.2.6.tgz,82.88,9.95,1.274065418
run_43_repetition_14,DONE,zopfli,zopfli/@next__swc-win32-arm64-msvc--swc-win32-arm64-msvc-16.2.6.tgz,66.55,8.04,1.042519362
run_54_repetition_8,DONE,zopfli,zopfli/@esbuild__win32-x64--win32-x64-0.28.0.tgz,8.29,1.0,0.130131012
run_65_repetition_15,DONE,zstd,zstd/@next__swc-linux-arm64-musl--swc-linux-arm64-musl-16.2.6.tar.zst,30.58,3.71,0.456366022
run_98_repetition_10,DONE,brotli,brotli/@next__swc-linux-x64-musl--swc-linux-x64-musl-16.2.6.tar.br,48.1,5.9,0.747287441
run_87_repetition_16,DONE,brotli,brotli/@esbuild__freebsd-x64--freebsd-x64-0.28.0.tar.br,6.3,0.78,0.098557749
run_14_repetition_16,DONE,npm,npm/@esbuild__openbsd-x64--openbsd-x64-0.28.0.tgz,7.89,0.94,0.122318529
run_79_repetition_17,DONE,zstd,zstd/@next__swc-linux-x64-gnu--swc-linux-x64-gnu-16.2.6.tar.zst,32.14,3.85,0.480469969
run_70_repetition_16,DONE,zstd,zstd/@esbuild__win32-x64--win32-x64-0.28.0.tar.zst,3.42,0.41,0.050729238
run_92_repetition_21,DONE,brotli,brotli/@next__swc-darwin-arm64--swc-darwin-arm64-16.2.6.tar.br,42.66,5.17,0.660718754
run_38_repetition_18,DONE,xz,xz/@esbuild__linux-ia32--linux-ia32-0.28.0.tar.xz,21.87,2.65,0.34326357
run_104_repetition_25,DONE,brotli,brotli/@esbuild__linux-ia32--linux-ia32-0.28.0.tar.br,5.99,0.74,0.093650094
run_12_repetition_6,DONE,npm,npm/@next__swc-linux-arm64-musl--swc-linux-arm64-musl-16.2.6.tgz,72.35,8.81,1.12594926
run_76_repetition_16,DONE,zstd,zstd/@esbuild__linux-riscv64--linux-riscv64-0.28.0.tar.zst,2.92,0.34,0.04351322
run_82_repetition_25,DONE,zstd,zstd/@next__swc-darwin-arm64--swc-darwin-arm64-16.2.6.tar.zst,27.14,3.29,0.415682363
run_44_repetition_21,DONE,zopfli,zopfli/@esbuild__win32-ia32--win32-ia32-0.28.0.tgz,7.93,0.95,0.124675841
run_37_repetition_14,DONE,xz,xz/@next__swc-linux-x64-musl--swc-linux-x64-musl-16.2.6.tar.xz,185.52,22.23,2.909738465
run_7_repetition_11,DONE,npm,npm/@next__swc-linux-arm64-gnu--swc-linux-arm64-gnu-16.2.6.tgz,73.68,8.91,1.147064903
run_33_repetition_19,DONE,xz,xz/@esbuild__linux-x64--linux-x64-0.28.0.tar.xz,23.17,2.79,0.363374327
run_78_repetition_13,DONE,zstd,zstd/@esbuild__netbsd-x64--netbsd-x64-0.28.0.tar.zst,3.19,0.38,0.047925307
run_94_repetition_25,DONE,brotli,brotli/@next__swc-win32-x64-msvc--swc-win32-x64-msvc-16.2.6.tar.br,49.13,6.02,0.761228993
run_89_repetition_27,DONE,brotli,brotli/@esbuild__darwin-x64--darwin-x64-0.28.0.tar.br,6.48,0.78,0.10067423
run_89_repetition_28,DONE,brotli,brotli/@esbuild__darwin-x64--darwin-x64-0.28.0.tar.br,6.54,0.8,0.101695795
run_104_repetition_14,DONE,brotli,brotli/@esbuild__linux-ia32--linux-ia32-0.28.0.tar.br,6.02,0.73,0.093562412
run_61_repetition_3,DONE,zopfli,zopfli/@esbuild__freebsd-x64--freebsd-x64-0.28.0.tgz,8.15,0.99,0.127675725
run_47_repetition_23,DONE,zopfli,zopfli/next--next-16.2.6.tgz,83.41,10.07,1.309174121
run_82_repetition_26,DONE,zstd,zstd/@next__swc-darwin-arm64--swc-darwin-arm64-16.2.6.tar.zst,28.15,3.38,0.419751539
run_70_repetition_14,DONE,zstd,zstd/@esbuild__win32-x64--win32-x64-0.28.0.tar.zst,3.28,0.39,0.049274617
run_90_repetition_1,DONE,brotli,brotli/@esbuild__netbsd-x64--netbsd-x64-0.28.0.tar.br,6.3,0.77,0.098266536
run_55_repetition_1,DONE,zopfli,zopfli/@esbuild__openbsd-x64--openbsd-x64-0.28.0.tgz,8.18,0.99,0.127588881
run_103_repetition_18,DONE,brotli,brotli/@esbuild__sunos-x64--sunos-x64-0.28.0.tar.br,6.36,0.78,0.099144267
run_52_repetition_26,DONE,zopfli,zopfli/@esbuild__netbsd-x64--netbsd-x64-0.28.0.tgz,8.18,0.99,0.127144902
run_36_repetition_27,DONE,xz,xz/@esbuild__win32-x64--win32-x64-0.28.0.tar.xz,23.66,2.86,0.370669205
run_80_repetition_19,DONE,zstd,zstd/@next__swc-win32-arm64-msvc--swc-win32-arm64-msvc-16.2.6.tar.zst,26.49,3.2,0.39618174
run_95_repetition_19,DONE,brotli,brotli/@esbuild__win32-ia32--win32-ia32-0.28.0.tar.br,6.19,0.75,0.096535874
run_6_repetition_21,DONE,npm,npm/next--next-16.2.6.tgz,82.57,9.99,1.273060044
run_6_repetition_29,DONE,npm,npm/next--next-16.2.6.tgz,82.74,9.97,1.270526004
run_58_repetition_11,DONE,zopfli,zopfli/@esbuild__darwin-x64--darwin-x64-0.28.0.tgz,8.33,0.99,0.130087391
run_95_repetition_9,DONE,brotli,brotli/@esbuild__win32-ia32--win32-ia32-0.28.0.tar.br,6.27,0.76,0.097045484
run_20_repetition_10,DONE,npm,npm/aws-sdk--aws-sdk-2.1693.0.tgz,39.25,4.75,0.60400324
run_47_repetition_6,DONE,zopfli,zopfli/next--next-16.2.6.tgz,83.51,10.14,1.310105498
run_29_repetition_11,DONE,xz,xz/@esbuild__netbsd-x64--netbsd-x64-0.28.0.tar.xz,23.34,2.83,0.365702538
run_81_repetition_22,DONE,zstd,zstd/@next__swc-win32-x64-msvc--swc-win32-x64-msvc-16.2.6.tar.zst,32.58,3.94,0.487667847
run_28_repetition_15,DONE,xz,xz/@next__swc-linux-arm64-gnu--swc-linux-arm64-gnu-16.2.6.tar.xz,162.05,19.69,2.532707935
run_52_repetition_22,DONE,zopfli,zopfli/@esbuild__netbsd-x64--netbsd-x64-0.28.0.tgz,8.11,0.99,0.126814333
run_69_repetition_5,DONE,zstd,zstd/@next__swc-linux-x64-musl--swc-linux-x64-musl-16.2.6.tar.zst,31.84,3.84,0.476665236
run_34_repetition_12,DONE,xz,xz/@esbuild__freebsd-x64--freebsd-x64-0.28.0.tar.xz,23.51,2.82,0.368062245
run_50_repetition_10,DONE,zopfli,zopfli/@next__swc-linux-x64-musl--swc-linux-x64-musl-16.2.6.tgz,79.9,9.65,1.253898814
run_46_repetition_16,DONE,zopfli,zopfli/@next__swc-darwin-x64--swc-darwin-x64-16.2.6.tgz,75.24,9.03,1.1789081
run_61_repetition_27,DONE,zopfli,zopfli/@esbuild__freebsd-x64--freebsd-x64-0.28.0.tgz,8.14,0.97,0.127429004
run_57_repetition_20,DONE,zopfli,zopfli/@esbuild__linux-x64--linux-x64-0.28.0.tgz,8.2,0.99,0.128263462
run_97_repetition_5,DONE,brotli,brotli/next--next-16.2.6.tar.br,26.93,3.44,0.413244206
run_63_repetition_1,DONE,zstd,zstd/next--next-16.2.6.tar.zst,21.18,2.62,0.309064759
run_17_repetition_5,DONE,npm,npm/@esbuild__darwin-x64--darwin-x64-0.28.0.tgz,8.08,0.98,0.125263872
run_81_repetition_8,DONE,zstd,zstd/@next__swc-win32-x64-msvc--swc-win32-x64-msvc-16.2.6.tar.zst,32.43,3.98,0.485940166
run_67_repetition_11,DONE,zstd,zstd/@next__swc-darwin-x64--swc-darwin-x64-16.2.6.tar.zst,28.56,3.49,0.429665774
run_46_repetition_5,DONE,zopfli,zopfli/@next__swc-darwin-x64--swc-darwin-x64-16.2.6.tgz,75.11,9.24,1.178868414
run_2_repetition_17,DONE,npm,npm/@esbuild__win32-ia32--win32-ia32-0.28.0.tgz,7.69,0.94,0.119644029
run_7_repetition_14,DONE,npm,npm/@next__swc-linux-arm64-gnu--swc-linux-arm64-gnu-16.2.6.tgz,72.34,8.79,1.12566761
run_41_repetition_22,DONE,xz,xz/@esbuild__darwin-x64--darwin-x64-0.28.0.tar.xz,24.06,2.92,0.376849284
run_68_repetition_23,DONE,zstd,zstd/@next__swc-win32-ia32-msvc--swc-win32-ia32-msvc-14.2.16.tar.zst,21.49,2.61,0.321418601
run_35_repetition_6,DONE,xz,xz/@next__swc-darwin-arm64--swc-darwin-arm64-16.2.6.tar.xz,152.05,18.52,2.373857542
run_19_repetition_26,DONE,npm,npm/@esbuild__freebsd-x64--freebsd-x64-0.28.0.tgz,7.83,0.95,0.122107758
run_95_repetition_23,DONE,brotli,brotli/@esbuild__win32-ia32--win32-ia32-0.28.0.tar.br,6.19,0.76,0.096471668
run_103_repetition_17,DONE,brotli,brotli/@esbuild__sunos-x64--sunos-x64-0.28.0.tar.br,6.43,0.79,0.099338165
run_11_repetition_26,DONE,npm,npm/@esbuild__netbsd-x64--netbsd-x64-0.28.0.tgz,7.87,0.97,0.122209177
run_87_repetition_29,DONE,brotli,brotli/@esbuild__freebsd-x64--freebsd-x64-0.28.0.tar.br,6.34,0.78,0.098907287
run_1_repetition_13,DONE,npm,npm/@next__swc-win32-arm64-msvc--swc-win32-arm64-msvc-16.2.6.tgz,63.17,7.65,0.981862691
run_56_repetition_14,DONE,zopfli,zopfli/@next__swc-win32-x64-msvc--swc-win32-x64-msvc-16.2.6.tgz,81.61,9.9,1.279821366
run_69_repetition_8,DONE,zstd,zstd/@next__swc-linux-x64-musl--swc-linux-x64-musl-16.2.6.tar.zst,30.96,3.8,0.464635854
run_45_repetition_18,DONE,zopfli,zopfli/@next__swc-win32-ia32-msvc--swc-win32-ia32-msvc-14.2.16.tgz,55.9,6.75,0.876411887
run_87_repetition_7,DONE,brotli,brotli/@esbuild__freebsd-x64--freebsd-x64-0.28.0.tar.br,6.28,0.77,0.098332825
run_21_repetition_4,DONE,xz,xz/@esbuild__win32-ia32--win32-ia32-0.28.0.tar.xz,23.22,2.82,0.364435466
run_90_repetition_2,DONE,brotli,brotli/@esbuild__netbsd-x64--netbsd-x64-0.28.0.tar.br,6.07,0.74,0.094234531
run_69_repetition_16,DONE,zstd,zstd/@next__swc-linux-x64-musl--swc-linux-x64-musl-16.2.6.tar.zst,30.93,3.69,0.464437859
run_72_repetition_29,DONE,zstd,zstd/@esbuild__win32-ia32--win32-ia32-0.28.0.tar.zst,3.22,0.38,0.047895819
run_94_repetition_29,DONE,brotli,brotli/@next__swc-win32-x64-msvc--swc-win32-x64-msvc-16.2.6.tar.br,45.4,5.42,0.699992722
run_10_repetition_14,DONE,npm,npm/@next__swc-linux-x64-gnu--swc-linux-x64-gnu-16.2.6.tgz,78.4,9.39,1.215610007
run_35_repetition_25,DONE,xz,xz/@next__swc-darwin-arm64--swc-darwin-arm64-16.2.6.tar.xz,149.44,17.95,2.33829323
run_75_repetition_12,DONE,zstd,zstd/@esbuild__freebsd-x64--freebsd-x64-0.28.0.tar.zst,3.08,0.36,0.046654285
run_89_repetition_17,DONE,brotli,brotli/@esbuild__darwin-x64--darwin-x64-0.28.0.tar.br,6.21,0.75,0.096818575
run_57_repetition_16,DONE,zopfli,zopfli/@esbuild__linux-x64--linux-x64-0.28.0.tgz,8.07,0.98,0.126460278
run_16_repetition_12,DONE,npm,npm/@esbuild__linux-x64--linux-x64-0.28.0.tgz,7.77,0.94,0.121124204
run_5_repetition_27,DONE,npm,npm/@esbuild__aix-ppc64--aix-ppc64-0.28.0.tgz,8.04,0.96,0.12440493
run_8_repetition_0,DONE,npm,npm/@esbuild__sunos-x64--sunos-x64-0.28.0.tgz,7.68,0.93,0.120360421
run_87_repetition_27,DONE,brotli,brotli/@esbuild__freebsd-x64--freebsd-x64-0.28.0.tar.br,6.04,0.73,0.094317794
run_42_repetition_16,DONE,zopfli,zopfli/@next__swc-darwin-arm64--swc-darwin-arm64-16.2.6.tgz,71.62,8.54,1.121446979
run_102_repetition_28,DONE,brotli,brotli/@esbuild__linux-riscv64--linux-riscv64-0.28.0.tar.br,5.76,0.69,0.089724975
run_41_repetition_1,DONE,xz,xz/@esbuild__darwin-x64--darwin-x64-0.28.0.tar.xz,23.7,2.85,0.371350839
run_9_repetition_29,DONE,npm,npm/@next__swc-linux-x64-musl--swc-linux-x64-musl-16.2.6.tgz,75.56,9.14,1.182047559
run_43_repetition_8,DONE,zopfli,zopfli/@next__swc-win32-arm64-msvc--swc-win32-arm64-msvc-16.2.6.tgz,65.6,7.95,1.031531326
run_92_repetition_9,DONE,brotli,brotli/@next__swc-darwin-arm64--swc-darwin-arm64-16.2.6.tar.br,42.87,5.23,0.663250939
run_3_repetition_5,DONE,npm,npm/@next__swc-win32-ia32-msvc--swc-win32-ia32-msvc-14.2.16.tgz,52.63,6.32,0.816116314
run_44_repetition_6,DONE,zopfli,zopfli/@esbuild__win32-ia32--win32-ia32-0.28.0.tgz,7.98,0.94,0.124642351
run_14_repetition_17,DONE,npm,npm/@esbuild__openbsd-x64--openbsd-x64-0.28.0.tgz,8.07,0.97,0.125488587
run_43_repetition_11,DONE,zopfli,zopfli/@next__swc-win32-arm64-msvc--swc-win32-arm64-msvc-16.2.6.tgz,66.67,8.02,1.041984414
run_93_repetition_5,DONE,brotli,brotli/@esbuild__linux-x64--linux-x64-0.28.0.tar.br,6.45,0.79,0.100087661
run_12_repetition_22,DONE,npm,npm/@next__swc-linux-arm64-musl--swc-linux-arm64-musl-16.2.6.tgz,73.25,8.83,1.137289926
run_99_repetition_12,DONE,brotli,brotli/@next__swc-win32-ia32-msvc--swc-win32-ia32-msvc-14.2.16.tar.br,33.41,4.07,0.516833067
run_34_repetition_8,DONE,xz,xz/@esbuild__freebsd-x64--freebsd-x64-0.28.0.tar.xz,23.42,2.84,0.367170958
run_9_repetition_8,DONE,npm,npm/@next__swc-linux-x64-musl--swc-linux-x64-musl-16.2.6.tgz,76.84,9.36,1.191727803
run_89_repetition_23,DONE,brotli,brotli/@esbuild__darwin-x64--darwin-x64-0.28.0.tar.br,6.48,0.79,0.100977422
run_23_repetition_6,DONE,xz,xz/@next__swc-darwin-x64--swc-darwin-x64-16.2.6.tar.xz,171.41,20.77,2.678934305
run_36_repetition_6,DONE,xz,xz/@esbuild__win32-x64--win32-x64-0.28.0.tar.xz,23.63,2.87,0.369850276
run_10_repetition_23,DONE,npm,npm/@next__swc-linux-x64-gnu--swc-linux-x64-gnu-16.2.6.tgz,75.66,9.1,1.175044338
run_28_repetition_23,DONE,xz,xz/@next__swc-linux-arm64-gnu--swc-linux-arm64-gnu-16.2.6.tar.xz,161.14,19.53,2.524112134
run_102_repetition_13,DONE,brotli,brotli/@esbuild__linux-riscv64--linux-riscv64-0.28.0.tar.br,6.03,0.74,0.094219727
run_81_repetition_5,DONE,zstd,zstd/@next__swc-win32-x64-msvc--swc-win32-x64-msvc-16.2.6.tar.zst,32.5,3.94,0.486448836
run_47_repetition_1,DONE,zopfli,zopfli/next--next-16.2.6.tgz,83.73,10.15,1.310057197
run_15_repetition_22,DONE,npm,npm/@next__swc-win32-x64-msvc--swc-win32-x64-msvc-16.2.6.tgz,78.92,9.58,1.222138161
run_28_repetition_2,DONE,xz,xz/@next__swc-linux-arm64-gnu--swc-linux-arm64-gnu-16.2.6.tar.xz,161.91,19.63,2.527256204
run_43_repetition_9,DONE,zopfli,zopfli/@next__swc-win32-arm64-msvc--swc-win32-arm64-msvc-16.2.6.tgz,67.07,8.06,1.043185542
run_9_repetition_6,DONE,npm,npm/@next__swc-linux-x64-musl--swc-linux-x64-musl-16.2.6.tgz,77.07,9.29,1.194324334
run_46_repetition_26,DONE,zopfli,zopfli/@next__swc-darwin-x64--swc-darwin-x64-16.2.6.tgz,75.41,9.1,1.178072663
run_35_repetition_21,DONE,xz,xz/@next__swc-darwin-arm64--swc-darwin-arm64-16.2.6.tar.xz,152.52,18.35,2.384630114
run_16_repetition_9,DONE,npm,npm/@esbuild__linux-x64--linux-x64-0.28.0.tgz,7.93,0.95,0.123211071
run_44_repetition_16,DONE,zopfli,zopfli/@esbuild__win32-ia32--win32-ia32-0.28.0.tgz,7.92,0.96,0.124329346
run_87_repetition_11,DONE,brotli,brotli/@esbuild__freebsd-x64--freebsd-x64-0.28.0.tar.br,6.42,0.77,0.09899965
run_82_repetition_2,DONE,zstd,zstd/@next__swc-darwin-arm64--swc-darwin-arm64-16.2.6.tar.zst,28.32,3.39,0.420799575
run_95_repetition_12,DONE,brotli,brotli/@esbuild__win32-ia32--win32-ia32-0.28.0.tar.br,6.26,0.75,0.096876322
run_20_repetition_14,DONE,npm,npm/aws-sdk--aws-sdk-2.1693.0.tgz,39.45,4.73,0.606661278
run_38_repetition_17,DONE,xz,xz/@esbuild__linux-ia32--linux-ia32-0.28.0.tar.xz,21.99,2.6,0.343518406
run_28_repetition_6,DONE,xz,xz/@next__swc-linux-arm64-gnu--swc-linux-arm64-gnu-16.2.6.tar.xz,161.11,19.28,2.523147113
run_10_repetition_17,DONE,npm,npm/@next__swc-linux-x64-gnu--swc-linux-x64-gnu-16.2.6.tgz,77.22,9.34,1.197845388
run_38_repetition_15,DONE,xz,xz/@esbuild__linux-ia32--linux-ia32-0.28.0.tar.xz,21.92,2.64,0.343078062
run_10_repetition_6,DONE,npm,npm/@next__swc-linux-x64-gnu--swc-linux-x64-gnu-16.2.6.tgz,76.95,9.25,1.192271373
run_80_repetition_5,DONE,zstd,zstd/@next__swc-win32-arm64-msvc--swc-win32-arm64-msvc-16.2.6.tar.zst,27.38,3.32,0.408902128
run_72_repetition_20,DONE,zstd,zstd/@esbuild__win32-ia32--win32-ia32-0.28.0.tar.zst,3.21,0.39,0.048461928
run_94_repetition_7,DONE,brotli,brotli/@next__swc-win32-x64-msvc--swc-win32-x64-msvc-16.2.6.tar.br,49.54,6.07,0.761179667
run_2_repetition_6,DONE,npm,npm/@esbuild__win32-ia32--win32-ia32-0.28.0.tgz,7.74,0.93,0.119989808
run_6_repetition_25,DONE,npm,npm/next--next-16.2.6.tgz,82.91,9.99,1.274905611
run_97_repetition_21,DONE,brotli,brotli/next--next-16.2.6.tar.br,27.03,3.4,0.413473749
run_66_repetition_19,DONE,zstd,zstd/@esbuild__openbsd-x64--openbsd-x64-0.28.0.tar.zst,3.28,0.39,0.049005227
run_33_repetition_8,DONE,xz,xz/@esbuild__linux-x64--linux-x64-0.28.0.tar.xz,23.34,2.78,0.365343851
run_39_repetition_10,DONE,xz,xz/@esbuild__sunos-x64--sunos-x64-0.28.0.tar.xz,23.45,2.81,0.367151226
run_21_repetition_19,DONE,xz,xz/@esbuild__win32-ia32--win32-ia32-0.28.0.tar.xz,23.16,2.77,0.362670871
run_96_repetition_24,DONE,brotli,brotli/@next__swc-win32-arm64-msvc--swc-win32-arm64-msvc-16.2.6.tar.br,39.1,4.8,0.606668203
run_6_repetition_13,DONE,npm,npm/next--next-16.2.6.tgz,83.33,9.97,1.276828355
run_38_repetition_4,DONE,xz,xz/@esbuild__linux-ia32--linux-ia32-0.28.0.tar.xz,21.97,2.65,0.343525521
run_76_repetition_23,DONE,zstd,zstd/@esbuild__linux-riscv64--linux-riscv64-0.28.0.tar.zst,2.94,0.35,0.043793933
run_44_repetition_15,DONE,zopfli,zopfli/@esbuild__win32-ia32--win32-ia32-0.28.0.tgz,7.95,0.94,0.124458478
run_97_repetition_11,DONE,brotli,brotli/next--next-16.2.6.tar.br,27.04,3.38,0.41302378
run_4_repetition_8,DONE,npm,npm/@next__swc-darwin-x64--swc-darwin-x64-16.2.6.tgz,72.28,8.71,1.122032723
run_85_repetition_6,DONE,brotli,brotli/@next__swc-linux-arm64-gnu--swc-linux-arm64-gnu-16.2.6.tar.br,44.8,5.46,0.69189277
run_19_repetition_14,DONE,npm,npm/@esbuild__freebsd-x64--freebsd-x64-0.28.0.tgz,7.88,0.94,0.121705093
run_39_repetition_15,DONE,xz,xz/@esbuild__sunos-x64--sunos-x64-0.28.0.tar.xz,23.42,2.85,0.366707325
run_100_repetition_11,DONE,brotli,brotli/@esbuild__openbsd-x64--openbsd-x64-0.28.0.tar.br,6.31,0.76,0.098199181
run_50_repetition_29,DONE,zopfli,zopfli/@next__swc-linux-x64-musl--swc-linux-x64-musl-16.2.6.tgz,80.16,9.73,1.255117441
run_2_repetition_8,DONE,npm,npm/@esbuild__win32-ia32--win32-ia32-0.28.0.tgz,7.71,0.93,0.120266143
run_68_repetition_25,DONE,zstd,zstd/@next__swc-win32-ia32-msvc--swc-win32-ia32-msvc-14.2.16.tar.zst,21.54,2.58,0.321664641
run_38_repetition_21,DONE,xz,xz/@esbuild__linux-ia32--linux-ia32-0.28.0.tar.xz,21.91,2.62,0.343463449
run_66_repetition_12,DONE,zstd,zstd/@esbuild__openbsd-x64--openbsd-x64-0.28.0.tar.zst,3.23,0.38,0.04812556
run_0_repetition_12,DONE,npm,npm/@next__swc-darwin-arm64--swc-darwin-arm64-16.2.6.tgz,70.58,8.41,1.091851171
run_45_repetition_15,DONE,zopfli,zopfli/@next__swc-win32-ia32-msvc--swc-win32-ia32-msvc-14.2.16.tgz,55.81,6.73,0.875823609
run_22_repetition_8,DONE,xz,xz/@next__swc-linux-arm64-musl--swc-linux-arm64-musl-16.2.6.tar.xz,160.82,19.23,2.517669271
run_12_repetition_16,DONE,npm,npm/@next__swc-linux-arm64-musl--swc-linux-arm64-musl-16.2.6.tgz,72.17,8.65,1.119913673
run_78_repetition_16,DONE,zstd,zstd/@esbuild__netbsd-x64--netbsd-x64-0.28.0.tar.zst,3.2,0.38,0.047734963
run_3_repetition_20,DONE,npm,npm/@next__swc-win32-ia32-msvc--swc-win32-ia32-msvc-14.2.16.tgz,53.65,6.46,0.832365221
run_97_repetition_8,DONE,brotli,brotli/next--next-16.2.6.tar.br,26.93,3.41,0.411987572
run_100_repetition_7,DONE,brotli,brotli/@esbuild__openbsd-x64--openbsd-x64-0.28.0.tar.br,6.34,0.76,0.098539285
run_51_repetition_16,DONE,zopfli,zopfli/@next__swc-linux-x64-gnu--swc-linux-x64-gnu-16.2.6.tgz,79.77,9.63,1.250256466
run_82_repetition_16,DONE,zstd,zstd/@next__swc-darwin-arm64--swc-darwin-arm64-16.2.6.tar.zst,28.47,3.43,0.421255741
run_80_repetition_11,DONE,zstd,zstd/@next__swc-win32-arm64-msvc--swc-win32-arm64-msvc-16.2.6.tar.zst,26.61,3.19,0.39620104
run_58_repetition_12,DONE,zopfli,zopfli/@esbuild__darwin-x64--darwin-x64-0.28.0.tgz,8.37,1.01,0.130715475
run_44_repetition_28,DONE,zopfli,zopfli/@esbuild__win32-ia32--win32-ia32-0.28.0.tgz,7.93,0.94,0.124113184
run_43_repetition_28,DONE,zopfli,zopfli/@next__swc-win32-arm64-msvc--swc-win32-arm64-msvc-16.2.6.tgz,66.63,8.03,1.043356064
run_26_repetition_26,DONE,xz,xz/@esbuild__linux-riscv64--linux-riscv64-0.28.0.tar.xz,21.95,2.65,0.344407349
run_69_repetition_2,DONE,zstd,zstd/@next__swc-linux-x64-musl--swc-linux-x64-musl-16.2.6.tar.zst,32.1,3.89,0.480788965
run_27_repetition_19,DONE,xz,xz/@next__swc-win32-x64-msvc--swc-win32-x64-msvc-16.2.6.tar.xz,180.09,21.53,2.815707861
run_42_repetition_3,DONE,zopfli,zopfli/@next__swc-darwin-arm64--swc-darwin-arm64-16.2.6.tgz,72.75,8.82,1.139400859
run_8_repetition_23,DONE,npm,npm/@esbuild__sunos-x64--sunos-x64-0.28.0.tgz,7.84,0.95,0.12225231
run_68_repetition_29,DONE,zstd,zstd/@next__swc-win32-ia32-msvc--swc-win32-ia32-msvc-14.2.16.tar.zst,21.6,2.63,0.322404494
run_26_repetition_13,DONE,xz,xz/@esbuild__linux-riscv64--linux-riscv64-0.28.0.tar.xz,21.95,2.61,0.343889631
